device_timestamp_us,sequence,target_frame,written_frame,source_frames,gap_frames,trimmed_frames
202440016,29585,0,0,240,0,0
202450023,29587,240,240,240,0,0
202460071,29588,480,480,240,0,0
202470202,29590,724,724,240,4,0
202480056,29591,961,964,240,0,3
202490147,29593,1201,1201,240,0,0
202500033,29594,1441,1441,240,0,0
202510024,29596,1681,1681,240,0,0
202520017,29597,1921,1921,240,0,0
202530034,29599,2161,2161,240,0,0
202540020,29600,2401,2401,240,0,0
202550023,29602,2641,2641,240,0,0
202560012,29603,2881,2881,240,0,0
202570115,29605,3121,3121,240,0,0
202580003,29606,3361,3361,240,0,0
202590026,29608,3601,3601,240,0,0
202599992,29609,3841,3841,240,0,0
202610028,29611,4081,4081,240,0,0
202620015,29612,4321,4321,240,0,0
202630036,29614,4561,4561,240,0,0
202640010,29615,4801,4801,240,0,0
202650028,29617,5041,5041,240,0,0
202660015,29618,5281,5281,240,0,0
202670167,29620,5524,5524,240,3,0
202680011,29621,5760,5764,240,0,4
202690028,29623,6000,6000,240,0,0
202700014,29624,6240,6240,240,0,0
202710027,29626,6480,6480,240,0,0
202720015,29627,6720,6720,240,0,0
202730029,29629,6960,6960,240,0,0
202740015,29630,7200,7200,240,0,0
202750027,29632,7440,7440,240,0,0
202760015,29633,7680,7680,240,0,0
202770148,29635,7923,7923,240,3,0
202780038,29636,8163,8163,240,0,0
202790037,29638,8403,8403,240,0,0
202800024,29639,8640,8643,240,0,3
202810037,29641,8880,8880,240,0,0
202820024,29642,9120,9120,240,0,0
202830037,29644,9360,9360,240,0,0
202840035,29645,9600,9600,240,0,0
202850099,29647,9840,9840,240,0,0
202860052,29648,10080,10080,240,0,0
202870038,29650,10320,10320,240,0,0
202879940,29651,10560,10560,240,0,0
202890052,29653,10800,10800,240,0,0
202900022,29654,11040,11040,240,0,0
202910015,29656,11280,11280,240,0,0
202920012,29657,11520,11520,240,0,0
202930031,29659,11760,11760,240,0,0
202940018,29660,12000,12000,240,0,0
202950018,29662,12240,12240,240,0,0
202960012,29663,12480,12480,240,0,0
202970031,29665,12720,12720,240,0,0
202980053,29666,12960,12960,240,0,0
202990057,29668,13200,13200,240,0,0
203000015,29669,13440,13440,240,0,0
203010025,29671,13680,13680,240,0,0
203020010,29672,13920,13920,240,0,0
203030028,29674,14160,14160,240,0,0
203040021,29675,14400,14400,240,0,0
203050040,29677,14640,14640,240,0,0
203060011,29678,14880,14880,240,0,0
203070028,29680,15120,15120,240,0,0
203079949,29681,15360,15360,240,0,0
203090064,29683,15600,15600,240,0,0
203099988,29684,15840,15840,240,0,0
203110032,29686,16080,16080,240,0,0
203120022,29687,16320,16320,240,0,0
203130012,29689,16560,16560,240,0,0
203140000,29690,16800,16800,240,0,0
203150030,29692,17040,17040,240,0,0
203160021,29693,17280,17280,240,0,0
203170012,29695,17520,17520,240,0,0
203180024,29696,17760,17760,240,0,0
203190313,29698,18007,18007,240,7,0
203200027,29699,18240,18247,240,0,7
203210021,29701,18480,18480,240,0,0
203220009,29702,18720,18720,240,0,0
203230031,29704,18960,18960,240,0,0
203239995,29705,19200,19200,240,0,0
203250021,29707,19440,19440,240,0,0
203260014,29708,19680,19680,240,0,0
203270028,29710,19920,19920,240,0,0
203280298,29711,20167,20167,240,7,0
203290211,29713,20407,20407,240,0,0
203300023,29714,20640,20647,240,0,7
203310026,29716,20880,20880,240,0,0
203320021,29717,21120,21120,240,0,0
203330029,29719,21360,21360,240,0,0
203340021,29720,21600,21600,240,0,0
203350029,29722,21840,21840,240,0,0
203360039,29723,22080,22080,240,0,0
203370032,29725,22320,22320,240,0,0
203380025,29726,22560,22560,240,0,0
203390110,29728,22800,22800,240,0,0
203399993,29729,23040,23040,240,0,0
203410037,29731,23280,23280,240,0,0
203420023,29732,23520,23520,240,0,0
203430036,29734,23760,23760,240,0,0
203440017,29735,24000,24000,240,0,0
203450036,29737,24240,24240,240,0,0
203460028,29738,24480,24480,240,0,0
203470033,29740,24720,24720,240,0,0
203480018,29741,24960,24960,240,0,0
203490110,29743,25200,25200,240,0,0
203500031,29744,25440,25440,240,0,0
203510036,29746,25680,25680,240,0,0
203520020,29747,25920,25920,240,0,0
203530033,29749,26160,26160,240,0,0
203540024,29750,26400,26400,240,0,0
203550033,29752,26640,26640,240,0,0
203560020,29753,26880,26880,240,0,0
203570039,29755,27120,27120,240,0,0
203580023,29756,27360,27360,240,0,0
203590110,29758,27600,27600,240,0,0
203600015,29759,27840,27840,240,0,0
203610035,29761,28080,28080,240,0,0
203620020,29762,28320,28320,240,0,0
203630024,29764,28560,28560,240,0,0
203640003,29765,28800,28800,240,0,0
203650034,29767,29040,29040,240,0,0
203660021,29768,29280,29280,240,0,0
203670030,29770,29520,29520,240,0,0
203680013,29771,29760,29760,240,0,0
203690186,29773,30004,30004,240,4,0
203700003,29774,30240,30244,240,0,4
203710035,29776,30480,30480,240,0,0
203720017,29777,30720,30720,240,0,0
203730023,29779,30960,30960,240,0,0
203740010,29780,31200,31200,240,0,0
203750035,29782,31440,31440,240,0,0
203760017,29783,31680,31680,240,0,0
203770023,29785,31920,31920,240,0,0
203780010,29786,32160,32160,240,0,0
203790035,29788,32400,32400,240,0,0
203799924,29789,32640,32640,240,0,0
203810053,29791,32880,32880,240,0,0
203820022,29792,33120,33120,240,0,0
203830031,29794,33360,33360,240,0,0
203840010,29795,33600,33600,240,0,0
203850084,29797,33840,33840,240,0,0
203860042,29798,34080,34080,240,0,0
203870062,29800,34320,34320,240,0,0
203880040,29801,34560,34560,240,0,0
203890113,29803,34800,34800,240,0,0
203900052,29805,35040,35040,240,0,0
203910009,29807,35280,35280,240,0,0
203920009,29808,35520,35520,240,0,0
203930031,29810,35760,35760,240,0,0
203939993,29811,36000,36000,240,0,0
203950027,29813,36240,36240,240,0,0
203960013,29814,36480,36480,240,0,0
203970031,29816,36720,36720,240,0,0
203980016,29817,36960,36960,240,0,0
203990027,29819,37200,37200,240,0,0
204000041,29820,37440,37440,240,0,0
204010066,29822,37680,37680,240,0,0
204020019,29823,37920,37920,240,0,0
204030032,29825,38160,38160,240,0,0
204040016,29826,38400,38400,240,0,0
204050034,29828,38640,38640,240,0,0
204060018,29829,38880,38880,240,0,0
204070032,29831,39120,39120,240,0,0
204080026,29832,39360,39360,240,0,0
204090050,29834,39600,39600,240,0,0
204100120,29835,39840,39840,240,0,0
204110066,29837,40080,40080,240,0,0
204120015,29838,40320,40320,240,0,0
204130033,29840,40560,40560,240,0,0
204140020,29841,40800,40800,240,0,0
204150034,29843,41040,41040,240,0,0
204160016,29844,41280,41280,240,0,0
204170033,29846,41520,41520,240,0,0
204180017,29847,41760,41760,240,0,0
204190031,29849,42000,42000,240,0,0
204200016,29850,42240,42240,240,0,0
204210119,29852,42480,42480,240,0,0
204219988,29853,42720,42720,240,0,0
204230026,29855,42960,42960,240,0,0
204239992,29856,43200,43200,240,0,0
204250022,29858,43440,43440,240,0,0
204260010,29859,43680,43680,240,0,0
204270029,29861,43920,43920,240,0,0
204280013,29862,44160,44160,240,0,0
204290037,29864,44400,44400,240,0,0
204300010,29865,44640,44640,240,0,0
204310115,29867,44880,44880,240,0,0
204320021,29868,45120,45120,240,0,0
204330032,29870,45360,45360,240,0,0
204340015,29871,45600,45600,240,0,0
204350019,29873,45840,45840,240,0,0
204359991,29874,46080,46080,240,0,0
204370032,29876,46320,46320,240,0,0
204380029,29877,46560,46560,240,0,0
204390026,29879,46800,46800,240,0,0
204400014,29880,47040,47040,240,0,0
204410117,29882,47280,47280,240,0,0
204420035,29883,47520,47520,240,0,0
204430030,29885,47760,47760,240,0,0
204440019,29886,48000,48000,240,0,0
204450035,29888,48240,48240,240,0,0
204460022,29889,48480,48480,240,0,0
204470026,29891,48720,48720,240,0,0
204480035,29892,48960,48960,240,0,0
204490189,29894,49204,49204,240,4,0
204500017,29895,49440,49444,240,0,4
204510119,29897,49680,49680,240,0,0
204520022,29898,49920,49920,240,0,0
204530034,29900,50160,50160,240,0,0
204540014,29901,50400,50400,240,0,0
204550026,29903,50640,50640,240,0,0
204560014,29904,50880,50880,240,0,0
204570035,29906,51120,51120,240,0,0
204580015,29907,51360,51360,240,0,0
204590026,29909,51600,51600,240,0,0
204600014,29910,51840,51840,240,0,0
204610032,29912,52080,52080,240,0,0
204620051,29913,52320,52320,240,0,0
204630035,29915,52560,52560,240,0,0
204640011,29916,52800,52800,240,0,0
204650034,29918,53040,53040,240,0,0
204660016,29919,53280,53280,240,0,0
204670028,29921,53520,53520,240,0,0
204680015,29922,53760,53760,240,0,0
204690041,29924,54000,54000,240,0,0
204700026,29925,54240,54240,240,0,0
204710035,29927,54480,54480,240,0,0
204719919,29928,54720,54720,240,0,0
204730048,29930,54960,54960,240,0,0
204740223,29931,55205,55205,240,5,0
204750027,29933,55440,55445,240,0,5
204760001,29934,55680,55680,240,0,0
204770023,29936,55920,55920,240,0,0
204780001,29937,56160,56160,240,0,0
204790018,29939,56400,56400,240,0,0
204800002,29940,56640,56640,240,0,0
204810023,29942,56880,56880,240,0,0
204820044,29943,57120,57120,240,0,0
204830056,29945,57360,57360,240,0,0
204840024,29946,57600,57600,240,0,0
204850084,29948,57840,57840,240,0,0
204860028,29949,58080,58080,240,0,0
204870028,29951,58320,58320,240,0,0
204879994,29952,58560,58560,240,0,0
204890089,29954,58800,58800,240,0,0
204899990,29955,59040,59040,240,0,0
204910020,29957,59280,59280,240,0,0
204920106,29958,59520,59520,240,0,0
204930035,29960,59760,59760,240,0,0
204940013,29961,60000,60000,240,0,0
204950014,29963,60240,60240,240,0,0
204960012,29964,60480,60480,240,0,0
204970013,29966,60720,60720,240,0,0
204980009,29967,60960,60960,240,0,0
204990014,29969,61200,61200,240,0,0
205000006,29970,61440,61440,240,0,0
205010023,29972,61680,61680,240,0,0
205020084,29973,61920,61920,240,0,0
205030125,29975,62163,62163,240,3,0
205039989,29976,62399,62403,240,0,4
205050032,29978,62639,62639,240,0,0
205059992,29979,62879,62879,240,0,0
205070030,29981,63119,63119,240,0,0
205080011,29982,63359,63359,240,0,0
205090036,29984,63599,63599,240,0,0
205100009,29985,63839,63839,240,0,0
205110025,29987,64079,64079,240,0,0
205120017,29988,64319,64319,240,0,0
205130169,29990,64564,64564,240,5,0
205140019,29991,64800,64804,240,0,4
205150027,29993,65040,65040,240,0,0
205160019,29994,65280,65280,240,0,0
205170026,29996,65520,65520,240,0,0
205180016,29997,65760,65760,240,0,0
205190027,29999,66000,66000,240,0,0
205200019,30000,66240,66240,240,0,0
205210026,30002,66480,66480,240,0,0
205220016,30003,66720,66720,240,0,0
205230094,30005,66960,66960,240,0,0
205240036,30006,67200,67200,240,0,0
205250025,30008,67440,67440,240,0,0
205260014,30009,67680,67680,240,0,0
205270025,30011,67920,67920,240,0,0
205280019,30012,68160,68160,240,0,0
205290028,30014,68400,68400,240,0,0
205299990,30015,68640,68640,240,0,0
205310044,30017,68880,68880,240,0,0
205320013,30018,69120,69120,240,0,0
205330120,30020,69360,69360,240,0,0
205340021,30021,69600,69600,240,0,0
205350019,30023,69840,69840,240,0,0
205360002,30024,70080,70080,240,0,0
205370029,30026,70320,70320,240,0,0
205380012,30027,70560,70560,240,0,0
205390020,30029,70800,70800,240,0,0
205400086,30030,71040,71040,240,0,0
205410051,30032,71280,71280,240,0,0
205420016,30033,71520,71520,240,0,0
205430027,30035,71760,71760,240,0,0
205439902,30036,71997,72000,240,0,3
205450290,30038,72247,72247,240,10,0
205460010,30039,72480,72487,240,0,7
205470018,30041,72720,72720,240,0,0
205479981,30042,72960,72960,240,0,0
205490030,30044,73200,73200,240,0,0
205500006,30045,73440,73440,240,0,0
205510089,30047,73680,73680,240,0,0
205520018,30048,73920,73920,240,0,0
205530041,30050,74160,74160,240,0,0
205540030,30051,74400,74400,240,0,0
205550043,30053,74640,74640,240,0,0
205560011,30054,74880,74880,240,0,0
205570028,30056,75120,75120,240,0,0
205580012,30057,75360,75360,240,0,0
205590031,30059,75600,75600,240,0,0
205600011,30060,75840,75840,240,0,0
205610091,30062,76080,76080,240,0,0
205620021,30063,76320,76320,240,0,0
205630031,30065,76560,76560,240,0,0
205640047,30066,76800,76800,240,0,0
205650074,30068,77040,77040,240,0,0
205660016,30069,77280,77280,240,0,0
205670029,30071,77520,77520,240,0,0
205680011,30072,77760,77760,240,0,0
205690033,30074,78000,78000,240,0,0
205700009,30075,78240,78240,240,0,0
205710029,30077,78480,78480,240,0,0
205720011,30078,78720,78720,240,0,0
205730041,30080,78960,78960,240,0,0
205740049,30081,79200,79200,240,0,0
205750059,30083,79440,79440,240,0,0
205760015,30084,79680,79680,240,0,0
205770034,30086,79920,79920,240,0,0
205780013,30087,80160,80160,240,0,0
205790030,30089,80400,80400,240,0,0
205800011,30090,80640,80640,240,0,0
205810034,30092,80880,80880,240,0,0
205820013,30093,81120,81120,240,0,0
205830030,30095,81360,81360,240,0,0
205839958,30096,81600,81600,240,0,0
205850222,30098,81845,81845,240,5,0
205860042,30099,82081,82085,240,0,4
205870022,30101,82321,82321,240,0,0
205880000,30102,82561,82561,240,0,0
205890044,30104,82801,82801,240,0,0
205900006,30106,83041,83041,240,0,0
205910006,30108,83281,83281,240,0,0
205920021,30109,83521,83521,240,0,0
205930029,30111,83761,83761,240,0,0
205939993,30112,84001,84001,240,0,0
205950110,30114,84241,84241,240,0,0
205959996,30115,84481,84481,240,0,0
205970029,30117,84721,84721,240,0,0
205980009,30118,84961,84961,240,0,0
205990030,30120,85201,85201,240,0,0
206000010,30121,85441,85441,240,0,0
206010031,30123,85681,85681,240,0,0
206020010,30124,85921,85921,240,0,0
206030030,30126,86161,86161,240,0,0
206040010,30127,86401,86401,240,0,0
206050104,30129,86641,86641,240,0,0
206060021,30130,86881,86881,240,0,0
206070030,30132,87121,87121,240,0,0
206080011,30133,87361,87361,240,0,0
206090046,30135,87601,87601,240,0,0
206100014,30136,87841,87841,240,0,0
206110030,30138,88081,88081,240,0,0
206120009,30139,88321,88321,240,0,0
206130031,30141,88561,88561,240,0,0
206140014,30142,88801,88801,240,0,0
206150116,30144,89041,89041,240,0,0
206160035,30145,89281,89281,240,0,0
206170032,30147,89521,89521,240,0,0
206179999,30148,89761,89761,240,0,0
206190027,30150,90001,90001,240,0,0
206200009,30151,90241,90241,240,0,0
206210026,30153,90481,90481,240,0,0
206219998,30154,90721,90721,240,0,0
206230028,30156,90961,90961,240,0,0
206240010,30157,91201,91201,240,0,0
206250184,30159,91444,91444,240,3,0
206260115,30160,91684,91684,240,0,0
206270039,30162,91921,91924,240,0,3
206280018,30163,92161,92161,240,0,0
206290044,30165,92401,92401,240,0,0
206300016,30166,92641,92641,240,0,0
206310034,30168,92881,92881,240,0,0
206320018,30169,93121,93121,240,0,0
206330035,30171,93361,93361,240,0,0
206340022,30172,93601,93601,240,0,0
206350043,30174,93841,93841,240,0,0
206360062,30175,94081,94081,240,0,0
206370070,30177,94321,94321,240,0,0
206380012,30178,94561,94561,240,0,0
206390031,30180,94801,94801,240,0,0
206400016,30181,95041,95041,240,0,0
206410033,30183,95281,95281,240,0,0
206420031,30184,95521,95521,240,0,0
206430030,30186,95761,95761,240,0,0
206440022,30187,96001,96001,240,0,0
206450028,30189,96241,96241,240,0,0
206460048,30190,96481,96481,240,0,0
206470079,30192,96721,96721,240,0,0
206480059,30193,96961,96961,240,0,0
206490192,30195,97204,97204,240,3,0
206500032,30196,97440,97444,240,0,4
206510019,30198,97680,97680,240,0,0
206520010,30199,97920,97920,240,0,0
206530029,30201,98160,98160,240,0,0
206540019,30202,98400,98400,240,0,0
206550029,30204,98640,98640,240,0,0
206560026,30205,98880,98880,240,0,0
206570307,30207,99127,99127,240,7,0
206580030,30208,99360,99367,240,0,7
206590026,30210,99600,99600,240,0,0
206600015,30211,99840,99840,240,0,0
206610030,30213,100080,100080,240,0,0
206620019,30214,100320,100320,240,0,0
206630026,30216,100560,100560,240,0,0
206640015,30217,100800,100800,240,0,0
206650029,30219,101040,101040,240,0,0
206660098,30220,101280,101280,240,0,0
206670063,30222,101520,101520,240,0,0
206680014,30223,101760,101760,240,0,0
206690062,30225,102000,102000,240,0,0
206700022,30226,102240,102240,240,0,0
206710026,30228,102480,102480,240,0,0
206720015,30229,102720,102720,240,0,0
206730029,30231,102960,102960,240,0,0
206740019,30232,103200,103200,240,0,0
206750026,30234,103440,103440,240,0,0
206760027,30235,103680,103680,240,0,0
206770125,30237,103923,103923,240,3,0
206779983,30238,104159,104163,240,0,4
206790027,30240,104399,104399,240,0,0
206800016,30241,104639,104639,240,0,0
206810031,30243,104879,104879,240,0,0
206820020,30244,105119,105119,240,0,0
206830027,30246,105359,105359,240,0,0
206840016,30247,105599,105599,240,0,0
206850091,30249,105842,105842,240,3,0
206860041,30250,106082,106082,240,0,0
206870127,30252,106322,106322,240,0,0
206880031,30253,106562,106562,240,0,0
206890063,30255,106802,106802,240,0,0
206900023,30256,107042,107042,240,0,0
206910038,30258,107282,107282,240,0,0
206920026,30259,107522,107522,240,0,0
206930064,30261,107762,107762,240,0,0
206940020,30262,108002,108002,240,0,0
206950038,30264,108242,108242,240,0,0
206960038,30265,108482,108482,240,0,0
206970129,30267,108722,108722,240,0,0
206979990,30268,108959,108962,240,0,3
206990036,30270,109199,109199,240,0,0
207000022,30271,109439,109439,240,0,0
207010030,30273,109679,109679,240,0,0
207020013,30274,109919,109919,240,0,0
207030036,30276,110159,110159,240,0,0
207040023,30277,110399,110399,240,0,0
207050030,30279,110639,110639,240,0,0
207060013,30280,110879,110879,240,0,0
207070119,30282,111122,111122,240,3,0
207080017,30283,111362,111362,240,0,0
207090049,30285,111602,111602,240,0,0
207100023,30286,111842,111842,240,0,0
207110038,30288,112082,112082,240,0,0
207120026,30289,112322,112322,240,0,0
207130039,30291,112562,112562,240,0,0
207140021,30292,112802,112802,240,0,0
207150038,30294,113042,113042,240,0,0
207160026,30295,113282,113282,240,0,0
207170045,30297,113522,113522,240,0,0
207179940,30298,113758,113762,240,0,4
207190056,30300,114001,114001,240,3,0
207200091,30301,114241,114241,240,0,0
207210049,30303,114481,114481,240,0,0
207220012,30304,114721,114721,240,0,0
207230033,30306,114961,114961,240,0,0
207240015,30307,115201,115201,240,0,0
207250028,30309,115441,115441,240,0,0
207260009,30310,115681,115681,240,0,0
207270033,30312,115921,115921,240,0,0
207280004,30313,116161,116161,240,0,0
207290073,30315,116401,116401,240,0,0
207299997,30316,116641,116641,240,0,0
207310016,30318,116881,116881,240,0,0
207319985,30319,117121,117121,240,0,0
207330021,30321,117361,117361,240,0,0
207339992,30322,117601,117601,240,0,0
207350013,30324,117841,117841,240,0,0
207359985,30325,118081,118081,240,0,0
207370021,30327,118321,118321,240,0,0
207380036,30328,118561,118561,240,0,0
207390068,30330,118801,118801,240,0,0
207400052,30331,119041,119041,240,0,0
207410045,30333,119281,119281,240,0,0
207420008,30334,119521,119521,240,0,0
207430024,30336,119761,119761,240,0,0
207440022,30337,120001,120001,240,0,0
207450029,30339,120241,120241,240,0,0
207460021,30340,120481,120481,240,0,0
207470030,30342,120721,120721,240,0,0
207480210,30343,120965,120965,240,4,0
207490104,30345,121202,121205,240,0,3
207500028,30346,121442,121442,240,0,0
207510024,30348,121682,121682,240,0,0
207520008,30349,121922,121922,240,0,0
207530029,30351,122162,122162,240,0,0
207540016,30352,122402,122402,240,0,0
207550024,30354,122642,122642,240,0,0
207560008,30355,122882,122882,240,0,0
207570031,30357,123122,123122,240,0,0
207580015,30358,123362,123362,240,0,0
207590117,30360,123602,123602,240,0,0
207599986,30361,123839,123842,240,0,3
207610031,30363,124079,124079,240,0,0
207620016,30364,124319,124319,240,0,0
207630033,30366,124559,124559,240,0,0
207640013,30367,124799,124799,240,0,0
207650034,30369,125039,125039,240,0,0
207660017,30370,125279,125279,240,0,0
207670033,30372,125519,125519,240,0,0
207680013,30373,125759,125759,240,0,0
207690809,30375,126019,126019,240,20,0
207700033,30376,126240,126259,240,0,19
207710029,30378,126480,126480,240,0,0
207720014,30379,126720,126720,240,0,0
207730014,30381,126960,126960,240,0,0
207740001,30382,127200,127200,240,0,0
207750020,30384,127440,127440,240,0,0
207760062,30385,127680,127680,240,0,0
207770185,30387,127924,127924,240,4,0
207780056,30388,128161,128164,240,0,3
207790121,30390,128401,128401,240,0,0
207800038,30391,128641,128641,240,0,0
207810181,30393,128884,128884,240,3,0
207820060,30394,129121,129124,240,0,3
207830192,30396,129364,129364,240,3,0
207840069,30397,129601,129604,240,0,3
207850211,30399,129845,129845,240,4,0
207860059,30400,130081,130085,240,0,4
207870200,30402,130324,130324,240,3,0
207880069,30403,130561,130564,240,0,3
207890237,30405,130805,130805,240,4,0
207900077,30407,131041,131045,240,0,4
207910048,30409,131281,131281,240,0,0
207920080,30410,131521,131521,240,0,0
207930187,30412,131764,131764,240,3,0
207940197,30413,132004,132004,240,0,0
207950205,30415,132244,132244,240,0,0
207960208,30416,132484,132484,240,0,0
207970237,30418,132724,132724,240,0,0
207980053,30419,132961,132964,240,0,3
207990199,30421,133204,133204,240,3,0
207999921,30422,133438,133444,240,0,6
208010214,30424,133685,133685,240,7,0
208020059,30425,133921,133925,240,0,4
208030197,30427,134164,134164,240,3,0
208040058,30428,134401,134404,240,0,3
208050193,30430,134644,134644,240,3,0
208060062,30431,134881,134884,240,0,3
208070195,30433,135124,135124,240,3,0
208080056,30434,135361,135364,240,0,3
208090190,30436,135604,135604,240,3,0
208100066,30437,135841,135844,240,0,3
208110216,30439,136085,136085,240,4,0
208120392,30440,136329,136329,240,4,0
208130195,30442,136564,136569,240,0,5
208140060,30443,136801,136804,240,0,3
208150193,30445,137044,137044,240,3,0
208160062,30446,137281,137284,240,0,3
208170186,30448,137524,137524,240,3,0
208180058,30449,137761,137764,240,0,3
208190195,30451,138004,138004,240,3,0
208200081,30452,138244,138244,240,0,0
208210209,30454,138484,138484,240,0,0
208220014,30455,138720,138724,240,0,4
208230226,30457,138965,138965,240,5,0
208240064,30458,139201,139205,240,0,4
208250202,30460,139444,139444,240,3,0
208260066,30461,139681,139684,240,0,3
208270203,30463,139924,139924,240,3,0
208280196,30464,140164,140164,240,0,0
208290187,30466,140404,140404,240,0,0
208300059,30467,140641,140644,240,0,3
208310324,30469,140887,140887,240,6,0
208320038,30470,141121,141127,240,0,6
208330186,30472,141364,141364,240,3,0
208340071,30473,141601,141604,240,0,3
208350190,30475,141844,141844,240,3,0
208360072,30476,142081,142084,240,0,3
208370186,30478,142324,142324,240,3,0
208380062,30479,142561,142564,240,0,3
208390188,30481,142804,142804,240,3,0
208400065,30482,143041,143044,240,0,3
208410521,30484,143292,143292,240,11,0
208420031,30485,143520,143532,240,0,12
208430166,30487,143764,143764,240,4,0
208440041,30488,144001,144004,240,0,3
208450179,30490,144244,144244,240,3,0
208460054,30491,144481,144484,240,0,3
208470181,30493,144724,144724,240,3,0
208480051,30494,144961,144964,240,0,3
208490174,30496,145204,145204,240,3,0
208500050,30497,145441,145444,240,0,3
208510225,30499,145685,145685,240,4,0
208520059,30500,145921,145925,240,0,4
208530228,30502,146165,146165,240,4,0
208540050,30503,146401,146405,240,0,4
208550200,30505,146644,146644,240,3,0
208560049,30506,146881,146884,240,0,3
208570202,30508,147124,147124,240,3,0
208580056,30509,147361,147364,240,0,3
208590200,30511,147604,147604,240,3,0
208600050,30512,147841,147844,240,0,3
208610247,30514,148086,148086,240,5,0
208620064,30515,148321,148326,240,0,5
208630201,30517,148564,148564,240,3,0
208640047,30518,148801,148804,240,0,3
208650202,30520,149044,149044,240,3,0
208660049,30521,149281,149284,240,0,3
208670230,30523,149525,149525,240,4,0
208680051,30524,149761,149765,240,0,4
208690203,30526,150004,150004,240,3,0
208700066,30527,150241,150244,240,0,3
208710230,30529,150485,150485,240,4,0
208720060,30530,150721,150725,240,0,4
208730200,30532,150964,150964,240,3,0
208740050,30533,151201,151204,240,0,3
208750204,30535,151445,151445,240,4,0
208760056,30536,151681,151685,240,0,4
208770204,30538,151925,151925,240,4,0
208780057,30539,152161,152165,240,0,4
208790194,30541,152404,152404,240,3,0
208800063,30542,152641,152644,240,0,3
208810329,30544,152888,152888,240,7,0
208821379,30545,153153,153153,240,25,0
208830252,30547,153366,153393,240,0,27
208840034,30548,153600,153606,240,0,6
208850221,30550,153845,153845,240,5,0
208860063,30551,154081,154085,240,0,4
208870194,30553,154324,154324,240,3,0
208879993,30554,154559,154564,240,0,5
208890215,30556,154805,154805,240,6,0
208900048,30557,155041,155045,240,0,4
208910107,30559,155281,155281,240,0,0
208919930,30560,155518,155521,240,0,3
208930198,30562,155764,155764,240,6,0
208940126,30563,156004,156004,240,0,0
208950163,30565,156244,156244,240,0,0
208960056,30566,156481,156484,240,0,3
208970182,30568,156724,156724,240,3,0
208980050,30569,156961,156964,240,0,3
208990168,30571,157204,157204,240,3,0
209000062,30572,157441,157444,240,0,3
209010174,30574,157684,157684,240,3,0
209019923,30575,157918,157924,240,0,6
209030204,30577,158165,158165,240,7,0
209040045,30578,158401,158405,240,0,4
209050173,30580,158644,158644,240,3,0
209060065,30581,158881,158884,240,0,3
209070175,30583,159124,159124,240,3,0
209080063,30584,159361,159364,240,0,3
209090177,30586,159604,159604,240,3,0
209100066,30587,159841,159844,240,0,3
209110174,30589,160084,160084,240,3,0
209120060,30590,160321,160324,240,0,3
209130216,30592,160565,160565,240,4,0
209140059,30593,160801,160805,240,0,4
209150195,30595,161044,161044,240,3,0
209160061,30596,161281,161284,240,0,3
209170197,30598,161524,161524,240,3,0
209180064,30599,161761,161764,240,0,3
209190194,30601,162004,162004,240,3,0
209200062,30602,162241,162244,240,0,3
209210198,30604,162484,162484,240,3,0
209220140,30605,162724,162724,240,0,0
209230208,30607,162964,162964,240,0,0
209240054,30608,163201,163204,240,0,3
209250192,30610,163444,163444,240,3,0
209260056,30611,163681,163684,240,0,3
209270187,30613,163924,163924,240,3,0
209280061,30614,164161,164164,240,0,3
209290186,30616,164404,164404,240,3,0
209300067,30617,164641,164644,240,0,3
209310187,30619,164884,164884,240,3,0
209320056,30620,165121,165124,240,0,3
209330123,30622,165361,165361,240,0,0
209340029,30623,165601,165601,240,0,0
209350179,30625,165844,165844,240,3,0
209360053,30626,166081,166084,240,0,3
209370179,30628,166324,166324,240,3,0
209380054,30629,166561,166564,240,0,3
209390179,30631,166804,166804,240,3,0
209400077,30632,167041,167044,240,0,3
209410217,30634,167285,167285,240,4,0
209420241,30635,167525,167525,240,0,0
209430234,30637,167765,167765,240,0,0
209440053,30638,168001,168005,240,0,4
209450241,30640,168245,168245,240,4,0
209460050,30641,168481,168485,240,0,4
209470201,30643,168724,168724,240,3,0
209480057,30644,168961,168964,240,0,3
209490209,30646,169205,169205,240,4,0
209500055,30647,169441,169445,240,0,4
209510207,30649,169685,169685,240,4,0
209520062,30650,169921,169925,240,0,4
209530247,30652,170166,170166,240,5,0
209540068,30653,170401,170406,240,0,5
209550210,30655,170645,170645,240,4,0
209560060,30656,170881,170885,240,0,4
209570212,30658,171125,171125,240,4,0
209580068,30659,171361,171365,240,0,4
209590210,30661,171605,171605,240,4,0
209600060,30662,171841,171845,240,0,4
209610211,30664,172085,172085,240,4,0
209620056,30665,172321,172325,240,0,4
209630240,30667,172565,172565,240,4,0
209640655,30668,172815,172815,240,10,0
209650212,30670,173045,173055,240,0,10
209660056,30671,173281,173285,240,0,4
209670203,30673,173524,173524,240,3,0
209680058,30674,173761,173764,240,0,3
209690204,30676,174005,174005,240,4,0
209700052,30677,174241,174245,240,0,4
209710203,30679,174484,174484,240,3,0
209720051,30680,174721,174724,240,0,3
209730204,30682,174965,174965,240,4,0
209740057,30683,175201,175205,240,0,4
209750295,30685,175447,175447,240,6,0
209760040,30686,175681,175687,240,0,6
209770187,30688,175924,175924,240,3,0
209780054,30689,176161,176164,240,0,3
209790196,30691,176404,176404,240,3,0
209800055,30692,176641,176644,240,0,3
209810194,30694,176884,176884,240,3,0
209820051,30695,177121,177124,240,0,3
209830219,30697,177365,177365,240,4,0
209840046,30698,177601,177605,240,0,4
209850234,30700,177845,177845,240,4,0
209860058,30701,178081,178085,240,0,4
209870184,30703,178324,178324,240,3,0
209880046,30704,178561,178564,240,0,3
209890189,30706,178804,178804,240,3,0
209900055,30708,179041,179044,240,0,3
209910058,30710,179281,179281,240,0,0
209920089,30711,179521,179521,240,0,0
209930170,30713,179764,179764,240,3,0
209940072,30714,180001,180004,240,0,3
209950328,30716,180247,180247,240,6,0
209960049,30717,180481,180487,240,0,6
209970199,30719,180724,180724,240,3,0
209980061,30720,180961,180964,240,0,3
209990211,30722,181205,181205,240,4,0
210000054,30723,181441,181445,240,0,4
210010195,30725,181684,181684,240,3,0
210020195,30726,181924,181924,240,0,0
210030175,30728,182164,182164,240,0,0
210040162,30729,182404,182404,240,0,0
210050224,30731,182644,182644,240,0,0
210060071,30732,182881,182884,240,0,3
210070188,30734,183124,183124,240,3,0
210080074,30735,183361,183364,240,0,3
210090190,30737,183604,183604,240,3,0
210100077,30738,183841,183844,240,0,3
210110188,30740,184084,184084,240,3,0
210120084,30741,184324,184324,240,0,0
210130187,30743,184564,184564,240,0,0
210140084,30744,184804,184804,240,0,0
210150115,30746,185044,185044,240,0,0
210160083,30747,185284,185284,240,0,0
210170189,30749,185524,185524,240,0,0
210180069,30750,185761,185764,240,0,3
210190187,30752,186004,186004,240,3,0
210200070,30753,186241,186244,240,0,3
210210188,30755,186484,186484,240,3,0
210220060,30756,186721,186724,240,0,3
210230188,30758,186964,186964,240,3,0
210240076,30759,187201,187204,240,0,3
210250234,30761,187445,187445,240,4,0
210260059,30762,187681,187685,240,0,4
210270201,30764,187924,187924,240,3,0
210280066,30765,188161,188164,240,0,3
210290200,30767,188404,188404,240,3,0
210300069,30768,188641,188644,240,0,3
210310192,30770,188884,188884,240,3,0
210320065,30771,189121,189124,240,0,3
210330199,30773,189364,189364,240,3,0
210340072,30774,189601,189604,240,0,3
210350210,30776,189845,189845,240,4,0
210360071,30777,190081,190085,240,0,4
210370204,30779,190325,190325,240,4,0
210380057,30780,190561,190565,240,0,4
210390199,30782,190804,190804,240,3,0
210400061,30783,191041,191044,240,0,3
210410198,30785,191284,191284,240,3,0
210420056,30786,191521,191524,240,0,3
210430200,30788,191764,191764,240,3,0
210440069,30789,192001,192004,240,0,3
210450210,30791,192245,192245,240,4,0
210460073,30792,192481,192485,240,0,4
210470202,30794,192724,192724,240,3,0
210480057,30795,192961,192964,240,0,3
210490194,30797,193204,193204,240,3,0
210500077,30798,193441,193444,240,0,3
210510191,30800,193684,193684,240,3,0
210519999,30801,193920,193924,240,0,4
210530226,30803,194165,194165,240,5,0
210540071,30804,194401,194405,240,0,4
210550200,30806,194644,194644,240,3,0
210559927,30807,194878,194884,240,0,6
210570219,30809,195125,195125,240,7,0
210580065,30810,195361,195365,240,0,4
210590188,30812,195604,195604,240,3,0
210600074,30813,195841,195844,240,0,3
210610189,30815,196084,196084,240,3,0
210620058,30816,196321,196324,240,0,3
210630191,30818,196564,196564,240,3,0
210640070,30819,196801,196804,240,0,3
210650191,30821,197044,197044,240,3,0
210660066,30822,197281,197284,240,0,3
210670227,30824,197525,197525,240,4,0
210680213,30825,197765,197765,240,0,0
210690198,30827,198005,198005,240,0,0
210700047,30828,198241,198245,240,0,4
210710202,30830,198484,198484,240,3,0
210720063,30831,198721,198724,240,0,3
210730198,30833,198964,198964,240,3,0
210740060,30834,199201,199204,240,0,3
210750200,30836,199444,199444,240,3,0
210760072,30837,199681,199684,240,0,3
210770259,30839,199926,199926,240,5,0
210780054,30840,200161,200166,240,0,5
210790200,30842,200404,200404,240,3,0
210800062,30843,200641,200644,240,0,3
210810190,30845,200884,200884,240,3,0
210820060,30846,201121,201124,240,0,3
210830194,30848,201364,201364,240,3,0
210840022,30849,201600,201604,240,0,4
210850211,30851,201845,201845,240,5,0
210860071,30852,202081,202085,240,0,4
210870240,30854,202325,202325,240,4,0
210880062,30855,202561,202565,240,0,4
210890193,30857,202804,202804,240,3,0
210900055,30858,203041,203044,240,0,3
210910197,30860,203284,203284,240,3,0
210920056,30861,203521,203524,240,0,3
210930197,30863,203764,203764,240,3,0
210940061,30864,204001,204004,240,0,3
210950196,30866,204244,204244,240,3,0
210960055,30867,204481,204484,240,0,3
210970161,30869,204721,204721,240,0,0
210980048,30870,204961,204961,240,0,0
210990180,30872,205204,205204,240,3,0
211000059,30873,205441,205444,240,0,3
211010211,30875,205685,205685,240,4,0
211020075,30876,205921,205925,240,0,4
211030195,30878,206164,206164,240,3,0
211040059,30879,206401,206404,240,0,3
211050196,30881,206644,206644,240,3,0
211060066,30882,206881,206884,240,0,3
211070127,30884,207121,207121,240,0,0
211080067,30885,207361,207361,240,0,0
211090193,30887,207604,207604,240,3,0
211100054,30888,207841,207844,240,0,3
211110180,30890,208084,208084,240,3,0
211120069,30891,208321,208324,240,0,3
211130178,30893,208564,208564,240,3,0
211140061,30894,208801,208804,240,0,3
211150177,30896,209044,209044,240,3,0
211160078,30897,209281,209284,240,0,3
211170230,30899,209525,209525,240,4,0
211180069,30900,209761,209765,240,0,4
211190197,30902,210004,210004,240,3,0
211200066,30903,210241,210244,240,0,3
211210195,30905,210484,210484,240,3,0
211220063,30906,210721,210724,240,0,3
211230200,30908,210964,210964,240,3,0
211240057,30909,211201,211204,240,0,3
211250196,30911,211444,211444,240,3,0
211260059,30912,211681,211684,240,0,3
211270211,30914,211925,211925,240,4,0
211280076,30915,212161,212165,240,0,4
211290203,30917,212404,212404,240,3,0
211300062,30918,212641,212644,240,0,3
211310202,30920,212884,212884,240,3,0
211320054,30921,213121,213124,240,0,3
211330201,30923,213364,213364,240,3,0
211340058,30924,213601,213604,240,0,3
211350203,30926,213844,213844,240,3,0
211360053,30927,214081,214084,240,0,3
211370337,30929,214328,214328,240,7,0
211379966,30930,214559,214568,240,0,9
211390199,30932,214804,214804,240,5,0
211400087,30933,215044,215044,240,0,0
211410217,30935,215284,215284,240,0,0
211420060,30936,215521,215524,240,0,3
211430190,30938,215764,215764,240,3,0
211440057,30939,216001,216004,240,0,3
211450187,30941,216244,216244,240,3,0
211460060,30942,216481,216484,240,0,3
211470191,30944,216724,216724,240,3,0
211480077,30945,216961,216964,240,0,3
211490220,30947,217205,217205,240,4,0
211500061,30948,217441,217445,240,0,4
211510204,30950,217685,217685,240,4,0
211520057,30951,217921,217925,240,0,4
211530201,30953,218164,218164,240,3,0
211540052,30954,218401,218404,240,0,3
211550202,30956,218644,218644,240,3,0
211560062,30957,218881,218884,240,0,3
211570201,30959,219124,219124,240,3,0
211580071,30960,219361,219364,240,0,3
211590220,30962,219605,219605,240,4,0
211600058,30963,219841,219845,240,0,4
211610202,30965,220084,220084,240,3,0
211619999,30966,220320,220324,240,0,4
211630225,30968,220565,220565,240,5,0
211640053,30969,220801,220805,240,0,4
211650202,30971,221044,221044,240,3,0
211660055,30972,221281,221284,240,0,3
211670204,30974,221525,221525,240,4,0
211680080,30975,221762,221765,240,0,3
211690227,30977,222005,222005,240,3,0
211700060,30978,222241,222245,240,0,4
211710202,30980,222484,222484,240,3,0
211720063,30981,222721,222724,240,0,3
211730225,30983,222965,222965,240,4,0
211740057,30984,223201,223205,240,0,4
211750206,30986,223445,223445,240,4,0
211760069,30987,223681,223685,240,0,4
211770205,30989,223925,223925,240,4,0
211780210,30990,224165,224165,240,0,0
211790127,30992,224405,224405,240,0,0
211800021,30993,224640,224645,240,0,5
211810175,30995,224884,224884,240,4,0
211820043,30996,225121,225124,240,0,3
211830177,30998,225364,225364,240,3,0
211840058,30999,225601,225604,240,0,3
211850190,31001,225844,225844,240,3,0
211860057,31002,226081,226084,240,0,3
211870190,31004,226324,226324,240,3,0
211880060,31005,226561,226564,240,0,3
211890146,31007,226801,226801,240,0,0
211900037,31009,227041,227041,240,0,0
211910064,31011,227281,227281,240,0,0
211920080,31012,227521,227521,240,0,0
211930156,31014,227761,227761,240,0,0
211940037,31015,228001,228001,240,0,0
211950175,31017,228244,228244,240,3,0
211960052,31018,228481,228484,240,0,3
211970179,31020,228724,228724,240,3,0
211980055,31021,228961,228964,240,0,3
211990248,31023,229206,229206,240,5,0
212000072,31024,229441,229446,240,0,5
212010201,31026,229684,229684,240,3,0
212020057,31027,229921,229924,240,0,3
212030211,31029,230165,230165,240,4,0
212040058,31030,230401,230405,240,0,4
212050196,31032,230644,230644,240,3,0
212060053,31033,230881,230884,240,0,3
212070198,31035,231124,231124,240,3,0
212080066,31036,231361,231364,240,0,3
212090212,31038,231605,231605,240,4,0
212100067,31039,231841,231845,240,0,4
212110197,31041,232084,232084,240,3,0
212120066,31042,232321,232324,240,0,3
212130204,31044,232565,232565,240,4,0
212140158,31045,232805,232805,240,0,0
212150185,31047,233045,233045,240,0,0
212160061,31048,233281,233285,240,0,4
212170192,31050,233524,233524,240,3,0
212180065,31051,233761,233764,240,0,3
212190260,31053,234006,234006,240,5,0
212200919,31054,234262,234262,240,16,0
212210201,31056,234484,234502,240,0,18
212220073,31057,234721,234724,240,0,3
212230167,31059,234964,234964,240,3,0
212240063,31060,235201,235204,240,0,3
212250166,31062,235444,235444,240,3,0
212260061,31063,235681,235684,240,0,3
212270167,31065,235924,235924,240,3,0
212280062,31066,236161,236164,240,0,3
212290172,31068,236404,236404,240,3,0
212300030,31069,236640,236644,240,0,4
212310232,31071,236885,236885,240,5,0
212320065,31072,237121,237125,240,0,4
212330208,31074,237365,237365,240,4,0
212340061,31075,237601,237605,240,0,4
212350192,31077,237844,237844,240,3,0
212360202,31078,238084,238084,240,0,0
212370201,31080,238324,238324,240,0,0
212379996,31081,238560,238564,240,0,4
212390059,31083,238800,238800,240,0,0
212400060,31084,239040,239040,240,0,0
212410173,31086,239284,239284,240,4,0
212420046,31087,239521,239524,240,0,3
212430172,31089,239764,239764,240,3,0
212440053,31090,240001,240004,240,0,3
212450170,31092,240244,240244,240,3,0
212460048,31093,240481,240484,240,0,3
212470175,31095,240724,240724,240,3,0
212480054,31096,240961,240964,240,0,3
212490168,31098,241204,241204,240,3,0
212500059,31099,241441,241444,240,0,3
212510196,31101,241684,241684,240,3,0
212520051,31102,241921,241924,240,0,3
212530177,31104,242164,242164,240,3,0
212540051,31105,242401,242404,240,0,3
212550194,31107,242644,242644,240,3,0
212560053,31108,242881,242884,240,0,3
212570199,31110,243124,243124,240,3,0
212580056,31111,243361,243364,240,0,3
212590178,31113,243604,243604,240,3,0
212600065,31114,243841,243844,240,0,3
212610547,31116,244093,244093,240,12,0
212620026,31117,244320,244333,240,0,13
212630189,31119,244564,244564,240,4,0
212640060,31120,244801,244804,240,0,3
212650196,31122,245044,245044,240,3,0
212660064,31123,245281,245284,240,0,3
212670194,31125,245524,245524,240,3,0
212680071,31126,245761,245764,240,0,3
212690190,31128,246004,246004,240,3,0
212700059,31129,246241,246244,240,0,3
212710138,31131,246481,246481,240,0,0
212720053,31132,246721,246721,240,0,0
212730181,31134,246964,246964,240,3,0
212740055,31135,247201,247204,240,0,3
212750190,31137,247444,247444,240,3,0
212760067,31138,247681,247684,240,0,3
212770187,31140,247924,247924,240,3,0
212780066,31141,248161,248164,240,0,3
212790190,31143,248404,248404,240,3,0
212800067,31144,248641,248644,240,0,3
212810294,31146,248887,248887,240,6,0
212820061,31147,249121,249127,240,0,6
212830211,31149,249365,249365,240,4,0
212840052,31150,249601,249605,240,0,4
212850226,31152,249845,249845,240,4,0
212860067,31153,250081,250085,240,0,4
212870201,31155,250324,250324,240,3,0
212880052,31156,250561,250564,240,0,3
212890201,31158,250804,250804,240,3,0
212900062,31159,251041,251044,240,0,3
212910237,31161,251285,251285,240,4,0
212920070,31162,251521,251525,240,0,4
212930209,31164,251765,251765,240,4,0
212940068,31165,252001,252005,240,0,4
212950198,31167,252244,252244,240,3,0
212960073,31168,252481,252484,240,0,3
212970200,31170,252724,252724,240,3,0
212980067,31171,252961,252964,240,0,3
212990197,31173,253204,253204,240,3,0
213000065,31174,253441,253444,240,0,3
213010233,31176,253685,253685,240,4,0
213020277,31177,253925,253925,240,0,0
213030179,31179,254165,254165,240,0,0
213040044,31180,254401,254405,240,0,4
213050218,31182,254645,254645,240,4,0
213060047,31183,254881,254885,240,0,4
213070197,31185,255124,255124,240,3,0
213080064,31186,255361,255364,240,0,3
213090198,31188,255604,255604,240,3,0
213100054,31189,255841,255844,240,0,3
213110198,31191,256084,256084,240,3,0
213119946,31192,256318,256324,240,0,6
213130211,31194,256565,256565,240,7,0
213140042,31195,256801,256805,240,0,4
213150191,31197,257044,257044,240,3,0
213160064,31198,257281,257284,240,0,3
213170190,31200,257524,257524,240,3,0
213180059,31201,257761,257764,240,0,3
213190193,31203,258004,258004,240,3,0
213200065,31204,258241,258244,240,0,3
213210191,31206,258484,258484,240,3,0
213220063,31207,258721,258724,240,0,3
213230213,31209,258965,258965,240,4,0
213240207,31210,259205,259205,240,0,0
213250189,31212,259445,259445,240,0,0
213260202,31213,259685,259685,240,0,0
213270191,31215,259925,259925,240,0,0
213280054,31216,260161,260165,240,0,4
213290197,31218,260404,260404,240,3,0
213300055,31219,260641,260644,240,0,3
213310195,31221,260884,260884,240,3,0
213320063,31222,261121,261124,240,0,3
213330329,31224,261368,261368,240,7,0
213340051,31225,261601,261608,240,0,7
213350189,31227,261844,261844,240,3,0
213360063,31228,262081,262084,240,0,3
213370182,31230,262324,262324,240,3,0
213380052,31231,262561,262564,240,0,3
213390185,31233,262804,262804,240,3,0
213400244,31234,263044,263044,240,0,0
213410228,31236,263284,263284,240,0,0
213420054,31237,263521,263524,240,0,3
213430504,31239,263772,263772,240,11,0
213440047,31240,264001,264012,240,0,11
213450243,31242,264245,264245,240,4,0
213460059,31243,264481,264485,240,0,4
213470193,31245,264724,264724,240,3,0
213480053,31246,264961,264964,240,0,3
213490189,31248,265204,265204,240,3,0
213500199,31249,265444,265444,240,0,0
213510183,31251,265684,265684,240,0,0
213520053,31252,265921,265924,240,0,3
213530156,31254,266161,266161,240,0,0
213540049,31255,266401,266401,240,0,0
213550166,31257,266644,266644,240,3,0
213560052,31258,266881,266884,240,0,3
213570184,31260,267124,267124,240,3,0
213580069,31261,267361,267364,240,0,3
213590179,31263,267604,267604,240,3,0
213600057,31264,267841,267844,240,0,3
213610181,31266,268084,268084,240,3,0
213620062,31267,268321,268324,240,0,3
213630136,31269,268561,268561,240,0,0
213640077,31270,268801,268801,240,0,0
213650183,31272,269044,269044,240,3,0
213660060,31273,269281,269284,240,0,3
213670177,31275,269524,269524,240,3,0
213680063,31276,269761,269764,240,0,3
213690177,31278,270004,270004,240,3,0
213700058,31279,270241,270244,240,0,3
213710179,31281,270484,270484,240,3,0
213720064,31282,270721,270724,240,0,3
213730238,31284,270965,270965,240,4,0
213740077,31285,271201,271205,240,0,4
213750248,31287,271446,271446,240,5,0
213760060,31288,271681,271686,240,0,5
213770206,31290,271925,271925,240,4,0
213780066,31291,272161,272165,240,0,4
213790205,31293,272405,272405,240,4,0
213800059,31294,272641,272645,240,0,4
213810208,31296,272885,272885,240,4,0
213820061,31297,273121,273125,240,0,4
213830217,31299,273365,273365,240,4,0
213840064,31300,273601,273605,240,0,4
213850249,31302,273846,273846,240,5,0
213860070,31303,274081,274086,240,0,5
213870197,31305,274324,274324,240,3,0
213880062,31306,274561,274564,240,0,3
213890196,31308,274804,274804,240,3,0
213900065,31309,275041,275044,240,0,3
213910197,31312,275284,275284,240,3,0
213920069,31313,275521,275524,240,0,3
213930376,31315,275769,275769,240,8,0
213940003,31316,276000,276009,240,0,9
213950204,31318,276245,276245,240,5,0
213960228,31319,276485,276485,240,0,0
213970176,31321,276725,276725,240,0,0
213980063,31322,276961,276965,240,0,4
213990176,31324,277204,277204,240,3,0
214000075,31325,277441,277444,240,0,3
214010177,31327,277684,277684,240,3,0
214020062,31328,277921,277924,240,0,3
214030180,31330,278164,278164,240,3,0
214040287,31331,278407,278407,240,3,0
214050192,31333,278644,278647,240,0,3
214060068,31334,278881,278884,240,0,3
214070200,31336,279124,279124,240,3,0
214080061,31337,279361,279364,240,0,3
214090181,31339,279604,279604,240,3,0
214100058,31340,279841,279844,240,0,3
214110182,31342,280084,280084,240,3,0
214120056,31343,280321,280324,240,0,3
214130215,31345,280565,280565,240,4,0
214139931,31346,280798,280805,240,0,7
214150200,31348,281044,281044,240,6,0
214160140,31349,281284,281284,240,0,0
214170225,31351,281524,281524,240,0,0
214180047,31352,281761,281764,240,0,3
214190187,31354,282004,282004,240,3,0
214200055,31355,282241,282244,240,0,3
214210191,31357,282484,282484,240,3,0
214220055,31358,282721,282724,240,0,3
214230192,31360,282964,282964,240,3,0
214240062,31361,283201,283204,240,0,3
214250232,31363,283445,283445,240,4,0
214260045,31364,283681,283685,240,0,4
214270198,31366,283924,283924,240,3,0
214280056,31367,284161,284164,240,0,3
214290200,31369,284404,284404,240,3,0
214300065,31370,284641,284644,240,0,3
214310196,31372,284884,284884,240,3,0
214320049,31373,285121,285124,240,0,3
214330196,31375,285364,285364,240,3,0
214340204,31376,285604,285604,240,0,0
214350162,31378,285844,285844,240,0,0
214360052,31379,286081,286084,240,0,3
214370188,31381,286324,286324,240,3,0
214380046,31382,286561,286564,240,0,3
214390180,31384,286804,286804,240,3,0
214400055,31385,287041,287044,240,0,3
214410185,31387,287284,287284,240,3,0
214420057,31388,287521,287524,240,0,3
214430187,31390,287764,287764,240,3,0
214440054,31391,288001,288004,240,0,3
214450393,31393,288249,288249,240,8,0
214460047,31394,288481,288489,240,0,8
214470192,31396,288724,288724,240,3,0
214480052,31397,288961,288964,240,0,3
214490191,31399,289204,289204,240,3,0
214500056,31400,289441,289444,240,0,3
214510192,31402,289684,289684,240,3,0
214520064,31403,289921,289924,240,0,3
214530191,31405,290164,290164,240,3,0
214540049,31406,290401,290404,240,0,3
214550282,31408,290646,290646,240,5,0
214560067,31409,290881,290886,240,0,5
214570205,31411,291125,291125,240,4,0
214580072,31412,291361,291365,240,0,4
214590207,31414,291605,291605,240,4,0
214600058,31415,291841,291845,240,0,4
214610205,31417,292085,292085,240,4,0
214620057,31418,292321,292325,240,0,4
214630220,31420,292565,292565,240,4,0
214640062,31421,292801,292805,240,0,4
214650216,31423,293045,293045,240,4,0
214660074,31424,293281,293285,240,0,4
214670202,31426,293524,293524,240,3,0
214680074,31427,293761,293764,240,0,3
214690209,31429,294005,294005,240,4,0
214700204,31430,294245,294245,240,0,0
214710207,31432,294485,294485,240,0,0
214720051,31433,294721,294725,240,0,4
214730059,31435,294961,294961,240,0,0
214740038,31436,295201,295201,240,0,0
214750224,31438,295445,295445,240,4,0
214760698,31439,295696,295696,240,11,0
214770224,31441,295925,295936,240,0,11
214780054,31442,296161,296165,240,0,4
214790213,31444,296405,296405,240,4,0
214800056,31445,296641,296645,240,0,4
214810210,31447,296885,296885,240,4,0
214820066,31448,297121,297125,240,0,4
214830210,31450,297365,297365,240,4,0
214840047,31451,297601,297605,240,0,4
214850217,31453,297845,297845,240,4,0
214860261,31454,298085,298085,240,0,0
214870178,31456,298325,298325,240,0,0
214880063,31457,298561,298565,240,0,4
214890176,31459,298804,298804,240,3,0
214900058,31460,299041,299044,240,0,3
214910178,31462,299284,299284,240,3,0
214920072,31463,299521,299524,240,0,3
214930161,31465,299761,299761,240,0,0
214940050,31466,300001,300001,240,0,0
214950192,31468,300244,300244,240,3,0
214960066,31469,300481,300484,240,0,3
214970212,31471,300725,300725,240,4,0
214980063,31472,300961,300965,240,0,4
214990190,31474,301204,301204,240,3,0
215000045,31475,301441,301444,240,0,3
215010187,31477,301684,301684,240,3,0
215020045,31478,301921,301924,240,0,3
215030192,31480,302164,302164,240,3,0
215040048,31481,302401,302404,240,0,3
215050194,31483,302644,302644,240,3,0
215060065,31484,302881,302884,240,0,3
215070228,31486,303125,303125,240,4,0
215080001,31487,303360,303365,240,0,5
215090227,31489,303605,303605,240,5,0
215100056,31490,303841,303845,240,0,4
215110211,31492,304085,304085,240,4,0
215120057,31493,304321,304325,240,0,4
215130202,31495,304564,304564,240,3,0
215140213,31496,304804,304804,240,0,0
215150178,31498,305044,305044,240,0,0
215160161,31499,305284,305284,240,0,0
215170246,31501,305524,305524,240,0,0
215180068,31502,305761,305764,240,0,3
215190197,31504,306004,306004,240,3,0
215200084,31505,306244,306244,240,0,0
215210198,31507,306484,306484,240,0,0
215220069,31508,306721,306724,240,0,3
215230212,31510,306965,306965,240,4,0
215240043,31511,307201,307205,240,0,4
215250186,31513,307444,307444,240,3,0
215260069,31514,307681,307684,240,0,3
215270102,31516,307921,307921,240,0,0
215280039,31517,308161,308161,240,0,0
215290175,31519,308404,308404,240,3,0
215300057,31520,308641,308644,240,0,3
215310186,31522,308884,308884,240,3,0
215320056,31523,309121,309124,240,0,3
215330184,31525,309364,309364,240,3,0
215340061,31526,309601,309604,240,0,3
215350184,31528,309844,309844,240,3,0
215359971,31529,310079,310084,240,0,5
215370258,31531,310326,310326,240,7,0
215380066,31532,310561,310566,240,0,5
215390367,31534,310808,310808,240,7,0
215400067,31535,311041,311048,240,0,7
215410217,31537,311285,311285,240,4,0
215420055,31538,311521,311525,240,0,4
215430188,31540,311764,311764,240,3,0
215440065,31541,312001,312004,240,0,3
215450187,31543,312244,312244,240,3,0
215460058,31544,312481,312484,240,0,3
215470241,31546,312725,312725,240,4,0
215480071,31547,312961,312965,240,0,4
215490196,31549,313204,313204,240,3,0
215500055,31550,313441,313444,240,0,3
215510199,31552,313684,313684,240,3,0
215520051,31553,313921,313924,240,0,3
215530197,31555,314164,314164,240,3,0
215540059,31556,314401,314404,240,0,3
215550353,31558,314648,314648,240,7,0
215560034,31559,314880,314888,240,0,8
215570221,31561,315125,315125,240,5,0
215580064,31562,315361,315365,240,0,4
215590204,31564,315605,315605,240,4,0
215600061,31565,315841,315845,240,0,4
215610200,31567,316084,316084,240,3,0
215619990,31568,316319,316324,240,0,5
215630230,31570,316565,316565,240,6,0
215640057,31571,316801,316805,240,0,4
215650197,31573,317044,317044,240,3,0
215660067,31574,317281,317284,240,0,3
215670195,31576,317524,317524,240,3,0
215679952,31577,317758,317764,240,0,6
215690214,31579,318005,318005,240,7,0
215700056,31580,318241,318245,240,0,4
215710193,31582,318484,318484,240,3,0
215720071,31583,318721,318724,240,0,3
215730194,31585,318964,318964,240,3,0
215740062,31586,319201,319204,240,0,3
215750194,31588,319444,319444,240,3,0
215760065,31589,319681,319684,240,0,3
215770193,31591,319924,319924,240,3,0
215780064,31592,320161,320164,240,0,3
215790246,31594,320406,320406,240,5,0
215800309,31595,320646,320646,240,0,0
215810213,31597,320886,320886,240,0,0
215820047,31598,321121,321126,240,0,5
215830200,31600,321364,321364,240,3,0
215840058,31601,321601,321604,240,0,3
215850210,31603,321845,321845,240,4,0
215860070,31604,322081,322085,240,0,4
215870203,31606,322324,322324,240,3,0
215880061,31607,322561,322564,240,0,3
215890231,31609,322805,322805,240,4,0
215900071,31610,323041,323045,240,0,4
215910202,31613,323284,323284,240,3,0
215920056,31614,323521,323524,240,0,3
215930206,31616,323765,323765,240,4,0
215940059,31617,324001,324005,240,0,4
215950201,31619,324244,324244,240,3,0
215960514,31620,324492,324492,240,8,0
215970187,31622,324724,324732,240,0,8
215979983,31623,324959,324964,240,0,5
215990111,31625,325202,325202,240,3,0
216000068,31626,325442,325442,240,0,0
216010162,31628,325682,325682,240,0,0
216020052,31629,325922,325922,240,0,0
216030173,31631,326162,326162,240,0,0
216040062,31632,326402,326402,240,0,0
216050173,31634,326642,326642,240,0,0
216060071,31635,326882,326882,240,0,0
216070168,31637,327122,327122,240,0,0
216080054,31638,327362,327362,240,0,0
216090145,31640,327602,327602,240,0,0
216100041,31641,327842,327842,240,0,0
216110208,31643,328085,328085,240,3,0
216120048,31644,328321,328325,240,0,4
216130195,31646,328564,328564,240,3,0
216140061,31647,328801,328804,240,0,3
216150196,31649,329044,329044,240,3,0
216160057,31650,329281,329284,240,0,3
216170194,31652,329524,329524,240,3,0
216180172,31653,329764,329764,240,0,0
216190252,31655,330004,330004,240,0,0
216200043,31656,330241,330244,240,0,3
216210226,31658,330485,330485,240,4,0
216220065,31659,330721,330725,240,0,4
216230201,31661,330964,330964,240,3,0
216240051,31662,331201,331204,240,0,3
216250202,31664,331444,331444,240,3,0
216260066,31665,331681,331684,240,0,3
216270202,31667,331924,331924,240,3,0
216280053,31668,332161,332164,240,0,3
216290248,31670,332406,332406,240,5,0
216300059,31671,332641,332646,240,0,5
216310203,31673,332884,332884,240,3,0
216320057,31674,333121,333124,240,0,3
216330201,31676,333364,333364,240,3,0
216340058,31677,333601,333604,240,0,3
216350201,31679,333844,333844,240,3,0
216360053,31680,334081,334084,240,0,3
216370221,31682,334325,334325,240,4,0
216380063,31683,334561,334565,240,0,4
216390208,31685,334805,334805,240,4,0
216400076,31686,335041,335045,240,0,4
216410199,31688,335284,335284,240,3,0
216420060,31689,335521,335524,240,0,3
216430194,31691,335764,335764,240,3,0
216440057,31692,336001,336004,240,0,3
216450198,31694,336244,336244,240,3,0
216460065,31695,336481,336484,240,0,3
216470194,31697,336724,336724,240,3,0
216480063,31698,336961,336964,240,0,3
216490353,31700,337208,337208,240,7,0
216500063,31701,337441,337448,240,0,7
216510194,31703,337684,337684,240,3,0
216520055,31704,337921,337924,240,0,3
216530197,31706,338164,338164,240,3,0
216540062,31707,338401,338404,240,0,3
216550196,31709,338644,338644,240,3,0
216560053,31710,338881,338884,240,0,3
216570204,31712,339125,339125,240,4,0
216580052,31713,339361,339365,240,0,4
216590218,31715,339605,339605,240,4,0
216600068,31716,339841,339845,240,0,4
216610223,31718,340085,340085,240,4,0
216620038,31719,340321,340325,240,0,4
216630189,31721,340564,340564,240,3,0
216640050,31722,340801,340804,240,0,3
216650191,31724,341044,341044,240,3,0
216660054,31725,341281,341284,240,0,3
216670196,31727,341524,341524,240,3,0
216680059,31728,341761,341764,240,0,3
216690055,31730,342001,342001,240,0,0
216700056,31731,342241,342241,240,0,0
216710325,31733,342487,342487,240,6,0
216720044,31734,342721,342727,240,0,6
216730192,31736,342964,342964,240,3,0
216740064,31737,343201,343204,240,0,3
216750190,31739,343444,343444,240,3,0
216760055,31740,343681,343684,240,0,3
216770194,31742,343924,343924,240,3,0
216780204,31743,344164,344164,240,0,0
216790167,31745,344404,344404,240,0,0
216800062,31746,344641,344644,240,0,3
216810224,31748,344885,344885,240,4,0
216820055,31749,345121,345125,240,0,4
216830194,31751,345364,345364,240,3,0
216840068,31752,345601,345604,240,0,3
216850211,31754,345845,345845,240,4,0
216860066,31755,346081,346085,240,0,4
216870191,31757,346324,346324,240,3,0
216880030,31758,346560,346564,240,0,4
216890183,31760,346804,346804,240,4,0
216900268,31761,347044,347044,240,0,0
216910138,31763,347284,347284,240,0,0
216920066,31764,347521,347524,240,0,3
216930184,31766,347764,347764,240,3,0
216940069,31767,348001,348004,240,0,3
216950189,31769,348244,348244,240,3,0
216960070,31770,348481,348484,240,0,3
216970185,31772,348724,348724,240,3,0
216980073,31773,348961,348964,240,0,3
216990187,31775,349204,349204,240,3,0
217000070,31776,349441,349444,240,0,3
217010611,31778,349694,349694,240,13,0
217020058,31779,349921,349934,240,0,13
217030147,31781,350161,350161,240,0,0
217040063,31782,350401,350401,240,0,0
217050156,31784,350641,350641,240,0,0
217060063,31785,350881,350881,240,0,0
217070149,31787,351121,351121,240,0,0
217080072,31788,351361,351361,240,0,0
217090152,31790,351601,351601,240,0,0
217100044,31791,351841,351841,240,0,0
217110217,31793,352085,352085,240,4,0
217120067,31794,352321,352325,240,0,4
217130193,31796,352564,352564,240,3,0
217140055,31797,352801,352804,240,0,3
217150187,31799,353044,353044,240,3,0
217160060,31800,353281,353284,240,0,3
217170187,31802,353524,353524,240,3,0
217180064,31803,353761,353764,240,0,3
217190194,31805,354004,354004,240,3,0
217200061,31806,354241,354244,240,0,3
217210210,31808,354485,354485,240,4,0
217220073,31809,354721,354725,240,0,4
217230191,31811,354964,354964,240,3,0
217240062,31812,355201,355204,240,0,3
217250191,31814,355444,355444,240,3,0
217260071,31815,355681,355684,240,0,3
217270187,31817,355924,355924,240,3,0
217280068,31818,356161,356164,240,0,3
217290063,31820,356401,356401,240,0,0
217300055,31821,356641,356641,240,0,0
217310229,31823,356885,356885,240,4,0
217320306,31824,357125,357125,240,0,0
217330217,31826,357365,357365,240,0,0
217340047,31827,357601,357605,240,0,4
217350207,31829,357845,357845,240,4,0
217360051,31830,358081,358085,240,0,4
217370209,31832,358325,358325,240,4,0
217380059,31833,358561,358565,240,0,4
217390209,31835,358805,358805,240,4,0
217400073,31836,359041,359045,240,0,4
217410233,31838,359285,359285,240,4,0
217420232,31839,359525,359525,240,0,0
217430196,31841,359765,359765,240,0,0
217440050,31842,360001,360005,240,0,4
217450205,31844,360245,360245,240,4,0
217460071,31845,360481,360485,240,0,4
217470195,31847,360724,360724,240,3,0
217480059,31848,360961,360964,240,0,3
217490198,31850,361204,361204,240,3,0
217500063,31851,361441,361444,240,0,3
217510212,31853,361685,361685,240,4,0
217520056,31854,361921,361925,240,0,4
217530224,31856,362165,362165,240,4,0
217540058,31857,362401,362405,240,0,4
217550207,31859,362645,362645,240,4,0
217560060,31860,362881,362885,240,0,4
217570215,31862,363125,363125,240,4,0
217580062,31863,363361,363365,240,0,4
217590203,31865,363604,363604,240,3,0
217600054,31866,363841,363844,240,0,3
217610207,31868,364085,364085,240,4,0
217620070,31869,364321,364325,240,0,4
217630226,31871,364565,364565,240,4,0
217640061,31872,364801,364805,240,0,4
217650210,31874,365045,365045,240,4,0
217660060,31875,365281,365285,240,0,4
217670198,31877,365524,365524,240,3,0
217680052,31878,365761,365764,240,0,3
217690200,31880,366004,366004,240,3,0
217700179,31881,366244,366244,240,0,0
217710198,31883,366484,366484,240,0,0
217720169,31884,366724,366724,240,0,0
217730232,31886,366964,366964,240,0,0
217740065,31887,367201,367204,240,0,3
217750201,31889,367444,367444,240,3,0
217760072,31890,367681,367684,240,0,3
217770204,31892,367925,367925,240,4,0
217780072,31893,368161,368165,240,0,4
217790200,31895,368404,368404,240,3,0
217800079,31896,368644,368644,240,0,0
217810203,31898,368884,368884,240,0,0
217820011,31899,369120,369124,240,0,4
217830135,31901,369363,369363,240,3,0
217840039,31902,369603,369603,240,0,0
217850209,31904,369843,369843,240,0,0
217860067,31905,370083,370083,240,0,0
217870193,31907,370323,370323,240,0,0
217880065,31908,370563,370563,240,0,0
217890187,31910,370803,370803,240,0,0
217900064,31911,371043,371043,240,0,0
217910184,31914,371283,371283,240,0,0
217920056,31915,371523,371523,240,0,0
217930242,31917,371763,371763,240,0,0
217940068,31918,372003,372003,240,0,0
217950206,31920,372243,372243,240,0,0
217960055,31921,372483,372483,240,0,0
217970208,31923,372723,372723,240,0,0
217980059,31924,372963,372963,240,0,0
217990206,31926,373203,373203,240,0,0
218000055,31927,373443,373443,240,0,0
218010215,31929,373683,373683,240,0,0
218020058,31930,373923,373923,240,0,0
218030225,31932,374163,374163,240,0,0
218040075,31933,374403,374403,240,0,0
218050204,31935,374643,374643,240,0,0
218060065,31936,374883,374883,240,0,0
218070223,31938,375123,375123,240,0,0
218080072,31939,375363,375363,240,0,0
218090203,31941,375603,375603,240,0,0
218100070,31942,375843,375843,240,0,0
218110490,31944,376091,376091,240,8,0
218120036,31945,376320,376331,240,0,11
218130219,31947,376565,376565,240,5,0
218140079,31948,376802,376805,240,0,3
218150223,31950,377045,377045,240,3,0
218160062,31951,377281,377285,240,0,4
218170208,31953,377525,377525,240,4,0
218180065,31954,377761,377765,240,0,4
218190206,31956,378005,378005,240,4,0
218200070,31957,378241,378245,240,0,4
218210206,31959,378485,378485,240,4,0
218220061,31960,378721,378725,240,0,4
218230208,31962,378965,378965,240,4,0
218239950,31963,379198,379205,240,0,7
218250215,31965,379445,379445,240,7,0
218260061,31966,379681,379685,240,0,4
218270202,31968,379924,379924,240,3,0
218280060,31969,380161,380164,240,0,3
218290203,31971,380404,380404,240,3,0
218300061,31972,380641,380644,240,0,3
218310201,31974,380884,380884,240,3,0
218320050,31975,381121,381124,240,0,3
218330194,31977,381364,381364,240,3,0
218340066,31978,381601,381604,240,0,3
218350219,31980,381845,381845,240,4,0
218360222,31981,382085,382085,240,0,0
218370191,31983,382325,382325,240,0,0
218380048,31984,382561,382565,240,0,4
218390203,31986,382804,382804,240,3,0
218400065,31987,383041,383044,240,0,3
218410203,31989,383284,383284,240,3,0
218420056,31990,383521,383524,240,0,3
218430257,31992,383766,383766,240,5,0
218440065,31993,384001,384006,240,0,5
218450227,31995,384245,384245,240,4,0
218460061,31996,384481,384485,240,0,4
218470233,31998,384725,384725,240,4,0
218480059,31999,384961,384965,240,0,4
218490204,32001,385205,385205,240,4,0
218500058,32002,385441,385445,240,0,4
218510200,32004,385684,385684,240,3,0
218520052,32005,385921,385924,240,0,3
218530209,32007,386165,386165,240,4,0
218540068,32008,386401,386405,240,0,4
218550231,32010,386645,386645,240,4,0
218560063,32011,386881,386885,240,0,4
218570198,32013,387124,387124,240,3,0
218580054,32014,387361,387364,240,0,3
218590200,32016,387604,387604,240,3,0
218600060,32017,387841,387844,240,0,3
218610198,32019,388084,388084,240,3,0
218620031,32020,388320,388324,240,0,4
218630204,32022,388565,388565,240,5,0
218640010,32023,388800,388805,240,0,5
218650175,32025,389044,389044,240,4,0
218660075,32026,389281,389284,240,0,3
218670169,32028,389524,389524,240,3,0
218680052,32029,389761,389764,240,0,3
218690182,32031,390004,390004,240,3,0
218700072,32032,390241,390244,240,0,3
218710179,32034,390484,390484,240,3,0
218720064,32035,390721,390724,240,0,3
218730190,32037,390964,390964,240,3,0
218740059,32038,391201,391204,240,0,3
218750228,32040,391445,391445,240,4,0
218760123,32041,391685,391685,240,0,0
218770245,32043,391925,391925,240,0,0
218780065,32044,392161,392165,240,0,4
218790204,32046,392405,392405,240,4,0
218800068,32047,392641,392645,240,0,4
218810205,32049,392885,392885,240,4,0
218820059,32050,393121,393125,240,0,4
218830205,32052,393365,393365,240,4,0
218840061,32053,393601,393605,240,0,4
218850272,32055,393846,393846,240,5,0
218860066,32056,394081,394086,240,0,5
218870217,32058,394325,394325,240,4,0
218880058,32059,394561,394565,240,0,4
218890212,32061,394805,394805,240,4,0
218900060,32062,395041,395045,240,0,4
218910209,32064,395285,395285,240,4,0
218920053,32065,395521,395525,240,0,4
218930233,32067,395765,395765,240,4,0
218940056,32068,396001,396005,240,0,4
218950234,32070,396245,396245,240,4,0
218960334,32071,396488,396488,240,3,0
218970193,32073,396724,396728,240,0,4
218980054,32074,396961,396964,240,0,3
218990192,32076,397204,397204,240,3,0
219000332,32077,397448,397448,240,4,0
219010204,32079,397685,397688,240,0,3
219020063,32080,397921,397925,240,0,4
219030208,32082,398165,398165,240,4,0
219040060,32083,398401,398405,240,0,4
219050368,32085,398648,398648,240,7,0
219060156,32086,398883,398888,240,0,5
219070183,32088,399123,399123,240,0,0
219080058,32089,399363,399363,240,0,0
219090187,32091,399603,399603,240,0,0
219100061,32092,399843,399843,240,0,0
219110188,32094,400083,400083,240,0,0
219120057,32095,400323,400323,240,0,0
219130183,32097,400563,400563,240,0,0
219140065,32098,400803,400803,240,0,0
219150194,32100,401043,401043,240,0,0
219160513,32101,401292,401292,240,9,0
219170205,32103,401525,401532,240,0,7
219180007,32104,401760,401765,240,0,5
219190209,32106,402005,402005,240,5,0
219200049,32107,402241,402245,240,0,4
219210201,32109,402484,402484,240,3,0
219220052,32110,402721,402724,240,0,3
219230204,32112,402965,402965,240,4,0
219240057,32113,403201,403205,240,0,4
219250202,32115,403444,403444,240,3,0
219260064,32116,403681,403684,240,0,3
219270213,32118,403925,403925,240,4,0
219280064,32119,404161,404165,240,0,4
219290054,32121,404401,404401,240,0,0
219300038,32122,404641,404641,240,0,0
219310042,32124,404881,404881,240,0,0
219320053,32125,405121,405121,240,0,0
219330198,32127,405364,405364,240,3,0
219340189,32128,405604,405604,240,0,0
219350200,32130,405844,405844,240,0,0
219360058,32131,406081,406084,240,0,3
219370217,32133,406325,406325,240,4,0
219380059,32134,406561,406565,240,0,4
219390195,32136,406804,406804,240,3,0
219400060,32137,407041,407044,240,0,3
219410212,32139,407285,407285,240,4,0
219420054,32140,407521,407525,240,0,4
219430201,32142,407764,407764,240,3,0
219440033,32143,408000,408004,240,0,4
219450181,32145,408244,408244,240,4,0
219460238,32146,408484,408484,240,0,0
219470237,32148,408724,408724,240,0,0
219480057,32149,408961,408964,240,0,3
219490195,32151,409204,409204,240,3,0
219500066,32152,409441,409444,240,0,3
219510195,32154,409684,409684,240,3,0
219520048,32155,409921,409924,240,0,3
219530194,32157,410164,410164,240,3,0
219540068,32158,410401,410404,240,0,3
219550193,32160,410644,410644,240,3,0
219560065,32161,410881,410884,240,0,3
219570114,32163,411121,411121,240,0,0
219580047,32164,411361,411361,240,0,0
219590172,32166,411604,411604,240,3,0
219600051,32167,411841,411844,240,0,3
219610178,32169,412084,412084,240,3,0
219620066,32170,412321,412324,240,0,3
219630177,32172,412564,412564,240,3,0
219640057,32173,412801,412804,240,0,3
219650185,32175,413044,413044,240,3,0
219660333,32176,413288,413288,240,4,0
219670237,32178,413525,413528,240,0,3
219680055,32179,413761,413765,240,0,4
219690204,32181,414005,414005,240,4,0
219700061,32182,414241,414245,240,0,4
219710200,32184,414484,414484,240,3,0
219720059,32185,414721,414724,240,0,3
219730198,32187,414964,414964,240,3,0
219740046,32188,415201,415204,240,0,3
219750207,32190,415445,415445,240,4,0
219760068,32191,415681,415685,240,0,4
219770220,32193,415925,415925,240,4,0
219780066,32194,416161,416165,240,0,4
219790206,32196,416405,416405,240,4,0
219800065,32197,416641,416645,240,0,4
219810199,32199,416884,416884,240,3,0
219820069,32200,417121,417124,240,0,3
219830200,32202,417364,417364,240,3,0
219840061,32203,417601,417604,240,0,3
219850221,32205,417845,417845,240,4,0
219860068,32206,418081,418085,240,0,4
219870184,32208,418324,418324,240,3,0
219880058,32209,418561,418564,240,0,3
219890216,32211,418805,418805,240,4,0
219900045,32212,419041,419045,240,0,4
219910221,32215,419285,419285,240,4,0
219920060,32216,419521,419525,240,0,4
219930197,32218,419764,419764,240,3,0
219940059,32219,420001,420004,240,0,3
219950203,32221,420244,420244,240,3,0
219960064,32222,420481,420484,240,0,3
219970201,32224,420724,420724,240,3,0
219979958,32225,420959,420964,240,0,5
219990235,32227,421205,421205,240,6,0
220000061,32228,421441,421445,240,0,4
220010201,32230,421684,421684,240,3,0
220020060,32231,421921,421924,240,0,3
220030203,32233,422164,422164,240,3,0
220040070,32234,422401,422404,240,0,3
220050247,32236,422646,422646,240,5,0
220060067,32237,422881,422886,240,0,5
220070210,32239,423125,423125,240,4,0
220080067,32240,423361,423365,240,0,4
220090302,32242,423607,423607,240,6,0
220100627,32243,423855,423855,240,8,0
220110169,32245,424084,424095,240,0,11
220120061,32246,424321,424324,240,0,3
220130179,32248,424564,424564,240,3,0
220140057,32249,424801,424804,240,0,3
220150181,32251,425044,425044,240,3,0
220160059,32252,425281,425284,240,0,3
220170179,32254,425524,425524,240,3,0
220180073,32255,425761,425764,240,0,3
220190229,32257,426005,426005,240,4,0
220200046,32258,426241,426245,240,0,4
220210190,32260,426484,426484,240,3,0
220220061,32261,426721,426724,240,0,3
220230188,32263,426964,426964,240,3,0
220240056,32264,427201,427204,240,0,3
220250192,32266,427444,427444,240,3,0
220260034,32267,427680,427684,240,0,4
220270180,32269,427924,427924,240,4,0
220280062,32270,428161,428164,240,0,3
220290763,32272,428418,428418,240,17,0
220300045,32273,428641,428658,240,0,17
220310166,32275,428884,428884,240,3,0
220320053,32276,429121,429124,240,0,3
220330172,32278,429364,429364,240,3,0
220340060,32279,429601,429604,240,0,3
220350168,32281,429844,429844,240,3,0
220360053,32282,430081,430084,240,0,3
220370175,32284,430324,430324,240,3,0
220380061,32285,430561,430564,240,0,3
220390252,32287,430806,430806,240,5,0
220400082,32288,431042,431046,240,0,4
220410185,32290,431282,431282,240,0,0
220420062,32291,431522,431522,240,0,0
220430186,32293,431762,431762,240,0,0
220440070,32294,432002,432002,240,0,0
220450186,32296,432242,432242,240,0,0
220460060,32297,432482,432482,240,0,0
220470214,32299,432725,432725,240,3,0
220480060,32300,432961,432965,240,0,4
220490229,32302,433205,433205,240,4,0
220500060,32303,433441,433445,240,0,4
220510197,32305,433684,433684,240,3,0
220520059,32306,433921,433924,240,0,3
220530195,32308,434164,434164,240,3,0
220540060,32309,434401,434404,240,0,3
220550196,32311,434644,434644,240,3,0
220560057,32312,434881,434884,240,0,3
220570198,32314,435124,435124,240,3,0
220580063,32315,435361,435364,240,0,3
220590201,32317,435604,435604,240,3,0
220600076,32318,435841,435844,240,0,3
220610194,32320,436084,436084,240,3,0
220620067,32321,436321,436324,240,0,3
220630191,32323,436564,436564,240,3,0
220640062,32324,436801,436804,240,0,3
220650243,32326,437045,437045,240,4,0
220660059,32327,437281,437285,240,0,4
220670511,32329,437532,437532,240,11,0
220680040,32330,437761,437772,240,0,11
220690200,32332,438004,438004,240,3,0
220700058,32333,438241,438244,240,0,3
220710201,32335,438484,438484,240,3,0
220720055,32336,438721,438724,240,0,3
220730198,32338,438964,438964,240,3,0
220740064,32339,439201,439204,240,0,3
220750195,32341,439444,439444,240,3,0
220760060,32342,439681,439684,240,0,3
220770217,32344,439925,439925,240,4,0
220780060,32345,440161,440165,240,0,4
220790191,32347,440404,440404,240,3,0
220799945,32348,440638,440644,240,0,6
220810234,32350,440885,440885,240,7,0
220820050,32351,441121,441125,240,0,4
220830205,32353,441365,441365,240,4,0
220840070,32354,441601,441605,240,0,4
220850250,32356,441846,441846,240,5,0
220860058,32357,442081,442086,240,0,5
220870246,32359,442326,442326,240,5,0
220880067,32360,442561,442566,240,0,5
220890208,32362,442805,442805,240,4,0
220900060,32363,443041,443045,240,0,4
220910221,32365,443285,443285,240,4,0
220920230,32366,443525,443525,240,0,0
220930191,32368,443765,443765,240,0,0
220940054,32369,444001,444005,240,0,4
220950202,32371,444244,444244,240,3,0
220960054,32372,444481,444484,240,0,3
220970203,32374,444724,444724,240,3,0
220980054,32375,444961,444964,240,0,3
220990201,32377,445204,445204,240,3,0
221000064,32378,445441,445444,240,0,3
221010229,32380,445685,445685,240,4,0
221020058,32381,445921,445925,240,0,4
221030241,32383,446165,446165,240,4,0
221040059,32384,446401,446405,240,0,4
221050205,32386,446645,446645,240,4,0
221060051,32387,446881,446885,240,0,4
221070203,32389,447124,447124,240,3,0
221080318,32390,447367,447367,240,3,0
221090190,32392,447604,447607,240,0,3
221100071,32393,447841,447844,240,0,3
221110226,32395,448085,448085,240,4,0
221120061,32396,448321,448325,240,0,4
221130189,32398,448564,448564,240,3,0
221140059,32399,448801,448804,240,0,3
221150190,32401,449044,449044,240,3,0
221160065,32402,449281,449284,240,0,3
221170191,32404,449524,449524,240,3,0
221179925,32405,449758,449764,240,0,6
221190185,32407,450004,450004,240,6,0
221200067,32408,450241,450244,240,0,3
221210142,32410,450481,450481,240,0,0
221220063,32411,450721,450721,240,0,0
221230163,32413,450964,450964,240,3,0
221240043,32414,451201,451204,240,0,3
221250178,32416,451444,451444,240,3,0
221260065,32417,451681,451684,240,0,3
221270171,32419,451924,451924,240,3,0
221280055,32420,452161,452164,240,0,3
221290208,32422,452405,452405,240,4,0
221299989,32423,452639,452645,240,0,6
221310242,32425,452885,452885,240,6,0
221320051,32426,453121,453125,240,0,4
221330219,32428,453365,453365,240,4,0
221340055,32429,453601,453605,240,0,4
221350196,32431,453844,453844,240,3,0
221360051,32432,454081,454084,240,0,3
221370197,32434,454324,454324,240,3,0
221380060,32435,454561,454564,240,0,3
221390197,32437,454804,454804,240,3,0
221400081,32438,455044,455044,240,0,0
221410259,32440,455284,455284,240,0,0
221420071,32441,455521,455524,240,0,3
221430205,32443,455765,455765,240,4,0
221440061,32444,456001,456005,240,0,4
221450201,32446,456244,456244,240,3,0
221460063,32447,456481,456484,240,0,3
221470197,32449,456724,456724,240,3,0
221480058,32450,456961,456964,240,0,3
221490200,32452,457204,457204,240,3,0
221500055,32453,457441,457444,240,0,3
221510206,32455,457685,457685,240,4,0
221520256,32456,457925,457925,240,0,0
221530190,32458,458165,458165,240,0,0
221540054,32459,458401,458405,240,0,4
221550238,32461,458645,458645,240,4,0
221560069,32462,458881,458885,240,0,4
221570199,32464,459124,459124,240,3,0
221580061,32465,459361,459364,240,0,3
221590054,32467,459601,459601,240,0,0
221600059,32468,459841,459841,240,0,0
221610374,32470,460089,460089,240,8,0
221620063,32471,460321,460329,240,0,8
221630198,32473,460564,460564,240,3,0
221640064,32474,460801,460804,240,0,3
221650191,32476,461044,461044,240,3,0
221660050,32477,461281,461284,240,0,3
221670196,32479,461524,461524,240,3,0
221680064,32480,461761,461764,240,0,3
221690195,32482,462004,462004,240,3,0
221700054,32483,462241,462244,240,0,3
221710197,32485,462484,462484,240,3,0
221720086,32486,462724,462724,240,0,0
221730213,32488,462964,462964,240,0,0
221740024,32489,463200,463204,240,0,4
221750179,32491,463444,463444,240,4,0
221760049,32492,463681,463684,240,0,3
221770190,32494,463924,463924,240,3,0
221780062,32495,464161,464164,240,0,3
221790194,32497,464404,464404,240,3,0
221800048,32498,464641,464644,240,0,3
221810195,32500,464884,464884,240,3,0
221819935,32501,465118,465124,240,0,6
221830196,32503,465364,465364,240,6,0
221840053,32504,465601,465604,240,0,3
221850217,32506,465845,465845,240,4,0
221860060,32507,466081,466085,240,0,4
221870207,32509,466325,466325,240,4,0
221880062,32510,466561,466565,240,0,4
221890198,32512,466804,466804,240,3,0
221900206,32513,467044,467044,240,0,0
221910189,32516,467284,467284,240,0,0
221920064,32517,467521,467524,240,0,3
221930232,32519,467765,467765,240,4,0
221940062,32520,468001,468005,240,0,4
221950196,32522,468244,468244,240,3,0
221960058,32523,468481,468484,240,0,3
221970195,32525,468724,468724,240,3,0
221980065,32526,468961,468964,240,0,3
221990195,32528,469204,469204,240,3,0
222000045,32529,469441,469444,240,0,3
222010186,32531,469684,469684,240,3,0
222020213,32532,469924,469924,240,0,0
222030233,32534,470164,470164,240,0,0
222040059,32535,470401,470404,240,0,3
222050204,32537,470645,470645,240,4,0
222060061,32538,470881,470885,240,0,4
222070199,32540,471124,471124,240,3,0
222080069,32541,471361,471364,240,0,3
222090199,32543,471604,471604,240,3,0
222100060,32544,471841,471844,240,0,3
222110197,32546,472084,472084,240,3,0
222120062,32547,472321,472324,240,0,3
222130127,32549,472561,472561,240,0,0
222140054,32550,472801,472801,240,0,0
222150185,32552,473044,473044,240,3,0
222160064,32553,473281,473284,240,0,3
222170185,32555,473524,473524,240,3,0
222180068,32556,473761,473764,240,0,3
222190184,32558,474004,474004,240,3,0
222200065,32559,474241,474244,240,0,3
222210193,32561,474484,474484,240,3,0
222220072,32562,474721,474724,240,0,3
222230251,32564,474966,474966,240,5,0
222240055,32565,475201,475206,240,0,5
222250210,32567,475445,475445,240,4,0
222260072,32568,475681,475685,240,0,4
222270199,32570,475924,475924,240,3,0
222280054,32571,476161,476164,240,0,3
222290202,32573,476404,476404,240,3,0
222300060,32574,476641,476644,240,0,3
222310222,32576,476885,476885,240,4,0
222320063,32577,477121,477125,240,0,4
222330218,32579,477365,477365,240,4,0
222340073,32580,477601,477605,240,0,4
222350193,32582,477844,477844,240,3,0
222360064,32583,478081,478084,240,0,3
222370195,32585,478324,478324,240,3,0
222380058,32586,478561,478564,240,0,3
222390195,32588,478804,478804,240,3,0
222400062,32589,479041,479044,240,0,3
222410055,32591,479281,479281,240,0,0
222420059,32592,479521,479521,240,0,0
222430207,32594,479765,479765,240,4,0
222439930,32595,479998,480005,240,0,7
222450216,32597,480245,480245,240,7,0
222460058,32598,480481,480485,240,0,4
222470203,32600,480724,480724,240,3,0
222480053,32601,480961,480964,240,0,3
222490198,32603,481204,481204,240,3,0
222500065,32604,481441,481444,240,0,3
222510254,32606,481686,481686,240,5,0
222520058,32607,481921,481926,240,0,5
222530204,32609,482165,482165,240,4,0
222540249,32610,482405,482405,240,0,0
222550629,32612,482655,482655,240,10,0
222560119,32613,482882,482895,240,0,13
222570186,32615,483122,483122,240,0,0
222580056,32616,483362,483362,240,0,0
222590189,32618,483602,483602,240,0,0
222600061,32619,483842,483842,240,0,0
222610184,32621,484082,484082,240,0,0
222620065,32622,484322,484322,240,0,0
222630208,32624,484565,484565,240,3,0
222640067,32625,484801,484805,240,0,4
222650201,32627,485044,485044,240,3,0
222660527,32628,485292,485292,240,8,0
222670181,32630,485524,485532,240,0,8
222680000,32631,485760,485764,240,0,4
222690235,32633,486005,486005,240,5,0
222700046,32634,486241,486245,240,0,4
222710198,32636,486484,486484,240,3,0
222720048,32637,486721,486724,240,0,3
222730199,32639,486964,486964,240,3,0
222740069,32640,487201,487204,240,0,3
222750225,32642,487445,487445,240,4,0
222759997,32643,487680,487685,240,0,5
222770239,32645,487925,487925,240,5,0
222780063,32646,488161,488165,240,0,4
222790224,32648,488405,488405,240,4,0
222800075,32649,488641,488645,240,0,4
222810204,32651,488885,488885,240,4,0
222820029,32652,489120,489125,240,0,5
222830188,32654,489364,489364,240,4,0
222840062,32655,489601,489604,240,0,3
222850256,32657,489846,489846,240,5,0
222860062,32658,490081,490086,240,0,5
222870207,32660,490325,490325,240,4,0
222880055,32661,490561,490565,240,0,4
222890203,32663,490804,490804,240,3,0
222900059,32664,491041,491044,240,0,3
222910204,32666,491285,491285,240,4,0
222920060,32667,491521,491525,240,0,4
222930206,32669,491765,491765,240,4,0
222940065,32670,492001,492005,240,0,4
222950124,32672,492241,492241,240,0,0
222960044,32673,492481,492481,240,0,0
222970188,32675,492724,492724,240,3,0
222980067,32676,492961,492964,240,0,3
222990192,32678,493204,493204,240,3,0
223000066,32679,493441,493444,240,0,3
223010195,32681,493684,493684,240,3,0
223020070,32682,493921,493924,240,0,3
223030193,32684,494164,494164,240,3,0
223040117,32685,494404,494404,240,0,0
223050239,32687,494644,494644,240,0,0
223060042,32688,494881,494884,240,0,3
223070214,32690,495125,495125,240,4,0
223080060,32691,495361,495365,240,0,4
223090207,32693,495605,495605,240,4,0
223100055,32694,495841,495845,240,0,4
223110208,32696,496085,496085,240,4,0
223120062,32697,496321,496325,240,0,4
223130209,32699,496565,496565,240,4,0
223140052,32700,496801,496805,240,0,4
223150244,32702,497045,497045,240,4,0
223160068,32703,497281,497285,240,0,4
223170209,32705,497525,497525,240,4,0
223180064,32706,497761,497765,240,0,4
223190175,32708,498004,498004,240,3,0
223200036,32709,498240,498244,240,0,4
223210195,32711,498484,498484,240,4,0
223220059,32712,498721,498724,240,0,3
223230689,32714,498976,498976,240,15,0
223240055,32715,499201,499216,240,0,15
223250236,32717,499445,499445,240,4,0
223260071,32718,499681,499685,240,0,4
223270208,32720,499925,499925,240,4,0
223280069,32721,500161,500165,240,0,4
223290210,32723,500405,500405,240,4,0
223300065,32724,500641,500645,240,0,4
223310207,32726,500885,500885,240,4,0
223320062,32727,501121,501125,240,0,4
223330202,32729,501364,501364,240,3,0
223340055,32730,501601,501604,240,0,3
223350204,32732,501845,501845,240,4,0
223359953,32733,502078,502085,240,0,7
223370213,32735,502325,502325,240,7,0
223380053,32736,502561,502565,240,0,4
223390203,32738,502804,502804,240,3,0
223400082,32739,503044,503044,240,0,0
223410220,32741,503284,503284,240,0,0
223420052,32742,503521,503524,240,0,3
223430201,32744,503764,503764,240,3,0
223440060,32745,504001,504004,240,0,3
223450517,32747,504252,504252,240,11,0
223460041,32748,504481,504492,240,0,11
223470327,32750,504727,504727,240,6,0
223480261,32751,504967,504967,240,0,0
223490179,32753,505204,505207,240,0,3
223500054,32754,505441,505444,240,0,3
223510187,32756,505684,505684,240,3,0
223520047,32757,505921,505924,240,0,3
223530191,32759,506164,506164,240,3,0
223540191,32760,506404,506404,240,0,0
223550171,32762,506644,506644,240,0,0
223560071,32763,506881,506884,240,0,3
223570232,32765,507125,507125,240,4,0
223580064,32766,507361,507365,240,0,4
223590248,32768,507606,507606,240,5,0
223600061,32769,507841,507846,240,0,5
223610202,32771,508084,508084,240,3,0
223620058,32772,508321,508324,240,0,3
223630203,32774,508564,508564,240,3,0
223640258,32775,508804,508804,240,0,0
223650172,32777,509044,509044,240,0,0
223660056,32778,509281,509284,240,0,3
223670417,32780,509530,509530,240,9,0
223680043,32781,509761,509770,240,0,9
223690179,32783,510004,510004,240,3,0
223700064,32784,510241,510244,240,0,3
223710188,32786,510484,510484,240,3,0
223720058,32787,510721,510724,240,0,3
223730176,32789,510964,510964,240,3,0
223740067,32790,511201,511204,240,0,3
223750235,32792,511445,511445,240,4,0
223760047,32793,511681,511685,240,0,4
223770124,32795,511921,511921,240,0,0
223780070,32796,512161,512161,240,0,0
223790186,32798,512404,512404,240,3,0
223800063,32799,512641,512644,240,0,3
223810194,32801,512884,512884,240,3,0
223820059,32802,513121,513124,240,0,3
223830199,32804,513364,513364,240,3,0
223840066,32805,513601,513604,240,0,3
223850198,32807,513844,513844,240,3,0
223860064,32808,514081,514084,240,0,3
223870252,32810,514326,514326,240,5,0
223880062,32811,514561,514566,240,0,5
223890265,32813,514806,514806,240,5,0
223900060,32814,515041,515046,240,0,5
223910209,32817,515285,515285,240,4,0
223920055,32818,515521,515525,240,0,4
223930198,32820,515764,515764,240,3,0
223940054,32821,516001,516004,240,0,3
223950226,32823,516245,516245,240,4,0
223960056,32824,516481,516485,240,0,4
223970265,32826,516726,516726,240,5,0
223980073,32827,516961,516966,240,0,5
223990209,32829,517205,517205,240,4,0
224000056,32830,517441,517445,240,0,4
224010207,32832,517685,517685,240,4,0
224020068,32833,517921,517925,240,0,4
224030207,32835,518165,518165,240,4,0
224040057,32836,518401,518405,240,0,4
224050217,32838,518645,518645,240,4,0
224060068,32839,518881,518885,240,0,4
224070211,32841,519125,519125,240,4,0
224080302,32842,519365,519365,240,0,0
224090202,32844,519605,519605,240,0,0
224100212,32845,519845,519845,240,0,0
224110191,32847,520085,520085,240,0,0
224120052,32848,520321,520325,240,0,4
224130201,32850,520564,520564,240,3,0
224140051,32851,520801,520804,240,0,3
224150056,32853,521041,521041,240,0,0
224160058,32854,521281,521281,240,0,0
224170190,32856,521524,521524,240,3,0
224179920,32857,521758,521764,240,0,6
224190225,32859,522005,522005,240,7,0
224200053,32860,522241,522245,240,0,4
224210204,32862,522485,522485,240,4,0
224220061,32863,522721,522725,240,0,4
224230206,32865,522965,522965,240,4,0
224240051,32866,523201,523205,240,0,4
224250208,32868,523445,523445,240,4,0
224260061,32869,523681,523685,240,0,4
224270218,32871,523925,523925,240,4,0
224280058,32872,524161,524165,240,0,4
224290225,32874,524405,524405,240,4,0
224300046,32875,524641,524645,240,0,4
224310201,32877,524884,524884,240,3,0
224320051,32878,525121,525124,240,0,3
224330205,32880,525365,525365,240,4,0
224340060,32881,525601,525605,240,0,4
224350202,32883,525844,525844,240,3,0
224360062,32884,526081,526084,240,0,3
224370201,32886,526324,526324,240,3,0
224379933,32887,526558,526564,240,0,6
224390211,32889,526805,526805,240,7,0
224400070,32890,527041,527045,240,0,4
224410198,32892,527284,527284,240,3,0
224420064,32893,527521,527524,240,0,3
224430202,32895,527764,527764,240,3,0
224440058,32896,528001,528004,240,0,3
224450200,32898,528244,528244,240,3,0
224460026,32899,528480,528484,240,0,4
224470186,32901,528724,528724,240,4,0
224480068,32902,528961,528964,240,0,3
224490241,32904,529205,529205,240,4,0
224500051,32905,529441,529445,240,0,4
224510197,32907,529684,529684,240,3,0
224520068,32908,529921,529924,240,0,3
224530195,32910,530164,530164,240,3,0
224540058,32911,530401,530404,240,0,3
224550194,32913,530644,530644,240,3,0
224560051,32914,530881,530884,240,0,3
224570183,32916,531124,531124,240,3,0
224580274,32917,531364,531364,240,0,0
224590760,32919,531618,531618,240,14,0
224600036,32920,531840,531858,240,0,18
224610167,32922,532084,532084,240,4,0
224620055,32923,532321,532324,240,0,3
224630179,32925,532564,532564,240,3,0
224640063,32926,532801,532804,240,0,3
224650171,32928,533044,533044,240,3,0
224660048,32929,533281,533284,240,0,3
224670174,32931,533524,533524,240,3,0
224679987,32932,533759,533764,240,0,5
224690555,32934,534013,534013,240,14,0
224700058,32935,534241,534253,240,0,12
224710169,32937,534484,534484,240,3,0
224720062,32938,534721,534724,240,0,3
224730163,32940,534964,534964,240,3,0
224740067,32941,535201,535204,240,0,3
224750211,32943,535445,535445,240,4,0
224760053,32944,535681,535685,240,0,4
224770060,32946,535921,535921,240,0,0
224780114,32947,536161,536161,240,0,0
224790244,32949,536405,536405,240,4,0
224800052,32950,536641,536645,240,0,4
224810203,32952,536884,536884,240,3,0
224820057,32953,537121,537124,240,0,3
224830200,32955,537364,537364,240,3,0
224840048,32956,537601,537604,240,0,3
224850208,32958,537845,537845,240,4,0
224860059,32959,538081,538085,240,0,4
224870061,32961,538321,538321,240,0,0
224880068,32962,538561,538561,240,0,0
224890209,32964,538805,538805,240,4,0
224900059,32965,539041,539045,240,0,4
224910200,32967,539284,539284,240,3,0
224920067,32968,539521,539524,240,0,3
224930199,32970,539764,539764,240,3,0
224940069,32971,540001,540004,240,0,3
224950199,32973,540244,540244,240,3,0
224960057,32974,540481,540484,240,0,3
224970199,32976,540724,540724,240,3,0
224980066,32977,540961,540964,240,0,3
224990264,32979,541206,541206,240,5,0
225000002,32980,541440,541446,240,0,6
225010219,32982,541685,541685,240,5,0
225019997,32983,541920,541925,240,0,5
225030220,32985,542165,542165,240,5,0
225040062,32986,542401,542405,240,0,4
225050211,32988,542645,542645,240,4,0
225060054,32989,542881,542885,240,0,4
225070208,32991,543125,543125,240,4,0
225080065,32992,543361,543365,240,0,4
225090211,32994,543605,543605,240,4,0
225099953,32995,543838,543845,240,0,7
225110236,32997,544085,544085,240,7,0
225120058,32998,544321,544325,240,0,4
225130195,33000,544564,544564,240,3,0
225140068,33001,544801,544804,240,0,3
225150197,33003,545044,545044,240,3,0
225160062,33004,545281,545284,240,0,3
225170194,33006,545524,545524,240,3,0
225180063,33007,545761,545764,240,0,3
225190200,33009,546004,546004,240,3,0
225200064,33010,546241,546244,240,0,3
225210250,33012,546486,546486,240,5,0
225219990,33013,546719,546726,240,0,7
225230221,33015,546965,546965,240,6,0
225240058,33016,547201,547205,240,0,4
225250207,33018,547445,547445,240,4,0
225260060,33019,547681,547685,240,0,4
225270204,33021,547925,547925,240,4,0
225280067,33022,548161,548165,240,0,4
225290223,33024,548405,548405,240,4,0
225300068,33025,548641,548645,240,0,4
225310245,33027,548885,548885,240,4,0
225320061,33028,549121,549125,240,0,4
225330205,33030,549365,549365,240,4,0
225340064,33031,549601,549605,240,0,4
225350235,33033,549845,549845,240,4,0
225360054,33034,550081,550085,240,0,4
225370203,33036,550324,550324,240,3,0
225380031,33037,550560,550564,240,0,4
225390194,33039,550804,550804,240,4,0
225400153,33040,551044,551044,240,0,0
225410707,33042,551297,551297,240,13,0
225420053,33043,551521,551537,240,0,16
225430179,33045,551764,551764,240,3,0
225440059,33046,552001,552004,240,0,3
225450191,33048,552244,552244,240,3,0
225460053,33049,552481,552484,240,0,3
225470185,33051,552724,552724,240,3,0
225480059,33052,552961,552964,240,0,3
225490194,33054,553204,553204,240,3,0
225500053,33055,553441,553444,240,0,3
225510127,33057,553681,553681,240,0,0
225520058,33058,553921,553921,240,0,0
225530196,33060,554164,554164,240,3,0
225540048,33061,554401,554404,240,0,3
225550199,33063,554644,554644,240,3,0
225560071,33064,554881,554884,240,0,3
225570203,33066,555124,555124,240,3,0
225580063,33067,555361,555364,240,0,3
225590201,33069,555604,555604,240,3,0
225600061,33070,555841,555844,240,0,3
225610248,33072,556086,556086,240,5,0
225620058,33073,556321,556326,240,0,5
225630210,33075,556565,556565,240,4,0
225640056,33076,556801,556805,240,0,4
225650209,33078,557045,557045,240,4,0
225660061,33079,557281,557285,240,0,4
225670212,33081,557525,557525,240,4,0
225680058,33082,557761,557765,240,0,4
225690051,33084,558001,558001,240,0,0
225700029,33085,558241,558241,240,0,0
225710230,33087,558485,558485,240,4,0
225720078,33088,558721,558725,240,0,4
225730200,33090,558964,558964,240,3,0
225740063,33091,559201,559204,240,0,3
225750199,33093,559444,559444,240,3,0
225760069,33094,559681,559684,240,0,3
225770204,33096,559925,559925,240,4,0
225780065,33097,560161,560165,240,0,4
225790200,33099,560404,560404,240,3,0
225800063,33100,560641,560644,240,0,3
225810219,33102,560885,560885,240,4,0
225820069,33103,561121,561125,240,0,4
225830221,33105,561365,561365,240,4,0
225840055,33106,561601,561605,240,0,4
225850220,33108,561845,561845,240,4,0
225860080,33109,562082,562085,240,0,3
225870266,33111,562326,562326,240,4,0
225880220,33112,562566,562566,240,0,0
225890203,33114,562806,562806,240,0,0
225900051,33115,563041,563046,240,0,5
225910207,33118,563285,563285,240,4,0
225919933,33119,563518,563525,240,0,7
225930216,33121,563765,563765,240,7,0
225940058,33122,564001,564005,240,0,4
225950198,33124,564244,564244,240,3,0
225960060,33125,564481,564484,240,0,3
225970197,33127,564724,564724,240,3,0
225980055,33128,564961,564964,240,0,3
225990192,33130,565204,565204,240,3,0
226000047,33131,565441,565444,240,0,3
226010211,33133,565685,565685,240,4,0
226020058,33134,565921,565925,240,0,4
226030210,33136,566165,566165,240,4,0
226040281,33137,566405,566405,240,0,0
226050187,33139,566645,566645,240,0,0
226060056,33140,566881,566885,240,0,4
226070202,33142,567124,567124,240,3,0
226080059,33143,567361,567364,240,0,3
226090200,33145,567604,567604,240,3,0
226100054,33146,567841,567844,240,0,3
226110198,33148,568084,568084,240,3,0
226120080,33149,568324,568324,240,0,0
226130218,33151,568564,568564,240,0,0
226140064,33152,568801,568804,240,0,3
226150218,33154,569045,569045,240,4,0
226160068,33155,569281,569285,240,0,4
226170199,33157,569524,569524,240,3,0
226180069,33158,569761,569764,240,0,3
226190200,33160,570004,570004,240,3,0
226200044,33161,570241,570244,240,0,3
226210185,33163,570484,570484,240,3,0
226220071,33164,570721,570724,240,0,3
226230290,33166,570967,570967,240,6,0
226240042,33167,571201,571207,240,0,6
226250196,33169,571444,571444,240,3,0
226260053,33170,571681,571684,240,0,3
226270195,33172,571924,571924,240,3,0
226280056,33173,572161,572164,240,0,3
226290198,33175,572404,572404,240,3,0
226300058,33176,572641,572644,240,0,3
226310211,33178,572885,572885,240,4,0
226320056,33179,573121,573125,240,0,4
226330124,33181,573361,573361,240,0,0
226340070,33182,573601,573601,240,0,0
226350190,33184,573844,573844,240,3,0
226360061,33185,574081,574084,240,0,3
226370193,33187,574324,574324,240,3,0
226380071,33188,574561,574564,240,0,3
226390193,33190,574804,574804,240,3,0
226400064,33191,575041,575044,240,0,3
226410188,33193,575284,575284,240,3,0
226420063,33194,575521,575524,240,0,3
226430249,33196,575766,575766,240,5,0
226440062,33197,576001,576006,240,0,5
226450263,33199,576246,576246,240,5,0
226460062,33200,576481,576486,240,0,5
226470208,33202,576725,576725,240,4,0
226480050,33203,576961,576965,240,0,4
226490203,33205,577204,577204,240,3,0
226500067,33206,577441,577444,240,0,3
226510236,33208,577685,577685,240,4,0
226520048,33209,577921,577925,240,0,4
226530231,33211,578165,578165,240,4,0
226540074,33212,578401,578405,240,0,4
226550193,33214,578644,578644,240,3,0
226560060,33215,578881,578884,240,0,3
226570200,33217,579124,579124,240,3,0
226580064,33218,579361,579364,240,0,3
226590195,33220,579604,579604,240,3,0
226600064,33221,579841,579844,240,0,3
226610064,33223,580081,580081,240,0,0
226620035,33224,580321,580321,240,0,0
226630222,33226,580565,580565,240,4,0
226640067,33227,580801,580805,240,0,4
226650201,33229,581044,581044,240,3,0
226660054,33230,581281,581284,240,0,3
226670202,33232,581524,581524,240,3,0
226680060,33233,581761,581764,240,0,3
226690202,33235,582004,582004,240,3,0
226700061,33236,582241,582244,240,0,3
226710364,33238,582488,582488,240,7,0
226720042,33239,582721,582728,240,0,7
226730198,33241,582964,582964,240,3,0
226739939,33242,583198,583204,240,0,6
226750215,33244,583445,583445,240,7,0
226760231,33245,583685,583685,240,0,0
226770191,33247,583925,583925,240,0,0
226780047,33248,584161,584165,240,0,4
226790201,33250,584404,584404,240,3,0
226800054,33251,584641,584644,240,0,3
226810201,33253,584884,584884,240,3,0
226820055,33254,585121,585124,240,0,3
226830197,33256,585364,585364,240,3,0
226840848,33257,585620,585620,240,16,0
226850268,33259,585846,585860,240,0,14
226860104,33260,586082,586086,240,0,4
226870197,33262,586322,586322,240,0,0
226880052,33263,586562,586562,240,0,0
226890200,33265,586802,586802,240,0,0
226900066,33266,587042,587042,240,0,0
226910197,33268,587282,587282,240,0,0
226920055,33269,587522,587522,240,0,0
226930199,33271,587762,587762,240,0,0
226939926,33272,587998,588002,240,0,4
226950219,33274,588245,588245,240,7,0
226960063,33275,588481,588485,240,0,4
226970200,33277,588724,588724,240,3,0
226980064,33278,588961,588964,240,0,3
226990197,33280,589204,589204,240,3,0
227000064,33281,589441,589444,240,0,3
227010199,33283,589684,589684,240,3,0
227020081,33284,589924,589924,240,0,0
227030196,33286,590164,590164,240,0,0
227040080,33287,590404,590404,240,0,0
227050533,33289,590652,590652,240,8,0
227060050,33290,590881,590892,240,0,11
227070179,33292,591124,591124,240,3,0
227080054,33293,591361,591364,240,0,3
227090179,33295,591604,591604,240,3,0
227100056,33296,591841,591844,240,0,3
227110182,33298,592084,592084,240,3,0
227120209,33299,592324,592324,240,0,0
227130170,33301,592564,592564,240,0,0
227140215,33302,592804,592804,240,0,0
227150192,33304,593044,593044,240,0,0
227160038,33305,593281,593284,240,0,3
227170191,33307,593524,593524,240,3,0
227180055,33308,593761,593764,240,0,3
227190192,33310,594004,594004,240,3,0
227200066,33311,594241,594244,240,0,3
227210193,33313,594484,594484,240,3,0
227220060,33314,594721,594724,240,0,3
227230203,33316,594964,594964,240,3,0
227240050,33317,595201,595204,240,0,3
227250121,33319,595441,595441,240,0,0
227260052,33320,595681,595681,240,0,0
227270185,33322,595924,595924,240,3,0
227280078,33323,596161,596164,240,0,3
227290180,33325,596404,596404,240,3,0
227300045,33326,596641,596644,240,0,3
227310180,33328,596884,596884,240,3,0
227320057,33329,597121,597124,240,0,3
227330189,33331,597364,597364,240,3,0
227340264,33332,597604,597604,240,0,0
227350224,33334,597844,597844,240,0,0
227360050,33335,598081,598084,240,0,3
227370203,33337,598324,598324,240,3,0
227380068,33338,598561,598564,240,0,3
227390199,33340,598804,598804,240,3,0
227400086,33341,599044,599044,240,0,0
227410213,33343,599284,599284,240,0,0
227420058,33344,599521,599524,240,0,3
227430285,33346,599766,599766,240,5,0
227440059,33347,600001,600006,240,0,5
227450233,33349,600245,600245,240,4,0
227460065,33350,600481,600485,240,0,4
227470212,33352,600725,600725,240,4,0
227480069,33353,600961,600965,240,0,4
227490215,33355,601205,601205,240,4,0
227500053,33356,601441,601445,240,0,4
227510212,33358,601685,601685,240,4,0
227520062,33359,601921,601925,240,0,4
227530054,33361,602161,602161,240,0,0
227540036,33362,602401,602401,240,0,0
227550368,33364,602648,602648,240,7,0
227559992,33365,602879,602888,240,0,9
227570223,33367,603125,603125,240,6,0
227580037,33368,603361,603365,240,0,4
227590211,33370,603605,603605,240,4,0
227600056,33371,603841,603845,240,0,4
227610211,33373,604085,604085,240,4,0
227620052,33374,604321,604325,240,0,4
227630209,33376,604565,604565,240,4,0
227640057,33377,604801,604805,240,0,4
227650211,33379,605045,605045,240,4,0
227660352,33380,605288,605288,240,3,0
227670193,33382,605524,605528,240,0,4
227680045,33383,605761,605764,240,0,3
227690203,33385,606004,606004,240,3,0
227700050,33386,606241,606244,240,0,3
227710201,33388,606484,606484,240,3,0
227720046,33389,606721,606724,240,0,3
227730201,33391,606964,606964,240,3,0
227740056,33392,607201,607204,240,0,3
227750264,33394,607446,607446,240,5,0
227760068,33395,607681,607686,240,0,5
227770217,33397,607925,607925,240,4,0
227779999,33398,608160,608165,240,0,5
227790223,33400,608405,608405,240,5,0
227800064,33401,608641,608645,240,0,4
227810208,33403,608885,608885,240,4,0
227820063,33404,609121,609125,240,0,4
227830204,33406,609365,609365,240,4,0
227840185,33407,609605,609605,240,0,0
227850214,33409,609845,609845,240,0,0
227860081,33410,610082,610085,240,0,3
227870225,33412,610325,610325,240,3,0
227880057,33413,610561,610565,240,0,4
227890203,33415,610804,610804,240,3,0
227900061,33416,611041,611044,240,0,3
227910205,33419,611285,611285,240,4,0
227920061,33420,611521,611525,240,0,4
227930207,33422,611765,611765,240,4,0
227940037,33423,612001,612005,240,0,4
227950190,33425,612244,612244,240,3,0
227960139,33426,612484,612484,240,0,0
227970953,33428,612742,612742,240,18,0
227980179,33429,612964,612982,240,0,18
227990157,33431,613204,613204,240,0,0
228000053,33432,613441,613444,240,0,3
228010168,33434,613684,613684,240,3,0
228020067,33435,613921,613924,240,0,3
228030184,33437,614164,614164,240,3,0
228040058,33438,614401,614404,240,0,3
228050160,33440,614641,614641,240,0,0
228060066,33441,614881,614881,240,0,0
228070822,33443,615139,615139,240,18,0
228080057,33444,615361,615379,240,0,18
228090169,33446,615604,615604,240,3,0
228100057,33447,615841,615844,240,0,3
228110181,33449,616084,616084,240,3,0
228120058,33450,616321,616324,240,0,3
228130169,33452,616564,616564,240,3,0
228140059,33453,616801,616804,240,0,3
228150167,33455,617044,617044,240,3,0
228160184,33456,617284,617284,240,0,0
228170227,33458,617524,617524,240,0,0
228180064,33459,617761,617764,240,0,3
228190189,33461,618004,618004,240,3,0
228199997,33462,618240,618244,240,0,4
228210204,33464,618485,618485,240,5,0
228220052,33465,618721,618725,240,0,4
228230202,33467,618964,618964,240,3,0
228240049,33468,619201,619204,240,0,3
228250201,33470,619444,619444,240,3,0
228260060,33471,619681,619684,240,0,3
228270224,33473,619925,619925,240,4,0
228280062,33474,620161,620165,240,0,4
228290198,33476,620404,620404,240,3,0
228300067,33477,620641,620644,240,0,3
228310194,33479,620884,620884,240,3,0
228320069,33480,621121,621124,240,0,3
228330198,33482,621364,621364,240,3,0
228340072,33483,621601,621604,240,0,3
228350078,33485,621841,621841,240,0,0
228360031,33486,622081,622081,240,0,0
228370212,33488,622325,622325,240,4,0
228380716,33489,622577,622577,240,12,0
228390205,33491,622805,622817,240,0,12
228400048,33492,623041,623045,240,0,4
228410200,33494,623284,623284,240,3,0
228420050,33495,623521,623524,240,0,3
228430234,33497,623765,623765,240,4,0
228440053,33498,624001,624005,240,0,4
228450198,33500,624244,624244,240,3,0
228460054,33501,624481,624484,240,0,3
228470204,33503,624725,624725,240,4,0
228479942,33504,624958,624965,240,0,7
228490215,33506,625205,625205,240,7,0
228500051,33507,625441,625445,240,0,4
228510233,33509,625685,625685,240,4,0
228520047,33510,625921,625925,240,0,4
228530205,33512,626165,626165,240,4,0
228540055,33513,626401,626405,240,0,4
228550198,33515,626644,626644,240,3,0
228560052,33516,626881,626884,240,0,3
228570201,33518,627124,627124,240,3,0
228580061,33519,627361,627364,240,0,3
228590214,33521,627605,627605,240,4,0
228600038,33522,627841,627845,240,0,4
228610191,33524,628084,628084,240,3,0
228620054,33525,628321,628324,240,0,3
228630191,33527,628564,628564,240,3,0
228640060,33528,628801,628804,240,0,3
228650192,33530,629044,629044,240,3,0
228660057,33531,629281,629284,240,0,3
228670192,33533,629524,629524,240,3,0
228680083,33534,629764,629764,240,0,0
228690216,33536,630004,630004,240,0,0
228700061,33537,630241,630244,240,0,3
228710194,33539,630484,630484,240,3,0
228720079,33540,630724,630724,240,0,0
228730200,33542,630964,630964,240,0,0
228740147,33543,631204,631204,240,0,0
228750206,33545,631444,631444,240,0,0
228760033,33546,631680,631684,240,0,4
228770189,33548,631924,631924,240,4,0
228780006,33549,632160,632164,240,0,4
228790358,33551,632408,632408,240,8,0
228800031,33552,632640,632648,240,0,8
228810181,33554,632884,632884,240,4,0
228820063,33555,633121,633124,240,0,3
228830186,33557,633364,633364,240,3,0
228840062,33558,633601,633604,240,0,3
228850216,33560,633845,633845,240,4,0
228859999,33561,634080,634085,240,0,5
228870211,33563,634325,634325,240,5,0
228880046,33564,634561,634565,240,0,4
228890131,33566,634801,634801,240,0,0
228900057,33567,635041,635041,240,0,0
228910174,33569,635284,635284,240,3,0
228920057,33570,635521,635524,240,0,3
228930184,33572,635764,635764,240,3,0
228940060,33573,636001,636004,240,0,3
228950181,33575,636244,636244,240,3,0
228960063,33576,636481,636484,240,0,3
228970184,33578,636724,636724,240,3,0
228980199,33579,636964,636964,240,0,0
228990231,33581,637204,637204,240,0,0
229000060,33582,637441,637444,240,0,3
229010256,33584,637686,637686,240,5,0
229020063,33585,637921,637926,240,0,5
229030198,33587,638164,638164,240,3,0
229040062,33588,638401,638404,240,0,3
229050196,33590,638644,638644,240,3,0
229060060,33591,638881,638884,240,0,3
229070195,33593,639124,639124,240,3,0
229080069,33594,639361,639364,240,0,3
229090232,33596,639605,639605,240,4,0
229100085,33597,639842,639845,240,0,3
229110190,33599,640082,640082,240,0,0
229120061,33600,640322,640322,240,0,0
229130190,33602,640562,640562,240,0,0
229140068,33603,640802,640802,240,0,0
229150190,33605,641042,641042,240,0,0
229160058,33606,641282,641282,240,0,0
229170247,33608,641526,641526,240,4,0
229180063,33609,641761,641766,240,0,5
229190219,33611,642005,642005,240,4,0
229200039,33612,642241,642245,240,0,4
229210231,33614,642485,642485,240,4,0
229220044,33615,642721,642725,240,0,4
229230203,33617,642964,642964,240,3,0
229240068,33618,643201,643204,240,0,3
229250200,33620,643444,643444,240,3,0
229260066,33621,643681,643684,240,0,3
229270203,33623,643924,643924,240,3,0
229280067,33624,644161,644164,240,0,3
229290199,33626,644404,644404,240,3,0
229299936,33627,644638,644644,240,0,6
229310218,33629,644885,644885,240,7,0
229320052,33630,645121,645125,240,0,4
229330191,33632,645364,645364,240,3,0
229340052,33633,645601,645604,240,0,3
229350186,33635,645844,645844,240,3,0
229360060,33636,646081,646084,240,0,3
229370203,33638,646324,646324,240,3,0
229379998,33639,646560,646564,240,0,4
229390211,33641,646805,646805,240,5,0
229400186,33642,647045,647045,240,0,0
229410212,33644,647285,647285,240,0,0
229420104,33645,647522,647525,240,0,3
229430188,33647,647762,647762,240,0,0
229440042,33648,648002,648002,240,0,0
229450190,33650,648242,648242,240,0,0
229460064,33651,648482,648482,240,0,0
229470189,33653,648722,648722,240,0,0
229480042,33654,648962,648962,240,0,0
229490209,33656,649205,649205,240,3,0
229499926,33657,649438,649445,240,0,7
229510206,33659,649685,649685,240,7,0
229520066,33660,649921,649925,240,0,4
229530229,33662,650165,650165,240,4,0
229540061,33663,650401,650405,240,0,4
229550200,33665,650644,650644,240,3,0
229560062,33666,650881,650884,240,0,3
229570198,33668,651124,651124,240,3,0
229580033,33669,651360,651364,240,0,4
229590188,33671,651604,651604,240,4,0
229600075,33672,651841,651844,240,0,3
229610264,33674,652086,652086,240,5,0
229620067,33675,652321,652326,240,0,5
229630197,33677,652564,652564,240,3,0
229640058,33678,652801,652804,240,0,3
229650198,33680,653044,653044,240,3,0
229660063,33681,653281,653284,240,0,3
229670197,33683,653524,653524,240,3,0
229680042,33684,653761,653764,240,0,3
229690184,33686,654004,654004,240,3,0
229700215,33687,654244,654244,240,0,0
229710155,33689,654484,654484,240,0,0
229720070,33690,654721,654724,240,0,3
229730201,33692,654964,654964,240,3,0
229740062,33693,655201,655204,240,0,3
229750200,33695,655444,655444,240,3,0
229760068,33696,655681,655684,240,0,3
229770199,33698,655924,655924,240,3,0
229780062,33699,656161,656164,240,0,3
229790197,33701,656404,656404,240,3,0
229800065,33702,656641,656644,240,0,3
229810129,33704,656881,656881,240,0,0
229820064,33705,657121,657121,240,0,0
229830209,33707,657365,657365,240,4,0
229840074,33708,657601,657605,240,0,4
229850212,33710,657845,657845,240,4,0
229860070,33711,658081,658085,240,0,4
229870203,33713,658324,658324,240,3,0
229880063,33714,658561,658564,240,0,3
229890196,33716,658804,658804,240,3,0
229900063,33717,659041,659044,240,0,3
229910257,33720,659286,659286,240,5,0
229920066,33721,659521,659526,240,0,5
229930199,33723,659764,659764,240,3,0
229940064,33724,660001,660004,240,0,3
229950198,33726,660244,660244,240,3,0
229960060,33727,660481,660484,240,0,3
229970197,33729,660724,660724,240,3,0
229980063,33730,660961,660964,240,0,3
229990210,33732,661205,661205,240,4,0
230000057,33733,661441,661445,240,0,4
230010223,33735,661685,661685,240,4,0
230020077,33736,661921,661925,240,0,4
230030204,33738,662165,662165,240,4,0
230040063,33739,662401,662405,240,0,4
230050200,33741,662644,662644,240,3,0
230060064,33742,662881,662884,240,0,3
230070239,33744,663125,663125,240,4,0
230080067,33745,663361,663365,240,0,4
230090057,33747,663601,663601,240,0,0
230100028,33748,663841,663841,240,0,0
230110356,33750,664088,664088,240,7,0
230119972,33751,664319,664328,240,0,9
230130198,33753,664564,664564,240,5,0
230140046,33754,664801,664804,240,0,3
230150205,33756,665045,665045,240,4,0
230160060,33757,665281,665285,240,0,4
230170200,33759,665524,665524,240,3,0
230180056,33760,665761,665764,240,0,3
230190200,33762,666004,666004,240,3,0
230199996,33763,666240,666244,240,0,4
230210211,33765,666485,666485,240,5,0
230220696,33766,666736,666736,240,11,0
230230187,33768,666964,666976,240,0,12
230240054,33769,667201,667204,240,0,3
230250184,33771,667444,667444,240,3,0
230260052,33772,667681,667684,240,0,3
230270178,33774,667924,667924,240,3,0
230280057,33775,668161,668164,240,0,3
230290176,33777,668404,668404,240,3,0
230300053,33778,668641,668644,240,0,3
230310180,33780,668884,668884,240,3,0
230320066,33781,669121,669124,240,0,3
230330209,33783,669365,669365,240,4,0
230339992,33784,669599,669605,240,0,6
230350218,33786,669845,669845,240,6,0
230360053,33787,670081,670085,240,0,4
230370199,33789,670324,670324,240,3,0
230380057,33790,670561,670564,240,0,3
230390216,33792,670805,670805,240,4,0
230400027,33793,671040,671045,240,0,5
230410186,33795,671284,671284,240,4,0
230420059,33796,671521,671524,240,0,3
230430215,33798,671765,671765,240,4,0
230440059,33799,672001,672005,240,0,4
230450198,33801,672244,672244,240,3,0
230460070,33802,672481,672484,240,0,3
230470197,33804,672724,672724,240,3,0
230480060,33805,672961,672964,240,0,3
230490198,33807,673204,673204,240,3,0
230500039,33808,673441,673444,240,0,3
230510176,33810,673684,673684,240,3,0
230520150,33811,673924,673924,240,0,0
230530220,33813,674164,674164,240,0,0
230540063,33814,674401,674404,240,0,3
230550200,33816,674644,674644,240,3,0
230560071,33817,674881,674884,240,0,3
230570198,33819,675124,675124,240,3,0
230580066,33820,675361,675364,240,0,3
230590199,33822,675604,675604,240,3,0
230600069,33823,675841,675844,240,0,3
230610198,33825,676084,676084,240,3,0
230620058,33826,676321,676324,240,0,3
230630132,33828,676561,676561,240,0,0
230640054,33829,676801,676801,240,0,0
230650188,33831,677044,677044,240,3,0
230660059,33832,677281,677284,240,0,3
230670194,33834,677524,677524,240,3,0
230680054,33835,677761,677764,240,0,3
230690194,33837,678004,678004,240,3,0
230700063,33838,678241,678244,240,0,3
230710195,33840,678484,678484,240,3,0
230720199,33841,678724,678724,240,0,0
230730226,33843,678964,678964,240,0,0
230740054,33844,679201,679204,240,0,3
230750206,33846,679445,679445,240,4,0
230760061,33847,679681,679685,240,0,4
230770205,33849,679925,679925,240,4,0
230780052,33850,680161,680165,240,0,4
230790202,33852,680404,680404,240,3,0
230800057,33853,680641,680644,240,0,3
230810199,33855,680884,680884,240,3,0
230820053,33856,681121,681124,240,0,3
230830231,33858,681365,681365,240,4,0
230840069,33859,681601,681605,240,0,4
230850228,33861,681845,681845,240,4,0
230860064,33862,682081,682085,240,0,4
230870209,33864,682325,682325,240,4,0
230880060,33865,682561,682565,240,0,4
230890203,33867,682804,682804,240,3,0
230900054,33868,683041,683044,240,0,3
230910635,33870,683295,683295,240,14,0
230920039,33871,683521,683535,240,0,14
230930228,33873,683765,683765,240,4,0
230940116,33874,684002,684005,240,0,3
230950176,33876,684242,684242,240,0,0
230960066,33877,684482,684482,240,0,0
230970175,33879,684722,684722,240,0,0
230980064,33880,684962,684962,240,0,0
230990172,33882,685202,685202,240,0,0
231000055,33883,685442,685442,240,0,0
231010173,33885,685682,685682,240,0,0
231020062,33886,685922,685922,240,0,0
231030170,33888,686162,686162,240,0,0
231039958,33889,686399,686402,240,0,3
231050183,33891,686644,686644,240,5,0
231060065,33892,686881,686884,240,0,3
231070169,33894,687124,687124,240,3,0
231080070,33895,687361,687364,240,0,3
231090172,33897,687604,687604,240,3,0
231100056,33898,687841,687844,240,0,3
231110170,33900,688084,688084,240,3,0
231120064,33901,688321,688324,240,0,3
231130189,33903,688564,688564,240,3,0
231139937,33904,688798,688804,240,0,6
231150181,33906,689044,689044,240,6,0
231160066,33907,689281,689284,240,0,3
231170173,33909,689524,689524,240,3,0
231180068,33910,689761,689764,240,0,3
231190181,33912,690004,690004,240,3,0
231200061,33913,690241,690244,240,0,3
231210174,33915,690484,690484,240,3,0
231220033,33916,690720,690724,240,0,4
231230167,33918,690964,690964,240,4,0
231240076,33919,691201,691204,240,0,3
231250197,33921,691444,691444,240,3,0
231260063,33922,691681,691684,240,0,3
231270178,33924,691924,691924,240,3,0
231280062,33925,692161,692164,240,0,3
231290177,33927,692404,692404,240,3,0
231300057,33928,692641,692644,240,0,3
231310227,33930,692885,692885,240,4,0
231320267,33931,693125,693125,240,0,0
231330188,33933,693365,693365,240,0,0
231340023,33934,693600,693605,240,0,5
231350725,33936,693857,693857,240,17,0
231360013,33937,694080,694097,240,0,17
231370151,33939,694323,694323,240,3,0
231380055,33940,694563,694563,240,0,0
231390154,33942,694803,694803,240,0,0
231400057,33943,695043,695043,240,0,0
231410208,33945,695283,695283,240,0,0
231420027,33946,695520,695523,240,0,3
231430187,33948,695764,695764,240,4,0
231440045,33949,696001,696004,240,0,3
231450130,33951,696241,696241,240,0,0
231460055,33952,696481,696481,240,0,0
231470191,33954,696724,696724,240,3,0
231480057,33955,696961,696964,240,0,3
231490195,33957,697204,697204,240,3,0
231500065,33958,697441,697444,240,0,3
231510193,33960,697684,697684,240,3,0
231520062,33961,697921,697924,240,0,3
231530191,33963,698164,698164,240,3,0
231540069,33964,698401,698404,240,0,3
231550228,33966,698645,698645,240,4,0
231560051,33967,698881,698885,240,0,4
231570220,33969,699125,699125,240,4,0
231580014,33970,699360,699365,240,0,5
231590183,33972,699604,699604,240,4,0
231600055,33973,699841,699844,240,0,3
231610197,33975,700084,700084,240,3,0
231620048,33976,700321,700324,240,0,3
231630204,33978,700565,700565,240,4,0
231640055,33979,700801,700805,240,0,4
231650238,33981,701045,701045,240,4,0
231660060,33982,701281,701285,240,0,4
231670209,33984,701525,701525,240,4,0
231680069,33985,701761,701765,240,0,4
231690205,33987,702005,702005,240,4,0
231700068,33988,702241,702245,240,0,4
231710202,33990,702484,702484,240,3,0
231720064,33991,702721,702724,240,0,3
231730272,33993,702966,702966,240,5,0
231740042,33994,703201,703206,240,0,5
231750220,33996,703445,703445,240,4,0
231760064,33997,703681,703685,240,0,4
231770215,33999,703925,703925,240,4,0
231780071,34000,704161,704165,240,0,4
231790207,34002,704405,704405,240,4,0
231800069,34003,704641,704645,240,0,4
231810210,34005,704885,704885,240,4,0
231820066,34006,705121,705125,240,0,4
231830054,34008,705361,705361,240,0,0
231840045,34009,705601,705601,240,0,0
231850224,34011,705845,705845,240,4,0
231859933,34012,706078,706085,240,0,7
231870208,34014,706325,706325,240,7,0
231880059,34015,706561,706565,240,0,4
231890195,34017,706804,706804,240,3,0
231900067,34018,707041,707044,240,0,3
231910193,34021,707284,707284,240,3,0
231920059,34022,707521,707524,240,0,3
231930202,34024,707764,707764,240,3,0
231940067,34025,708001,708004,240,0,3
231950197,34027,708244,708244,240,3,0
231960137,34028,708484,708484,240,0,0
231970204,34030,708724,708724,240,0,0
231980182,34031,708964,708964,240,0,0
231990236,34033,709204,709204,240,0,0
232000047,34034,709441,709444,240,0,3
232010199,34036,709684,709684,240,3,0
232020065,34037,709921,709924,240,0,3
232030192,34039,710164,710164,240,3,0
232040044,34040,710401,710404,240,0,3
232050197,34042,710644,710644,240,3,0
232059922,34043,710878,710884,240,0,6
232070212,34045,711125,711125,240,7,0
232080052,34046,711361,711365,240,0,4
232090202,34048,711604,711604,240,3,0
232100055,34049,711841,711844,240,0,3
232110202,34051,712084,712084,240,3,0
232120054,34052,712321,712324,240,0,3
232130201,34054,712564,712564,240,3,0
232140291,34055,712807,712807,240,3,0
232150176,34057,713044,713047,240,0,3
232160054,34058,713281,713284,240,0,3
232170221,34060,713525,713525,240,4,0
232180067,34061,713761,713765,240,0,4
232190202,34063,714004,714004,240,3,0
232200071,34064,714241,714244,240,0,3
232210204,34066,714485,714485,240,4,0
232220075,34067,714721,714725,240,0,4
232230201,34069,714964,714964,240,3,0
232240046,34070,715201,715204,240,0,3
232250193,34072,715444,715444,240,3,0
232260064,34073,715681,715684,240,0,3
232270251,34075,715926,715926,240,5,0
232280050,34076,716161,716166,240,0,5
232290210,34078,716405,716405,240,4,0
232300047,34079,716641,716645,240,0,4
232310209,34081,716885,716885,240,4,0
232320056,34082,717121,717125,240,0,4
232330211,34084,717365,717365,240,4,0
232340050,34085,717601,717605,240,0,4
232350211,34087,717845,717845,240,4,0
232360055,34088,718081,718085,240,0,4
232370250,34090,718326,718326,240,5,0
232380057,34091,718561,718566,240,0,5
232390234,34093,718805,718805,240,4,0
232400066,34094,719041,719045,240,0,4
232410211,34096,719285,719285,240,4,0
232420053,34097,719521,719525,240,0,4
232430229,34099,719765,719765,240,4,0
232440058,34100,720001,720005,240,0,4
232450196,34102,720244,720244,240,3,0
232460202,34103,720484,720484,240,0,0
232470233,34105,720724,720724,240,0,0
232480070,34106,720961,720964,240,0,3
232490198,34108,721204,721204,240,3,0
232500057,34109,721441,721444,240,0,3
232510188,34111,721684,721684,240,3,0
232520059,34112,721921,721924,240,0,3
232530190,34114,722164,722164,240,3,0
232540062,34115,722401,722404,240,0,3
232550209,34117,722645,722645,240,4,0
232560058,34118,722881,722885,240,0,4
232570221,34120,723125,723125,240,4,0
232580069,34121,723361,723365,240,0,4
232590195,34123,723604,723604,240,3,0
232600063,34124,723841,723844,240,0,3
232610209,34126,724085,724085,240,4,0
232620062,34127,724321,724325,240,0,4
232630204,34129,724565,724565,240,4,0
232640064,34130,724801,724805,240,0,4
232650133,34132,725041,725041,240,0,0
232660035,34133,725281,725281,240,0,0
232670347,34135,725528,725528,240,7,0
232680005,34136,725760,725768,240,0,8
232690206,34138,726005,726005,240,5,0
232700060,34139,726241,726245,240,0,4
232710194,34141,726484,726484,240,3,0
232720065,34142,726721,726724,240,0,3
232730193,34144,726964,726964,240,3,0
232740062,34145,727201,727204,240,0,3
232750198,34147,727444,727444,240,3,0
232760062,34148,727681,727684,240,0,3
232770195,34150,727924,727924,240,3,0
232780487,34151,728171,728171,240,7,0
232790184,34153,728404,728411,240,0,7
232800048,34154,728641,728644,240,0,3
232810185,34156,728884,728884,240,3,0
232820053,34157,729121,729124,240,0,3
232830188,34159,729364,729364,240,3,0
232840058,34160,729601,729604,240,0,3
232850215,34162,729845,729845,240,4,0
232860055,34163,730081,730085,240,0,4
232870201,34165,730324,730324,240,3,0
232879929,34166,730558,730564,240,0,6
232890218,34168,730805,730805,240,7,0
232899986,34169,731039,731045,240,0,6
232910222,34171,731285,731285,240,6,0
232920060,34172,731521,731525,240,0,4
232930207,34174,731765,731765,240,4,0
232940055,34175,732001,732005,240,0,4
232950211,34177,732245,732245,240,4,0
232960032,34178,732480,732485,240,0,5
232970203,34180,732724,732724,240,4,0
232980068,34181,732961,732964,240,0,3
232990241,34183,733205,733205,240,4,0
233000055,34184,733441,733445,240,0,4
233010238,34186,733685,733685,240,4,0
233020066,34187,733921,733925,240,0,4
233030200,34189,734164,734164,240,3,0
233040056,34190,734401,734404,240,0,3
233050205,34192,734645,734645,240,4,0
233060037,34193,734881,734885,240,0,4
233070189,34195,735124,735124,240,3,0
233080122,34196,735364,735364,240,0,0
233090109,34198,735604,735604,240,0,0
233100063,34199,735841,735844,240,0,3
233110217,34201,736085,736085,240,4,0
233120055,34202,736321,736325,240,0,4
233130199,34204,736564,736564,240,3,0
233140067,34205,736801,736804,240,0,3
233150199,34207,737044,737044,240,3,0
233160058,34208,737281,737284,240,0,3
233170199,34210,737524,737524,240,3,0
233180056,34211,737761,737764,240,0,3
233190368,34213,738008,738008,240,7,0
233200035,34214,738240,738248,240,0,8
233210192,34216,738484,738484,240,4,0
233220055,34217,738721,738724,240,0,3
233230189,34219,738964,738964,240,3,0
233240048,34220,739201,739204,240,0,3
233250189,34222,739444,739444,240,3,0
233260068,34223,739681,739684,240,0,3
233270193,34225,739924,739924,240,3,0
233280053,34226,740161,740164,240,0,3
233290237,34228,740405,740405,240,4,0
233300055,34229,740641,740645,240,0,4
233310206,34231,740885,740885,240,4,0
233320056,34232,741121,741125,240,0,4
233330201,34234,741364,741364,240,3,0
233340065,34235,741601,741604,240,0,3
233350205,34237,741845,741845,240,4,0
233360064,34238,742081,742085,240,0,4
233370200,34240,742324,742324,240,3,0
233380041,34241,742561,742564,240,0,3
233390224,34243,742805,742805,240,4,0
233400072,34244,743041,743045,240,0,4
233410210,34246,743285,743285,240,4,0
233420059,34247,743521,743525,240,0,4
233430208,34249,743765,743765,240,4,0
233440065,34250,744001,744005,240,0,4
233450222,34252,744245,744245,240,4,0
233460059,34253,744481,744485,240,0,4
233470059,34255,744721,744721,240,0,0
233480035,34256,744961,744961,240,0,0
233490260,34258,745206,745206,240,5,0
233500122,34259,745443,745446,240,0,3
233510191,34261,745683,745683,240,0,0
233520059,34262,745923,745923,240,0,0
233530181,34264,746163,746163,240,0,0
233540062,34265,746403,746403,240,0,0
233550235,34267,746643,746643,240,0,0
233560060,34268,746883,746883,240,0,0
233570050,34270,747123,747123,240,0,0
233580055,34271,747363,747363,240,0,0
233590191,34273,747603,747603,240,0,0
233600571,34274,747853,747853,240,10,0
233610165,34276,748084,748093,240,0,9
233620052,34277,748321,748324,240,0,3
233630162,34279,748564,748564,240,3,0
233640065,34280,748801,748804,240,0,3
233650163,34282,749044,749044,240,3,0
233660062,34283,749281,749284,240,0,3
233670159,34285,749521,749521,240,0,0
233680071,34286,749761,749761,240,0,0
233690165,34288,750004,750004,240,3,0
233700075,34289,750241,750244,240,0,3
233710194,34291,750484,750484,240,3,0
233720291,34292,750727,750727,240,3,0
233730171,34294,750964,750967,240,0,3
233740057,34295,751201,751204,240,0,3
233750182,34297,751444,751444,240,3,0
233760063,34298,751681,751684,240,0,3
233770182,34300,751924,751924,240,3,0
233780070,34301,752161,752164,240,0,3
233790181,34303,752404,752404,240,3,0
233800064,34304,752641,752644,240,0,3
233810200,34306,752884,752884,240,3,0
233820074,34307,753121,753124,240,0,3
233830184,34309,753364,753364,240,3,0
233840059,34310,753601,753604,240,0,3
233850204,34312,753845,753845,240,4,0
233860063,34313,754081,754085,240,0,4
233870190,34315,754324,754324,240,3,0
233880042,34316,754561,754564,240,0,3
233890174,34318,754804,754804,240,3,0
233900220,34319,755044,755044,240,0,0
233910202,34322,755284,755284,240,0,0
233920047,34323,755521,755524,240,0,3
233930186,34325,755764,755764,240,3,0
233940055,34326,756001,756004,240,0,3
233950189,34328,756244,756244,240,3,0
233960044,34329,756481,756484,240,0,3
233970192,34331,756724,756724,240,3,0
233980053,34332,756961,756964,240,0,3
233990188,34334,757204,757204,240,3,0
234000054,34335,757441,757444,240,0,3
234010131,34337,757681,757681,240,0,0
234020044,34338,757921,757921,240,0,0
234030187,34340,758164,758164,240,3,0
234040058,34341,758401,758404,240,0,3
234050191,34343,758644,758644,240,3,0
234060061,34344,758881,758884,240,0,3
234070192,34346,759124,759124,240,3,0
234080047,34347,759361,759364,240,0,3
234090195,34349,759604,759604,240,3,0
234100052,34350,759841,759844,240,0,3
234110291,34352,760087,760087,240,6,0
234120058,34353,760321,760327,240,0,6
234130204,34355,760565,760565,240,4,0
234140208,34356,760805,760805,240,0,0
234150202,34358,761045,761045,240,0,0
234160050,34359,761281,761285,240,0,4
234170204,34361,761525,761525,240,4,0
234180055,34362,761761,761765,240,0,4
234190201,34364,762004,762004,240,3,0
234200055,34365,762241,762244,240,0,3
234210233,34367,762485,762485,240,4,0
234220050,34368,762721,762725,240,0,4
234230199,34370,762964,762964,240,3,0
234240053,34371,763201,763204,240,0,3
234250201,34373,763444,763444,240,3,0
234260050,34374,763681,763684,240,0,3
234270202,34376,763924,763924,240,3,0
234280054,34377,764161,764164,240,0,3
234290576,34379,764413,764413,240,12,0
234300038,34380,764641,764653,240,0,12
234310221,34382,764885,764885,240,4,0
234320069,34383,765121,765125,240,0,4
234330205,34385,765365,765365,240,4,0
234340049,34386,765601,765605,240,0,4
234350202,34388,765844,765844,240,3,0
234360064,34389,766081,766084,240,0,3
234370203,34391,766324,766324,240,3,0
234380068,34392,766561,766564,240,0,3
234390059,34394,766801,766801,240,0,0
234400055,34395,767041,767041,240,0,0
234410201,34397,767284,767284,240,3,0
234419925,34398,767518,767524,240,0,6
234430197,34400,767764,767764,240,6,0
234440002,34401,768000,768004,240,0,4
234450214,34403,768245,768245,240,5,0
234460057,34404,768481,768485,240,0,4
234470215,34406,768725,768725,240,4,0
234480040,34407,768961,768965,240,0,4
234490202,34409,769204,769204,240,3,0
234500057,34410,769441,769444,240,0,3
234510205,34412,769685,769685,240,4,0
234520164,34413,769925,769925,240,0,0
234530205,34415,770165,770165,240,0,0
234540049,34416,770401,770405,240,0,4
234550196,34418,770644,770644,240,3,0
234560045,34419,770881,770884,240,0,3
234570204,34421,771125,771125,240,4,0
234580059,34422,771361,771365,240,0,4
234590242,34424,771605,771605,240,4,0
234600045,34425,771841,771845,240,0,4
234610205,34427,772085,772085,240,4,0
234619929,34428,772318,772325,240,0,7
234630214,34430,772565,772565,240,7,0
234640053,34431,772801,772805,240,0,4
234650047,34433,773041,773041,240,0,0
234660020,34434,773281,773281,240,0,0
234670208,34436,773525,773525,240,4,0
234680359,34437,773768,773768,240,3,0
234690182,34439,774004,774008,240,0,4
234700264,34440,774244,774244,240,0,0
234710190,34442,774484,774484,240,0,0
234720052,34443,774721,774724,240,0,3
234730330,34445,774968,774968,240,7,0
234740062,34446,775201,775208,240,0,7
234750203,34448,775444,775444,240,3,0
234760072,34449,775681,775684,240,0,3
234770199,34451,775924,775924,240,3,0
234780070,34452,776161,776164,240,0,3
234790203,34454,776404,776404,240,3,0
234800031,34455,776640,776644,240,0,4
234810190,34457,776884,776884,240,4,0
234819995,34458,777119,777124,240,0,5
234830163,34460,777364,777364,240,5,0
234840058,34461,777601,777604,240,0,3
234850183,34463,777844,777844,240,3,0
234860058,34464,778081,778084,240,0,3
234870175,34466,778324,778324,240,3,0
234880064,34467,778561,778564,240,0,3
234890168,34469,778804,778804,240,3,0
234900060,34470,779041,779044,240,0,3
234910170,34472,779284,779284,240,3,0
234920053,34473,779521,779524,240,0,3
234930207,34475,779765,779765,240,4,0
234940046,34476,780001,780005,240,0,4
234950141,34478,780241,780241,240,0,0
234960564,34479,780493,780493,240,12,0
234970201,34481,780724,780733,240,0,9
234980046,34482,780961,780964,240,0,3
234990195,34484,781204,781204,240,3,0
235000032,34485,781440,781444,240,0,4
235010186,34487,781684,781684,240,4,0
235020064,34488,781921,781924,240,0,3
235030254,34490,782166,782166,240,5,0
235040086,34491,782402,782406,240,0,4
235050206,34493,782645,782645,240,3,0
235060054,34494,782881,782885,240,0,4
235070203,34496,783124,783124,240,3,0
235080058,34497,783361,783364,240,0,3
235090205,34499,783605,783605,240,4,0
235100055,34500,783841,783845,240,0,4
235110222,34502,784085,784085,240,4,0
235120057,34503,784321,784325,240,0,4
235130228,34505,784565,784565,240,4,0
235140208,34506,784805,784805,240,0,0
235150180,34508,785045,785045,240,0,0
235160057,34509,785281,785285,240,0,4
235170192,34511,785524,785524,240,3,0
235180056,34512,785761,785764,240,0,3
235190192,34514,786004,786004,240,3,0
235200065,34515,786241,786244,240,0,3
235210056,34517,786481,786481,240,0,0
235220053,34518,786721,786721,240,0,0
235230318,34520,786967,786967,240,6,0
235239912,34521,787198,787207,240,0,9
235250190,34523,787444,787444,240,6,0
235260044,34524,787681,787684,240,0,3
235270187,34526,787924,787924,240,3,0
235280064,34527,788161,788164,240,0,3
235290183,34529,788404,788404,240,3,0
235300054,34530,788641,788644,240,0,3
235310185,34532,788884,788884,240,3,0
235320061,34533,789121,789124,240,0,3
235330187,34535,789364,789364,240,3,0
235340700,34536,789616,789616,240,12,0
235350168,34538,789844,789856,240,0,12
235360067,34539,790081,790084,240,0,3
235370188,34541,790324,790324,240,3,0
235380059,34542,790561,790564,240,0,3
235390186,34544,790804,790804,240,3,0
235400069,34545,791041,791044,240,0,3
235410206,34547,791285,791285,240,4,0
235420054,34548,791521,791525,240,0,4
235430263,34550,791766,791766,240,5,0
235440070,34551,792001,792006,240,0,5
235450199,34553,792244,792244,240,3,0
235460058,34554,792481,792484,240,0,3
235470187,34556,792724,792724,240,3,0
235480063,34557,792961,792964,240,0,3
235490205,34559,793205,793205,240,4,0
235500053,34560,793441,793445,240,0,4
235510191,34562,793684,793684,240,3,0
235520165,34563,793924,793924,240,0,0
235530183,34565,794164,794164,240,0,0
235540075,34566,794401,794404,240,0,3
235550217,34568,794645,794645,240,4,0
235560051,34569,794881,794885,240,0,4
235570193,34571,795124,795124,240,3,0
235580063,34572,795361,795364,240,0,3
235590195,34574,795604,795604,240,3,0
235600069,34575,795841,795844,240,0,3
235610193,34577,796084,796084,240,3,0
235620042,34578,796321,796324,240,0,3
235630187,34580,796564,796564,240,3,0
235640131,34581,796804,796804,240,0,0
235650150,34583,797044,797044,240,0,0
235660067,34584,797281,797284,240,0,3
235670192,34586,797524,797524,240,3,0
235680065,34587,797761,797764,240,0,3
235690196,34589,798004,798004,240,3,0
235700065,34590,798241,798244,240,0,3
235710193,34592,798484,798484,240,3,0
235720060,34593,798721,798724,240,0,3
235730195,34595,798964,798964,240,3,0
235740205,34596,799204,799204,240,0,0
235750147,34598,799444,799444,240,0,0
235760068,34599,799681,799684,240,0,3
235770188,34601,799924,799924,240,3,0
235780062,34602,800161,800164,240,0,3
235790190,34604,800404,800404,240,3,0
235800069,34605,800641,800644,240,0,3
235810188,34607,800884,800884,240,3,0
235820058,34608,801121,801124,240,0,3
235830189,34610,801364,801364,240,3,0
235840065,34611,801601,801604,240,0,3
235850260,34613,801846,801846,240,5,0
235860069,34614,802081,802086,240,0,5
235870191,34616,802324,802324,240,3,0
235880187,34617,802564,802564,240,0,0
235890170,34619,802804,802804,240,0,0
235900056,34620,803041,803044,240,0,3
235910182,34623,803284,803284,240,3,0
235920058,34624,803521,803524,240,0,3
235930185,34626,803764,803764,240,3,0
235940051,34627,804001,804004,240,0,3
235950220,34629,804245,804245,240,4,0
235960071,34630,804481,804485,240,0,4
235970198,34632,804724,804724,240,3,0
235980061,34633,804961,804964,240,0,3
235990198,34635,805204,805204,240,3,0
236000061,34636,805441,805444,240,0,3
236010202,34638,805684,805684,240,3,0
236020061,34639,805921,805924,240,0,3
236030053,34641,806161,806161,240,0,0
236040051,34642,806401,806401,240,0,0
236050210,34644,806645,806645,240,4,0
236060662,34645,806896,806896,240,11,0
236070208,34647,807125,807136,240,0,11
236080053,34648,807361,807365,240,0,4
236090204,34650,807605,807605,240,4,0
236100059,34651,807841,807845,240,0,4
236110207,34653,808085,808085,240,4,0
236120006,34654,808320,808325,240,0,5
236130235,34656,808565,808565,240,5,0
236140058,34657,808801,808805,240,0,4
236150208,34659,809045,809045,240,4,0
236159947,34660,809278,809285,240,0,7
236170222,34662,809525,809525,240,7,0
236180052,34663,809761,809765,240,0,4
236190199,34665,810004,810004,240,3,0
236200059,34666,810241,810244,240,0,3
236210201,34668,810484,810484,240,3,0
236220066,34669,810721,810724,240,0,3
236230200,34671,810964,810964,240,3,0
236239988,34672,811199,811204,240,0,5
236250249,34674,811446,811446,240,7,0
236260065,34675,811681,811686,240,0,5
236270226,34677,811925,811925,240,4,0
236280245,34678,812165,812165,240,0,0
236290177,34680,812405,812405,240,0,0
236300048,34681,812641,812645,240,0,4
236310203,34683,812884,812884,240,3,0
236320065,34684,813121,813124,240,0,3
236330204,34686,813365,813365,240,4,0
236340052,34687,813601,813605,240,0,4
236350204,34689,813845,813845,240,4,0
236360084,34690,814082,814085,240,0,3
236370230,34692,814325,814325,240,3,0
236380065,34693,814561,814565,240,0,4
236390196,34695,814804,814804,240,3,0
236400057,34696,815041,815044,240,0,3
236410202,34698,815284,815284,240,3,0
236420062,34699,815521,815524,240,0,3
236430203,34701,815764,815764,240,3,0
236440039,34702,816001,816004,240,0,3
236450181,34704,816244,816244,240,3,0
236460146,34705,816484,816484,240,0,0
236470226,34707,816724,816724,240,0,0
236480040,34708,816961,816964,240,0,3
236490225,34710,817205,817205,240,4,0
236500053,34711,817441,817445,240,0,4
236510208,34713,817685,817685,240,4,0
236520055,34714,817921,817925,240,0,4
236530193,34716,818164,818164,240,3,0
236540041,34717,818401,818404,240,0,3
236550188,34719,818644,818644,240,3,0
236560056,34720,818881,818884,240,0,3
236570102,34722,819121,819121,240,0,0
236580071,34723,819361,819361,240,0,0
236590191,34725,819604,819604,240,3,0
236600061,34726,819841,819844,240,0,3
236610202,34728,820084,820084,240,3,0
236620070,34729,820321,820324,240,0,3
236630200,34731,820564,820564,240,3,0
236640067,34732,820801,820804,240,0,3
236650202,34734,821044,821044,240,3,0
236660072,34735,821281,821284,240,0,3
236670302,34737,821527,821527,240,6,0
236680067,34738,821761,821767,240,0,6
236690213,34740,822005,822005,240,4,0
236700056,34741,822241,822245,240,0,4
236710215,34743,822485,822485,240,4,0
236720062,34744,822721,822725,240,0,4
236730211,34746,822965,822965,240,4,0
236740061,34747,823201,823205,240,0,4
236750214,34749,823445,823445,240,4,0
236760065,34750,823681,823685,240,0,4
236770234,34752,823925,823925,240,4,0
236780067,34753,824161,824165,240,0,4
236790210,34755,824405,824405,240,4,0
236800058,34756,824641,824645,240,0,4
236810210,34758,824885,824885,240,4,0
236820069,34759,825121,825125,240,0,4
236830210,34761,825365,825365,240,4,0
236840059,34762,825601,825605,240,0,4
236850338,34764,825848,825848,240,7,0
236860039,34765,826081,826088,240,0,7
236870229,34767,826325,826325,240,4,0
236880070,34768,826561,826565,240,0,4
236890208,34770,826805,826805,240,4,0
236900066,34771,827041,827045,240,0,4
236910204,34773,827285,827285,240,4,0
236920071,34774,827521,827525,240,0,4
236930206,34776,827765,827765,240,4,0
236940073,34777,828001,828005,240,0,4
236950023,34779,828241,828241,240,0,0
236960045,34780,828481,828481,240,0,0
236970198,34782,828724,828724,240,3,0
236980298,34783,828967,828967,240,3,0
236990206,34785,829207,829207,240,0,0
237000061,34786,829441,829447,240,0,6
237010194,34788,829684,829684,240,3,0
237020063,34789,829921,829924,240,0,3
237030201,34791,830164,830164,240,3,0
237040059,34792,830401,830404,240,0,3
237050195,34794,830644,830644,240,3,0
237060062,34795,830881,830884,240,0,3
237070199,34797,831124,831124,240,3,0
237080065,34798,831361,831364,240,0,3
237090262,34800,831606,831606,240,5,0
237100072,34801,831841,831846,240,0,5
237110200,34803,832084,832084,240,3,0
237120064,34804,832321,832324,240,0,3
237130199,34806,832564,832564,240,3,0
237140057,34807,832801,832804,240,0,3
237150202,34809,833044,833044,240,3,0
237160066,34810,833281,833284,240,0,3
237170415,34812,833530,833530,240,9,0
237180040,34813,833761,833770,240,0,9
237190195,34815,834004,834004,240,3,0
237200067,34816,834241,834244,240,0,3
237210194,34818,834484,834484,240,3,0
237220052,34819,834721,834724,240,0,3
237230188,34821,834964,834964,240,3,0
237240064,34822,835201,835204,240,0,3
237250197,34824,835444,835444,240,3,0
237260293,34825,835687,835687,240,3,0
237270188,34827,835924,835927,240,0,3
237280073,34828,836161,836164,240,0,3
237290237,34830,836405,836405,240,4,0
237300058,34831,836641,836645,240,0,4
237310193,34833,836884,836884,240,3,0
237320064,34834,837121,837124,240,0,3
237330195,34836,837364,837364,240,3,0
237340068,34837,837601,837604,240,0,3
237350194,34839,837844,837844,240,3,0
237360039,34840,838081,838084,240,0,3
237370187,34842,838324,838324,240,3,0
237380118,34843,838564,838564,240,0,0
237390163,34845,838804,838804,240,0,0
237400083,34846,839044,839044,240,0,0
237410190,34848,839284,839284,240,0,0
237420060,34849,839521,839524,240,0,3
237430191,34851,839764,839764,240,3,0
237440055,34852,840001,840004,240,0,3
237450188,34854,840244,840244,240,3,0
237460059,34855,840481,840484,240,0,3
237470190,34857,840724,840724,240,3,0
237480065,34858,840961,840964,240,0,3
237490145,34860,841201,841201,240,0,0
237500051,34861,841441,841441,240,0,0
237510206,34863,841685,841685,240,4,0
237520061,34864,841921,841925,240,0,4
237530209,34866,842165,842165,240,4,0
237540059,34867,842401,842405,240,0,4
237550189,34869,842644,842644,240,3,0
237560051,34870,842881,842884,240,0,3
237570190,34872,843124,843124,240,3,0
237580268,34873,843364,843364,240,0,0
237590229,34875,843604,843604,240,0,0
237600074,34876,843841,843844,240,0,3
237610188,34878,844084,844084,240,3,0
237620055,34879,844321,844324,240,0,3
237630183,34881,844564,844564,240,3,0
237640065,34882,844801,844804,240,0,3
237650190,34884,845044,845044,240,3,0
237660061,34885,845281,845284,240,0,3
237670230,34887,845525,845525,240,4,0
237680071,34888,845761,845765,240,0,4
237690226,34890,846005,846005,240,4,0
237700308,34891,846245,846245,240,0,0
237710193,34893,846485,846485,240,0,0
237720062,34894,846721,846725,240,0,4
237730196,34896,846964,846964,240,3,0
237740066,34897,847201,847204,240,0,3
237750189,34899,847444,847444,240,3,0
237760059,34900,847681,847684,240,0,3
237770055,34902,847921,847921,240,0,0
237780068,34903,848161,848161,240,0,0
237790351,34905,848408,848408,240,7,0
237799927,34906,848638,848648,240,0,10
237810188,34908,848884,848884,240,6,0
237820068,34909,849121,849124,240,0,3
237830178,34911,849364,849364,240,3,0
237840051,34912,849601,849604,240,0,3
237850207,34914,849845,849845,240,4,0
237860058,34915,850081,850085,240,0,4
237870186,34917,850324,850324,240,3,0
237880059,34918,850561,850564,240,0,3
237890187,34920,850804,850804,240,3,0
237900071,34921,851041,851044,240,0,3
237910189,34924,851284,851284,240,3,0
237920244,34925,851524,851524,240,0,0
237930174,34927,851764,851764,240,0,0
237940047,34928,852001,852004,240,0,3
237950184,34930,852244,852244,240,3,0
237960054,34931,852481,852484,240,0,3
237970177,34933,852724,852724,240,3,0
237980056,34934,852961,852964,240,0,3
237990180,34936,853204,853204,240,3,0
238000071,34937,853441,853444,240,0,3
238010209,34939,853685,853685,240,4,0
238020048,34940,853921,853925,240,0,4
238030056,34942,854161,854161,240,0,0
238040060,34943,854401,854401,240,0,0
238050199,34945,854644,854644,240,3,0
238060054,34946,854881,854884,240,0,3
238070201,34948,855124,855124,240,3,0
238080179,34949,855364,855364,240,0,0
238090030,34951,855600,855604,240,0,4
238100491,34952,855851,855851,240,11,0
238110338,34954,856088,856091,240,0,3
238120059,34955,856321,856328,240,0,7
238130192,34957,856564,856564,240,3,0
238140063,34958,856801,856804,240,0,3
238150191,34960,857044,857044,240,3,0
238160062,34961,857281,857284,240,0,3
238170187,34963,857524,857524,240,3,0
238180036,34964,857760,857764,240,0,4
238190186,34966,858004,858004,240,4,0
238200218,34967,858244,858244,240,0,0
238210152,34969,858484,858484,240,0,0
238219999,34970,858720,858724,240,0,4
238230205,34972,858965,858965,240,5,0
238240052,34973,859201,859205,240,0,4
238250188,34975,859444,859444,240,3,0
238260057,34976,859681,859684,240,0,3
238270190,34978,859924,859924,240,3,0
238280059,34979,860161,860164,240,0,3
238290191,34981,860404,860404,240,3,0
238300062,34982,860641,860644,240,0,3
238310128,34984,860881,860881,240,0,0
238320065,34985,861121,861121,240,0,0
238330178,34987,861364,861364,240,3,0
238340056,34988,861601,861604,240,0,3
238350179,34990,861844,861844,240,3,0
238360070,34991,862081,862084,240,0,3
238370177,34993,862324,862324,240,3,0
238380067,34994,862561,862564,240,0,3
238390180,34996,862804,862804,240,3,0
238400274,34997,863044,863044,240,0,0
238410226,34999,863284,863284,240,0,0
238420051,35000,863521,863524,240,0,3
238430043,35002,863761,863761,240,0,0
238440043,35003,864001,864001,240,0,0
238450186,35005,864244,864244,240,3,0
238460066,35006,864481,864484,240,0,3
238470197,35008,864724,864724,240,3,0
238480063,35009,864961,864964,240,0,3
238490195,35011,865204,865204,240,3,0
238500065,35012,865441,865444,240,0,3
238510223,35014,865685,865685,240,4,0
238520074,35015,865921,865925,240,0,4
238530192,35017,866164,866164,240,3,0
238540067,35018,866401,866404,240,0,3
238550211,35020,866645,866645,240,4,0
238560054,35021,866881,866885,240,0,4
238570195,35023,867124,867124,240,3,0
238580068,35024,867361,867364,240,0,3
238590059,35026,867601,867601,240,0,0
238600032,35027,867841,867841,240,0,0
238610220,35029,868085,868085,240,4,0
238620068,35030,868321,868325,240,0,4
238630193,35032,868564,868564,240,3,0
238640231,35033,868804,868804,240,0,0
238650190,35035,869044,869044,240,0,0
238660060,35036,869281,869284,240,0,3
238670201,35038,869524,869524,240,3,0
238680061,35039,869761,869764,240,0,3
238690192,35041,870004,870004,240,3,0
238700058,35042,870241,870244,240,0,3
238710192,35044,870484,870484,240,3,0
238720271,35045,870724,870724,240,0,0
238730186,35047,870964,870964,240,0,0
238740047,35048,871201,871204,240,0,3
238750194,35050,871444,871444,240,3,0
238760048,35051,871681,871684,240,0,3
238770187,35053,871924,871924,240,3,0
238780058,35054,872161,872164,240,0,3
238790189,35056,872404,872404,240,3,0
238800050,35057,872641,872644,240,0,3
238810209,35059,872885,872885,240,4,0
238820070,35060,873121,873125,240,0,4
238830211,35062,873365,873365,240,4,0
238840058,35063,873601,873605,240,0,4
238850219,35065,873845,873845,240,4,0
238860053,35066,874081,874085,240,0,4
238870199,35068,874324,874324,240,3,0
238880065,35069,874561,874564,240,0,3
238890197,35071,874804,874804,240,3,0
238900054,35072,875041,875044,240,0,3
238910199,35074,875284,875284,240,3,0
238920083,35075,875524,875524,240,0,0
238930252,35077,875764,875764,240,0,0
238940056,35078,876001,876004,240,0,3
238950235,35080,876245,876245,240,4,0
238960060,35081,876481,876485,240,0,4
238970203,35083,876724,876724,240,3,0
238980070,35084,876961,876964,240,0,3
238990232,35086,877205,877205,240,4,0
239000036,35087,877440,877445,240,0,5
239010186,35089,877684,877684,240,4,0
239020152,35090,877924,877924,240,0,0
239030765,35092,878178,878178,240,14,0
239040057,35093,878401,878418,240,0,17
239050180,35095,878644,878644,240,3,0
239060055,35096,878881,878884,240,0,3
239070172,35098,879124,879124,240,3,0
239080061,35099,879361,879364,240,0,3
239090173,35101,879604,879604,240,3,0
239100066,35102,879841,879844,240,0,3
239110178,35104,880084,880084,240,3,0
239120068,35105,880321,880324,240,0,3
239130122,35107,880561,880561,240,0,0
239140051,35108,880801,880801,240,0,0
239150042,35110,881041,881041,240,0,0
239160054,35111,881281,881281,240,0,0
239170188,35113,881524,881524,240,3,0
239180058,35114,881761,881764,240,0,3
239190195,35116,882004,882004,240,3,0
239200059,35117,882241,882244,240,0,3
239210191,35119,882484,882484,240,3,0
239220521,35120,882732,882732,240,8,0
239230933,35122,882982,882982,240,10,0
239240060,35123,883201,883222,240,0,21
239250324,35125,883447,883447,240,6,0
239260160,35126,883683,883687,240,0,4
239270207,35128,883923,883923,240,0,0
239280042,35129,884163,884163,240,0,0
239290190,35131,884403,884403,240,0,0
239300049,35132,884643,884643,240,0,0
239310188,35134,884883,884883,240,0,0
239320058,35135,885123,885123,240,0,0
239330243,35137,885363,885363,240,0,0
239340059,35138,885603,885603,240,0,0
239350205,35140,885843,885843,240,0,0
239360052,35141,886083,886083,240,0,0
239370199,35143,886323,886323,240,0,0
239380051,35144,886563,886563,240,0,0
239390303,35145,886807,886807,240,4,0
239400690,35146,887056,887056,240,9,0
239410647,35148,887296,887296,240,0,0
239420221,35149,887525,887536,240,0,11
239430274,35151,887765,887765,240,0,0
239440255,35152,888005,888005,240,0,0
239450217,35154,888245,888245,240,0,0
239460213,35155,888485,888485,240,0,0
239470219,35157,888725,888725,240,0,0
239480219,35158,888965,888965,240,0,0
239490215,35160,889205,889205,240,0,0
239500224,35161,889445,889445,240,0,0
239510073,35163,889681,889685,240,0,4
239520218,35164,889925,889925,240,4,0
239530207,35166,890165,890165,240,0,0
239540159,35167,890405,890405,240,0,0
239550209,35169,890645,890645,240,0,0
239560208,35170,890885,890885,240,0,0
239570236,35172,891125,891125,240,0,0
239580219,35173,891365,891365,240,0,0
239590241,35175,891605,891605,240,0,0
239600213,35176,891845,891845,240,0,0
239610237,35178,892085,892085,240,0,0
239620221,35179,892325,892325,240,0,0
239630225,35181,892565,892565,240,0,0
239640248,35182,892805,892805,240,0,0
239650235,35184,893045,893045,240,0,0
239660250,35185,893285,893285,240,0,0
239670218,35187,893525,893525,240,0,0
239680225,35188,893765,893765,240,0,0
239690218,35190,894005,894005,240,0,0
239700225,35191,894245,894245,240,0,0
239710220,35193,894485,894485,240,0,0
239720228,35194,894725,894725,240,0,0
239730219,35196,894965,894965,240,0,0
239740148,35197,895205,895205,240,0,0
239750132,35199,895445,895445,240,0,0
239760230,35200,895685,895685,240,0,0
239770212,35202,895925,895925,240,0,0
239780203,35203,896165,896165,240,0,0
239790225,35205,896405,896405,240,0,0
239800215,35206,896645,896645,240,0,0
239810218,35208,896885,896885,240,0,0
239820200,35209,897125,897125,240,0,0
239830204,35211,897365,897365,240,0,0
239840250,35212,897605,897605,240,0,0
239850254,35214,897845,897845,240,0,0
239860280,35215,898085,898085,240,0,0
239870223,35217,898325,898325,240,0,0
239880223,35218,898565,898565,240,0,0
239890218,35220,898805,898805,240,0,0
239900225,35221,899045,899045,240,0,0
239910222,35224,899285,899285,240,0,0
239920024,35225,899520,899525,240,0,5
239930213,35227,899765,899765,240,5,0
239940239,35228,900005,900005,240,0,0
239950188,35230,900245,900245,240,0,0
239960246,35231,900485,900485,240,0,0
239970204,35233,900725,900725,240,0,0
239980243,35234,900965,900965,240,0,0
239990206,35236,901205,901205,240,0,0
240000277,35237,901445,901445,240,0,0
240010223,35239,901685,901685,240,0,0
240020232,35240,901925,901925,240,0,0
240030205,35242,902165,902165,240,0,0
240040241,35243,902405,902405,240,0,0
240050263,35245,902645,902645,240,0,0
240060252,35246,902885,902885,240,0,0
240070227,35248,903125,903125,240,0,0
240080225,35249,903365,903365,240,0,0
240090211,35251,903605,903605,240,0,0
240100242,35252,903845,903845,240,0,0
240110226,35254,904085,904085,240,0,0
240120232,35255,904325,904325,240,0,0
240130213,35257,904565,904565,240,0,0
240140237,35258,904805,904805,240,0,0
240150257,35260,905045,905045,240,0,0
240160246,35261,905285,905285,240,0,0
240170230,35263,905525,905525,240,0,0
240180225,35264,905765,905765,240,0,0
240190273,35266,906005,906005,240,0,0
240200220,35267,906245,906245,240,0,0
240210219,35269,906485,906485,240,0,0
240220231,35270,906725,906725,240,0,0
240230227,35272,906965,906965,240,0,0
240240215,35273,907205,907205,240,0,0
240250236,35275,907445,907445,240,0,0
240260268,35276,907685,907685,240,0,0
240270228,35278,907925,907925,240,0,0
240280229,35279,908165,908165,240,0,0
240290216,35281,908405,908405,240,0,0
240300238,35282,908645,908645,240,0,0
240310229,35284,908885,908885,240,0,0
240320227,35285,909125,909125,240,0,0
240330074,35287,909361,909365,240,0,4
240340220,35288,909605,909605,240,4,0
240350375,35290,909849,909849,240,4,0
240360101,35291,910082,910089,240,0,7
240370332,35293,910328,910328,240,6,0
240380202,35294,910564,910568,240,0,4
240390220,35296,910804,910804,240,0,0
240400210,35297,911044,911044,240,0,0
240410209,35299,911284,911284,240,0,0
240420212,35300,911524,911524,240,0,0
240430225,35302,911764,911764,240,0,0
240440255,35303,912004,912004,240,0,0
240450222,35305,912244,912244,240,0,0
240460400,35306,912489,912489,240,5,0
240470222,35308,912725,912729,240,0,4
240480200,35309,912965,912965,240,0,0
240490211,35311,913205,913205,240,0,0
240500197,35312,913445,913445,240,0,0
240510216,35314,913685,913685,240,0,0
240520207,35315,913925,913925,240,0,0
240530223,35317,914165,914165,240,0,0
240540208,35318,914405,914405,240,0,0
240550221,35320,914645,914645,240,0,0
240560256,35321,914885,914885,240,0,0
240570244,35323,915125,915125,240,0,0
240580227,35324,915365,915365,240,0,0
240590230,35326,915605,915605,240,0,0
240600233,35327,915845,915845,240,0,0
240610231,35329,916085,916085,240,0,0
240620233,35330,916325,916325,240,0,0
240630228,35332,916565,916565,240,0,0
240640226,35333,916805,916805,240,0,0
240650230,35335,917045,917045,240,0,0
240660255,35336,917285,917285,240,0,0
240670253,35338,917525,917525,240,0,0
240680232,35339,917765,917765,240,0,0
240690230,35341,918005,918005,240,0,0
240700232,35342,918245,918245,240,0,0
240710232,35344,918485,918485,240,0,0
240720235,35345,918725,918725,240,0,0
240730227,35347,918965,918965,240,0,0
240740025,35348,919200,919205,240,0,5
240750214,35350,919445,919445,240,5,0
240760364,35351,919688,919688,240,3,0
240770222,35353,919925,919928,240,0,3
240780234,35354,920165,920165,240,0,0
240790182,35356,920405,920405,240,0,0
240800209,35357,920645,920645,240,0,0
240810206,35359,920885,920885,240,0,0
240820200,35360,921125,921125,240,0,0
240830190,35362,921365,921365,240,0,0
240840212,35363,921605,921605,240,0,0
240850206,35365,921845,921845,240,0,0
240860207,35366,922085,922085,240,0,0
240870263,35368,922325,922325,240,0,0
240880239,35369,922565,922565,240,0,0
240890262,35371,922805,922805,240,0,0
240900229,35372,923045,923045,240,0,0
240910230,35374,923285,923285,240,0,0
240920224,35375,923525,923525,240,0,0
240930222,35377,923765,923765,240,0,0
240940231,35378,924005,924005,240,0,0
240950227,35380,924245,924245,240,0,0
240960036,35381,924480,924485,240,0,5
240970277,35383,924726,924726,240,6,0
240980227,35384,924966,924966,240,0,0
240990227,35386,925206,925206,240,0,0
241000219,35387,925446,925446,240,0,0
241010257,35389,925686,925686,240,0,0
241020214,35390,925926,925926,240,0,0
241030217,35392,926166,926166,240,0,0
241040217,35393,926406,926406,240,0,0
241050222,35395,926646,926646,240,0,0
241060218,35396,926886,926886,240,0,0
241070245,35398,927126,927126,240,0,0
241080283,35399,927366,927366,240,0,0
241090228,35401,927606,927606,240,0,0
241100239,35402,927846,927846,240,0,0
241110233,35404,928086,928086,240,0,0
241120232,35405,928326,928326,240,0,0
241130071,35407,928561,928566,240,0,5
241140209,35408,928805,928805,240,4,0
241150026,35410,929040,929045,240,0,5
241160235,35411,929285,929285,240,5,0
241170198,35413,929525,929525,240,0,0
241180075,35414,929761,929765,240,0,4
241190215,35416,930005,930005,240,4,0
241200210,35417,930245,930245,240,0,0
241210201,35419,930485,930485,240,0,0
241220208,35420,930725,930725,240,0,0
241230195,35422,930965,930965,240,0,0
241240213,35423,931205,931205,240,0,0
241250199,35425,931445,931445,240,0,0
241260212,35426,931685,931685,240,0,0
241270200,35428,931925,931925,240,0,0
241280155,35429,932165,932165,240,0,0
241290228,35431,932405,932405,240,0,0
241300218,35432,932645,932645,240,0,0
241310209,35434,932885,932885,240,0,0
241320306,35435,933125,933125,240,0,0
241330209,35437,933365,933365,240,0,0
241340238,35438,933605,933605,240,0,0
241350216,35440,933845,933845,240,0,0
241360234,35441,934085,934085,240,0,0
241370214,35443,934325,934325,240,0,0
241380270,35444,934565,934565,240,0,0
241390244,35446,934805,934805,240,0,0
241400273,35447,935045,935045,240,0,0
241410263,35449,935285,935285,240,0,0
241420237,35450,935525,935525,240,0,0
241430226,35452,935765,935765,240,0,0
241440232,35453,936005,936005,240,0,0
241450223,35455,936245,936245,240,0,0
241460235,35456,936485,936485,240,0,0
241470239,35458,936725,936725,240,0,0
241480276,35459,936965,936965,240,0,0
241490360,35461,937208,937208,240,3,0
241500224,35462,937445,937448,240,0,3
241510225,35464,937685,937685,240,0,0
241520212,35465,937925,937925,240,0,0
241530222,35467,938165,938165,240,0,0
241540222,35468,938405,938405,240,0,0
241550231,35470,938645,938645,240,0,0
241560261,35471,938885,938885,240,0,0
241570220,35473,939125,939125,240,0,0
241580217,35474,939365,939365,240,0,0
241590317,35476,939605,939605,240,0,0
241600241,35477,939845,939845,240,0,0
241610206,35479,940085,940085,240,0,0
241620208,35480,940325,940325,240,0,0
241630198,35482,940565,940565,240,0,0
241640222,35483,940805,940805,240,0,0
241650212,35485,941045,941045,240,0,0
241660137,35486,941285,941285,240,0,0
241670243,35488,941525,941525,240,0,0
241680217,35489,941765,941765,240,0,0
241690162,35491,942005,942005,240,0,0
241700241,35492,942245,942245,240,0,0
241710214,35494,942485,942485,240,0,0
241720229,35495,942725,942725,240,0,0
241730218,35497,942965,942965,240,0,0
241740241,35498,943205,943205,240,0,0
241750231,35500,943445,943445,240,0,0
241760238,35501,943685,943685,240,0,0
241770221,35503,943925,943925,240,0,0
241780235,35504,944165,944165,240,0,0
241790356,35506,944408,944408,240,3,0
241800239,35507,944645,944648,240,0,3
241810341,35509,944888,944888,240,3,0
241820219,35510,945125,945128,240,0,3
241830222,35512,945365,945365,240,0,0
241840227,35513,945605,945605,240,0,0
241850223,35515,945845,945845,240,0,0
241860276,35516,946085,946085,240,0,0
241870221,35518,946325,946325,240,0,0
241880232,35519,946565,946565,240,0,0
241890258,35521,946805,946805,240,0,0
241900246,35522,947045,947045,240,0,0
241910224,35525,947285,947285,240,0,0
241920242,35526,947525,947525,240,0,0
241930239,35528,947765,947765,240,0,0
241940242,35529,948005,948005,240,0,0
241950231,35531,948245,948245,240,0,0
241960236,35532,948485,948485,240,0,0
241970511,35534,948732,948732,240,7,0
241980227,35535,948965,948972,240,0,7
241990246,35537,949205,949205,240,0,0
242000036,35538,949440,949445,240,0,5
242010239,35540,949685,949685,240,5,0
242020215,35541,949925,949925,240,0,0
242030213,35543,950165,950165,240,0,0
242040209,35544,950405,950405,240,0,0
242050221,35546,950645,950645,240,0,0
242060216,35547,950885,950885,240,0,0
242070080,35549,951122,951125,240,0,3
242080201,35550,951362,951362,240,0,0
242090198,35552,951602,951602,240,0,0
242100286,35553,951846,951846,240,4,0
242110215,35555,952086,952086,240,0,0
242120281,35556,952326,952326,240,0,0
242130210,35558,952566,952566,240,0,0
242140232,35559,952806,952806,240,0,0
242150217,35561,953046,953046,240,0,0
242160228,35562,953286,953286,240,0,0
242170201,35564,953526,953526,240,0,0
242180234,35565,953766,953766,240,0,0
242190216,35567,954006,954006,240,0,0
242200269,35568,954246,954246,240,0,0
242210264,35570,954486,954486,240,0,0
242220215,35571,954726,954726,240,0,0
242230207,35573,954966,954966,240,0,0
242240226,35574,955206,955206,240,0,0
242250205,35576,955446,955446,240,0,0
242260230,35577,955686,955686,240,0,0
242270217,35579,955926,955926,240,0,0
242280237,35580,956166,956166,240,0,0
242290219,35582,956406,956406,240,0,0
242300265,35583,956646,956646,240,0,0
242310234,35585,956886,956886,240,0,0
242320278,35586,957126,957126,240,0,0
242330251,35588,957366,957366,240,0,0
242340211,35589,957606,957606,240,0,0
242350225,35591,957846,957846,240,0,0
242360222,35592,958086,958086,240,0,0
242370216,35594,958326,958326,240,0,0
242380406,35595,958569,958569,240,3,0
242390217,35597,958805,958809,240,0,4
242400748,35598,959058,959058,240,13,0
242410719,35600,959298,959298,240,0,0
242420201,35601,959524,959538,240,0,14
242430174,35603,959764,959764,240,0,0
242440229,35604,960004,960004,240,0,0
242450254,35606,960244,960244,240,0,0
242460196,35607,960484,960484,240,0,0
242470237,35609,960724,960724,240,0,0
242480143,35610,960964,960964,240,0,0
242490226,35612,961204,961204,240,0,0
242500215,35613,961444,961444,240,0,0
242510177,35615,961684,961684,240,0,0
242520244,35616,961924,961924,240,0,0
242530206,35618,962164,962164,240,0,0
242540235,35619,962404,962404,240,0,0
242550206,35621,962644,962644,240,0,0
242560264,35622,962884,962884,240,0,0
242570210,35624,963124,963124,240,0,0
242580230,35625,963364,963364,240,0,0
242590217,35627,963604,963604,240,0,0
242600220,35628,963844,963844,240,0,0
242610855,35630,964100,964100,240,16,0
242620280,35631,964326,964340,240,0,14
242630202,35633,964566,964566,240,0,0
242640228,35634,964806,964806,240,0,0
242650205,35636,965046,965046,240,0,0
242660225,35637,965286,965286,240,0,0
242670200,35639,965526,965526,240,0,0
242680226,35640,965766,965766,240,0,0
242690209,35642,966006,966006,240,0,0
242700223,35643,966246,966246,240,0,0
242710261,35645,966486,966486,240,0,0
242720239,35646,966726,966726,240,0,0
242730236,35648,966966,966966,240,0,0
242740260,35649,967206,967206,240,0,0
242750232,35651,967446,967446,240,0,0
242760230,35652,967686,967686,240,0,0
242770214,35654,967926,967926,240,0,0
242780233,35655,968166,968166,240,0,0
242790204,35657,968406,968406,240,0,0
242800239,35658,968646,968646,240,0,0
242810253,35660,968886,968886,240,0,0
242820245,35661,969126,969126,240,0,0
242830217,35663,969366,969366,240,0,0
242840019,35664,969600,969606,240,0,6
242850237,35666,969845,969845,240,5,0
242860256,35667,970085,970085,240,0,0
242870236,35669,970325,970325,240,0,0
242880245,35670,970565,970565,240,0,0
242890081,35672,970802,970805,240,0,3
242900235,35673,971045,971045,240,3,0
242910614,35675,971294,971294,240,9,0
242920033,35676,971520,971534,240,0,14
242930227,35678,971765,971765,240,5,0
242940283,35679,972005,972005,240,0,0
242950248,35681,972245,972245,240,0,0
242960235,35682,972485,972485,240,0,0
242970216,35684,972725,972725,240,0,0
242980230,35685,972965,972965,240,0,0
242990219,35687,973205,973205,240,0,0
243000237,35688,973445,973445,240,0,0
243010223,35690,973685,973685,240,0,0
243020630,35691,973935,973935,240,10,0
243030211,35693,974165,974175,240,0,10
243040257,35694,974405,974405,240,0,0
243050230,35696,974645,974645,240,0,0
243060226,35697,974885,974885,240,0,0
243070218,35699,975125,975125,240,0,0
243080222,35700,975365,975365,240,0,0
243090220,35702,975605,975605,240,0,0
243100244,35703,975845,975845,240,0,0
243110186,35705,976085,976085,240,0,0
243120271,35706,976325,976325,240,0,0
243130245,35708,976565,976565,240,0,0
243140224,35709,976805,976805,240,0,0
243150261,35711,977045,977045,240,0,0
243160235,35712,977285,977285,240,0,0
243170222,35714,977525,977525,240,0,0
243180241,35715,977765,977765,240,0,0
243190220,35717,978005,978005,240,0,0
243200241,35718,978245,978245,240,0,0
243210225,35720,978485,978485,240,0,0
243220268,35721,978725,978725,240,0,0
243230264,35723,978965,978965,240,0,0
243240245,35724,979205,979205,240,0,0
243250227,35726,979445,979445,240,0,0
243260263,35727,979685,979685,240,0,0
243270241,35729,979925,979925,240,0,0
243280230,35730,980165,980165,240,0,0
243290232,35732,980405,980405,240,0,0
243300070,35733,980641,980645,240,0,4
243310220,35735,980885,980885,240,4,0
243320379,35736,981129,981129,240,4,0
243330267,35738,981366,981369,240,0,3
243340239,35739,981606,981606,240,0,0
243350237,35741,981846,981846,240,0,0
243360235,35742,982086,982086,240,0,0
243370227,35744,982326,982326,240,0,0
243380235,35745,982566,982566,240,0,0
243390236,35747,982806,982806,240,0,0
243400299,35748,983046,983046,240,0,0
243410289,35750,983286,983286,240,0,0
243420254,35751,983526,983526,240,0,0
243430187,35753,983766,983766,240,0,0
243440243,35754,984006,984006,240,0,0
243450225,35756,984246,984246,240,0,0
243460243,35757,984486,984486,240,0,0
243470218,35759,984726,984726,240,0,0
243480231,35760,984966,984966,240,0,0
243490235,35762,985206,985206,240,0,0
243500262,35763,985446,985446,240,0,0
243510250,35765,985686,985686,240,0,0
243520232,35766,985926,985926,240,0,0
243530292,35768,986166,986166,240,0,0
243540240,35769,986406,986406,240,0,0
243550231,35771,986646,986646,240,0,0
243560229,35772,986886,986886,240,0,0
243570234,35774,987126,987126,240,0,0
243580225,35775,987366,987366,240,0,0
243590224,35777,987606,987606,240,0,0
243600235,35778,987846,987846,240,0,0
243610232,35780,988086,988086,240,0,0
243620233,35781,988326,988326,240,0,0
243630246,35783,988566,988566,240,0,0
243640261,35784,988806,988806,240,0,0
243650257,35786,989046,989046,240,0,0
243660229,35787,989286,989286,240,0,0
243670228,35789,989526,989526,240,0,0
243680231,35790,989766,989766,240,0,0
243690236,35792,990006,990006,240,0,0
243700220,35793,990246,990246,240,0,0
243710078,35795,990481,990486,240,0,5
243720210,35796,990725,990725,240,4,0
243730235,35798,990965,990965,240,0,0
243740339,35799,991208,991208,240,3,0
243750245,35801,991445,991448,240,0,3
243760235,35802,991685,991685,240,0,0
243770221,35804,991925,991925,240,0,0
243780225,35805,992165,992165,240,0,0
243790213,35807,992405,992405,240,0,0
243800233,35808,992645,992645,240,0,0
243810214,35810,992885,992885,240,0,0
243820228,35811,993125,993125,240,0,0
243830211,35813,993365,993365,240,0,0
243840237,35814,993605,993605,240,0,0
243850250,35816,993845,993845,240,0,0
243860244,35817,994085,994085,240,0,0
243870287,35819,994325,994325,240,0,0
243880218,35820,994565,994565,240,0,0
243890224,35822,994805,994805,240,0,0
243900209,35823,995045,995045,240,0,0
243910215,35826,995285,995285,240,0,0
243920214,35827,995525,995525,240,0,0
243930216,35829,995765,995765,240,0,0
243940287,35830,996005,996005,240,0,0
243950234,35832,996245,996245,240,0,0
243960252,35833,996485,996485,240,0,0
243970389,35835,996729,996729,240,4,0
243980237,35836,996965,996969,240,0,4
243990222,35838,997205,997205,240,0,0
244000266,35839,997445,997445,240,0,0
244010220,35841,997685,997685,240,0,0
244020243,35842,997925,997925,240,0,0
244030229,35844,998165,998165,240,0,0
244040281,35845,998405,998405,240,0,0
244050244,35847,998645,998645,240,0,0
244060237,35848,998885,998885,240,0,0
244070212,35850,999125,999125,240,0,0
244080230,35851,999365,999365,240,0,0
244090208,35853,999605,999605,240,0,0
244100228,35854,999845,999845,240,0,0
244110223,35856,1000085,1000085,240,0,0
244120002,35857,1000320,1000325,240,0,5
244130214,35859,1000565,1000565,240,5,0
244140253,35860,1000805,1000805,240,0,0
244150315,35862,1001045,1001045,240,0,0
244160205,35863,1001285,1001285,240,0,0
244170222,35865,1001525,1001525,240,0,0
244180228,35866,1001765,1001765,240,0,0
244190208,35868,1002005,1002005,240,0,0
244200221,35869,1002245,1002245,240,0,0
244210220,35871,1002485,1002485,240,0,0
244220223,35872,1002725,1002725,240,0,0
244230213,35874,1002965,1002965,240,0,0
244240230,35875,1003205,1003205,240,0,0
244250151,35877,1003445,1003445,240,0,0
244260274,35878,1003685,1003685,240,0,0
244270216,35880,1003925,1003925,240,0,0
244280222,35881,1004165,1004165,240,0,0
244290223,35883,1004405,1004405,240,0,0
244300233,35884,1004645,1004645,240,0,0
244310220,35886,1004885,1004885,240,0,0
244320227,35887,1005125,1005125,240,0,0
244330215,35889,1005365,1005365,240,0,0
244340231,35890,1005605,1005605,240,0,0
244350279,35892,1005845,1005845,240,0,0
244360256,35893,1006085,1006085,240,0,0
244370476,35895,1006331,1006331,240,6,0
244380202,35896,1006564,1006571,240,0,7
244390215,35898,1006804,1006804,240,0,0
244400226,35899,1007044,1007044,240,0,0
244410229,35901,1007284,1007284,240,0,0
244420219,35902,1007524,1007524,240,0,0
244430219,35904,1007764,1007764,240,0,0
244440225,35905,1008004,1008004,240,0,0
244450265,35907,1008244,1008244,240,0,0
244460243,35908,1008484,1008484,240,0,0
244470234,35910,1008724,1008724,240,0,0
244480284,35911,1008964,1008964,240,0,0
244490227,35913,1009204,1009204,240,0,0
244500246,35914,1009444,1009444,240,0,0
244510217,35916,1009684,1009684,240,0,0
244520231,35917,1009924,1009924,240,0,0
244530214,35919,1010164,1010164,240,0,0
244540237,35920,1010404,1010404,240,0,0
244550240,35922,1010644,1010644,240,0,0
244560270,35923,1010884,1010884,240,0,0
244570213,35925,1011124,1011124,240,0,0
244580234,35926,1011364,1011364,240,0,0
244590213,35928,1011604,1011604,240,0,0
244600236,35929,1011844,1011844,240,0,0
244610214,35931,1012084,1012084,240,0,0
244620234,35932,1012324,1012324,240,0,0
244630218,35934,1012564,1012564,240,0,0
244640228,35935,1012804,1012804,240,0,0
244650202,35937,1013044,1013044,240,0,0
244660275,35938,1013284,1013284,240,0,0
244670230,35940,1013524,1013524,240,0,0
244680237,35941,1013764,1013764,240,0,0
244690234,35943,1014004,1014004,240,0,0
244700230,35944,1014244,1014244,240,0,0
244710232,35946,1014484,1014484,240,0,0
244720243,35947,1014724,1014724,240,0,0
244730237,35949,1014964,1014964,240,0,0
244740268,35950,1015204,1015204,240,0,0
244750241,35952,1015444,1015444,240,0,0
244760346,35953,1015688,1015688,240,4,0
244770245,35955,1015925,1015928,240,0,3
244780034,35956,1016160,1016165,240,0,5
244790229,35958,1016405,1016405,240,5,0
244800242,35959,1016645,1016645,240,0,0
244810235,35961,1016885,1016885,240,0,0
244820252,35962,1017125,1017125,240,0,0
244830242,35964,1017365,1017365,240,0,0
244840244,35965,1017605,1017605,240,0,0
244850131,35967,1017845,1017845,240,0,0
244860278,35968,1018085,1018085,240,0,0
244870347,35970,1018328,1018328,240,3,0
244880223,35971,1018565,1018568,240,0,3
244890213,35973,1018805,1018805,240,0,0
244900225,35974,1019045,1019045,240,0,0
244910221,35976,1019285,1019285,240,0,0
244920212,35977,1019525,1019525,240,0,0
244930222,35979,1019765,1019765,240,0,0
244940214,35980,1020005,1020005,240,0,0
244950220,35982,1020245,1020245,240,0,0
244960242,35983,1020485,1020485,240,0,0
244970295,35985,1020725,1020725,240,0,0
244980235,35986,1020965,1020965,240,0,0
244990238,35988,1021205,1021205,240,0,0
245000227,35989,1021445,1021445,240,0,0
245010222,35991,1021685,1021685,240,0,0
245020207,35992,1021925,1021925,240,0,0
245030217,35994,1022165,1022165,240,0,0
245040224,35995,1022405,1022405,240,0,0
245050213,35997,1022645,1022645,240,0,0
245060215,35998,1022885,1022885,240,0,0
245070160,36000,1023125,1023125,240,0,0
245080226,36001,1023365,1023365,240,0,0
245090257,36003,1023605,1023605,240,0,0
245100246,36004,1023845,1023845,240,0,0
245110224,36006,1024085,1024085,240,0,0
245120221,36007,1024325,1024325,240,0,0
245130223,36009,1024565,1024565,240,0,0
245140233,36010,1024805,1024805,240,0,0
245150232,36012,1025045,1025045,240,0,0
245160233,36013,1025285,1025285,240,0,0
245170322,36015,1025525,1025525,240,0,0
245180235,36016,1025765,1025765,240,0,0
245190232,36018,1026005,1026005,240,0,0
245200239,36019,1026245,1026245,240,0,0
245210220,36021,1026485,1026485,240,0,0
245220229,36022,1026725,1026725,240,0,0
245230204,36024,1026965,1026965,240,0,0
245240230,36025,1027205,1027205,240,0,0
245250215,36027,1027445,1027445,240,0,0
245260226,36028,1027685,1027685,240,0,0
245270252,36030,1027925,1027925,240,0,0
245280241,36031,1028165,1028165,240,0,0
245290232,36033,1028405,1028405,240,0,0
245300230,36034,1028645,1028645,240,0,0
245310220,36036,1028885,1028885,240,0,0
245320235,36037,1029125,1029125,240,0,0
245330227,36039,1029365,1029365,240,0,0
245340236,36040,1029605,1029605,240,0,0
245350264,36042,1029845,1029845,240,0,0
245360235,36043,1030085,1030085,240,0,0
245370250,36045,1030325,1030325,240,0,0
245380286,36046,1030565,1030565,240,0,0
245390226,36048,1030805,1030805,240,0,0
245400279,36049,1031045,1031045,240,0,0
245410267,36051,1031285,1031285,240,0,0
245420247,36052,1031525,1031525,240,0,0
245430226,36054,1031765,1031765,240,0,0
245440273,36055,1032005,1032005,240,0,0
245450220,36057,1032245,1032245,240,0,0
245460234,36058,1032485,1032485,240,0,0
245470721,36060,1032737,1032737,240,12,0
245480258,36061,1032966,1032977,240,0,11
245490236,36063,1033206,1033206,240,0,0
245500253,36064,1033446,1033446,240,0,0
245510229,36066,1033686,1033686,240,0,0
245520224,36067,1033926,1033926,240,0,0
245530213,36069,1034166,1034166,240,0,0
245540236,36070,1034406,1034406,240,0,0
245550227,36072,1034646,1034646,240,0,0
245560238,36073,1034886,1034886,240,0,0
245570233,36075,1035126,1035126,240,0,0
245580142,36076,1035363,1035366,240,0,3
245590246,36078,1035606,1035606,240,3,0
245600231,36079,1035846,1035846,240,0,0
245610223,36081,1036086,1036086,240,0,0
245620237,36082,1036326,1036326,240,0,0
245630233,36084,1036566,1036566,240,0,0
245640236,36085,1036806,1036806,240,0,0
245650217,36087,1037046,1037046,240,0,0
245660237,36088,1037286,1037286,240,0,0
245670226,36090,1037526,1037526,240,0,0
245680272,36091,1037766,1037766,240,0,0
245690228,36093,1038006,1038006,240,0,0
245700244,36094,1038246,1038246,240,0,0
245710267,36096,1038486,1038486,240,0,0
245720240,36097,1038726,1038726,240,0,0
245730226,36099,1038966,1038966,240,0,0
245740226,36100,1039206,1039206,240,0,0
245750220,36102,1039446,1039446,240,0,0
245760240,36103,1039686,1039686,240,0,0
245770233,36105,1039926,1039926,240,0,0
245780251,36106,1040166,1040166,240,0,0
245790254,36108,1040406,1040406,240,0,0
245800237,36109,1040646,1040646,240,0,0
245810223,36111,1040886,1040886,240,0,0
245820239,36112,1041126,1041126,240,0,0
245830227,36114,1041366,1041366,240,0,0
245840234,36115,1041606,1041606,240,0,0
245850233,36117,1041846,1041846,240,0,0
245860272,36118,1042086,1042086,240,0,0
245870229,36120,1042326,1042326,240,0,0
245880377,36121,1042569,1042569,240,3,0
245890264,36123,1042806,1042809,240,0,3
245900233,36124,1043046,1043046,240,0,0
245910226,36127,1043286,1043286,240,0,0
245920230,36128,1043526,1043526,240,0,0
245930224,36130,1043766,1043766,240,0,0
245940226,36131,1044006,1044006,240,0,0
245950231,36133,1044246,1044246,240,0,0
245960232,36134,1044486,1044486,240,0,0
245970227,36136,1044726,1044726,240,0,0
245980226,36137,1044966,1044966,240,0,0
245990140,36139,1045203,1045206,240,0,3
246000317,36140,1045447,1045447,240,4,0
246010213,36142,1045687,1045687,240,0,0
246020230,36143,1045927,1045927,240,0,0
246030208,36145,1046167,1046167,240,0,0
246040225,36146,1046407,1046407,240,0,0
246050205,36148,1046647,1046647,240,0,0
246060230,36149,1046887,1046887,240,0,0
246070211,36151,1047127,1047127,240,0,0
246080210,36152,1047367,1047367,240,0,0
246090285,36154,1047607,1047607,240,0,0
246100252,36155,1047847,1047847,240,0,0
246110079,36157,1048082,1048087,240,0,5
246120214,36158,1048325,1048325,240,3,0
246130220,36160,1048565,1048565,240,0,0
246140220,36161,1048805,1048805,240,0,0
246150214,36163,1049045,1049045,240,0,0
246160231,36164,1049285,1049285,240,0,0
246170292,36166,1049525,1049525,240,0,0
246180243,36167,1049765,1049765,240,0,0
246190243,36169,1050005,1050005,240,0,0
246200270,36170,1050245,1050245,240,0,0
246210229,36172,1050485,1050485,240,0,0
246220256,36173,1050725,1050725,240,0,0
246230218,36175,1050965,1050965,240,0,0
246240232,36176,1051205,1051205,240,0,0
246250228,36178,1051445,1051445,240,0,0
246260229,36179,1051685,1051685,240,0,0
246270215,36181,1051925,1051925,240,0,0
246280224,36182,1052165,1052165,240,0,0
246290238,36184,1052405,1052405,240,0,0
246300120,36185,1052642,1052645,240,0,3
246310242,36187,1052885,1052885,240,3,0
246320216,36188,1053125,1053125,240,0,0
246330218,36190,1053365,1053365,240,0,0
246340224,36191,1053605,1053605,240,0,0
246350226,36193,1053845,1053845,240,0,0
246360266,36194,1054085,1054085,240,0,0
246370591,36196,1054334,1054334,240,9,0
246380210,36197,1054565,1054574,240,0,9
246390204,36199,1054805,1054805,240,0,0
246400462,36200,1055051,1055051,240,6,0
246410240,36202,1055285,1055291,240,0,6
246420201,36203,1055525,1055525,240,0,0
246430211,36205,1055765,1055765,240,0,0
246440193,36206,1056005,1056005,240,0,0
246450216,36208,1056245,1056245,240,0,0
246460190,36209,1056485,1056485,240,0,0
246470215,36211,1056725,1056725,240,0,0
246480252,36212,1056965,1056965,240,0,0
246490213,36214,1057205,1057205,240,0,0
246500270,36215,1057445,1057445,240,0,0
246510235,36217,1057685,1057685,240,0,0
246520237,36218,1057925,1057925,240,0,0
246530210,36220,1058165,1058165,240,0,0
246540211,36221,1058405,1058405,240,0,0
246550208,36223,1058645,1058645,240,0,0
246560211,36224,1058885,1058885,240,0,0
246570210,36226,1059125,1059125,240,0,0
246580218,36227,1059365,1059365,240,0,0
246590214,36229,1059605,1059605,240,0,0
246600243,36230,1059845,1059845,240,0,0
246610241,36232,1060085,1060085,240,0,0
246620228,36233,1060325,1060325,240,0,0
246630215,36235,1060565,1060565,240,0,0
246640233,36236,1060805,1060805,240,0,0
246650212,36238,1061045,1061045,240,0,0
246660229,36239,1061285,1061285,240,0,0
246670217,36241,1061525,1061525,240,0,0
246680233,36242,1061765,1061765,240,0,0
246690217,36244,1062005,1062005,240,0,0
246700243,36245,1062245,1062245,240,0,0
246710237,36247,1062485,1062485,240,0,0
246720266,36248,1062725,1062725,240,0,0
246730223,36250,1062965,1062965,240,0,0
246740228,36251,1063205,1063205,240,0,0
246750223,36253,1063445,1063445,240,0,0
246760230,36254,1063685,1063685,240,0,0
246770228,36256,1063925,1063925,240,0,0
246780236,36257,1064165,1064165,240,0,0
246790235,36259,1064405,1064405,240,0,0
246800248,36260,1064645,1064645,240,0,0
246810279,36262,1064885,1064885,240,0,0
246820248,36263,1065125,1065125,240,0,0
246830237,36265,1065365,1065365,240,0,0
246840238,36266,1065605,1065605,240,0,0
246850240,36268,1065845,1065845,240,0,0
246860275,36269,1066085,1066085,240,0,0
246870233,36271,1066325,1066325,240,0,0
246880235,36272,1066565,1066565,240,0,0
246890212,36274,1066805,1066805,240,0,0
246900266,36275,1067045,1067045,240,0,0
246910288,36277,1067285,1067285,240,0,0
246920254,36278,1067525,1067525,240,0,0
246930270,36280,1067765,1067765,240,0,0
246940238,36281,1068005,1068005,240,0,0
246950233,36283,1068245,1068245,240,0,0
246960228,36284,1068485,1068485,240,0,0
246970224,36286,1068725,1068725,240,0,0
246980236,36287,1068965,1068965,240,0,0
246990233,36289,1069205,1069205,240,0,0
247000232,36290,1069445,1069445,240,0,0
247010269,36292,1069685,1069685,240,0,0
247020249,36293,1069925,1069925,240,0,0
247030246,36295,1070165,1070165,240,0,0
247040230,36296,1070405,1070405,240,0,0
247050226,36298,1070645,1070645,240,0,0
247060228,36299,1070885,1070885,240,0,0
247070222,36301,1071125,1071125,240,0,0
247080233,36302,1071365,1071365,240,0,0
247090312,36304,1071605,1071605,240,0,0
247100229,36305,1071845,1071845,240,0,0
247110247,36307,1072085,1072085,240,0,0
247120720,36308,1072337,1072337,240,12,0
247130239,36310,1072565,1072577,240,0,12
247140171,36311,1072805,1072805,240,0,0
247150217,36313,1073045,1073045,240,0,0
247160153,36314,1073285,1073285,240,0,0
247170214,36316,1073525,1073525,240,0,0
247180160,36317,1073765,1073765,240,0,0
247190391,36319,1074009,1074009,240,4,0
247200188,36320,1074244,1074249,240,0,5
247210185,36322,1074484,1074484,240,0,0
247220184,36323,1074724,1074724,240,0,0
247230241,36325,1074964,1074964,240,0,0
247240201,36326,1075204,1075204,240,0,0
247250232,36328,1075444,1075444,240,0,0
247260209,36329,1075684,1075684,240,0,0
247270228,36331,1075924,1075924,240,0,0
247280222,36332,1076164,1076164,240,0,0
247290225,36334,1076404,1076404,240,0,0
247300212,36335,1076644,1076644,240,0,0
247310218,36337,1076884,1076884,240,0,0
247320315,36338,1077127,1077127,240,3,0
247330236,36340,1077367,1077367,240,0,0
247340184,36341,1077604,1077607,240,0,3
247350216,36343,1077844,1077844,240,0,0
247360222,36344,1078084,1078084,240,0,0
247370230,36346,1078324,1078324,240,0,0
247380228,36347,1078564,1078564,240,0,0
247390226,36349,1078804,1078804,240,0,0
247400262,36350,1079044,1079044,240,0,0
247410266,36352,1079284,1079284,240,0,0
247420292,36353,1079527,1079527,240,3,0
247430246,36355,1079767,1079767,240,0,0
247440232,36356,1080007,1080007,240,0,0
247450227,36358,1080247,1080247,240,0,0
247460235,36359,1080487,1080487,240,0,0
247470236,36361,1080727,1080727,240,0,0
247480277,36362,1080967,1080967,240,0,0
247490244,36364,1081207,1081207,240,0,0
247500219,36365,1081447,1081447,240,0,0
247510223,36367,1081687,1081687,240,0,0
247520275,36368,1081927,1081927,240,0,0
247530392,36370,1082167,1082167,240,0,0
247540256,36371,1082407,1082407,240,0,0
247550216,36373,1082647,1082647,240,0,0
247560220,36374,1082887,1082887,240,0,0
247570300,36376,1083127,1083127,240,0,0
247580691,36377,1083376,1083376,240,9,0
247590283,36379,1083606,1083616,240,0,10
247600239,36380,1083846,1083846,240,0,0
247610286,36382,1084086,1084086,240,0,0
247620145,36383,1084323,1084326,240,0,3
247630153,36385,1084563,1084563,240,0,0
247640018,36386,1084800,1084803,240,0,3
247650218,36388,1085045,1085045,240,5,0
247660210,36389,1085285,1085285,240,0,0
247670228,36391,1085525,1085525,240,0,0
247680025,36392,1085760,1085765,240,0,5
247690217,36394,1086005,1086005,240,5,0
247700030,36395,1086240,1086245,240,0,5
247710220,36397,1086485,1086485,240,5,0
247720231,36398,1086725,1086725,240,0,0
247730359,36400,1086968,1086968,240,3,0
247740210,36401,1087205,1087208,240,0,3
247750219,36403,1087445,1087445,240,0,0
247760192,36404,1087685,1087685,240,0,0
247770224,36406,1087925,1087925,240,0,0
247780078,36407,1088161,1088165,240,0,4
247790208,36409,1088405,1088405,240,4,0
247800116,36410,1088642,1088645,240,0,3
247810197,36412,1088882,1088882,240,0,0
247820188,36413,1089122,1089122,240,0,0
247830270,36415,1089366,1089366,240,4,0
247840102,36416,1089602,1089606,240,0,4
247850208,36418,1089845,1089845,240,3,0
247860108,36419,1090082,1090085,240,0,3
247870197,36421,1090322,1090322,240,0,0
247880097,36422,1090562,1090562,240,0,0
247890207,36424,1090805,1090805,240,3,0
247900112,36425,1091042,1091045,240,0,3
247910186,36428,1091282,1091282,240,0,0
247920211,36429,1091525,1091525,240,3,0
247930242,36431,1091765,1091765,240,0,0
247940219,36432,1092005,1092005,240,0,0
247950214,36434,1092245,1092245,240,0,0
247960220,36435,1092485,1092485,240,0,0
247970211,36437,1092725,1092725,240,0,0
247980197,36438,1092965,1092965,240,0,0
247990225,36440,1093205,1093205,240,0,0
248000219,36441,1093445,1093445,240,0,0
248010222,36443,1093685,1093685,240,0,0
248020208,36444,1093925,1093925,240,0,0
248030219,36446,1094165,1094165,240,0,0
248040012,36447,1094400,1094405,240,0,5
248050226,36449,1094645,1094645,240,5,0
248060199,36450,1094885,1094885,240,0,0
248070232,36452,1095125,1095125,240,0,0
248080130,36453,1095365,1095365,240,0,0
248090207,36455,1095605,1095605,240,0,0
248100173,36456,1095845,1095845,240,0,0
248110217,36458,1096085,1096085,240,0,0
248120185,36459,1096325,1096325,240,0,0
248130213,36461,1096565,1096565,240,0,0
248140036,36462,1096800,1096805,240,0,5
248150391,36464,1097049,1097049,240,9,0
248160231,36465,1097285,1097289,240,0,4
248170219,36467,1097525,1097525,240,0,0
248180026,36468,1097760,1097765,240,0,5
248190208,36470,1098005,1098005,240,5,0
248200182,36471,1098245,1098245,240,0,0
248210215,36473,1098485,1098485,240,0,0
248220126,36474,1098725,1098725,240,0,0
248230226,36476,1098965,1098965,240,0,0
248240010,36477,1099200,1099205,240,0,5
248250357,36479,1099448,1099448,240,8,0
248260022,36480,1099680,1099688,240,0,8
248270218,36482,1099925,1099925,240,5,0
248280137,36483,1100165,1100165,240,0,0
248290191,36485,1100405,1100405,240,0,0
248300221,36486,1100645,1100645,240,0,0
248310200,36488,1100885,1100885,240,0,0
248320208,36489,1101125,1101125,240,0,0
248330201,36491,1101365,1101365,240,0,0
248340250,36492,1101605,1101605,240,0,0
248350301,36494,1101845,1101845,240,0,0
248360236,36495,1102085,1102085,240,0,0
248370225,36497,1102325,1102325,240,0,0
248380208,36498,1102565,1102565,240,0,0
248390232,36500,1102805,1102805,240,0,0
248400209,36501,1103045,1103045,240,0,0
248410230,36503,1103285,1103285,240,0,0
248420241,36504,1103525,1103525,240,0,0
248430226,36506,1103765,1103765,240,0,0
248440413,36507,1104010,1104010,240,5,0
248450147,36509,1104243,1104250,240,0,7
248460101,36510,1104483,1104483,240,0,0
248470221,36512,1104723,1104723,240,0,0
248480230,36513,1104963,1104963,240,0,0
248490227,36515,1105203,1105203,240,0,0
248500143,36516,1105443,1105443,240,0,0
248510220,36518,1105683,1105683,240,0,0
248520195,36519,1105923,1105923,240,0,0
248530238,36521,1106163,1106163,240,0,0
248540203,36522,1106403,1106403,240,0,0
248550526,36524,1106652,1106652,240,9,0
248560305,36525,1106887,1106892,240,0,5
248570196,36527,1107124,1107127,240,0,3
248580132,36528,1107364,1107364,240,0,0
248590201,36530,1107604,1107604,240,0,0
248600007,36531,1107840,1107844,240,0,4
248610198,36533,1108084,1108084,240,4,0
248620022,36534,1108320,1108324,240,0,4
248630224,36536,1108565,1108565,240,5,0
248640194,36537,1108805,1108805,240,0,0
248650284,36539,1109045,1109045,240,0,0
248660099,36540,1109282,1109285,240,0,3
248670250,36542,1109526,1109526,240,4,0
248680094,36543,1109762,1109766,240,0,4
248690207,36545,1110005,1110005,240,3,0
248700143,36546,1110245,1110245,240,0,0
248710212,36548,1110485,1110485,240,0,0
248720097,36549,1110722,1110725,240,0,3
248730204,36551,1110965,1110965,240,3,0
248740075,36552,1111201,1111205,240,0,4
248750235,36554,1111445,1111445,240,4,0
248760198,36555,1111685,1111685,240,0,0
248770212,36557,1111925,1111925,240,0,0
248780220,36558,1112165,1112165,240,0,0
248790227,36560,1112405,1112405,240,0,0
248800217,36561,1112645,1112645,240,0,0
248810209,36563,1112885,1112885,240,0,0
248820180,36564,1113125,1113125,240,0,0
248830237,36566,1113365,1113365,240,0,0
248840139,36567,1113605,1113605,240,0,0
248850301,36569,1113845,1113845,240,0,0
248860273,36570,1114085,1114085,240,0,0
248870229,36572,1114325,1114325,240,0,0
248880143,36573,1114565,1114565,240,0,0
248890220,36575,1114805,1114805,240,0,0
248900210,36576,1115045,1115045,240,0,0
248910227,36578,1115285,1115285,240,0,0
248920021,36579,1115520,1115525,240,0,5
248930211,36581,1115765,1115765,240,5,0
248940183,36582,1116005,1116005,240,0,0
248950228,36584,1116245,1116245,240,0,0
248960022,36585,1116480,1116485,240,0,5
248970229,36587,1116725,1116725,240,5,0
248980233,36588,1116965,1116965,240,0,0
248990227,36590,1117205,1117205,240,0,0
249000209,36591,1117445,1117445,240,0,0
249010221,36592,1117685,1117685,240,0,0
249020302,36594,1117925,1117925,240,0,0
249030707,36595,1118177,1118177,240,12,0
249040254,36597,1118406,1118417,240,0,11
249050223,36598,1118646,1118646,240,0,0
249060262,36600,1118886,1118886,240,0,0
249070256,36601,1119126,1119126,240,0,0
249080341,36603,1119366,1119366,240,0,0
249090204,36604,1119606,1119606,240,0,0
249100235,36606,1119846,1119846,240,0,0
249110241,36607,1120086,1120086,240,0,0
249120225,36609,1120326,1120326,240,0,0
249130255,36610,1120566,1120566,240,0,0
249140217,36612,1120806,1120806,240,0,0
249150232,36613,1121046,1121046,240,0,0
249160265,36615,1121286,1121286,240,0,0
249170218,36616,1121526,1121526,240,0,0
249180233,36618,1121766,1121766,240,0,0
249190222,36619,1122006,1122006,240,0,0
249200225,36621,1122246,1122246,240,0,0
249210226,36622,1122486,1122486,240,0,0
249220232,36624,1122726,1122726,240,0,0
249230232,36625,1122966,1122966,240,0,0
249240215,36627,1123206,1123206,240,0,0
249250236,36628,1123446,1123446,240,0,0
249260247,36630,1123686,1123686,240,0,0
249270247,36631,1123926,1123926,240,0,0
249280205,36633,1124166,1124166,240,0,0
249290218,36634,1124406,1124406,240,0,0
249300218,36636,1124646,1124646,240,0,0
249310225,36637,1124886,1124886,240,0,0
249320220,36639,1125126,1125126,240,0,0
249330212,36640,1125366,1125366,240,0,0
249340225,36642,1125606,1125606,240,0,0
249350215,36643,1125846,1125846,240,0,0
249360222,36645,1126086,1126086,240,0,0
249370361,36646,1126326,1126326,240,0,0
249380230,36648,1126566,1126566,240,0,0
249390223,36649,1126806,1126806,240,0,0
249400275,36651,1127046,1127046,240,0,0
249410256,36652,1127286,1127286,240,0,0
249420230,36654,1127526,1127526,240,0,0
249430233,36655,1127766,1127766,240,0,0
249440227,36657,1128006,1128006,240,0,0
249450248,36658,1128246,1128246,240,0,0
249460225,36659,1128486,1128486,240,0,0
249470309,36661,1128726,1128726,240,0,0
249480647,36662,1128975,1128975,240,9,0
249490087,36664,1129202,1129215,240,0,13
249500088,36665,1129442,1129442,240,0,0
249510380,36667,1129689,1129689,240,7,0
249520020,36668,1129920,1129929,240,0,9
249530177,36670,1130164,1130164,240,4,0
249540193,36671,1130404,1130404,240,0,0
249550203,36673,1130644,1130644,240,0,0
249560193,36674,1130884,1130884,240,0,0
249570246,36676,1131124,1131124,240,0,0
249580284,36677,1131364,1131364,240,0,0
249590214,36679,1131604,1131604,240,0,0
249600225,36680,1131844,1131844,240,0,0
249610216,36682,1132084,1132084,240,0,0
249620224,36683,1132324,1132324,240,0,0
249630213,36685,1132564,1132564,240,0,0
249640221,36686,1132804,1132804,240,0,0
249650277,36688,1133044,1133044,240,0,0
249660227,36689,1133284,1133284,240,0,0
249670236,36691,1133524,1133524,240,0,0
249680274,36692,1133764,1133764,240,0,0
249690221,36694,1134004,1134004,240,0,0
249700241,36695,1134244,1134244,240,0,0
249710229,36697,1134484,1134484,240,0,0
249720239,36698,1134724,1134724,240,0,0
249730225,36700,1134964,1134964,240,0,0
249740241,36701,1135204,1135204,240,0,0
249750073,36703,1135441,1135444,240,0,3
249760216,36704,1135685,1135685,240,4,0
249770232,36706,1135925,1135925,240,0,0
249780245,36707,1136165,1136165,240,0,0
249790224,36709,1136405,1136405,240,0,0
249800233,36710,1136645,1136645,240,0,0
249810220,36712,1136885,1136885,240,0,0
249820233,36713,1137125,1137125,240,0,0
249830223,36715,1137365,1137365,240,0,0
249840225,36716,1137605,1137605,240,0,0
249850248,36718,1137845,1137845,240,0,0
249860247,36719,1138085,1138085,240,0,0
249870234,36721,1138325,1138325,240,0,0
249880265,36722,1138565,1138565,240,0,0
249890227,36724,1138805,1138805,240,0,0
249900041,36725,1139041,1139045,240,0,4
249910239,36728,1139285,1139285,240,4,0
249920053,36729,1139521,1139525,240,0,4
249930060,36731,1139761,1139761,240,0,0
249940210,36732,1140005,1140005,240,4,0
249950235,36734,1140245,1140245,240,0,0
249960229,36735,1140485,1140485,240,0,0
249970236,36737,1140725,1140725,240,0,0
249980286,36738,1140965,1140965,240,0,0
249990308,36740,1141205,1141205,240,0,0
250000252,36741,1141445,1141445,240,0,0
250010238,36743,1141685,1141685,240,0,0
250020236,36744,1141925,1141925,240,0,0
250030238,36746,1142165,1142165,240,0,0
250040240,36747,1142405,1142405,240,0,0
250050243,36749,1142645,1142645,240,0,0
250060351,36750,1142888,1142888,240,3,0
250070236,36752,1143125,1143128,240,0,3
250080245,36753,1143365,1143365,240,0,0
250090375,36755,1143609,1143609,240,4,0
250100221,36756,1143845,1143849,240,0,4
250110230,36758,1144085,1144085,240,0,0
250120236,36759,1144325,1144325,240,0,0
250130231,36761,1144565,1144565,240,0,0
250140228,36762,1144805,1144805,240,0,0
250150237,36764,1145045,1145045,240,0,0
250160228,36765,1145285,1145285,240,0,0
250170235,36767,1145525,1145525,240,0,0
250180236,36768,1145765,1145765,240,0,0
250190631,36770,1146015,1146015,240,10,0
250200303,36771,1146247,1146255,240,0,8
250210251,36773,1146487,1146487,240,0,0
250220250,36774,1146727,1146727,240,0,0
250230238,36776,1146967,1146967,240,0,0
250240240,36777,1147207,1147207,240,0,0
250250235,36779,1147447,1147447,240,0,0
250260242,36780,1147687,1147687,240,0,0
250270234,36782,1147927,1147927,240,0,0
250280238,36783,1148167,1148167,240,0,0
250290358,36785,1148407,1148407,240,0,0
250300219,36786,1148647,1148647,240,0,0
250310187,36788,1148884,1148887,240,0,3
250320228,36789,1149124,1149124,240,0,0
250330210,36791,1149364,1149364,240,0,0
250340227,36792,1149604,1149604,240,0,0
250350207,36794,1149844,1149844,240,0,0
250360228,36795,1150084,1150084,240,0,0
250370211,36797,1150324,1150324,240,0,0
250380237,36798,1150564,1150564,240,0,0
250390245,36800,1150804,1150804,240,0,0
250400241,36801,1151044,1151044,240,0,0
250410072,36803,1151281,1151284,240,0,3
250420204,36804,1151525,1151525,240,4,0
250430226,36806,1151765,1151765,240,0,0
250440221,36807,1152005,1152005,240,0,0
250450227,36809,1152245,1152245,240,0,0
250460226,36810,1152485,1152485,240,0,0
250470203,36812,1152725,1152725,240,0,0
250480229,36813,1152965,1152965,240,0,0
250490242,36815,1153205,1153205,240,0,0
250500734,36816,1153457,1153457,240,12,0
250510215,36818,1153685,1153697,240,0,12
250520156,36819,1153925,1153925,240,0,0
250530189,36821,1154165,1154165,240,0,0
250540154,36822,1154405,1154405,240,0,0
250550191,36824,1154645,1154645,240,0,0
250560155,36825,1154885,1154885,240,0,0
250570200,36827,1155125,1155125,240,0,0
250580148,36828,1155365,1155365,240,0,0
250590190,36830,1155605,1155605,240,0,0
250600100,36831,1155842,1155845,240,0,3
250610210,36833,1156085,1156085,240,3,0
250620196,36834,1156325,1156325,240,0,0
250630211,36836,1156565,1156565,240,0,0
250640188,36837,1156805,1156805,240,0,0
250650208,36839,1157045,1157045,240,0,0
250660189,36840,1157285,1157285,240,0,0
250670206,36842,1157525,1157525,240,0,0
250680190,36843,1157765,1157765,240,0,0
250690209,36845,1158005,1158005,240,0,0
250700056,36846,1158241,1158245,240,0,4
250710229,36848,1158485,1158485,240,4,0
250720064,36849,1158721,1158725,240,0,4
250730201,36851,1158964,1158964,240,3,0
250740192,36852,1159204,1159204,240,0,0
250750191,36854,1159444,1159444,240,0,0
250760193,36855,1159684,1159684,240,0,0
250770189,36857,1159924,1159924,240,0,0
250780191,36858,1160164,1160164,240,0,0
250790589,36860,1160414,1160414,240,10,0
250800253,36861,1160646,1160654,240,0,8
250810231,36863,1160886,1160886,240,0,0
250820218,36864,1161126,1161126,240,0,0
250830228,36866,1161366,1161366,240,0,0
250840250,36867,1161606,1161606,240,0,0
250850229,36869,1161846,1161846,240,0,0
250860220,36870,1162086,1162086,240,0,0
250870218,36872,1162326,1162326,240,0,0
250880258,36873,1162566,1162566,240,0,0
250890238,36875,1162806,1162806,240,0,0
250900263,36876,1163046,1163046,240,0,0
250910214,36878,1163286,1163286,240,0,0
250920239,36879,1163526,1163526,240,0,0
250930222,36881,1163766,1163766,240,0,0
250940234,36882,1164006,1164006,240,0,0
250950222,36884,1164246,1164246,240,0,0
250960227,36885,1164486,1164486,240,0,0
250970217,36887,1164726,1164726,240,0,0
250980231,36888,1164966,1164966,240,0,0
250990223,36890,1165206,1165206,240,0,0
251000397,36891,1165449,1165449,240,3,0
251010147,36893,1165683,1165689,240,0,6
251020233,36894,1165923,1165923,240,0,0
251030215,36896,1166163,1166163,240,0,0
251040220,36897,1166403,1166403,240,0,0
251050225,36899,1166643,1166643,240,0,0
251060219,36900,1166883,1166883,240,0,0
251070262,36902,1167126,1167126,240,3,0
251080227,36903,1167366,1167366,240,0,0
251090220,36905,1167606,1167606,240,0,0
251100221,36906,1167846,1167846,240,0,0
251110186,36908,1168086,1168086,240,0,0
251120222,36909,1168326,1168326,240,0,0
251130209,36911,1168566,1168566,240,0,0
251140224,36912,1168806,1168806,240,0,0
251150220,36914,1169046,1169046,240,0,0
251160220,36915,1169286,1169286,240,0,0
251170215,36917,1169526,1169526,240,0,0
251180222,36918,1169766,1169766,240,0,0
251190220,36920,1170006,1170006,240,0,0
251200219,36921,1170246,1170246,240,0,0
251210264,36923,1170486,1170486,240,0,0
251220235,36924,1170726,1170726,240,0,0
251230248,36926,1170966,1170966,240,0,0
251240265,36927,1171206,1171206,240,0,0
251250246,36929,1171446,1171446,240,0,0
251260228,36930,1171686,1171686,240,0,0
251270229,36932,1171926,1171926,240,0,0
251280228,36933,1172166,1172166,240,0,0
251290222,36935,1172406,1172406,240,0,0
251300228,36936,1172646,1172646,240,0,0
251310258,36938,1172886,1172886,240,0,0
251320259,36939,1173126,1173126,240,0,0
251330239,36941,1173366,1173366,240,0,0
251340230,36942,1173606,1173606,240,0,0
251350230,36944,1173846,1173846,240,0,0
251360229,36945,1174086,1174086,240,0,0
251370230,36947,1174326,1174326,240,0,0
251380229,36948,1174566,1174566,240,0,0
251390227,36950,1174806,1174806,240,0,0
251400296,36951,1175046,1175046,240,0,0
251410495,36953,1175291,1175291,240,5,0
251420235,36954,1175525,1175531,240,0,6
251430216,36956,1175765,1175765,240,0,0
251440228,36957,1176005,1176005,240,0,0
251450213,36959,1176245,1176245,240,0,0
251460225,36960,1176485,1176485,240,0,0
251470217,36962,1176725,1176725,240,0,0
251480222,36963,1176965,1176965,240,0,0
251490215,36965,1177205,1177205,240,0,0
251500227,36966,1177445,1177445,240,0,0
251510219,36968,1177685,1177685,240,0,0
251520067,36969,1177921,1177925,240,0,4
251530236,36971,1178165,1178165,240,4,0
251540209,36972,1178405,1178405,240,0,0
251550224,36974,1178645,1178645,240,0,0
251560218,36975,1178885,1178885,240,0,0
251570228,36977,1179125,1179125,240,0,0
251580222,36978,1179365,1179365,240,0,0
251590277,36980,1179605,1179605,240,0,0
251600231,36981,1179845,1179845,240,0,0
251610400,36983,1180089,1180089,240,4,0
251620280,36984,1180326,1180329,240,0,3
251630357,36986,1180566,1180566,240,0,0
251640230,36987,1180806,1180806,240,0,0
251650230,36989,1181046,1181046,240,0,0
251660228,36990,1181286,1181286,240,0,0
251670227,36992,1181526,1181526,240,0,0
251680226,36993,1181766,1181766,240,0,0
251690224,36995,1182006,1182006,240,0,0
251700228,36996,1182246,1182246,240,0,0
251710232,36998,1182486,1182486,240,0,0
251720281,36999,1182726,1182726,240,0,0
251730250,37001,1182966,1182966,240,0,0
251740249,37002,1183206,1183206,240,0,0
251750236,37004,1183446,1183446,240,0,0
251760225,37005,1183686,1183686,240,0,0
251770228,37007,1183926,1183926,240,0,0
251780236,37008,1184166,1184166,240,0,0
251790235,37010,1184406,1184406,240,0,0
251800227,37011,1184646,1184646,240,0,0
251810228,37013,1184886,1184886,240,0,0
251820237,37014,1185126,1185126,240,0,0
251830270,37016,1185366,1185366,240,0,0
251840220,37017,1185606,1185606,240,0,0
251850238,37019,1185846,1185846,240,0,0
251860241,37020,1186086,1186086,240,0,0
251870228,37022,1186326,1186326,240,0,0
251880222,37023,1186566,1186566,240,0,0
251890230,37025,1186806,1186806,240,0,0
251900222,37026,1187046,1187046,240,0,0
251910230,37029,1187286,1187286,240,0,0
251920190,37030,1187526,1187526,240,0,0
251930154,37032,1187763,1187766,240,0,3
251940218,37033,1188003,1188003,240,0,0
251950224,37035,1188243,1188243,240,0,0
251960214,37036,1188483,1188483,240,0,0
251970218,37038,1188723,1188723,240,0,0
251980220,37039,1188963,1188963,240,0,0
251990213,37041,1189203,1189203,240,0,0
252000223,37042,1189443,1189443,240,0,0
252010217,37044,1189683,1189683,240,0,0
252020207,37045,1189923,1189923,240,0,0
252030264,37047,1190166,1190166,240,3,0
252040238,37048,1190406,1190406,240,0,0
252050355,37050,1190646,1190646,240,0,0
252060203,37051,1190886,1190886,240,0,0
252070214,37053,1191126,1191126,240,0,0
252080216,37054,1191366,1191366,240,0,0
252090210,37056,1191606,1191606,240,0,0
252100211,37057,1191846,1191846,240,0,0
252110202,37059,1192086,1192086,240,0,0
252120214,37060,1192326,1192326,240,0,0
252130271,37062,1192566,1192566,240,0,0
252140229,37063,1192806,1192806,240,0,0
252150216,37065,1193046,1193046,240,0,0
252160223,37066,1193286,1193286,240,0,0
252170216,37068,1193526,1193526,240,0,0
252180217,37069,1193766,1193766,240,0,0
252190217,37071,1194006,1194006,240,0,0
252200234,37072,1194246,1194246,240,0,0
252210219,37074,1194486,1194486,240,0,0
252220215,37075,1194726,1194726,240,0,0
252230233,37077,1194966,1194966,240,0,0
252240254,37078,1195206,1195206,240,0,0
252250229,37080,1195446,1195446,240,0,0
252260231,37081,1195686,1195686,240,0,0
252270214,37083,1195926,1195926,240,0,0
252280252,37084,1196166,1196166,240,0,0
252290224,37086,1196406,1196406,240,0,0
252300242,37087,1196646,1196646,240,0,0
252310219,37089,1196886,1196886,240,0,0
252320239,37090,1197126,1197126,240,0,0
252330215,37092,1197366,1197366,240,0,0
252340246,37093,1197606,1197606,240,0,0
252350233,37095,1197846,1197846,240,0,0
252360232,37096,1198086,1198086,240,0,0
252370225,37098,1198326,1198326,240,0,0
252380221,37099,1198566,1198566,240,0,0
252390212,37101,1198806,1198806,240,0,0
252400229,37102,1199046,1199046,240,0,0
252410211,37104,1199286,1199286,240,0,0
252420218,37105,1199526,1199526,240,0,0
252430282,37107,1199766,1199766,240,0,0
252440372,37108,1200009,1200009,240,3,0
252450231,37110,1200245,1200249,240,0,4
252460652,37111,1200495,1200495,240,10,0
252470197,37113,1200724,1200735,240,0,11
252480226,37114,1200964,1200964,240,0,0
252490228,37116,1201204,1201204,240,0,0
252500572,37117,1201453,1201453,240,9,0
252510195,37119,1201684,1201693,240,0,9
252520232,37120,1201924,1201924,240,0,0
252530219,37122,1202164,1202164,240,0,0
252540272,37123,1202404,1202404,240,0,0
252550240,37125,1202644,1202644,240,0,0
252560231,37126,1202884,1202884,240,0,0
252570231,37128,1203124,1203124,240,0,0
252580230,37129,1203364,1203364,240,0,0
252590229,37131,1203604,1203604,240,0,0
252600046,37132,1203841,1203844,240,0,3
252610215,37134,1204085,1204085,240,4,0
252620211,37135,1204325,1204325,240,0,0
252630223,37137,1204565,1204565,240,0,0
252640251,37138,1204805,1204805,240,0,0
252650269,37140,1205045,1205045,240,0,0
252660245,37141,1205285,1205285,240,0,0
252670229,37143,1205525,1205525,240,0,0
252680226,37144,1205765,1205765,240,0,0
252690228,37146,1206005,1206005,240,0,0
252700231,37147,1206245,1206245,240,0,0
252710231,37149,1206485,1206485,240,0,0
252720228,37150,1206725,1206725,240,0,0
252730223,37152,1206965,1206965,240,0,0
252740228,37153,1207205,1207205,240,0,0
252750211,37155,1207445,1207445,240,0,0
252760215,37156,1207685,1207685,240,0,0
252770061,37158,1207921,1207925,240,0,4
252780209,37159,1208165,1208165,240,4,0
252790215,37161,1208405,1208405,240,0,0
252800203,37162,1208645,1208645,240,0,0
252810215,37164,1208885,1208885,240,0,0
252820203,37165,1209125,1209125,240,0,0
252830215,37167,1209365,1209365,240,0,0
252840141,37168,1209605,1209605,240,0,0
252850327,37170,1209845,1209845,240,0,0
252860236,37171,1210085,1210085,240,0,0
252870187,37173,1210325,1210325,240,0,0
252880213,37174,1210565,1210565,240,0,0
252890215,37176,1210805,1210805,240,0,0
252900218,37177,1211045,1211045,240,0,0
252910223,37179,1211285,1211285,240,0,0
252920210,37180,1211525,1211525,240,0,0
252930224,37182,1211765,1211765,240,0,0
252940217,37183,1212005,1212005,240,0,0
252950264,37185,1212245,1212245,240,0,0
252960229,37186,1212485,1212485,240,0,0
252970227,37188,1212725,1212725,240,0,0
252980221,37189,1212965,1212965,240,0,0
252990217,37191,1213205,1213205,240,0,0
253000213,37192,1213445,1213445,240,0,0
253010229,37194,1213685,1213685,240,0,0
253020215,37195,1213925,1213925,240,0,0
253030224,37197,1214165,1214165,240,0,0
253040226,37198,1214405,1214405,240,0,0
253050241,37200,1214645,1214645,240,0,0
253060250,37201,1214885,1214885,240,0,0
253070221,37203,1215125,1215125,240,0,0
253080212,37204,1215365,1215365,240,0,0
253090218,37206,1215605,1215605,240,0,0
253100225,37207,1215845,1215845,240,0,0
253110220,37209,1216085,1216085,240,0,0
253120222,37210,1216325,1216325,240,0,0
253130251,37212,1216565,1216565,240,0,0
253140230,37213,1216805,1216805,240,0,0
253150212,37215,1217045,1217045,240,0,0
253160234,37216,1217285,1217285,240,0,0
253170222,37218,1217525,1217525,240,0,0
253180231,37219,1217765,1217765,240,0,0
253190683,37221,1218016,1218016,240,11,0
253200400,37222,1218249,1218256,240,0,7
253210235,37224,1218485,1218489,240,0,4
253220238,37225,1218725,1218725,240,0,0
253230278,37227,1218965,1218965,240,0,0
253240235,37228,1219205,1219205,240,0,0
253250237,37230,1219445,1219445,240,0,0
253260072,37231,1219681,1219685,240,0,4
253270241,37233,1219925,1219925,240,4,0
253280167,37234,1220165,1220165,240,0,0
253290204,37236,1220405,1220405,240,0,0
253300225,37237,1220645,1220645,240,0,0
253310225,37239,1220885,1220885,240,0,0
253320220,37240,1221125,1221125,240,0,0
253330230,37242,1221365,1221365,240,0,0
253340221,37243,1221605,1221605,240,0,0
253350226,37245,1221845,1221845,240,0,0
253360289,37246,1222085,1222085,240,0,0
253370239,37248,1222325,1222325,240,0,0
253380268,37249,1222565,1222565,240,0,0
253390234,37251,1222805,1222805,240,0,0
253400306,37252,1223045,1223045,240,0,0
253410255,37254,1223285,1223285,240,0,0
253420242,37255,1223525,1223525,240,0,0
253430237,37257,1223765,1223765,240,0,0
253440246,37258,1224005,1224005,240,0,0
253450233,37260,1224245,1224245,240,0,0
253460281,37261,1224485,1224485,240,0,0
253470263,37263,1224725,1224725,240,0,0
253480247,37264,1224965,1224965,240,0,0
253490234,37266,1225205,1225205,240,0,0
253500274,37267,1225445,1225445,240,0,0
253510237,37269,1225685,1225685,240,0,0
253520239,37270,1225925,1225925,240,0,0
253530236,37272,1226165,1226165,240,0,0
253540230,37273,1226405,1226405,240,0,0
253550242,37275,1226645,1226645,240,0,0
253560391,37276,1226889,1226889,240,4,0
253570175,37278,1227124,1227129,240,0,5
253580223,37279,1227364,1227364,240,0,0
253590210,37281,1227604,1227604,240,0,0
253600206,37282,1227844,1227844,240,0,0
253610229,37284,1228084,1228084,240,0,0
253620206,37285,1228324,1228324,240,0,0
253630224,37287,1228564,1228564,240,0,0
253640267,37288,1228804,1228804,240,0,0
253650226,37290,1229044,1229044,240,0,0
253660235,37291,1229284,1229284,240,0,0
253670162,37293,1229524,1229524,240,0,0
253680214,37294,1229764,1229764,240,0,0
253690208,37296,1230004,1230004,240,0,0
253700265,37297,1230244,1230244,240,0,0
253710219,37299,1230484,1230484,240,0,0
253720229,37300,1230724,1230724,240,0,0
253730221,37302,1230964,1230964,240,0,0
253740231,37303,1231204,1231204,240,0,0
253750228,37305,1231444,1231444,240,0,0
253760225,37306,1231684,1231684,240,0,0
253770286,37308,1231924,1231924,240,0,0
253780243,37309,1232164,1232164,240,0,0
253790229,37311,1232404,1232404,240,0,0
253800229,37312,1232644,1232644,240,0,0
253810232,37314,1232884,1232884,240,0,0
253820789,37315,1233139,1233139,240,15,0
253830322,37317,1233367,1233379,240,0,12
253840222,37318,1233607,1233607,240,0,0
253850226,37320,1233847,1233847,240,0,0
253860257,37321,1234087,1234087,240,0,0
253870254,37323,1234327,1234327,240,0,0
253880296,37324,1234567,1234567,240,0,0
253890237,37326,1234807,1234807,240,0,0
253900235,37327,1235047,1235047,240,0,0
253910231,37330,1235287,1235287,240,0,0
253920076,37331,1235521,1235527,240,0,6
253930221,37333,1235765,1235765,240,4,0
253940227,37334,1236005,1236005,240,0,0
253950083,37336,1236242,1236245,240,0,3
253960221,37337,1236485,1236485,240,3,0
253970479,37339,1236731,1236731,240,6,0
253980256,37340,1236966,1236971,240,0,5
253990219,37342,1237206,1237206,240,0,0
254000234,37343,1237446,1237446,240,0,0
254010224,37345,1237686,1237686,240,0,0
254020243,37346,1237926,1237926,240,0,0
254030227,37348,1238166,1238166,240,0,0
254040228,37349,1238406,1238406,240,0,0
254050220,37351,1238646,1238646,240,0,0
254060238,37352,1238886,1238886,240,0,0
254070226,37354,1239126,1239126,240,0,0
254080359,37355,1239366,1239366,240,0,0
254090240,37357,1239606,1239606,240,0,0
254100201,37358,1239846,1239846,240,0,0
254110233,37360,1240086,1240086,240,0,0
254120202,37361,1240326,1240326,240,0,0
254130228,37363,1240566,1240566,240,0,0
254140202,37364,1240806,1240806,240,0,0
254150235,37366,1241046,1241046,240,0,0
254160207,37367,1241286,1241286,240,0,0
254170233,37369,1241526,1241526,240,0,0
254180273,37370,1241766,1241766,240,0,0
254190259,37372,1242006,1242006,240,0,0
254200225,37373,1242246,1242246,240,0,0
254210235,37375,1242486,1242486,240,0,0
254220229,37376,1242726,1242726,240,0,0
254230240,37378,1242966,1242966,240,0,0
254240229,37379,1243206,1243206,240,0,0
254250242,37381,1243446,1243446,240,0,0
254260213,37382,1243686,1243686,240,0,0
254270236,37384,1243926,1243926,240,0,0
254280264,37385,1244166,1244166,240,0,0
254290256,37387,1244406,1244406,240,0,0
254300226,37388,1244646,1244646,240,0,0
254310243,37390,1244886,1244886,240,0,0
254320223,37391,1245126,1245126,240,0,0
254330231,37393,1245366,1245366,240,0,0
254340225,37394,1245606,1245606,240,0,0
254350243,37396,1245846,1245846,240,0,0
254360225,37397,1246086,1246086,240,0,0
254370249,37399,1246326,1246326,240,0,0
254380251,37400,1246566,1246566,240,0,0
254390265,37402,1246806,1246806,240,0,0
254400226,37403,1247046,1247046,240,0,0
254410232,37405,1247286,1247286,240,0,0
254420226,37406,1247526,1247526,240,0,0
254430235,37408,1247766,1247766,240,0,0
254440225,37409,1248006,1248006,240,0,0
254450233,37411,1248246,1248246,240,0,0
254460222,37412,1248486,1248486,240,0,0
254470236,37414,1248726,1248726,240,0,0
254480225,37415,1248966,1248966,240,0,0
254490186,37417,1249206,1249206,240,0,0
254500225,37418,1249446,1249446,240,0,0
254510222,37420,1249686,1249686,240,0,0
254520224,37421,1249926,1249926,240,0,0
254530235,37423,1250166,1250166,240,0,0
254540224,37424,1250406,1250406,240,0,0
254550226,37426,1250646,1250646,240,0,0
254560224,37427,1250886,1250886,240,0,0
254570223,37429,1251126,1251126,240,0,0
254580219,37430,1251366,1251366,240,0,0
254590283,37432,1251606,1251606,240,0,0
254600246,37433,1251846,1251846,240,0,0
254610339,37435,1252086,1252086,240,0,0
254620210,37436,1252326,1252326,240,0,0
254630232,37438,1252566,1252566,240,0,0
254640228,37439,1252806,1252806,240,0,0
254650239,37441,1253046,1253046,240,0,0
254660221,37442,1253286,1253286,240,0,0
254670231,37444,1253526,1253526,240,0,0
254680235,37445,1253766,1253766,240,0,0
254690277,37447,1254006,1254006,240,0,0
254700240,37448,1254246,1254246,240,0,0
254710233,37450,1254486,1254486,240,0,0
254720227,37451,1254726,1254726,240,0,0
254730229,37453,1254966,1254966,240,0,0
254740224,37454,1255206,1255206,240,0,0
254750228,37456,1255446,1255446,240,0,0
254760226,37457,1255686,1255686,240,0,0
254770229,37459,1255926,1255926,240,0,0
254780222,37460,1256166,1256166,240,0,0
254790256,37462,1256406,1256406,240,0,0
254800234,37463,1256646,1256646,240,0,0
254810220,37465,1256886,1256886,240,0,0
254820221,37466,1257126,1257126,240,0,0
254830214,37468,1257366,1257366,240,0,0
254840224,37469,1257606,1257606,240,0,0
254850249,37471,1257846,1257846,240,0,0
254860246,37472,1258086,1258086,240,0,0
254870218,37474,1258326,1258326,240,0,0
254880230,37475,1258566,1258566,240,0,0
254890227,37477,1258806,1258806,240,0,0
254900398,37478,1259049,1259049,240,3,0
254910216,37480,1259285,1259289,240,0,4
254920206,37481,1259525,1259525,240,0,0
254930222,37483,1259765,1259765,240,0,0
254940209,37484,1260005,1260005,240,0,0
254950225,37486,1260245,1260245,240,0,0
254960208,37487,1260485,1260485,240,0,0
254970226,37489,1260725,1260725,240,0,0
254980209,37490,1260965,1260965,240,0,0
254990217,37492,1261205,1261205,240,0,0
255000964,37493,1261463,1261463,240,18,0
255010350,37495,1261688,1261703,240,0,15
255020320,37496,1261928,1261928,240,0,0
255030218,37498,1262165,1262168,240,0,3
255040213,37499,1262405,1262405,240,0,0
255050230,37501,1262645,1262645,240,0,0
255060044,37502,1262881,1262885,240,0,4
255070207,37504,1263125,1263125,240,4,0
255080215,37505,1263365,1263365,240,0,0
255090225,37507,1263605,1263605,240,0,0
255100260,37508,1263845,1263845,240,0,0
255110243,37510,1264085,1264085,240,0,0
255120228,37511,1264325,1264325,240,0,0
255130227,37513,1264565,1264565,240,0,0
255140223,37514,1264805,1264805,240,0,0
255150223,37516,1265045,1265045,240,0,0
255160227,37517,1265285,1265285,240,0,0
255170218,37519,1265525,1265525,240,0,0
255180219,37520,1265765,1265765,240,0,0
255190226,37522,1266005,1266005,240,0,0
255200238,37523,1266245,1266245,240,0,0
255210636,37525,1266495,1266495,240,10,0
255220202,37526,1266724,1266735,240,0,11
255230214,37528,1266964,1266964,240,0,0
255240185,37529,1267204,1267204,240,0,0
255250217,37531,1267444,1267444,240,0,0
255260198,37532,1267684,1267684,240,0,0
255270219,37534,1267924,1267924,240,0,0
255280055,37535,1268161,1268164,240,0,3
255290198,37537,1268404,1268404,240,3,0
255300201,37538,1268644,1268644,240,0,0
255310177,37540,1268884,1268884,240,0,0
255320212,37541,1269124,1269124,240,0,0
255330212,37543,1269364,1269364,240,0,0
255340208,37544,1269604,1269604,240,0,0
255350210,37546,1269844,1269844,240,0,0
255360210,37547,1270084,1270084,240,0,0
255370217,37549,1270324,1270324,240,0,0
255380210,37550,1270564,1270564,240,0,0
255390223,37552,1270804,1270804,240,0,0
255400264,37553,1271044,1271044,240,0,0
255410357,37555,1271288,1271288,240,4,0
255420212,37556,1271525,1271528,240,0,3
255430185,37558,1271765,1271765,240,0,0
255440208,37559,1272005,1272005,240,0,0
255450221,37561,1272245,1272245,240,0,0
255460213,37562,1272485,1272485,240,0,0
255470223,37564,1272725,1272725,240,0,0
255480208,37565,1272965,1272965,240,0,0
255490215,37567,1273205,1273205,240,0,0
255500212,37568,1273445,1273445,240,0,0
255510318,37570,1273685,1273685,240,0,0
255520229,37571,1273925,1273925,240,0,0
255530231,37573,1274165,1274165,240,0,0
255540229,37574,1274405,1274405,240,0,0
255550229,37576,1274645,1274645,240,0,0
255560226,37577,1274885,1274885,240,0,0
255570224,37579,1275125,1275125,240,0,0
255580232,37580,1275365,1275365,240,0,0
255590155,37582,1275605,1275605,240,0,0
255600217,37583,1275845,1275845,240,0,0
255610241,37585,1276085,1276085,240,0,0
255620272,37586,1276325,1276325,240,0,0
255630205,37588,1276565,1276565,240,0,0
255640225,37589,1276805,1276805,240,0,0
255650213,37591,1277045,1277045,240,0,0
255660228,37592,1277285,1277285,240,0,0
255670220,37594,1277525,1277525,240,0,0
255680228,37595,1277765,1277765,240,0,0
255690206,37597,1278005,1278005,240,0,0
255700226,37598,1278245,1278245,240,0,0
255710214,37600,1278485,1278485,240,0,0
255720243,37601,1278725,1278725,240,0,0
255730239,37603,1278965,1278965,240,0,0
255740226,37604,1279205,1279205,240,0,0
255750223,37606,1279445,1279445,240,0,0
255760225,37607,1279685,1279685,240,0,0
255770232,37609,1279925,1279925,240,0,0
255780275,37610,1280165,1280165,240,0,0
255790240,37612,1280405,1280405,240,0,0
255800237,37613,1280645,1280645,240,0,0
255810234,37615,1280885,1280885,240,0,0
255820070,37616,1281121,1281125,240,0,4
255830243,37618,1281365,1281365,240,4,0
255840174,37619,1281605,1281605,240,0,0
255850225,37621,1281845,1281845,240,0,0
255860205,37622,1282085,1282085,240,0,0
255870213,37624,1282325,1282325,240,0,0
255880208,37625,1282565,1282565,240,0,0
255890219,37627,1282805,1282805,240,0,0
255900205,37628,1283045,1283045,240,0,0
255910350,37631,1283288,1283288,240,3,0
255920077,37632,1283521,1283528,240,0,7
255930196,37634,1283764,1283764,240,3,0
255940196,37635,1284004,1284004,240,0,0
255950204,37637,1284244,1284244,240,0,0
255960209,37638,1284484,1284484,240,0,0
255970205,37640,1284724,1284724,240,0,0
255980268,37641,1284964,1284964,240,0,0
255990219,37643,1285204,1285204,240,0,0
256000241,37644,1285444,1285444,240,0,0
256010217,37646,1285684,1285684,240,0,0
256020301,37647,1285927,1285927,240,3,0
256030246,37649,1286167,1286167,240,0,0
256040233,37650,1286407,1286407,240,0,0
256050230,37652,1286647,1286647,240,0,0
256060237,37653,1286887,1286887,240,0,0
256070232,37655,1287127,1287127,240,0,0
256080233,37656,1287367,1287367,240,0,0
256090231,37658,1287607,1287607,240,0,0
256100222,37659,1287847,1287847,240,0,0
256110229,37661,1288087,1288087,240,0,0
256120613,37662,1288334,1288334,240,7,0
256130368,37664,1288568,1288574,240,0,6
256140239,37665,1288805,1288808,240,0,3
256150236,37667,1289045,1289045,240,0,0
256160233,37668,1289285,1289285,240,0,0
256170229,37670,1289525,1289525,240,0,0
256180231,37671,1289765,1289765,240,0,0
256190230,37673,1290005,1290005,240,0,0
256200226,37674,1290245,1290245,240,0,0
256210224,37676,1290485,1290485,240,0,0
256220230,37677,1290725,1290725,240,0,0
256230130,37679,1290965,1290965,240,0,0
256240251,37680,1291205,1291205,240,0,0
256250213,37682,1291445,1291445,240,0,0
256260215,37683,1291685,1291685,240,0,0
256270213,37685,1291925,1291925,240,0,0
256280227,37686,1292165,1292165,240,0,0
256290212,37688,1292405,1292405,240,0,0
256300229,37689,1292645,1292645,240,0,0
256310211,37691,1292885,1292885,240,0,0
256320281,37692,1293125,1293125,240,0,0
256330260,37694,1293365,1293365,240,0,0
256340234,37695,1293605,1293605,240,0,0
256350223,37697,1293845,1293845,240,0,0
256360229,37698,1294085,1294085,240,0,0
256370216,37700,1294325,1294325,240,0,0
256380225,37701,1294565,1294565,240,0,0
256390215,37703,1294805,1294805,240,0,0
256400284,37704,1295045,1295045,240,0,0
256410240,37706,1295285,1295285,240,0,0
256420239,37707,1295525,1295525,240,0,0
256430228,37709,1295765,1295765,240,0,0
256440253,37710,1296005,1296005,240,0,0
256450213,37712,1296245,1296245,240,0,0
256460229,37713,1296485,1296485,240,0,0
256470219,37715,1296725,1296725,240,0,0
256480228,37716,1296965,1296965,240,0,0
256490213,37718,1297205,1297205,240,0,0
256500223,37719,1297445,1297445,240,0,0
256510254,37721,1297685,1297685,240,0,0
256520224,37722,1297925,1297925,240,0,0
256530354,37724,1298168,1298168,240,3,0
256540219,37725,1298405,1298408,240,0,3
256550167,37727,1298645,1298645,240,0,0
256560229,37728,1298885,1298885,240,0,0
256570189,37730,1299125,1299125,240,0,0
256580228,37731,1299365,1299365,240,0,0
256590198,37733,1299605,1299605,240,0,0
256600233,37734,1299845,1299845,240,0,0
256610190,37736,1300085,1300085,240,0,0
256620231,37737,1300325,1300325,240,0,0
256630184,37739,1300565,1300565,240,0,0
256640745,37740,1300817,1300817,240,12,0
256650200,37742,1301044,1301057,240,0,13
256660199,37743,1301284,1301284,240,0,0
256670186,37745,1301524,1301524,240,0,0
256680215,37746,1301764,1301764,240,0,0
256690206,37748,1302004,1302004,240,0,0
256700209,37749,1302244,1302244,240,0,0
256710255,37751,1302484,1302484,240,0,0
256720206,37752,1302724,1302724,240,0,0
256730193,37754,1302964,1302964,240,0,0
256740270,37755,1303204,1303204,240,0,0
256750226,37757,1303444,1303444,240,0,0
256760221,37758,1303684,1303684,240,0,0
256770217,37760,1303924,1303924,240,0,0
256780218,37761,1304164,1304164,240,0,0
256790216,37763,1304404,1304404,240,0,0
256800214,37764,1304644,1304644,240,0,0
256810224,37766,1304884,1304884,240,0,0
256820769,37767,1305138,1305138,240,14,0
256830333,37769,1305368,1305378,240,0,10
256840271,37770,1305608,1305608,240,0,0
256850279,37772,1305848,1305848,240,0,0
256860253,37773,1306088,1306088,240,0,0
256870217,37775,1306325,1306328,240,0,3
256880217,37776,1306565,1306565,240,0,0
256890217,37778,1306805,1306805,240,0,0
256900219,37779,1307045,1307045,240,0,0
256910215,37781,1307285,1307285,240,0,0
256920218,37782,1307525,1307525,240,0,0
256930222,37784,1307765,1307765,240,0,0
256940225,37785,1308005,1308005,240,0,0
256950268,37787,1308245,1308245,240,0,0
256960215,37788,1308485,1308485,240,0,0
256970226,37790,1308725,1308725,240,0,0
256980209,37791,1308965,1308965,240,0,0
256990226,37793,1309205,1309205,240,0,0
257000214,37794,1309445,1309445,240,0,0
257010223,37796,1309685,1309685,240,0,0
257020206,37797,1309925,1309925,240,0,0
257030226,37799,1310165,1310165,240,0,0
257040214,37800,1310405,1310405,240,0,0
257050500,37802,1310652,1310652,240,7,0
257060209,37803,1310885,1310892,240,0,7
257070180,37805,1311125,1311125,240,0,0
257080223,37806,1311365,1311365,240,0,0
257090189,37808,1311605,1311605,240,0,0
257100219,37809,1311845,1311845,240,0,0
257110198,37811,1312085,1312085,240,0,0
257120220,37812,1312325,1312325,240,0,0
257130191,37814,1312565,1312565,240,0,0
257140622,37815,1312815,1312815,240,10,0
257150254,37817,1313046,1313055,240,0,9
257160222,37818,1313286,1313286,240,0,0
257170266,37820,1313526,1313526,240,0,0
257180204,37821,1313766,1313766,240,0,0
257190229,37823,1314006,1314006,240,0,0
257200210,37824,1314246,1314246,240,0,0
257210231,37826,1314486,1314486,240,0,0
257220214,37827,1314726,1314726,240,0,0
257230230,37829,1314966,1314966,240,0,0
257240211,37830,1315206,1315206,240,0,0
257250258,37832,1315446,1315446,240,0,0
257260304,37833,1315686,1315686,240,0,0
257270246,37835,1315926,1315926,240,0,0
257280255,37836,1316166,1316166,240,0,0
257290222,37838,1316406,1316406,240,0,0
257300249,37839,1316646,1316646,240,0,0
257310242,37841,1316886,1316886,240,0,0
257320237,37842,1317126,1317126,240,0,0
257330241,37844,1317366,1317366,240,0,0
257340246,37845,1317606,1317606,240,0,0
257350285,37847,1317846,1317846,240,0,0
257360263,37848,1318086,1318086,240,0,0
257370258,37850,1318326,1318326,240,0,0
257380290,37851,1318566,1318566,240,0,0
257390243,37853,1318806,1318806,240,0,0
257400301,37854,1319046,1319046,240,0,0
257410274,37856,1319286,1319286,240,0,0
257420243,37857,1319526,1319526,240,0,0
257430240,37859,1319766,1319766,240,0,0
257440243,37860,1320006,1320006,240,0,0
257450245,37862,1320246,1320246,240,0,0
257460060,37863,1320481,1320486,240,0,5
257470253,37865,1320726,1320726,240,5,0
257480264,37866,1320966,1320966,240,0,0
257490243,37868,1321206,1321206,240,0,0
257500233,37869,1321446,1321446,240,0,0
257510232,37871,1321686,1321686,240,0,0
257520233,37872,1321926,1321926,240,0,0
257530235,37874,1322166,1322166,240,0,0
257540227,37875,1322406,1322406,240,0,0
257550238,37877,1322646,1322646,240,0,0
257560245,37878,1322886,1322886,240,0,0
257570219,37880,1323126,1323126,240,0,0
257580320,37881,1323366,1323366,240,0,0
257590197,37883,1323606,1323606,240,0,0
257600219,37884,1323846,1323846,240,0,0
257610217,37886,1324086,1324086,240,0,0
257620217,37887,1324326,1324326,240,0,0
257630213,37889,1324566,1324566,240,0,0
257640223,37890,1324806,1324806,240,0,0
257650207,37892,1325046,1325046,240,0,0
257660201,37893,1325286,1325286,240,0,0
257670252,37895,1325526,1325526,240,0,0
257680228,37896,1325766,1325766,240,0,0
257690222,37898,1326006,1326006,240,0,0
257700227,37899,1326246,1326246,240,0,0
257710232,37901,1326486,1326486,240,0,0
257720225,37902,1326726,1326726,240,0,0
257730232,37904,1326966,1326966,240,0,0
257740305,37905,1327206,1327206,240,0,0
257750217,37907,1327446,1327446,240,0,0
257760280,37908,1327686,1327686,240,0,0
257770265,37910,1327926,1327926,240,0,0
257780244,37911,1328166,1328166,240,0,0
257790221,37913,1328406,1328406,240,0,0
257800243,37914,1328646,1328646,240,0,0
257810231,37916,1328886,1328886,240,0,0
257820243,37917,1329126,1329126,240,0,0
257830230,37919,1329366,1329366,240,0,0
257840236,37920,1329606,1329606,240,0,0
257850244,37922,1329846,1329846,240,0,0
257860199,37923,1330086,1330086,240,0,0
257870182,37925,1330326,1330326,240,0,0
257880153,37926,1330563,1330566,240,0,3
257890164,37928,1330803,1330803,240,0,0
257900201,37929,1331043,1331043,240,0,0
257910236,37932,1331283,1331283,240,0,0
257920053,37933,1331523,1331523,240,0,0
257930209,37935,1331763,1331763,240,0,0
257940204,37936,1332003,1332003,240,0,0
257950207,37938,1332243,1332243,240,0,0
257960204,37939,1332483,1332483,240,0,0
257970331,37941,1332728,1332728,240,5,0
257980227,37942,1332965,1332968,240,0,3
257990235,37944,1333205,1333205,240,0,0
258000211,37945,1333445,1333445,240,0,0
258010236,37947,1333685,1333685,240,0,0
258020246,37948,1333925,1333925,240,0,0
258030213,37950,1334165,1334165,240,0,0
258040216,37951,1334405,1334405,240,0,0
258050238,37953,1334645,1334645,240,0,0
258060208,37954,1334885,1334885,240,0,0
258070268,37956,1335125,1335125,240,0,0
258080237,37957,1335365,1335365,240,0,0
258090345,37959,1335608,1335608,240,3,0
258100257,37960,1335848,1335848,240,0,0
258110281,37962,1336088,1336088,240,0,0
258120245,37963,1336325,1336328,240,0,3
258130231,37965,1336565,1336565,240,0,0
258140229,37966,1336805,1336805,240,0,0
258150225,37968,1337045,1337045,240,0,0
258160235,37969,1337285,1337285,240,0,0
258170255,37971,1337525,1337525,240,0,0
258180745,37972,1337777,1337777,240,12,0
258190072,37974,1338001,1338017,240,0,16
258200026,37975,1338241,1338241,240,0,0
258210207,37977,1338485,1338485,240,4,0
258220182,37978,1338725,1338725,240,0,0
258230198,37980,1338965,1338965,240,0,0
258240223,37981,1339205,1339205,240,0,0
258250202,37983,1339445,1339445,240,0,0
258260202,37984,1339685,1339685,240,0,0
258270221,37986,1339925,1339925,240,0,0
258280103,37987,1340162,1340165,240,0,3
258290224,37989,1340405,1340405,240,3,0
258300210,37990,1340645,1340645,240,0,0
258310227,37992,1340885,1340885,240,0,0
258320208,37993,1341125,1341125,240,0,0
258330233,37995,1341365,1341365,240,0,0
258340216,37996,1341605,1341605,240,0,0
258350230,37998,1341845,1341845,240,0,0
258360212,37999,1342085,1342085,240,0,0
258370224,38001,1342325,1342325,240,0,0
258381242,38002,1342589,1342589,240,24,0
258390240,38004,1342805,1342829,240,0,24
258400258,38005,1343045,1343045,240,0,0
258410213,38007,1343285,1343285,240,0,0
258420171,38008,1343525,1343525,240,0,0
258430241,38010,1343765,1343765,240,0,0
258440179,38011,1344005,1344005,240,0,0
258450215,38013,1344245,1344245,240,0,0
258460172,38014,1344485,1344485,240,0,0
258470221,38016,1344725,1344725,240,0,0
258480257,38017,1344965,1344965,240,0,0
258490222,38019,1345205,1345205,240,0,0
258500218,38020,1345445,1345445,240,0,0
258510244,38022,1345685,1345685,240,0,0
258520211,38023,1345925,1345925,240,0,0
258530220,38025,1346165,1346165,240,0,0
258540214,38026,1346405,1346405,240,0,0
258550212,38028,1346645,1346645,240,0,0
258560238,38029,1346885,1346885,240,0,0
258570226,38031,1347125,1347125,240,0,0
258580249,38032,1347365,1347365,240,0,0
258590251,38034,1347605,1347605,240,0,0
258600202,38035,1347845,1347845,240,0,0
258610247,38037,1348085,1348085,240,0,0
258620210,38038,1348325,1348325,240,0,0
258630220,38040,1348565,1348565,240,0,0
258640206,38041,1348805,1348805,240,0,0
258650218,38043,1349045,1349045,240,0,0
258660203,38044,1349285,1349285,240,0,0
258670216,38046,1349525,1349525,240,0,0
258680202,38047,1349765,1349765,240,0,0
258690173,38049,1350005,1350005,240,0,0
258700213,38050,1350245,1350245,240,0,0
258710214,38052,1350485,1350485,240,0,0
258720196,38053,1350725,1350725,240,0,0
258730226,38055,1350965,1350965,240,0,0
258740210,38056,1351205,1351205,240,0,0
258750222,38058,1351445,1351445,240,0,0
258760208,38059,1351685,1351685,240,0,0
258770220,38061,1351925,1351925,240,0,0
258780211,38062,1352165,1352165,240,0,0
258790164,38064,1352405,1352405,240,0,0
258800214,38065,1352645,1352645,240,0,0
258810216,38067,1352885,1352885,240,0,0
258820209,38068,1353125,1353125,240,0,0
258830219,38070,1353365,1353365,240,0,0
258840206,38071,1353605,1353605,240,0,0
258850275,38073,1353845,1353845,240,0,0
258860225,38074,1354085,1354085,240,0,0
258870231,38076,1354325,1354325,240,0,0
258880208,38077,1354565,1354565,240,0,0
258890277,38079,1354805,1354805,240,0,0
258900230,38080,1355045,1355045,240,0,0
258910234,38082,1355285,1355285,240,0,0
258920211,38083,1355525,1355525,240,0,0
258930238,38085,1355765,1355765,240,0,0
258940214,38086,1356005,1356005,240,0,0
258950231,38088,1356245,1356245,240,0,0
258960212,38089,1356485,1356485,240,0,0
258970238,38091,1356725,1356725,240,0,0
258980216,38092,1356965,1356965,240,0,0
258990248,38094,1357205,1357205,240,0,0
259000232,38095,1357445,1357445,240,0,0
259010240,38097,1357685,1357685,240,0,0
259020218,38098,1357925,1357925,240,0,0
259030233,38100,1358165,1358165,240,0,0
259040218,38101,1358405,1358405,240,0,0
259050230,38103,1358645,1358645,240,0,0
259060237,38104,1358885,1358885,240,0,0
259070231,38106,1359125,1359125,240,0,0
259080210,38107,1359365,1359365,240,0,0
259090391,38109,1359609,1359609,240,4,0
259100043,38110,1359841,1359849,240,0,8
259110214,38112,1360085,1360085,240,4,0
259120186,38113,1360325,1360325,240,0,0
259130205,38115,1360565,1360565,240,0,0
259140185,38116,1360805,1360805,240,0,0
259150211,38118,1361045,1361045,240,0,0
259160254,38119,1361285,1361285,240,0,0
259170210,38121,1361525,1361525,240,0,0
259180216,38122,1361765,1361765,240,0,0
259190211,38124,1362005,1362005,240,0,0
259200090,38125,1362242,1362245,240,0,3
259210213,38127,1362485,1362485,240,3,0
259220288,38128,1362725,1362725,240,0,0
259230236,38130,1362965,1362965,240,0,0
259240219,38131,1363205,1363205,240,0,0
259250224,38133,1363445,1363445,240,0,0
259260219,38134,1363685,1363685,240,0,0
259270223,38136,1363925,1363925,240,0,0
259280213,38137,1364165,1364165,240,0,0
259290227,38139,1364405,1364405,240,0,0
259300255,38140,1364645,1364645,240,0,0
259310233,38142,1364885,1364885,240,0,0
259320033,38143,1365120,1365125,240,0,5
259330256,38145,1365366,1365366,240,6,0
259340233,38146,1365606,1365606,240,0,0
259350257,38148,1365846,1365846,240,0,0
259360232,38149,1366086,1366086,240,0,0
259370229,38151,1366326,1366326,240,0,0
259380196,38152,1366566,1366566,240,0,0
259390222,38154,1366806,1366806,240,0,0
259400634,38155,1367055,1367055,240,9,0
259410304,38157,1367287,1367295,240,0,8
259420244,38158,1367527,1367527,240,0,0
259430243,38160,1367767,1367767,240,0,0
259440230,38161,1368007,1368007,240,0,0
259450239,38163,1368247,1368247,240,0,0
259460223,38164,1368487,1368487,240,0,0
259470228,38166,1368727,1368727,240,0,0
259480241,38167,1368967,1368967,240,0,0
259490244,38169,1369207,1369207,240,0,0
259500272,38170,1369447,1369447,240,0,0
259511016,38172,1369704,1369704,240,17,0
259520180,38173,1369924,1369944,240,0,20
259530213,38175,1370164,1370164,240,0,0
259540228,38176,1370404,1370404,240,0,0
259550210,38178,1370644,1370644,240,0,0
259560220,38179,1370884,1370884,240,0,0
259570214,38181,1371124,1371124,240,0,0
259580224,38182,1371364,1371364,240,0,0
259590218,38184,1371604,1371604,240,0,0
259600217,38185,1371844,1371844,240,0,0
259610593,38187,1372094,1372094,240,10,0
259620205,38188,1372325,1372334,240,0,9
259630197,38190,1372565,1372565,240,0,0
259640195,38191,1372805,1372805,240,0,0
259650196,38193,1373045,1373045,240,0,0
259660202,38194,1373285,1373285,240,0,0
259670227,38196,1373525,1373525,240,0,0
259680205,38197,1373765,1373765,240,0,0
259690231,38199,1374005,1374005,240,0,0
259700034,38200,1374240,1374245,240,0,5
259710250,38202,1374486,1374486,240,6,0
259720221,38203,1374726,1374726,240,0,0
259730094,38205,1374962,1374966,240,0,4
259740281,38206,1375206,1375206,240,4,0
259750187,38208,1375446,1375446,240,0,0
259760189,38209,1375686,1375686,240,0,0
259770216,38211,1375926,1375926,240,0,0
259780198,38212,1376166,1376166,240,0,0
259790215,38214,1376406,1376406,240,0,0
259800195,38215,1376646,1376646,240,0,0
259810263,38217,1376886,1376886,240,0,0
259820215,38218,1377126,1377126,240,0,0
259830228,38220,1377366,1377366,240,0,0
259840208,38221,1377606,1377606,240,0,0
259850237,38223,1377846,1377846,240,0,0
259860228,38224,1378086,1378086,240,0,0
259870226,38226,1378326,1378326,240,0,0
259880224,38227,1378566,1378566,240,0,0
259890230,38229,1378806,1378806,240,0,0
259900220,38230,1379046,1379046,240,0,0
259910246,38232,1379286,1379286,240,0,0
259920057,38234,1379521,1379526,240,0,5
259930218,38236,1379765,1379765,240,4,0
259940186,38237,1380005,1380005,240,0,0
259950186,38239,1380245,1380245,240,0,0
259960203,38240,1380485,1380485,240,0,0
259970194,38242,1380725,1380725,240,0,0
259980205,38243,1380965,1380965,240,0,0
259990196,38245,1381205,1381205,240,0,0
260000197,38246,1381445,1381445,240,0,0
260010197,38248,1381685,1381685,240,0,0
260020234,38249,1381925,1381925,240,0,0
260030227,38251,1382165,1382165,240,0,0
260040204,38252,1382405,1382405,240,0,0
260050203,38254,1382645,1382645,240,0,0
260060209,38255,1382885,1382885,240,0,0
260070200,38257,1383125,1383125,240,0,0
260080200,38258,1383365,1383365,240,0,0
260090253,38260,1383605,1383605,240,0,0
260100221,38261,1383845,1383845,240,0,0
260110220,38263,1384085,1384085,240,0,0
260120068,38264,1384321,1384325,240,0,4
260130228,38266,1384565,1384565,240,4,0
260140044,38267,1384801,1384805,240,0,4
260150203,38269,1385044,1385044,240,3,0
260160223,38270,1385284,1385284,240,0,0
260170219,38272,1385524,1385524,240,0,0
260180211,38273,1385764,1385764,240,0,0
260190223,38275,1386004,1386004,240,0,0
260200217,38276,1386244,1386244,240,0,0
260210217,38278,1386484,1386484,240,0,0
260220269,38279,1386724,1386724,240,0,0
260230236,38281,1386964,1386964,240,0,0
260240265,38282,1387204,1387204,240,0,0
260250233,38284,1387444,1387444,240,0,0
260260228,38285,1387684,1387684,240,0,0
260270218,38287,1387924,1387924,240,0,0
260280227,38288,1388164,1388164,240,0,0
260290218,38290,1388404,1388404,240,0,0
260300212,38291,1388644,1388644,240,0,0
260310207,38293,1388884,1388884,240,0,0
260320250,38294,1389124,1389124,240,0,0
260330086,38296,1389364,1389364,240,0,0
260340246,38297,1389604,1389604,240,0,0
260350239,38299,1389844,1389844,240,0,0
260360227,38300,1390084,1390084,240,0,0
260370218,38302,1390324,1390324,240,0,0
260380230,38303,1390564,1390564,240,0,0
260390218,38305,1390804,1390804,240,0,0
260400034,38306,1391040,1391044,240,0,4
260410210,38308,1391285,1391285,240,5,0
260420226,38309,1391525,1391525,240,0,0
260430272,38311,1391765,1391765,240,0,0
260440226,38312,1392005,1392005,240,0,0
260450228,38314,1392245,1392245,240,0,0
260460217,38315,1392485,1392485,240,0,0
260470224,38317,1392725,1392725,240,0,0
260480212,38318,1392965,1392965,240,0,0
260490221,38320,1393205,1393205,240,0,0
260500219,38321,1393445,1393445,240,0,0
260510218,38323,1393685,1393685,240,0,0
260520215,38324,1393925,1393925,240,0,0
260530320,38326,1394165,1394165,240,0,0
260540240,38327,1394405,1394405,240,0,0
260550190,38329,1394645,1394645,240,0,0
260560200,38330,1394885,1394885,240,0,0
260570221,38332,1395125,1395125,240,0,0
260580213,38333,1395365,1395365,240,0,0
260590222,38335,1395605,1395605,240,0,0
260600204,38336,1395845,1395845,240,0,0
260610218,38338,1396085,1396085,240,0,0
260620043,38339,1396321,1396325,240,0,4
260630240,38341,1396565,1396565,240,4,0
260640242,38342,1396805,1396805,240,0,0
260650225,38344,1397045,1397045,240,0,0
260660208,38345,1397285,1397285,240,0,0
260670248,38347,1397525,1397525,240,0,0
260680210,38348,1397765,1397765,240,0,0
260690226,38350,1398005,1398005,240,0,0
260700196,38351,1398245,1398245,240,0,0
260710221,38353,1398485,1398485,240,0,0
260720207,38354,1398725,1398725,240,0,0
260730276,38356,1398965,1398965,240,0,0
260740227,38357,1399205,1399205,240,0,0
260750235,38359,1399445,1399445,240,0,0
260760207,38360,1399685,1399685,240,0,0
260770239,38362,1399925,1399925,240,0,0
260780214,38363,1400165,1400165,240,0,0
260790233,38365,1400405,1400405,240,0,0
260800219,38366,1400645,1400645,240,0,0
260810265,38368,1400885,1400885,240,0,0
260820213,38369,1401125,1401125,240,0,0
260830248,38371,1401365,1401365,240,0,0
260840093,38372,1401602,1401605,240,0,3
260850236,38374,1401845,1401845,240,3,0
260860231,38375,1402085,1402085,240,0,0
260870280,38377,1402325,1402325,240,0,0
260880213,38378,1402565,1402565,240,0,0
260890219,38380,1402805,1402805,240,0,0
260900218,38381,1403045,1403045,240,0,0
260910223,38383,1403285,1403285,240,0,0
260920214,38384,1403525,1403525,240,0,0
260930220,38386,1403765,1403765,240,0,0
260940142,38387,1404005,1404005,240,0,0
260950223,38389,1404245,1404245,240,0,0
260960262,38390,1404485,1404485,240,0,0
260970209,38392,1404725,1404725,240,0,0
260980220,38393,1404965,1404965,240,0,0
260990235,38395,1405205,1405205,240,0,0
261000221,38396,1405445,1405445,240,0,0
261010238,38398,1405685,1405685,240,0,0
261020221,38399,1405925,1405925,240,0,0
261030228,38401,1406165,1406165,240,0,0
261040262,38402,1406405,1406405,240,0,0
261050274,38404,1406645,1406645,240,0,0
261060225,38405,1406885,1406885,240,0,0
261070230,38407,1407125,1407125,240,0,0
261080229,38408,1407365,1407365,240,0,0
261090231,38410,1407605,1407605,240,0,0
261100225,38411,1407845,1407845,240,0,0
261110228,38413,1408085,1408085,240,0,0
261120224,38414,1408325,1408325,240,0,0
261130229,38416,1408565,1408565,240,0,0
261140257,38417,1408805,1408805,240,0,0
261150267,38419,1409045,1409045,240,0,0
261160236,38420,1409285,1409285,240,0,0
261170239,38422,1409525,1409525,240,0,0
261180226,38423,1409765,1409765,240,0,0
261190230,38425,1410005,1410005,240,0,0
261200231,38426,1410245,1410245,240,0,0
261210238,38428,1410485,1410485,240,0,0
261220229,38429,1410725,1410725,240,0,0
261230235,38431,1410965,1410965,240,0,0
261240232,38432,1411205,1411205,240,0,0
261250269,38434,1411445,1411445,240,0,0
261260223,38435,1411685,1411685,240,0,0
261270234,38437,1411925,1411925,240,0,0
261280242,38438,1412165,1412165,240,0,0
261290232,38440,1412405,1412405,240,0,0
261300220,38441,1412645,1412645,240,0,0
261310224,38443,1412885,1412885,240,0,0
261320052,38444,1413121,1413125,240,0,4
261330193,38446,1413364,1413364,240,3,0
261340214,38447,1413604,1413604,240,0,0
261350261,38449,1413844,1413844,240,0,0
261360230,38450,1414084,1414084,240,0,0
261370214,38452,1414324,1414324,240,0,0
261380218,38453,1414564,1414564,240,0,0
261390224,38455,1414804,1414804,240,0,0
261400291,38456,1415047,1415047,240,3,0
261410265,38458,1415287,1415287,240,0,0
261420267,38459,1415527,1415527,240,0,0
261430234,38461,1415767,1415767,240,0,0
261440264,38462,1416007,1416007,240,0,0
261450300,38464,1416247,1416247,240,0,0
261460255,38465,1416487,1416487,240,0,0
261470227,38467,1416727,1416727,240,0,0
261480237,38468,1416967,1416967,240,0,0
261490238,38470,1417207,1417207,240,0,0
261500218,38471,1417447,1417447,240,0,0
261510222,38473,1417687,1417687,240,0,0
261520235,38474,1417927,1417927,240,0,0
261530232,38476,1418167,1418167,240,0,0
261540222,38477,1418407,1418407,240,0,0
261550257,38479,1418647,1418647,240,0,0
261560492,38480,1418891,1418891,240,4,0
261570231,38482,1419125,1419131,240,0,6
261580266,38483,1419365,1419365,240,0,0
261590224,38485,1419605,1419605,240,0,0
261600231,38486,1419845,1419845,240,0,0
261610220,38488,1420085,1420085,240,0,0
261620233,38489,1420325,1420325,240,0,0
261630226,38491,1420565,1420565,240,0,0
261640231,38492,1420805,1420805,240,0,0
261650389,38494,1421049,1421049,240,4,0
261660258,38495,1421286,1421289,240,0,3
261670221,38497,1421526,1421526,240,0,0
261680264,38498,1421766,1421766,240,0,0
261690220,38500,1422006,1422006,240,0,0
261700230,38501,1422246,1422246,240,0,0
261710214,38503,1422486,1422486,240,0,0
261720225,38504,1422726,1422726,240,0,0
261730241,38506,1422966,1422966,240,0,0
261740234,38507,1423206,1423206,240,0,0
261750215,38509,1423446,1423446,240,0,0
261760388,38510,1423689,1423689,240,3,0
261770257,38512,1423926,1423929,240,0,3
261780272,38513,1424166,1424166,240,0,0
261790236,38515,1424406,1424406,240,0,0
261800240,38516,1424646,1424646,240,0,0
261810241,38518,1424886,1424886,240,0,0
261820245,38519,1425126,1425126,240,0,0
261830242,38521,1425366,1425366,240,0,0
261840243,38522,1425606,1425606,240,0,0
261850254,38524,1425846,1425846,240,0,0
261860271,38525,1426086,1426086,240,0,0
261870241,38527,1426326,1426326,240,0,0
261880143,38528,1426563,1426566,240,0,3
261890249,38530,1426806,1426806,240,3,0
261900247,38531,1427046,1427046,240,0,0
261910241,38533,1427286,1427286,240,0,0
261920240,38535,1427526,1427526,240,0,0
261930230,38537,1427766,1427766,240,0,0
261940242,38538,1428006,1428006,240,0,0
261950237,38540,1428246,1428246,240,0,0
261960285,38541,1428486,1428486,240,0,0
261970250,38543,1428726,1428726,240,0,0
261980278,38544,1428966,1428966,240,0,0
261990240,38546,1429206,1429206,240,0,0
262000267,38547,1429446,1429446,240,0,0
262010249,38549,1429686,1429686,240,0,0
262020246,38550,1429926,1429926,240,0,0
262030229,38552,1430166,1430166,240,0,0
262040240,38553,1430406,1430406,240,0,0
262050245,38555,1430646,1430646,240,0,0
262060392,38556,1430889,1430889,240,3,0
262070112,38558,1431122,1431129,240,0,7
262080262,38559,1431366,1431366,240,4,0
262090228,38561,1431606,1431606,240,0,0
262100227,38562,1431846,1431846,240,0,0
262110227,38564,1432086,1432086,240,0,0
262120211,38565,1432326,1432326,240,0,0
262130210,38567,1432566,1432566,240,0,0
262140214,38568,1432806,1432806,240,0,0
262150249,38570,1433046,1433046,240,0,0
262160222,38571,1433286,1433286,240,0,0
262170603,38573,1433534,1433534,240,8,0
262180205,38574,1433765,1433774,240,0,9
262190080,38576,1434002,1434005,240,0,3
262200208,38577,1434245,1434245,240,3,0
262210189,38579,1434485,1434485,240,0,0
262220196,38580,1434725,1434725,240,0,0
262230197,38582,1434965,1434965,240,0,0
262240217,38583,1435205,1435205,240,0,0
262250219,38585,1435445,1435445,240,0,0
262260208,38586,1435685,1435685,240,0,0
262270285,38588,1435925,1435925,240,0,0
262280504,38589,1436172,1436172,240,7,0
262290211,38591,1436405,1436412,240,0,7
262300207,38592,1436645,1436645,240,0,0
262310200,38594,1436885,1436885,240,0,0
262320246,38595,1437125,1437125,240,0,0
262330186,38597,1437365,1437365,240,0,0
262340213,38598,1437605,1437605,240,0,0
262350198,38600,1437845,1437845,240,0,0
262360214,38601,1438085,1438085,240,0,0
262370292,38603,1438325,1438325,240,0,0
262380209,38604,1438565,1438565,240,0,0
262390242,38606,1438805,1438805,240,0,0
262400215,38607,1439045,1439045,240,0,0
262410260,38609,1439285,1439285,240,0,0
262420230,38610,1439525,1439525,240,0,0
262430223,38612,1439765,1439765,240,0,0
262440215,38613,1440005,1440005,240,0,0
262450222,38615,1440245,1440245,240,0,0
262460217,38616,1440485,1440485,240,0,0
262470272,38618,1440725,1440725,240,0,0
262480251,38619,1440965,1440965,240,0,0
262490222,38621,1441205,1441205,240,0,0
262500226,38622,1441445,1441445,240,0,0
262510220,38624,1441685,1441685,240,0,0
262520229,38625,1441925,1441925,240,0,0
262530227,38627,1442165,1442165,240,0,0
262540230,38628,1442405,1442405,240,0,0
262550224,38630,1442645,1442645,240,0,0
262560229,38631,1442885,1442885,240,0,0
262570230,38633,1443125,1443125,240,0,0
262580086,38634,1443362,1443365,240,0,3
262590228,38636,1443605,1443605,240,3,0
262600206,38637,1443845,1443845,240,0,0
262610201,38639,1444085,1444085,240,0,0
262620220,38640,1444325,1444325,240,0,0
262630253,38642,1444565,1444565,240,0,0
262640224,38643,1444805,1444805,240,0,0
262650220,38645,1445045,1445045,240,0,0
262660221,38646,1445285,1445285,240,0,0
262670222,38648,1445525,1445525,240,0,0
262680244,38649,1445765,1445765,240,0,0
262690217,38651,1446005,1446005,240,0,0
262700079,38652,1446242,1446245,240,0,3
262710211,38654,1446485,1446485,240,3,0
262720205,38655,1446725,1446725,240,0,0
262730240,38657,1446965,1446965,240,0,0
262740195,38658,1447205,1447205,240,0,0
262750205,38660,1447445,1447445,240,0,0
262760192,38661,1447685,1447685,240,0,0
262770202,38663,1447925,1447925,240,0,0
262780273,38664,1448165,1448165,240,0,0
262790244,38666,1448405,1448405,240,0,0
262800218,38667,1448645,1448645,240,0,0
262810270,38669,1448885,1448885,240,0,0
262820214,38670,1449125,1449125,240,0,0
262830260,38672,1449365,1449365,240,0,0
262840214,38673,1449605,1449605,240,0,0
262850259,38675,1449845,1449845,240,0,0
262860268,38676,1450085,1450085,240,0,0
262870235,38678,1450325,1450325,240,0,0
262880260,38679,1450565,1450565,240,0,0
262890317,38681,1450805,1450805,240,0,0
262900218,38682,1451045,1451045,240,0,0
262910220,38684,1451285,1451285,240,0,0
262920264,38685,1451525,1451525,240,0,0
262930227,38687,1451765,1451765,240,0,0
262940207,38688,1452005,1452005,240,0,0
262950207,38690,1452245,1452245,240,0,0
262960040,38691,1452481,1452485,240,0,4
262970205,38693,1452725,1452725,240,4,0
262980234,38694,1452965,1452965,240,0,0
262990286,38696,1453205,1453205,240,0,0
263000221,38697,1453445,1453445,240,0,0
263010254,38699,1453685,1453685,240,0,0
263020214,38700,1453925,1453925,240,0,0
263030220,38702,1454165,1454165,240,0,0
263040226,38703,1454405,1454405,240,0,0
263050211,38705,1454645,1454645,240,0,0
263060204,38706,1454885,1454885,240,0,0
263070250,38708,1455125,1455125,240,0,0
263080207,38709,1455365,1455365,240,0,0
263090276,38711,1455605,1455605,240,0,0
263100228,38712,1455845,1455845,240,0,0
263110293,38714,1456085,1456085,240,0,0
263120210,38715,1456325,1456325,240,0,0
263130217,38717,1456565,1456565,240,0,0
263140241,38718,1456805,1456805,240,0,0
263150219,38720,1457045,1457045,240,0,0
263160224,38721,1457285,1457285,240,0,0
263170212,38723,1457525,1457525,240,0,0
263180220,38724,1457765,1457765,240,0,0
263190276,38726,1458005,1458005,240,0,0
263200236,38727,1458245,1458245,240,0,0
263210215,38729,1458485,1458485,240,0,0
263220274,38730,1458725,1458725,240,0,0
263230225,38732,1458965,1458965,240,0,0
263240235,38733,1459205,1459205,240,0,0
263250233,38735,1459445,1459445,240,0,0
263260242,38736,1459685,1459685,240,0,0
263270249,38738,1459925,1459925,240,0,0
263280234,38739,1460165,1460165,240,0,0
263290222,38741,1460405,1460405,240,0,0
263300699,38742,1460656,1460656,240,11,0
263310223,38744,1460885,1460896,240,0,11
263320220,38745,1461125,1461125,240,0,0
263330223,38747,1461365,1461365,240,0,0
263340246,38748,1461605,1461605,240,0,0
263350221,38750,1461845,1461845,240,0,0
263360314,38751,1462085,1462085,240,0,0
263370263,38753,1462325,1462325,240,0,0
263380247,38754,1462565,1462565,240,0,0
263390232,38756,1462805,1462805,240,0,0
263400110,38757,1463042,1463045,240,0,3
263410270,38759,1463286,1463286,240,4,0
263420254,38760,1463526,1463526,240,0,0
263430220,38762,1463766,1463766,240,0,0
263440243,38763,1464006,1464006,240,0,0
263450221,38765,1464246,1464246,240,0,0
263460246,38766,1464486,1464486,240,0,0
5854255,4,1464768,1464768,240,42,0
5854886,5,1464783,1465008,240,0,225
5856007,6,1464810,1465023,240,0,213
5869491,9,1465134,1465134,240,84,0
5889111,12,1465605,1465605,240,231,0
5899760,13,1465860,1465860,240,15,0
5929395,18,1466572,1466572,240,472,0
5939423,19,1466812,1466812,240,0,0
5949275,21,1467049,1467052,240,0,3
5959025,22,1467283,1467289,240,0,6
5969488,24,1467534,1467534,240,11,0
6238865,64,1473999,1473999,240,6225,0
6249256,66,1474248,1474248,240,9,0
6259163,67,1474488,1474488,240,0,0
6269028,69,1474723,1474728,240,0,5
6278991,70,1474963,1474963,240,0,0
6288997,72,1475203,1475203,240,0,0
6299132,73,1475443,1475443,240,0,0
6309009,75,1475683,1475683,240,0,0
6319061,76,1475923,1475923,240,0,0
6329174,78,1476166,1476166,240,3,0
6339129,79,1476406,1476406,240,0,0
6349063,81,1476646,1476646,240,0,0
6359093,82,1476886,1476886,240,0,0
6369116,84,1477126,1477126,240,0,0
6379096,85,1477366,1477366,240,0,0
6389010,87,1477602,1477606,240,0,4
6398990,88,1477842,1477842,240,0,0
6408995,90,1478082,1478082,240,0,0
6419111,91,1478325,1478325,240,3,0
6429190,93,1478565,1478565,240,0,0
6439113,94,1478805,1478805,240,0,0
6449138,96,1479045,1479045,240,0,0
6458999,97,1479282,1479285,240,0,3
6469138,99,1479526,1479526,240,4,0
6479019,100,1479763,1479766,240,0,3
6489134,102,1480003,1480003,240,0,0
6499009,103,1480243,1480243,240,0,0
6508993,105,1480483,1480483,240,0,0
6519118,106,1480723,1480723,240,0,0
6529180,108,1480967,1480967,240,4,0
6539014,109,1481203,1481207,240,0,4
6548994,111,1481443,1481443,240,0,0
6559126,112,1481683,1481683,240,0,0
6569015,114,1481923,1481923,240,0,0
6578996,115,1482163,1482163,240,0,0
6589141,117,1482406,1482406,240,3,0
6599011,118,1482642,1482646,240,0,4
6609143,120,1482886,1482886,240,4,0
6619222,121,1483126,1483126,240,0,0
6629056,123,1483366,1483366,240,0,0
6639092,124,1483606,1483606,240,0,0
6649024,126,1483843,1483846,240,0,3
6659122,127,1484083,1484083,240,0,0
6669205,129,1484327,1484327,240,4,0
6679060,130,1484564,1484567,240,0,3
6689177,132,1484804,1484804,240,0,0
6699101,133,1485044,1485044,240,0,0
6709093,135,1485284,1485284,240,0,0
6719084,136,1485524,1485524,240,0,0
6729128,138,1485764,1485764,240,0,0
6739222,139,1486008,1486008,240,4,0
6749107,141,1486245,1486248,240,0,3
6759117,142,1486485,1486485,240,0,0
6769127,144,1486725,1486725,240,0,0
6779133,145,1486965,1486965,240,0,0
6789127,147,1487205,1487205,240,0,0
6799008,148,1487442,1487445,240,0,3
6809140,150,1487686,1487686,240,4,0
6819129,151,1487926,1487926,240,0,0
6829209,153,1488166,1488166,240,0,0
6839164,154,1488406,1488406,240,0,0
6849160,156,1488646,1488646,240,0,0
6859266,157,1488889,1488889,240,3,0
6869160,159,1489126,1489129,240,0,3
6879124,160,1489366,1489366,240,0,0
6889050,162,1489603,1489606,240,0,3
6898984,163,1489843,1489843,240,0,0
6909111,165,1490083,1490083,240,0,0
6919153,166,1490326,1490326,240,3,0
6929139,168,1490566,1490566,240,0,0
6939187,169,1490806,1490806,240,0,0
6949031,171,1491043,1491046,240,0,3
6958993,172,1491283,1491283,240,0,0
6969102,174,1491523,1491523,240,0,0
6979069,175,1491763,1491763,240,0,0
6989114,177,1492003,1492003,240,0,0
6999076,178,1492243,1492243,240,0,0
7009128,180,1492483,1492483,240,0,0
7019010,181,1492723,1492723,240,0,0
7029112,183,1492963,1492963,240,0,0
7039204,184,1493207,1493207,240,4,0
7049187,186,1493447,1493447,240,0,0
7059077,187,1493684,1493687,240,0,3
7069179,189,1493924,1493924,240,0,0
7079121,190,1494164,1494164,240,0,0
7089102,192,1494404,1494404,240,0,0
7099194,193,1494647,1494647,240,3,0
7109043,195,1494883,1494887,240,0,4
7119093,196,1495123,1495123,240,0,0
7129020,198,1495363,1495363,240,0,0
7139167,199,1495606,1495606,240,3,0
7149149,201,1495846,1495846,240,0,0
7159000,202,1496082,1496086,240,0,4
7169139,204,1496326,1496326,240,4,0
7179116,205,1496566,1496566,240,0,0
7189140,207,1496806,1496806,240,0,0
7199139,208,1497046,1497046,240,0,0
7209061,210,1497286,1497286,240,0,0
7218993,211,1497522,1497526,240,0,4
7229005,213,1497762,1497762,240,0,0
7239106,214,1498005,1498005,240,3,0
7249218,216,1498245,1498245,240,0,0
7259104,217,1498485,1498485,240,0,0
7269098,219,1498725,1498725,240,0,0
7279135,220,1498965,1498965,240,0,0
7289138,222,1499205,1499205,240,0,0
7298998,223,1499442,1499445,240,0,3
7309092,225,1499682,1499682,240,0,0
7319148,226,1499926,1499926,240,4,0
7329138,228,1500166,1500166,240,0,0
7339089,229,1500406,1500406,240,0,0
7349349,231,1500651,1500651,240,5,0
7359150,232,1500886,1500891,240,0,5
7369113,234,1501126,1501126,240,0,0
7379116,235,1501366,1501366,240,0,0
7389137,237,1501606,1501606,240,0,0
7399146,238,1501846,1501846,240,0,0
7409104,240,1502086,1502086,240,0,0
7419000,241,1502322,1502326,240,0,4
7429098,243,1502565,1502565,240,3,0
7439250,244,1502808,1502808,240,3,0
7449218,246,1503048,1503048,240,0,0
7459967,247,1503305,1503305,240,17,0
7469520,249,1503535,1503545,240,0,10
7479125,250,1503765,1503775,240,0,10
7489125,252,1504005,1504005,240,0,0
7499165,253,1504245,1504245,240,0,0
7509052,255,1504485,1504485,240,0,0
7518989,256,1504722,1504725,240,0,3
7529168,258,1504966,1504966,240,4,0
7539011,259,1505202,1505206,240,0,4
7549256,261,1505448,1505448,240,6,0
7558994,262,1505682,1505688,240,0,6
7569109,264,1505925,1505925,240,3,0
7578997,265,1506162,1506165,240,0,3
7589133,267,1506405,1506405,240,3,0
7599096,268,1506645,1506645,240,0,0
7609002,270,1506882,1506885,240,0,3
7619102,271,1507125,1507125,240,3,0
7629143,273,1507365,1507365,240,0,0
7639000,274,1507602,1507605,240,0,3
7649130,276,1507845,1507845,240,3,0
7659156,277,1508085,1508085,240,0,0
7669011,279,1508322,1508325,240,0,3
7679118,280,1508565,1508565,240,3,0
7689129,282,1508805,1508805,240,0,0
7699118,283,1509045,1509045,240,0,0
7709004,285,1509282,1509285,240,0,3
7718988,286,1509522,1509522,240,0,0
7728991,288,1509762,1509762,240,0,0
7738986,289,1510002,1510002,240,0,0
7749120,291,1510245,1510245,240,3,0
7759153,292,1510485,1510485,240,0,0
7769134,294,1510725,1510725,240,0,0
7779093,295,1510965,1510965,240,0,0
7789100,297,1511205,1511205,240,0,0
7799097,298,1511445,1511445,240,0,0
7809105,300,1511685,1511685,240,0,0
7819136,301,1511925,1511925,240,0,0
7829144,303,1512165,1512165,240,0,0
7839094,304,1512405,1512405,240,0,0
7849187,307,1512645,1512645,240,0,0
7859174,308,1512885,1512885,240,0,0
7869137,310,1513125,1513125,240,0,0
7879140,311,1513365,1513365,240,0,0
7889138,313,1513605,1513605,240,0,0
7899208,314,1513845,1513845,240,0,0
7909058,316,1514085,1514085,240,0,0
7919069,317,1514325,1514325,240,0,0
7929129,319,1514565,1514565,240,0,0
7939078,320,1514805,1514805,240,0,0
7949084,322,1515045,1515045,240,0,0
7959135,323,1515285,1515285,240,0,0
7969018,325,1515525,1515525,240,0,0
7978981,326,1515762,1515765,240,0,3
7989106,328,1516005,1516005,240,3,0
7999126,329,1516245,1516245,240,0,0
8009172,331,1516485,1516485,240,0,0
8019023,332,1516725,1516725,240,0,0
8029098,334,1516965,1516965,240,0,0
8039012,335,1517202,1517205,240,0,3
8049145,337,1517446,1517446,240,4,0
8059309,338,1517690,1517690,240,4,0
8069303,340,1517930,1517930,240,0,0
8079068,341,1518164,1518170,240,0,6
8089137,343,1518404,1518404,240,0,0
8099140,344,1518644,1518644,240,0,0
8109133,346,1518884,1518884,240,0,0
8119007,347,1519124,1519124,240,0,0
8129128,349,1519364,1519364,240,0,0
8139013,350,1519604,1519604,240,0,0
8148985,352,1519844,1519844,240,0,0
8159127,353,1520084,1520084,240,0,0
8169183,355,1520327,1520327,240,3,0
8179149,356,1520567,1520567,240,0,0
8189114,358,1520807,1520807,240,0,0
8199152,359,1521047,1521047,240,0,0
8209190,361,1521287,1521287,240,0,0
8219202,362,1521527,1521527,240,0,0
8229123,364,1521767,1521767,240,0,0
8239080,365,1522004,1522007,240,0,3
8249083,367,1522244,1522244,240,0,0
8259179,368,1522484,1522484,240,0,0
8269242,370,1522728,1522728,240,4,0
8279037,371,1522963,1522968,240,0,5
8289127,373,1523203,1523203,240,0,0
8299171,374,1523446,1523446,240,3,0
8309115,376,1523686,1523686,240,0,0
8319090,377,1523926,1523926,240,0,0
8329119,379,1524166,1524166,240,0,0
8339005,380,1524402,1524406,240,0,4
8349093,382,1524642,1524642,240,0,0
8359008,383,1524882,1524882,240,0,0
8369204,385,1525127,1525127,240,5,0
8379125,386,1525367,1525367,240,0,0
8389117,388,1525607,1525607,240,0,0
8399125,389,1525847,1525847,240,0,0
8409119,391,1526087,1526087,240,0,0
8419007,392,1526322,1526327,240,0,5
8429098,394,1526565,1526565,240,3,0
8438999,395,1526802,1526805,240,0,3
8449168,397,1527046,1527046,240,4,0
8459113,398,1527286,1527286,240,0,0
8469339,400,1527530,1527530,240,4,0
8479167,401,1527766,1527770,240,0,4
8489164,403,1528006,1528006,240,0,0
8498993,404,1528242,1528246,240,0,4
8509141,406,1528486,1528486,240,4,0
8519123,407,1528726,1528726,240,0,0
8529203,409,1528966,1528966,240,0,0
8538998,410,1529202,1529206,240,0,4
8548999,412,1529442,1529442,240,0,0
8559164,413,1529686,1529686,240,4,0
8569216,415,1529926,1529926,240,0,0
8579183,416,1530166,1530166,240,0,0
8589122,418,1530406,1530406,240,0,0
8599119,419,1530646,1530646,240,0,0
8609120,421,1530886,1530886,240,0,0
8619145,422,1531126,1531126,240,0,0
8629123,424,1531366,1531366,240,0,0
8639038,425,1531603,1531606,240,0,3
8649133,427,1531843,1531843,240,0,0
8659140,428,1532086,1532086,240,3,0
8669244,430,1532326,1532326,240,0,0
8679042,431,1532563,1532566,240,0,3
8689181,433,1532807,1532807,240,4,0
8698998,434,1533042,1533047,240,0,5
8709159,436,1533286,1533286,240,4,0
8719061,437,1533526,1533526,240,0,0
8729011,439,1533762,1533766,240,0,4
8739122,440,1534005,1534005,240,3,0
8749175,442,1534245,1534245,240,0,0
8759216,443,1534485,1534485,240,0,0
8769254,445,1534728,1534728,240,3,0
8779049,446,1534963,1534968,240,0,5
8789166,448,1535206,1535206,240,3,0
8799007,449,1535442,1535446,240,0,4
8809114,451,1535685,1535685,240,3,0
8819123,452,1535925,1535925,240,0,0
8829134,454,1536165,1536165,240,0,0
8839054,455,1536405,1536405,240,0,0
8849010,457,1536642,1536645,240,0,3
8859177,458,1536886,1536886,240,4,0
8869163,460,1537126,1537126,240,0,0
8879073,461,1537366,1537366,240,0,0
8889161,463,1537606,1537606,240,0,0
8899141,464,1537846,1537846,240,0,0
8909130,466,1538086,1538086,240,0,0
8919121,467,1538326,1538326,240,0,0
8929054,469,1538563,1538566,240,0,3
8939143,470,1538806,1538806,240,3,0
8949136,472,1539046,1539046,240,0,0
8959076,473,1539286,1539286,240,0,0
8969086,475,1539526,1539526,240,0,0
8979199,476,1539766,1539766,240,0,0
8989179,478,1540006,1540006,240,0,0
8999010,479,1540242,1540246,240,0,4
9009000,481,1540482,1540482,240,0,0
9019117,482,1540725,1540725,240,3,0
9029156,484,1540965,1540965,240,0,0
9039011,485,1541202,1541205,240,0,3
9049109,487,1541445,1541445,240,3,0
9059110,488,1541685,1541685,240,0,0
9069145,490,1541925,1541925,240,0,0
9079146,491,1542165,1542165,240,0,0
9089155,493,1542405,1542405,240,0,0
9099006,494,1542642,1542645,240,0,3
9109114,496,1542885,1542885,240,3,0
9119006,497,1543122,1543125,240,0,3
9129112,499,1543365,1543365,240,3,0
9139009,500,1543602,1543605,240,0,3
9148998,502,1543842,1543842,240,0,0
9159108,503,1544085,1544085,240,3,0
9169079,505,1544325,1544325,240,0,0
9179141,506,1544565,1544565,240,0,0
9189030,508,1544805,1544805,240,0,0
9199193,509,1545045,1545045,240,0,0
9209131,511,1545285,1545285,240,0,0
9219093,512,1545525,1545525,240,0,0
9229107,514,1545765,1545765,240,0,0
9239068,515,1546005,1546005,240,0,0
9249100,517,1546245,1546245,240,0,0
9258993,518,1546482,1546485,240,0,3
9269170,520,1546726,1546726,240,4,0
9279139,521,1546966,1546966,240,0,0
9289208,523,1547206,1547206,240,0,0
9299126,524,1547446,1547446,240,0,0
9309136,526,1547686,1547686,240,0,0
9319137,527,1547926,1547926,240,0,0
9329041,529,1548163,1548166,240,0,3
9339238,530,1548408,1548408,240,5,0
9349127,532,1548645,1548648,240,0,3
9359201,533,1548885,1548885,240,0,0
9369042,535,1549125,1549125,240,0,0
9379117,536,1549365,1549365,240,0,0
9389141,538,1549605,1549605,240,0,0
9399155,539,1549845,1549845,240,0,0
9409276,541,1550089,1550089,240,4,0
9419059,542,1550324,1550329,240,0,5
9429096,544,1550564,1550564,240,0,0
9439106,545,1550804,1550804,240,0,0
9449043,547,1551044,1551044,240,0,0
9459123,548,1551284,1551284,240,0,0
9469076,550,1551524,1551524,240,0,0
9478995,551,1551764,1551764,240,0,0
9489315,553,1552010,1552010,240,6,0
9499046,554,1552243,1552250,240,0,7
9509160,556,1552486,1552486,240,3,0
9519003,557,1552722,1552726,240,0,4
9529101,559,1552965,1552965,240,3,0
9539037,560,1553205,1553205,240,0,0
9549204,562,1553445,1553445,240,0,0
9559041,563,1553685,1553685,240,0,0
9569123,565,1553925,1553925,240,0,0
9578990,566,1554162,1554165,240,0,3
9589182,568,1554407,1554407,240,5,0
9599386,569,1554651,1554651,240,4,0
9609027,571,1554883,1554891,240,0,8
9619019,572,1555123,1555123,240,0,0
9628995,574,1555363,1555363,240,0,0
9639152,575,1555606,1555606,240,3,0
9649116,577,1555846,1555846,240,0,0
9659106,578,1556086,1556086,240,0,0
9669142,580,1556326,1556326,240,0,0
9678992,581,1556562,1556566,240,0,4
9689160,583,1556806,1556806,240,4,0
9699039,584,1557043,1557046,240,0,3
9709016,586,1557283,1557283,240,0,0
9718984,587,1557523,1557523,240,0,0
9729255,589,1557768,1557768,240,5,0
9739093,590,1558004,1558008,240,0,4
9749141,592,1558244,1558244,240,0,0
9759130,593,1558484,1558484,240,0,0
9769101,595,1558724,1558724,240,0,0
9779079,596,1558964,1558964,240,0,0
9789011,598,1559204,1559204,240,0,0
9799193,599,1559447,1559447,240,3,0
9809178,601,1559687,1559687,240,0,0
9819096,602,1559924,1559927,240,0,3
9829003,604,1560164,1560164,240,0,0
9839151,605,1560404,1560404,240,0,0
9849123,608,1560644,1560644,240,0,0
9859164,609,1560884,1560884,240,0,0
9869130,611,1561124,1561124,240,0,0
9879005,612,1561364,1561364,240,0,0
9889006,614,1561604,1561604,240,0,0
9899122,615,1561844,1561844,240,0,0
9909142,617,1562084,1562084,240,0,0
9919107,618,1562324,1562324,240,0,0
9929013,620,1562564,1562564,240,0,0
9938983,621,1562804,1562804,240,0,0
9949097,623,1563044,1563044,240,0,0
9959003,624,1563284,1563284,240,0,0
9968999,626,1563524,1563524,240,0,0
9979101,627,1563764,1563764,240,0,0
9989099,629,1564004,1564004,240,0,0
9999210,630,1564247,1564247,240,3,0
10009037,632,1564483,1564487,240,0,4
10018987,633,1564723,1564723,240,0,0
10029128,635,1564963,1564963,240,0,0
10038998,636,1565203,1565203,240,0,0
10049175,638,1565446,1565446,240,3,0
10059148,639,1565686,1565686,240,0,0
10069033,641,1565923,1565926,240,0,3
10079008,642,1566163,1566163,240,0,0
10089002,644,1566403,1566403,240,0,0
10099530,645,1566655,1566655,240,12,0
10109215,647,1566887,1566895,240,0,8
10119212,648,1567127,1567127,240,0,0
10129159,650,1567367,1567367,240,0,0
10138985,651,1567602,1567607,240,0,5
10149131,653,1567845,1567845,240,3,0
10158990,654,1568082,1568085,240,0,3
10168995,656,1568322,1568322,240,0,0
10179124,657,1568565,1568565,240,3,0
10189072,659,1568805,1568805,240,0,0
10199099,660,1569045,1569045,240,0,0
10209297,662,1569289,1569289,240,4,0
10219008,663,1569522,1569529,240,0,7
10229150,665,1569766,1569766,240,4,0
10239008,666,1570002,1570006,240,0,4
10248996,668,1570242,1570242,240,0,0
10259167,669,1570486,1570486,240,4,0
10269121,671,1570726,1570726,240,0,0
10279011,672,1570962,1570966,240,0,4
10289002,674,1571202,1571202,240,0,0
10299127,675,1571445,1571445,240,3,0
10309134,677,1571685,1571685,240,0,0
10319156,678,1571925,1571925,240,0,0
10329016,680,1572165,1572165,240,0,0
10338991,681,1572402,1572405,240,0,3
10349123,683,1572645,1572645,240,3,0
10359257,684,1572888,1572888,240,3,0
10369075,686,1573124,1573128,240,0,4
10378997,687,1573364,1573364,240,0,0
10389159,689,1573604,1573604,240,0,0
10398992,690,1573844,1573844,240,0,0
10409195,692,1574087,1574087,240,3,0
10419013,693,1574323,1574327,240,0,4
10429144,695,1574566,1574566,240,3,0
10439140,696,1574806,1574806,240,0,0
10449014,698,1575043,1575046,240,0,3
10459928,699,1575304,1575304,240,21,0
10469466,701,1575533,1575544,240,0,11
10479219,702,1575767,1575773,240,0,6
10489082,704,1576004,1576007,240,0,3
10499203,705,1576247,1576247,240,3,0
10509152,707,1576487,1576487,240,0,0
10519034,708,1576723,1576727,240,0,4
10529125,710,1576963,1576963,240,0,0
10539142,711,1577206,1577206,240,3,0
10549148,713,1577446,1577446,240,0,0
10559254,714,1577686,1577686,240,0,0
10569159,716,1577926,1577926,240,0,0
10579005,717,1578162,1578166,240,0,4
10589103,719,1578405,1578405,240,3,0
10599140,720,1578645,1578645,240,0,0
10609213,722,1578885,1578885,240,0,0
10619336,723,1579130,1579130,240,5,0
10629133,725,1579365,1579370,240,0,5
10639004,726,1579602,1579605,240,0,3
10649183,728,1579847,1579847,240,5,0
10659111,729,1580087,1580087,240,0,0
10669135,731,1580327,1580327,240,0,0
10679015,732,1580563,1580567,240,0,4
10689099,734,1580803,1580803,240,0,0
10699011,735,1581043,1581043,240,0,0
10709099,737,1581283,1581283,240,0,0
10719140,738,1581526,1581526,240,3,0
10729581,740,1581776,1581776,240,10,0
10739053,741,1582003,1582016,240,0,13
10749085,743,1582243,1582243,240,0,0
10759076,744,1582483,1582483,240,0,0
10769042,746,1582723,1582723,240,0,0
10778990,747,1582963,1582963,240,0,0
10789114,749,1583203,1583203,240,0,0
10799112,750,1583443,1583443,240,0,0
10809025,752,1583683,1583683,240,0,0
10819167,753,1583926,1583926,240,3,0
10829181,755,1584166,1584166,240,0,0
10839008,756,1584402,1584406,240,0,4
10849102,758,1584645,1584645,240,3,0
10859195,759,1584885,1584885,240,0,0
10869128,761,1585125,1585125,240,0,0
10879002,762,1585362,1585365,240,0,3
10889001,764,1585602,1585602,240,0,0
10899124,765,1585845,1585845,240,3,0
10909153,767,1586085,1586085,240,0,0
10919015,768,1586325,1586325,240,0,0
10929276,770,1586569,1586569,240,4,0
10938999,771,1586802,1586809,240,0,7
10949003,773,1587042,1587042,240,0,0
10959122,774,1587285,1587285,240,3,0
10969148,776,1587525,1587525,240,0,0
10979199,777,1587765,1587765,240,0,0
10989051,779,1588005,1588005,240,0,0
10999151,780,1588245,1588245,240,0,0
11009121,782,1588485,1588485,240,0,0
11018988,783,1588722,1588725,240,0,3
11029146,785,1588966,1588966,240,4,0
11038998,786,1589202,1589206,240,0,4
11049086,788,1589442,1589442,240,0,0
11058990,789,1589682,1589682,240,0,0
11069187,791,1589927,1589927,240,5,0
11078992,792,1590162,1590167,240,0,5
11089109,794,1590405,1590405,240,3,0
11099004,795,1590642,1590645,240,0,3
11109127,797,1590885,1590885,240,3,0
11119134,798,1591125,1591125,240,0,0
11129202,800,1591365,1591365,240,0,0
11139111,801,1591605,1591605,240,0,0
11149137,803,1591845,1591845,240,0,0
11159002,804,1592082,1592085,240,0,3
11169206,806,1592327,1592327,240,5,0
11179048,807,1592563,1592567,240,0,4
11189093,809,1592803,1592803,240,0,0
11199090,810,1593043,1593043,240,0,0
11209153,812,1593286,1593286,240,3,0
11219150,813,1593526,1593526,240,0,0
11229196,815,1593766,1593766,240,0,0
11239129,816,1594006,1594006,240,0,0
11249021,818,1594243,1594246,240,0,3
11259117,819,1594483,1594483,240,0,0
11269232,821,1594728,1594728,240,5,0
11279157,822,1594968,1594968,240,0,0
11289138,824,1595208,1595208,240,0,0
11299016,825,1595443,1595448,240,0,5
11309216,827,1595687,1595687,240,4,0
11318993,828,1595922,1595927,240,0,5
11329269,830,1596169,1596169,240,7,0
11339028,831,1596403,1596409,240,0,6
11349162,833,1596646,1596646,240,3,0
11359098,834,1596886,1596886,240,0,0
11369615,836,1597137,1597137,240,11,0
11379108,837,1597365,1597377,240,0,12
11389124,839,1597605,1597605,240,0,0
11399183,840,1597845,1597845,240,0,0
11409020,842,1598085,1598085,240,0,0
11419161,843,1598325,1598325,240,0,0
11429047,845,1598565,1598565,240,0,0
11439063,846,1598805,1598805,240,0,0
11449009,848,1599042,1599045,240,0,3
11459132,849,1599285,1599285,240,3,0
11469021,851,1599525,1599525,240,0,0
11479156,852,1599765,1599765,240,0,0
11489121,854,1600005,1600005,240,0,0
11499080,855,1600245,1600245,240,0,0
11509144,857,1600485,1600485,240,0,0
11519041,858,1600725,1600725,240,0,0
11529143,860,1600965,1600965,240,0,0
11539111,861,1601205,1601205,240,0,0
11549153,863,1601445,1601445,240,0,0
11559006,864,1601682,1601685,240,0,3
11569143,866,1601926,1601926,240,4,0
11579131,867,1602166,1602166,240,0,0
11589018,869,1602403,1602406,240,0,3
11599011,870,1602643,1602643,240,0,0
11609001,872,1602883,1602883,240,0,0
11619186,873,1603127,1603127,240,4,0
11629122,875,1603367,1603367,240,0,0
11639115,876,1603607,1603607,240,0,0
11649046,878,1603843,1603847,240,0,4
11659110,879,1604083,1604083,240,0,0
11669011,881,1604323,1604323,240,0,0
11679151,882,1604566,1604566,240,3,0
11689121,884,1604806,1604806,240,0,0
11699032,885,1605043,1605046,240,0,3
11709159,887,1605286,1605286,240,3,0
11719113,888,1605526,1605526,240,0,0
11729139,890,1605766,1605766,240,0,0
11739140,891,1606006,1606006,240,0,0
11749035,893,1606243,1606246,240,0,3
11759185,894,1606487,1606487,240,4,0
11769016,896,1606723,1606727,240,0,4
11779162,897,1606966,1606966,240,3,0
11789120,899,1607206,1607206,240,0,0
11799004,900,1607442,1607446,240,0,4
11809000,902,1607682,1607682,240,0,0
11819163,903,1607926,1607926,240,4,0
11829034,905,1608163,1608166,240,0,3
11838992,906,1608403,1608403,240,0,0
11849326,909,1608650,1608650,240,7,0
11859141,910,1608886,1608890,240,0,4
11869146,912,1609126,1609126,240,0,0
11879171,913,1609366,1609366,240,0,0
11889129,915,1609606,1609606,240,0,0
11899201,916,1609846,1609846,240,0,0
11909136,918,1610086,1610086,240,0,0
11919076,919,1610326,1610326,240,0,0
11929023,921,1610563,1610566,240,0,3
11938989,922,1610803,1610803,240,0,0
11949197,924,1611047,1611047,240,4,0
11959126,925,1611287,1611287,240,0,0
11969027,927,1611523,1611527,240,0,4
11979059,928,1611763,1611763,240,0,0
11989126,930,1612003,1612003,240,0,0
11998990,931,1612243,1612243,240,0,0
12009005,933,1612483,1612483,240,0,0
12018987,934,1612723,1612723,240,0,0
12029137,936,1612963,1612963,240,0,0
12039044,937,1613203,1613203,240,0,0
12049209,939,1613447,1613447,240,4,0
12059033,940,1613683,1613687,240,0,4
12069124,942,1613923,1613923,240,0,0
12079106,943,1614163,1614163,240,0,0
12089152,945,1614406,1614406,240,3,0
12099203,946,1614646,1614646,240,0,0
12109117,948,1614886,1614886,240,0,0
12119004,949,1615122,1615126,240,0,4
12129126,951,1615365,1615365,240,3,0
12139087,952,1615605,1615605,240,0,0
12149231,954,1615848,1615848,240,3,0
12159095,955,1616084,1616088,240,0,4
12169137,957,1616324,1616324,240,0,0
12178999,958,1616564,1616564,240,0,0
12189102,960,1616804,1616804,240,0,0
12199141,961,1617044,1617044,240,0,0
12209127,963,1617284,1617284,240,0,0
12219087,964,1617524,1617524,240,0,0
12229155,966,1617764,1617764,240,0,0
12238994,967,1618004,1618004,240,0,0
12249079,969,1618244,1618244,240,0,0
12259173,970,1618484,1618484,240,0,0
12269165,972,1618724,1618724,240,0,0
12279090,973,1618964,1618964,240,0,0
12289023,975,1619204,1619204,240,0,0
12299161,976,1619444,1619444,240,0,0
12309130,978,1619684,1619684,240,0,0
12319119,979,1619924,1619924,240,0,0
12329138,981,1620164,1620164,240,0,0
12339131,982,1620404,1620404,240,0,0
12349123,984,1620644,1620644,240,0,0
12359122,985,1620884,1620884,240,0,0
12369252,987,1621128,1621128,240,4,0
12379134,988,1621365,1621368,240,0,3
12389049,990,1621605,1621605,240,0,0
12399015,991,1621845,1621845,240,0,0
12409137,993,1622085,1622085,240,0,0
12419127,994,1622325,1622325,240,0,0
12429038,996,1622565,1622565,240,0,0
12439029,997,1622805,1622805,240,0,0
12449129,999,1623045,1623045,240,0,0
12459121,1000,1623285,1623285,240,0,0
12469255,1002,1623528,1623528,240,3,0
12479021,1003,1623763,1623768,240,0,5
12488990,1005,1624003,1624003,240,0,0
12499130,1006,1624243,1624243,240,0,0
12509129,1008,1624483,1624483,240,0,0
12519097,1009,1624723,1624723,240,0,0
12528999,1011,1624963,1624963,240,0,0
12539050,1012,1625203,1625203,240,0,0
12549152,1014,1625446,1625446,240,3,0
12559232,1015,1625686,1625686,240,0,0
12569081,1017,1625926,1625926,240,0,0
12579161,1018,1626166,1626166,240,0,0
12589101,1020,1626406,1626406,240,0,0
12599001,1021,1626642,1626646,240,0,4
12609154,1023,1626886,1626886,240,4,0
12619142,1024,1627126,1627126,240,0,0
12629038,1026,1627363,1627366,240,0,3
12639089,1027,1627603,1627603,240,0,0
12649127,1029,1627843,1627843,240,0,0
12659215,1030,1628087,1628087,240,4,0
12669334,1032,1628330,1628330,240,3,0
12679052,1033,1628563,1628570,240,0,7
12689134,1035,1628803,1628803,240,0,0
12699208,1036,1629047,1629047,240,4,0
12709142,1038,1629287,1629287,240,0,0
12719132,1039,1629527,1629527,240,0,0
12729148,1041,1629767,1629767,240,0,0
12739197,1042,1630007,1630007,240,0,0
12749142,1044,1630247,1630247,240,0,0
12759079,1045,1630484,1630487,240,0,3
12769245,1047,1630728,1630728,240,4,0
12779131,1048,1630965,1630968,240,0,3
12789114,1050,1631205,1631205,240,0,0
12798986,1051,1631442,1631445,240,0,3
12809308,1053,1631690,1631690,240,8,0
12819110,1054,1631925,1631930,240,0,5
12829003,1056,1632162,1632165,240,0,3
12839123,1057,1632405,1632405,240,3,0
12849142,1059,1632645,1632645,240,0,0
12859223,1060,1632888,1632888,240,3,0
12869241,1062,1633128,1633128,240,0,0
12879173,1063,1633368,1633368,240,0,0
12889059,1065,1633604,1633608,240,0,4
12899139,1066,1633844,1633844,240,0,0
12909148,1068,1634084,1634084,240,0,0
12919145,1069,1634324,1634324,240,0,0
12929039,1071,1634564,1634564,240,0,0
12938991,1072,1634804,1634804,240,0,0
12948996,1074,1635044,1635044,240,0,0
12958988,1075,1635284,1635284,240,0,0
12969215,1077,1635527,1635527,240,3,0
12979352,1078,1635771,1635771,240,4,0
12989119,1080,1636005,1636011,240,0,6
12999158,1081,1636245,1636245,240,0,0
13009149,1083,1636485,1636485,240,0,0
13019138,1084,1636725,1636725,240,0,0
13029131,1086,1636965,1636965,240,0,0
13038999,1087,1637202,1637205,240,0,3
13049120,1089,1637445,1637445,240,3,0
13059143,1090,1637685,1637685,240,0,0
13069138,1092,1637925,1637925,240,0,0
13079028,1093,1638165,1638165,240,0,0
13089011,1095,1638402,1638405,240,0,3
13099174,1096,1638646,1638646,240,4,0
13109019,1098,1638883,1638886,240,0,3
13119152,1099,1639126,1639126,240,3,0
13129037,1101,1639363,1639366,240,0,3
13138984,1102,1639603,1639603,240,0,0
13149119,1104,1639843,1639843,240,0,0
13159118,1105,1640083,1640083,240,0,0
13169142,1107,1640326,1640326,240,3,0
13179422,1108,1640572,1640572,240,6,0
13189168,1110,1640806,1640812,240,0,6
13199219,1111,1641046,1641046,240,0,0
13209137,1113,1641286,1641286,240,0,0
13219202,1114,1641526,1641526,240,0,0
13229133,1116,1641766,1641766,240,0,0
13238995,1117,1642002,1642006,240,0,4
13249004,1119,1642242,1642242,240,0,0
13259012,1120,1642482,1642482,240,0,0
13269136,1122,1642725,1642725,240,3,0
13279213,1123,1642965,1642965,240,0,0
13289179,1125,1643205,1643205,240,0,0
13299154,1126,1643445,1643445,240,0,0
13309148,1128,1643685,1643685,240,0,0
13319145,1129,1643925,1643925,240,0,0
13329114,1131,1644165,1644165,240,0,0
13339137,1132,1644405,1644405,240,0,0
13349144,1134,1644645,1644645,240,0,0
13359060,1135,1644885,1644885,240,0,0
13369125,1137,1645125,1645125,240,0,0
13379132,1138,1645365,1645365,240,0,0
13389044,1140,1645605,1645605,240,0,0
13399164,1141,1645845,1645845,240,0,0
13409034,1143,1646085,1646085,240,0,0
13419113,1144,1646325,1646325,240,0,0
13429106,1146,1646565,1646565,240,0,0
13439113,1147,1646805,1646805,240,0,0
13449147,1149,1647045,1647045,240,0,0
13459000,1150,1647282,1647285,240,0,3
13468997,1152,1647522,1647522,240,0,0
13478992,1153,1647762,1647762,240,0,0
13489270,1155,1648009,1648009,240,7,0
13499129,1156,1648245,1648249,240,0,4
13509148,1158,1648485,1648485,240,0,0
13519000,1159,1648722,1648725,240,0,3
13529148,1161,1648966,1648966,240,4,0
13539001,1162,1649202,1649206,240,0,4
13549226,1164,1649448,1649448,240,6,0
13559157,1165,1649688,1649688,240,0,0
13569143,1167,1649928,1649928,240,0,0
13579132,1168,1650165,1650168,240,0,3
13589172,1170,1650405,1650405,240,0,0
13599005,1171,1650642,1650645,240,0,3
13609118,1173,1650885,1650885,240,3,0
13619129,1174,1651125,1651125,240,0,0
13629114,1176,1651365,1651365,240,0,0
13639117,1177,1651605,1651605,240,0,0
13649061,1179,1651845,1651845,240,0,0
13658992,1180,1652082,1652085,240,0,3
13669156,1182,1652326,1652326,240,4,0
13679155,1183,1652566,1652566,240,0,0
13689246,1185,1652806,1652806,240,0,0
13699124,1186,1653046,1653046,240,0,0
13709145,1188,1653286,1653286,240,0,0
13719000,1189,1653522,1653526,240,0,4
13728996,1191,1653762,1653762,240,0,0
13739085,1192,1654002,1654002,240,0,0
13749097,1194,1654245,1654245,240,3,0
13759093,1195,1654485,1654485,240,0,0
13769127,1197,1654725,1654725,240,0,0
13779092,1198,1654965,1654965,240,0,0
13789196,1200,1655205,1655205,240,0,0
13799012,1201,1655442,1655445,240,0,3
13809007,1203,1655682,1655682,240,0,0
13819182,1204,1655927,1655927,240,5,0
13829140,1206,1656167,1656167,240,0,0
13839071,1207,1656404,1656407,240,0,3
13849205,1210,1656647,1656647,240,3,0
13859083,1211,1656884,1656887,240,0,3
13869116,1213,1657124,1657124,240,0,0
13879125,1214,1657364,1657364,240,0,0
13889236,1216,1657608,1657608,240,4,0
13899232,1217,1657848,1657848,240,0,0
13909144,1219,1658088,1658088,240,0,0
13919015,1220,1658323,1658328,240,0,5
13929097,1222,1658563,1658563,240,0,0
13939149,1223,1658806,1658806,240,3,0
13949141,1225,1659046,1659046,240,0,0
13959004,1226,1659282,1659286,240,0,4
13969102,1228,1659525,1659525,240,3,0
13979008,1229,1659762,1659765,240,0,3
13989142,1231,1660006,1660006,240,4,0
13999249,1232,1660246,1660246,240,0,0
14009142,1234,1660486,1660486,240,0,0
14019130,1235,1660726,1660726,240,0,0
14029229,1237,1660966,1660966,240,0,0
14039178,1238,1661206,1661206,240,0,0
14049152,1240,1661446,1661446,240,0,0
14059144,1241,1661686,1661686,240,0,0
14069155,1243,1661926,1661926,240,0,0
14079105,1244,1662166,1662166,240,0,0
14089167,1246,1662406,1662406,240,0,0
14099267,1247,1662649,1662649,240,3,0
14109449,1249,1662893,1662893,240,4,0
14119095,1250,1663124,1663133,240,0,9
14129152,1252,1663364,1663364,240,0,0
14139153,1253,1663604,1663604,240,0,0
14149154,1255,1663844,1663844,240,0,0
14159272,1256,1664089,1664089,240,5,0
14169143,1258,1664326,1664329,240,0,3
14179044,1259,1664563,1664566,240,0,3
14189151,1261,1664806,1664806,240,3,0
14199211,1262,1665046,1665046,240,0,0
14209081,1264,1665286,1665286,240,0,0
14219001,1265,1665522,1665526,240,0,4
14229157,1267,1665766,1665766,240,4,0
14239009,1268,1666002,1666006,240,0,4
14249104,1270,1666245,1666245,240,3,0
14259104,1271,1666485,1666485,240,0,0
14269153,1273,1666725,1666725,240,0,0
14279146,1274,1666965,1666965,240,0,0
14289126,1276,1667205,1667205,240,0,0
14299231,1277,1667448,1667448,240,3,0
14309206,1279,1667688,1667688,240,0,0
14319079,1280,1667924,1667928,240,0,4
14329233,1282,1668168,1668168,240,4,0
14339084,1283,1668404,1668408,240,0,4
14349115,1285,1668644,1668644,240,0,0
14359076,1286,1668884,1668884,240,0,0
14369168,1288,1669124,1669124,240,0,0
14379015,1289,1669364,1669364,240,0,0
14388995,1291,1669604,1669604,240,0,0
14399149,1292,1669844,1669844,240,0,0
14409232,1294,1670088,1670088,240,4,0
14419104,1295,1670325,1670328,240,0,3
14429083,1297,1670565,1670565,240,0,0
14439152,1298,1670805,1670805,240,0,0
14449155,1300,1671045,1671045,240,0,0
14459104,1301,1671285,1671285,240,0,0
14469020,1303,1671525,1671525,240,0,0
14479162,1304,1671765,1671765,240,0,0
14489148,1306,1672005,1672005,240,0,0
14499210,1307,1672245,1672245,240,0,0
14509220,1309,1672485,1672485,240,0,0
14519165,1310,1672725,1672725,240,0,0
14529336,1312,1672970,1672970,240,5,0
14539197,1313,1673207,1673210,240,0,3
14549135,1315,1673447,1673447,240,0,0
14559146,1316,1673687,1673687,240,0,0
14569142,1318,1673927,1673927,240,0,0
14579276,1319,1674167,1674167,240,0,0
14589182,1321,1674407,1674407,240,0,0
14599006,1322,1674642,1674647,240,0,5
14609235,1324,1674888,1674888,240,6,0
14619123,1325,1675125,1675128,240,0,3
14629024,1327,1675365,1675365,240,0,0
14639159,1328,1675605,1675605,240,0,0
14649142,1330,1675845,1675845,240,0,0
14659151,1331,1676085,1676085,240,0,0
14669137,1333,1676325,1676325,240,0,0
14679146,1334,1676565,1676565,240,0,0
14689159,1336,1676805,1676805,240,0,0
14699194,1337,1677045,1677045,240,0,0
14709166,1339,1677285,1677285,240,0,0
14719064,1340,1677525,1677525,240,0,0
14729152,1342,1677765,1677765,240,0,0
14739129,1343,1678005,1678005,240,0,0
14749039,1345,1678245,1678245,240,0,0
14759112,1346,1678485,1678485,240,0,0
14769139,1348,1678725,1678725,240,0,0
14779142,1349,1678965,1678965,240,0,0
14789140,1351,1679205,1679205,240,0,0
14799131,1352,1679445,1679445,240,0,0
14809153,1354,1679685,1679685,240,0,0
14819201,1355,1679925,1679925,240,0,0
14829153,1357,1680165,1680165,240,0,0
14839143,1358,1680405,1680405,240,0,0
14849120,1360,1680645,1680645,240,0,0
14859188,1361,1680885,1680885,240,0,0
14869133,1363,1681125,1681125,240,0,0
14879119,1364,1681365,1681365,240,0,0
14889168,1366,1681605,1681605,240,0,0
14899147,1367,1681845,1681845,240,0,0
14909037,1369,1682085,1682085,240,0,0
14919199,1370,1682325,1682325,240,0,0
14929220,1372,1682565,1682565,240,0,0
14939138,1373,1682805,1682805,240,0,0
14949145,1375,1683045,1683045,240,0,0
14959100,1376,1683285,1683285,240,0,0
14969090,1378,1683525,1683525,240,0,0
14979124,1379,1683765,1683765,240,0,0
14989159,1381,1684005,1684005,240,0,0
14999148,1382,1684245,1684245,240,0,0
15009133,1384,1684485,1684485,240,0,0
15019267,1385,1684729,1684729,240,4,0
15029261,1387,1684969,1684969,240,0,0
15039160,1388,1685206,1685209,240,0,3
15049150,1390,1685446,1685446,240,0,0
15058997,1391,1685682,1685686,240,0,4
15069148,1393,1685926,1685926,240,4,0
15079147,1394,1686166,1686166,240,0,0
15089187,1396,1686406,1686406,240,0,0
15099167,1397,1686646,1686646,240,0,0
15109062,1399,1686886,1686886,240,0,0
15119256,1400,1687126,1687126,240,0,0
15129232,1402,1687366,1687366,240,0,0
15139151,1403,1687606,1687606,240,0,0
15149163,1405,1687846,1687846,240,0,0
15159056,1406,1688086,1688086,240,0,0
15169140,1408,1688326,1688326,240,0,0
15179134,1409,1688566,1688566,240,0,0
15189156,1411,1688806,1688806,240,0,0
15199003,1412,1689042,1689046,240,0,4
15209148,1414,1689286,1689286,240,4,0
15219063,1415,1689526,1689526,240,0,0
15229479,1417,1689774,1689774,240,8,0
15239151,1418,1690006,1690014,240,0,8
15249151,1420,1690246,1690246,240,0,0
15259220,1421,1690486,1690486,240,0,0
15269130,1423,1690726,1690726,240,0,0
15279151,1424,1690966,1690966,240,0,0
15289147,1426,1691206,1691206,240,0,0
15299149,1427,1691446,1691446,240,0,0
15309155,1429,1691686,1691686,240,0,0
15319102,1430,1691926,1691926,240,0,0
15329197,1432,1692166,1692166,240,0,0
15339177,1433,1692406,1692406,240,0,0
15349138,1435,1692646,1692646,240,0,0
15359077,1436,1692886,1692886,240,0,0
15369078,1438,1693126,1693126,240,0,0
15378987,1439,1693362,1693366,240,0,4
15389141,1441,1693606,1693606,240,4,0
15399133,1442,1693846,1693846,240,0,0
15409130,1444,1694086,1694086,240,0,0
15419079,1445,1694326,1694326,240,0,0
15429224,1447,1694566,1694566,240,0,0
15439135,1448,1694806,1694806,240,0,0
15449237,1450,1695046,1695046,240,0,0
15459173,1451,1695286,1695286,240,0,0
15469084,1453,1695526,1695526,240,0,0
15479001,1454,1695762,1695766,240,0,4
15489144,1456,1696006,1696006,240,4,0
15499148,1457,1696246,1696246,240,0,0
15509127,1459,1696486,1696486,240,0,0
15519181,1460,1696726,1696726,240,0,0
15529364,1462,1696971,1696971,240,5,0
15539210,1463,1697207,1697211,240,0,4
15549167,1465,1697447,1697447,240,0,0
15559112,1466,1697687,1697687,240,0,0
15569157,1468,1697927,1697927,240,0,0
15579160,1469,1698167,1698167,240,0,0
15589131,1471,1698407,1698407,240,0,0
15599169,1472,1698647,1698647,240,0,0
15609166,1474,1698887,1698887,240,0,0
15619158,1475,1699127,1699127,240,0,0
15629155,1477,1699367,1699367,240,0,0
15639277,1478,1699607,1699607,240,0,0
15649172,1480,1699847,1699847,240,0,0
15659114,1481,1700087,1700087,240,0,0
15669145,1483,1700327,1700327,240,0,0
15679112,1484,1700567,1700567,240,0,0
15689156,1486,1700807,1700807,240,0,0
15699165,1487,1701047,1701047,240,0,0
15709158,1489,1701287,1701287,240,0,0
15719110,1490,1701527,1701527,240,0,0
15729161,1492,1701767,1701767,240,0,0
15739331,1493,1702010,1702010,240,3,0
15749187,1495,1702247,1702250,240,0,3
15759318,1496,1702490,1702490,240,3,0
15769149,1498,1702726,1702730,240,0,4
15779208,1499,1702966,1702966,240,0,0
15789152,1501,1703206,1703206,240,0,0
15799097,1502,1703446,1703446,240,0,0
15809145,1504,1703686,1703686,240,0,0
15819139,1505,1703926,1703926,240,0,0
15829139,1507,1704166,1704166,240,0,0
15839222,1508,1704406,1704406,240,0,0
15849200,1510,1704646,1704646,240,0,0
15859788,1512,1704901,1704901,240,15,0
15869177,1514,1705126,1705141,240,0,15
15879158,1515,1705366,1705366,240,0,0
15889134,1517,1705606,1705606,240,0,0
15899075,1518,1705846,1705846,240,0,0
15909124,1520,1706086,1706086,240,0,0
15919109,1521,1706326,1706326,240,0,0
15929134,1523,1706566,1706566,240,0,0
15939110,1524,1706806,1706806,240,0,0
15949168,1526,1707046,1707046,240,0,0
15959028,1527,1707283,1707286,240,0,3
15969217,1529,1707527,1707527,240,4,0
15979125,1530,1707767,1707767,240,0,0
15989126,1532,1708007,1708007,240,0,0
15999017,1533,1708243,1708247,240,0,4
16009134,1535,1708483,1708483,240,0,0
16019074,1536,1708723,1708723,240,0,0
16029118,1538,1708963,1708963,240,0,0
16039066,1539,1709203,1709203,240,0,0
16049344,1541,1709450,1709450,240,7,0
16059126,1542,1709685,1709690,240,0,5
16069151,1544,1709925,1709925,240,0,0
16079028,1545,1710165,1710165,240,0,0
16089142,1547,1710405,1710405,240,0,0
16099123,1548,1710645,1710645,240,0,0
16109386,1550,1710891,1710891,240,6,0
16119038,1551,1711123,1711131,240,0,8
16129137,1553,1711363,1711363,240,0,0
16139077,1554,1711603,1711603,240,0,0
16149235,1556,1711848,1711848,240,5,0
16159053,1557,1712083,1712088,240,0,5
16169145,1559,1712326,1712326,240,3,0
16179042,1560,1712563,1712566,240,0,3
16189145,1562,1712806,1712806,240,3,0
16199048,1563,1713043,1713046,240,0,3
16209145,1565,1713286,1713286,240,3,0
16219129,1566,1713526,1713526,240,0,0
16229162,1568,1713766,1713766,240,0,0
16239040,1569,1714003,1714006,240,0,3
16249225,1571,1714248,1714248,240,5,0
16259042,1572,1714483,1714488,240,0,5
16269155,1574,1714726,1714726,240,3,0
16279117,1575,1714966,1714966,240,0,0
16289152,1577,1715206,1715206,240,0,0
16299037,1578,1715443,1715446,240,0,3
16309088,1580,1715683,1715683,240,0,0
16318970,1581,1715923,1715923,240,0,0
16329136,1583,1716163,1716163,240,0,0
16338979,1584,1716403,1716403,240,0,0
16349232,1586,1716648,1716648,240,5,0
16359018,1587,1716883,1716888,240,0,5
16369146,1589,1717126,1717126,240,3,0
16379058,1590,1717366,1717366,240,0,0
16389099,1592,1717606,1717606,240,0,0
16398983,1593,1717842,1717846,240,0,4
16409139,1595,1718086,1718086,240,4,0
16419087,1596,1718326,1718326,240,0,0
16429123,1598,1718566,1718566,240,0,0
16439003,1599,1718802,1718806,240,0,4
16449352,1601,1719051,1719051,240,9,0
16459137,1602,1719285,1719291,240,0,6
16469150,1604,1719525,1719525,240,0,0
16478975,1605,1719762,1719765,240,0,3
16489125,1607,1720005,1720005,240,3,0
16499125,1608,1720245,1720245,240,0,0
16509124,1610,1720485,1720485,240,0,0
16519011,1611,1720722,1720725,240,0,3
16529121,1613,1720965,1720965,240,3,0
16539023,1614,1721205,1721205,240,0,0
16549118,1616,1721445,1721445,240,0,0
16559009,1617,1721682,1721685,240,0,3
16569149,1619,1721926,1721926,240,4,0
16579207,1620,1722166,1722166,240,0,0
16589119,1622,1722406,1722406,240,0,0
16599087,1623,1722646,1722646,240,0,0
16609128,1625,1722886,1722886,240,0,0
16619035,1626,1723123,1723126,240,0,3
16629125,1628,1723363,1723363,240,0,0
16639111,1629,1723603,1723603,240,0,0
16649118,1631,1723843,1723843,240,0,0
16659047,1632,1724083,1724083,240,0,0
16669171,1634,1724326,1724326,240,3,0
16679089,1635,1724566,1724566,240,0,0
16689173,1637,1724806,1724806,240,0,0
16699046,1638,1725043,1725046,240,0,3
16709142,1640,1725286,1725286,240,3,0
16719084,1641,1725526,1725526,240,0,0
16729133,1643,1725766,1725766,240,0,0
16739026,1644,1726003,1726006,240,0,3
