device_timestamp_us,sequence,target_frame,written_frame,source_frames,gap_frames,trimmed_frames
6029083,27,0,0,240,0,0
6039044,28,240,240,240,0,0
6059016,31,718,718,240,238,0
6069284,33,965,965,240,7,0
6088996,36,1438,1438,240,233,0
6108994,39,1918,1918,240,240,0
6119063,40,2158,2158,240,0,0
6129049,42,2398,2398,240,0,0
6139134,43,2641,2641,240,3,0
6429061,87,9599,9599,240,6718,0
6439475,88,9849,9849,240,10,0
7899034,308,44879,44879,240,34790,0
7909946,310,45141,45141,240,22,0
7919022,311,45359,45381,240,0,22
7928997,313,45599,45599,240,0,0
7939117,314,45839,45839,240,0,0
7949120,316,46079,46079,240,0,0
7959001,317,46319,46319,240,0,0
7968983,319,46559,46559,240,0,0
7978976,320,46799,46799,240,0,0
7988982,322,47039,47039,240,0,0
7999086,323,47279,47279,240,0,0
8009121,325,47519,47519,240,0,0
8019101,326,47759,47759,240,0,0
8029043,328,47999,47999,240,0,0
8039028,329,48239,48239,240,0,0
8049115,331,48479,48479,240,0,0
8059005,332,48719,48719,240,0,0
8068998,334,48959,48959,240,0,0
8079127,335,49199,49199,240,0,0
8089108,337,49439,49439,240,0,0
8099167,338,49682,49682,240,3,0
8109088,340,49922,49922,240,0,0
8119100,341,50162,50162,240,0,0
8129135,343,50402,50402,240,0,0
8139103,344,50642,50642,240,0,0
8149111,346,50882,50882,240,0,0
8159094,347,51122,51122,240,0,0
8169024,349,51359,51362,240,0,3
8179074,350,51599,51599,240,0,0
8189030,352,51839,51839,240,0,0
8198976,353,52079,52079,240,0,0
8209209,355,52323,52323,240,4,0
8219068,356,52560,52563,240,0,3
8229224,358,52803,52803,240,3,0
8239046,359,53039,53043,240,0,4
8249019,361,53279,53279,240,0,0
8258981,362,53519,53519,240,0,0
8269120,364,53759,53759,240,0,0
8278998,365,53999,53999,240,0,0
8289074,367,54239,54239,240,0,0
8298987,368,54479,54479,240,0,0
8309176,370,54722,54722,240,3,0
8319153,371,54962,54962,240,0,0
8329063,373,55202,55202,240,0,0
8338983,374,55438,55442,240,0,4
8349064,376,55678,55678,240,0,0
8359008,377,55918,55918,240,0,0
8369063,379,56158,56158,240,0,0
8379003,380,56398,56398,240,0,0
8389095,382,56638,56638,240,0,0
8398983,383,56878,56878,240,0,0
8409156,385,57122,57122,240,4,0
8419012,386,57358,57362,240,0,4
8429010,388,57598,57598,240,0,0
8439179,389,57842,57842,240,4,0
8449013,391,58078,58082,240,0,4
8459130,392,58321,58321,240,3,0
8469019,394,58558,58561,240,0,3
8479026,395,58798,58798,240,0,0
8489002,397,59038,59038,240,0,0
8499084,398,59278,59278,240,0,0
8509228,400,59523,59523,240,5,0
8519102,401,59760,59763,240,0,3
8529124,403,60000,60000,240,0,0
8539266,404,60244,60244,240,4,0
8549135,406,60481,60484,240,0,3
8559105,407,60721,60721,240,0,0
8569103,409,60961,60961,240,0,0
8579109,410,61201,61201,240,0,0
8589026,412,61441,61441,240,0,0
8599016,413,61678,61681,240,0,3
8609065,415,61918,61918,240,0,0
8619031,416,62158,62158,240,0,0
8629222,418,62403,62403,240,5,0
8639105,419,62643,62643,240,0,0
8649095,421,62880,62883,240,0,3
8659063,422,63120,63120,240,0,0
8669069,424,63360,63360,240,0,0
8679138,425,63600,63600,240,0,0
8689027,427,63840,63840,240,0,0
8699082,428,64080,64080,240,0,0
8709220,430,64323,64323,240,3,0
8719198,431,64563,64563,240,0,0
8729011,433,64798,64803,240,0,5
8738985,434,65038,65038,240,0,0
8748996,436,65278,65278,240,0,0
8759082,437,65518,65518,240,0,0
8769003,439,65758,65758,240,0,0
8779038,440,65998,65998,240,0,0
8789133,442,66241,66241,240,3,0
8799004,443,66478,66481,240,0,3
8809078,445,66718,66718,240,0,0
8819177,446,66962,66962,240,4,0
8829035,448,67199,67202,240,0,3
8839069,449,67439,67439,240,0,0
8849206,451,67683,67683,240,4,0
8859079,452,67920,67923,240,0,3
8869158,454,68160,68160,240,0,0
8879075,455,68400,68400,240,0,0
8889011,457,68640,68640,240,0,0
8899257,458,68884,68884,240,4,0
8909072,460,69120,69124,240,0,4
8919088,461,69360,69360,240,0,0
8929182,463,69600,69600,240,0,0
8939088,464,69840,69840,240,0,0
8949105,466,70080,70080,240,0,0
8959110,467,70320,70320,240,0,0
8969091,469,70560,70560,240,0,0
8979105,470,70800,70800,240,0,0
8989095,472,71040,71040,240,0,0
8999095,473,71280,71280,240,0,0
9009039,475,71520,71520,240,0,0
9019107,476,71760,71760,240,0,0
9029716,478,72015,72015,240,15,0
9039181,479,72242,72255,240,0,13
9049055,481,72479,72482,240,0,3
9059002,482,72719,72719,240,0,0
9069071,484,72959,72959,240,0,0
9079126,485,73199,73199,240,0,0
9089116,487,73439,73439,240,0,0
9099055,488,73679,73679,240,0,0
9109127,490,73919,73919,240,0,0
9119061,491,74159,74159,240,0,0
9129115,493,74399,74399,240,0,0
9139108,494,74639,74639,240,0,0
9149076,496,74879,74879,240,0,0
9159079,497,75119,75119,240,0,0
9169111,499,75359,75359,240,0,0
9179108,500,75599,75599,240,0,0
9189096,502,75839,75839,240,0,0
9199053,503,76079,76079,240,0,0
9209056,505,76319,76319,240,0,0
9219114,506,76559,76559,240,0,0
9229169,508,76802,76802,240,3,0
9239199,509,77042,77042,240,0,0
9249017,511,77278,77282,240,0,4
9259099,512,77518,77518,240,0,0
9269031,514,77758,77758,240,0,0
9279092,515,77998,77998,240,0,0
9289019,517,78238,78238,240,0,0
9299079,518,78478,78478,240,0,0
9308999,520,78718,78718,240,0,0
9319079,521,78958,78958,240,0,0
9329101,523,79198,79198,240,0,0
9339005,524,79438,79438,240,0,0
9349107,526,79681,79681,240,3,0
9358994,527,79918,79921,240,0,3
9369188,529,80163,80163,240,5,0
9379018,530,80398,80403,240,0,5
9388998,532,80638,80638,240,0,0
9399084,533,80878,80878,240,0,0
9409126,535,81121,81121,240,3,0
9419118,536,81361,81361,240,0,0
9429027,538,81601,81601,240,0,0
9439020,539,81838,81841,240,0,3
9449188,541,82083,82083,240,5,0
9459090,542,82320,82323,240,0,3
9469105,544,82560,82560,240,0,0
9479091,545,82800,82800,240,0,0
9489118,547,83040,83040,240,0,0
9499095,548,83280,83280,240,0,0
9509032,550,83520,83520,240,0,0
9518986,551,83760,83760,240,0,0
9529137,553,84000,84000,240,0,0
9539147,554,84240,84240,240,0,0
9549222,556,84483,84483,240,3,0
9559094,557,84720,84723,240,0,3
9569153,559,84960,84960,240,0,0
9579118,560,85200,85200,240,0,0
9589107,562,85440,85440,240,0,0
9599054,563,85680,85680,240,0,0
9609068,565,85920,85920,240,0,0
9618992,566,86160,86160,240,0,0
9629163,568,86400,86400,240,0,0
9639107,569,86640,86640,240,0,0
9649174,571,86880,86880,240,0,0
9659081,572,87120,87120,240,0,0
9669141,574,87360,87360,240,0,0
9679006,575,87600,87600,240,0,0
9689127,577,87840,87840,240,0,0
9699009,578,88080,88080,240,0,0
9709067,580,88320,88320,240,0,0
9719037,581,88560,88560,240,0,0
9729019,583,88800,88800,240,0,0
9739094,584,89040,89040,240,0,0
9749154,586,89280,89280,240,0,0
9759114,587,89520,89520,240,0,0
9769025,589,89760,89760,240,0,0
9779062,590,90000,90000,240,0,0
9789168,592,90240,90240,240,0,0
9798983,593,90480,90480,240,0,0
9808991,595,90720,90720,240,0,0
9819136,596,90960,90960,240,0,0
9829114,598,91200,91200,240,0,0
9839086,599,91440,91440,240,0,0
9849308,601,91685,91685,240,5,0
9859166,602,91922,91925,240,0,3
9869123,604,92162,92162,240,0,0
9879066,605,92402,92402,240,0,0
9889119,608,92642,92642,240,0,0
9899126,609,92882,92882,240,0,0
9909023,611,93119,93122,240,0,3
9919014,612,93359,93359,240,0,0
9929005,614,93599,93599,240,0,0
9939044,615,93839,93839,240,0,0
9949180,617,94082,94082,240,3,0
9958991,618,94318,94322,240,0,4
9969177,620,94562,94562,240,4,0
9979068,621,94802,94802,240,0,0
9989062,623,95039,95042,240,0,3
9999025,624,95279,95279,240,0,0
10009117,626,95519,95519,240,0,0
10019126,627,95759,95759,240,0,0
10029107,629,95999,95999,240,0,0
10039090,630,96239,96239,240,0,0
10049112,632,96479,96479,240,0,0
10059128,633,96719,96719,240,0,0
10069139,635,96959,96959,240,0,0
10079017,636,97199,97199,240,0,0
10089087,638,97439,97439,240,0,0
10099139,639,97679,97679,240,0,0
10109095,641,97919,97919,240,0,0
10119107,642,98159,98159,240,0,0
10129119,644,98399,98399,240,0,0
10139105,645,98639,98639,240,0,0
10149119,647,98879,98879,240,0,0
10159330,648,99126,99126,240,7,0
10169000,650,99358,99366,240,0,8
10179154,651,99602,99602,240,4,0
10189036,653,99839,99842,240,0,3
10198994,654,100079,100079,240,0,0
10209159,656,100322,100322,240,3,0
10219002,657,100558,100562,240,0,4
10229099,659,100798,100798,240,0,0
10239099,660,101038,101038,240,0,0
10249043,662,101278,101278,240,0,0
10259028,663,101518,101518,240,0,0
10269208,665,101763,101763,240,5,0
10279136,666,102003,102003,240,0,0
10289125,668,102243,102243,240,0,0
10299024,669,102479,102483,240,0,4
10309061,671,102719,102719,240,0,0
10319089,672,102959,102959,240,0,0
10329052,674,103199,103199,240,0,0
10339010,675,103439,103439,240,0,0
10349141,677,103679,103679,240,0,0
10359139,678,103919,103919,240,0,0
10369020,680,104159,104159,240,0,0
10378986,681,104399,104399,240,0,0
10389001,683,104639,104639,240,0,0
10399070,684,104879,104879,240,0,0
10408991,686,105119,105119,240,0,0
10419072,687,105359,105359,240,0,0
10429049,689,105599,105599,240,0,0
10439004,690,105839,105839,240,0,0
10448997,692,106079,106079,240,0,0
10459100,693,106319,106319,240,0,0
10469034,695,106559,106559,240,0,0
10479101,696,106799,106799,240,0,0
10489104,698,107039,107039,240,0,0
10499122,699,107279,107279,240,0,0
10509109,701,107519,107519,240,0,0
10519046,702,107759,107759,240,0,0
10529011,704,107999,107999,240,0,0
10539002,705,108239,108239,240,0,0
10549140,707,108479,108479,240,0,0
10559238,708,108724,108724,240,5,0
10569152,710,108964,108964,240,0,0
10579121,711,109201,109204,240,0,3
10589211,713,109441,109441,240,0,0
10599064,714,109681,109681,240,0,0
10609180,716,109921,109921,240,0,0
10619111,717,110161,110161,240,0,0
10629126,719,110401,110401,240,0,0
10639336,720,110646,110646,240,5,0
10649209,722,110883,110886,240,0,3
10659055,723,111119,111123,240,0,4
10669351,725,111366,111366,240,7,0
10679047,726,111599,111606,240,0,7
10689011,728,111839,111839,240,0,0
10699112,729,112079,112079,240,0,0
10709109,731,112319,112319,240,0,0
10719099,732,112559,112559,240,0,0
10729069,734,112799,112799,240,0,0
10739049,735,113039,113039,240,0,0
10749161,737,113282,113282,240,3,0
10759009,738,113518,113522,240,0,4
10769096,740,113758,113758,240,0,0
10779022,741,113998,113998,240,0,0
10789117,743,114241,114241,240,3,0
10799098,744,114481,114481,240,0,0
10809105,746,114721,114721,240,0,0
10819121,747,114961,114961,240,0,0
10829042,749,115201,115201,240,0,0
10839089,750,115441,115441,240,0,0
10849046,752,115681,115681,240,0,0
10859128,753,115921,115921,240,0,0
10869271,755,116165,116165,240,4,0
10879025,756,116399,116405,240,0,6
10889079,758,116639,116639,240,0,0
10899104,759,116879,116879,240,0,0
10909125,761,117119,117119,240,0,0
10919117,762,117359,117359,240,0,0
10929124,764,117599,117599,240,0,0
10939013,765,117839,117839,240,0,0
10949066,767,118079,118079,240,0,0
10958991,768,118319,118319,240,0,0
10969175,770,118562,118562,240,3,0
10979033,771,118799,118802,240,0,3
10989133,773,119039,119039,240,0,0
10998994,774,119279,119279,240,0,0
11009140,776,119519,119519,240,0,0
11019110,777,119759,119759,240,0,0
11029113,779,119999,119999,240,0,0
11039100,780,120239,120239,240,0,0
11049122,782,120479,120479,240,0,0
11059054,783,120719,120719,240,0,0
11069339,785,120966,120966,240,7,0
11079027,786,121199,121206,240,0,7
11089127,788,121439,121439,240,0,0
11099140,789,121679,121679,240,0,0
11109020,791,121919,121919,240,0,0
11119137,792,122159,122159,240,0,0
11129121,794,122399,122399,240,0,0
11139074,795,122639,122639,240,0,0
11149084,797,122879,122879,240,0,0
11159204,798,123123,123123,240,4,0
11169149,800,123363,123363,240,0,0
11179018,801,123598,123603,240,0,5
11189031,803,123838,123838,240,0,0
11199176,804,124082,124082,240,4,0
11209113,806,124322,124322,240,0,0
11219023,807,124559,124562,240,0,3
11229124,809,124799,124799,240,0,0
11239132,810,125039,125039,240,0,0
11249023,812,125279,125279,240,0,0
11259012,813,125519,125519,240,0,0
11269063,815,125759,125759,240,0,0
11279199,816,126003,126003,240,4,0
11289376,818,126247,126247,240,4,0
11299072,819,126480,126487,240,0,7
11309004,821,126720,126720,240,0,0
11319079,822,126960,126960,240,0,0
11329116,824,127200,127200,240,0,0
11339023,825,127440,127440,240,0,0
11349107,827,127680,127680,240,0,0
11359111,828,127920,127920,240,0,0
11369124,830,128160,128160,240,0,0
11379136,831,128400,128400,240,0,0
11389109,833,128640,128640,240,0,0
11399087,834,128880,128880,240,0,0
11409004,836,129120,129120,240,0,0
11419183,837,129360,129360,240,0,0
11429101,839,129600,129600,240,0,0
11439073,840,129840,129840,240,0,0
11449067,842,130080,130080,240,0,0
11458980,843,130320,130320,240,0,0
11469077,845,130560,130560,240,0,0
11479199,846,130803,130803,240,3,0
11489170,848,131043,131043,240,0,0
11499036,849,131279,131283,240,0,4
11509051,851,131519,131519,240,0,0
11519069,852,131759,131759,240,0,0
11529099,854,131999,131999,240,0,0
11539037,855,132239,132239,240,0,0
11549052,857,132479,132479,240,0,0
11559077,858,132719,132719,240,0,0
11569102,860,132959,132959,240,0,0
11579038,861,133199,133199,240,0,0
11589082,863,133439,133439,240,0,0
11599191,864,133683,133683,240,4,0
11609124,866,133923,133923,240,0,0
11619134,867,134163,134163,240,0,0
11629099,869,134400,134403,240,0,3
11639121,870,134640,134640,240,0,0
11649112,872,134880,134880,240,0,0
11659100,873,135120,135120,240,0,0
11669101,875,135360,135360,240,0,0
11679106,876,135600,135600,240,0,0
11689142,878,135840,135840,240,0,0
11699197,879,136083,136083,240,3,0
11709026,881,136319,136323,240,0,4
11719023,882,136559,136559,240,0,0
11729301,884,136805,136805,240,6,0
11739076,885,137040,137045,240,0,5
11749075,887,137280,137280,240,0,0
11759072,888,137520,137520,240,0,0
11769055,890,137760,137760,240,0,0
11779023,891,138000,138000,240,0,0
11789094,893,138240,138240,240,0,0
11799123,894,138480,138480,240,0,0
11809018,896,138720,138720,240,0,0
11819186,897,138960,138960,240,0,0
11829107,899,139200,139200,240,0,0
11839115,900,139440,139440,240,0,0
11849147,902,139680,139680,240,0,0
11859248,903,139924,139924,240,4,0
11869059,905,140159,140164,240,0,5
11879025,906,140399,140399,240,0,0
11889154,909,140642,140642,240,3,0
11899419,910,140888,140888,240,6,0
11909082,912,141120,141128,240,0,8
11918991,913,141360,141360,240,0,0
11929101,915,141600,141600,240,0,0
11939101,916,141840,141840,240,0,0
11949098,918,142080,142080,240,0,0
11959106,919,142320,142320,240,0,0
11969102,921,142560,142560,240,0,0
11979106,922,142800,142800,240,0,0
11989102,924,143040,143040,240,0,0
11999128,925,143280,143280,240,0,0
12009160,927,143520,143520,240,0,0
12018999,928,143760,143760,240,0,0
12029124,930,144000,144000,240,0,0
12039119,931,144240,144240,240,0,0
12049107,933,144480,144480,240,0,0
12059084,934,144720,144720,240,0,0
12069044,936,144960,144960,240,0,0
12079023,937,145200,145200,240,0,0
12089115,939,145440,145440,240,0,0
12099177,940,145680,145680,240,0,0
12109197,942,145923,145923,240,3,0
12119112,943,146163,146163,240,0,0
12129109,945,146403,146403,240,0,0
12139027,946,146639,146643,240,0,4
12149116,948,146879,146879,240,0,0
12159062,949,147119,147119,240,0,0
12169109,951,147359,147359,240,0,0
12178987,952,147599,147599,240,0,0
12189194,954,147843,147843,240,4,0
12199349,955,148086,148086,240,3,0
12209020,957,148318,148326,240,0,8
12219113,958,148561,148561,240,3,0
12229101,960,148801,148801,240,0,0
12239170,961,149041,149041,240,0,0
12249468,963,149289,149289,240,8,0
12259089,964,149520,149529,240,0,9
12269102,966,149760,149760,240,0,0
12279113,967,150000,150000,240,0,0
12289017,969,150240,150240,240,0,0
12299169,970,150480,150480,240,0,0
12309116,972,150720,150720,240,0,0
12319138,973,150960,150960,240,0,0
12329108,975,151200,151200,240,0,0
12339153,976,151440,151440,240,0,0
12349127,978,151680,151680,240,0,0
12359112,979,151920,151920,240,0,0
12369104,981,152160,152160,240,0,0
12379101,982,152400,152400,240,0,0
12389110,984,152640,152640,240,0,0
12399088,985,152880,152880,240,0,0
12409888,987,153139,153139,240,19,0
12419110,988,153361,153379,240,0,18
12429126,990,153601,153601,240,0,0
12439104,991,153841,153841,240,0,0
12449131,993,154081,154081,240,0,0
12459101,994,154321,154321,240,0,0
12469127,996,154561,154561,240,0,0
12479097,997,154801,154801,240,0,0
12489119,999,155041,155041,240,0,0
12499102,1000,155281,155281,240,0,0
12509351,1002,155526,155526,240,5,0
12519111,1003,155761,155766,240,0,5
12529090,1005,156001,156001,240,0,0
12539148,1006,156241,156241,240,0,0
12549100,1008,156481,156481,240,0,0
12559085,1009,156721,156721,240,0,0
12569118,1011,156961,156961,240,0,0
12579106,1012,157201,157201,240,0,0
12589122,1014,157441,157441,240,0,0
12599111,1015,157681,157681,240,0,0
12609115,1017,157921,157921,240,0,0
12619141,1018,158161,158161,240,0,0
12629129,1020,158401,158401,240,0,0
12639320,1021,158646,158646,240,5,0
12649194,1023,158883,158886,240,0,3
12659110,1024,159123,159123,240,0,0
12669114,1026,159363,159363,240,0,0
12679102,1027,159600,159603,240,0,3
12689108,1029,159840,159840,240,0,0
12699101,1030,160080,160080,240,0,0
12709221,1032,160323,160323,240,3,0
12719132,1033,160563,160563,240,0,0
12729106,1035,160803,160803,240,0,0
12739229,1036,161043,161043,240,0,0
12749123,1038,161283,161283,240,0,0
12759102,1039,161520,161523,240,0,3
12769122,1041,161760,161760,240,0,0
12779069,1042,162000,162000,240,0,0
12789061,1044,162240,162240,240,0,0
12798982,1045,162480,162480,240,0,0
12809124,1047,162720,162720,240,0,0
12819152,1048,162960,162960,240,0,0
12829103,1050,163200,163200,240,0,0
12839086,1051,163440,163440,240,0,0
12849207,1053,163683,163683,240,3,0
12859136,1054,163923,163923,240,0,0
12869120,1056,164163,164163,240,0,0
12879095,1057,164400,164403,240,0,3
12889117,1059,164640,164640,240,0,0
12899111,1060,164880,164880,240,0,0
12909112,1062,165120,165120,240,0,0
12919246,1063,165364,165364,240,4,0
12929178,1065,165604,165604,240,0,0
12939102,1066,165840,165844,240,0,4
12949121,1068,166080,166080,240,0,0
12959118,1069,166320,166320,240,0,0
12969124,1071,166560,166560,240,0,0
12979052,1072,166800,166800,240,0,0
12989122,1074,167040,167040,240,0,0
12999041,1075,167280,167280,240,0,0
13009109,1077,167520,167520,240,0,0
13019199,1078,167763,167763,240,3,0
13029140,1080,168003,168003,240,0,0
13039099,1081,168240,168243,240,0,3
13049110,1083,168480,168480,240,0,0
13059036,1084,168720,168720,240,0,0
13069126,1086,168960,168960,240,0,0
13079095,1087,169200,169200,240,0,0
13089111,1089,169440,169440,240,0,0
13099094,1090,169680,169680,240,0,0
13109113,1092,169920,169920,240,0,0
13119256,1093,170164,170164,240,4,0
13129158,1095,170404,170404,240,0,0
13139102,1096,170640,170644,240,0,4
13149113,1098,170880,170880,240,0,0
13159098,1099,171120,171120,240,0,0
13169100,1101,171360,171360,240,0,0
13179104,1102,171600,171600,240,0,0
13189113,1104,171840,171840,240,0,0
13199098,1105,172080,172080,240,0,0
13209103,1107,172320,172320,240,0,0
13219108,1108,172560,172560,240,0,0
13229288,1110,172805,172805,240,5,0
13239119,1111,173041,173045,240,0,4
13249119,1113,173281,173281,240,0,0
13259113,1114,173521,173521,240,0,0
13269128,1116,173761,173761,240,0,0
13279101,1117,174001,174001,240,0,0
13289123,1119,174241,174241,240,0,0
13299110,1120,174481,174481,240,0,0
13309119,1122,174721,174721,240,0,0
13319153,1123,174961,174961,240,0,0
13329265,1125,175204,175204,240,3,0
13339113,1126,175441,175444,240,0,3
13349110,1128,175681,175681,240,0,0
13359101,1129,175921,175921,240,0,0
13369107,1131,176161,176161,240,0,0
13379108,1132,176401,176401,240,0,0
13389115,1134,176641,176641,240,0,0
13399034,1135,176881,176881,240,0,0
13409105,1137,177121,177121,240,0,0
13419111,1138,177361,177361,240,0,0
13429273,1140,177605,177605,240,4,0
13439049,1141,177839,177845,240,0,6
13449125,1143,178079,178079,240,0,0
13459112,1144,178319,178319,240,0,0
13469109,1146,178559,178559,240,0,0
13479126,1147,178799,178799,240,0,0
13489138,1149,179039,179039,240,0,0
13499211,1150,179283,179283,240,4,0
13509134,1152,179523,179523,240,0,0
13519214,1153,179763,179763,240,0,0
13529250,1155,180003,180003,240,0,0
13539508,1156,180250,180250,240,7,0
13549059,1158,180479,180490,240,0,11
13559109,1159,180719,180719,240,0,0
13569113,1161,180959,180959,240,0,0
13579095,1162,181199,181199,240,0,0
13589115,1164,181439,181439,240,0,0
13599102,1165,181679,181679,240,0,0
13609110,1167,181919,181919,240,0,0
13619122,1168,182159,182159,240,0,0
13629332,1170,182406,182406,240,7,0
13639124,1171,182641,182646,240,0,5
13649112,1173,182881,182881,240,0,0
13659099,1174,183121,183121,240,0,0
13669150,1176,183361,183361,240,0,0
13679107,1177,183601,183601,240,0,0
13689102,1179,183841,183841,240,0,0
13699079,1180,184081,184081,240,0,0
13709118,1182,184321,184321,240,0,0
13719092,1183,184561,184561,240,0,0
13729105,1185,184801,184801,240,0,0
13739174,1186,185041,185041,240,0,0
13749124,1188,185281,185281,240,0,0
13759100,1189,185521,185521,240,0,0
13769103,1191,185761,185761,240,0,0
13779105,1192,186001,186001,240,0,0
13789104,1194,186241,186241,240,0,0
13799084,1195,186481,186481,240,0,0
13809115,1197,186721,186721,240,0,0
13819081,1198,186961,186961,240,0,0
13829121,1200,187201,187201,240,0,0
13839199,1201,187441,187441,240,0,0
13849219,1203,187681,187681,240,0,0
13859130,1204,187921,187921,240,0,0
13869123,1206,188161,188161,240,0,0
13879098,1207,188401,188401,240,0,0
13889117,1210,188641,188641,240,0,0
13899139,1211,188881,188881,240,0,0
13909113,1213,189121,189121,240,0,0
13919085,1214,189361,189361,240,0,0
13929120,1216,189601,189601,240,0,0
13939209,1217,189841,189841,240,0,0
13949150,1219,190081,190081,240,0,0
13959094,1220,190321,190321,240,0,0
13969121,1222,190561,190561,240,0,0
13979093,1223,190801,190801,240,0,0
13989205,1225,191041,191041,240,0,0
13999115,1226,191281,191281,240,0,0
14009112,1228,191521,191521,240,0,0
14019109,1229,191761,191761,240,0,0
14029116,1231,192001,192001,240,0,0
14039227,1232,192241,192241,240,0,0
14049190,1234,192481,192481,240,0,0
14059078,1235,192721,192721,240,0,0
14069120,1237,192961,192961,240,0,0
14079112,1238,193201,193201,240,0,0
14089111,1240,193441,193441,240,0,0
14099112,1241,193681,193681,240,0,0
14109119,1243,193921,193921,240,0,0
14119107,1244,194161,194161,240,0,0
14129116,1246,194401,194401,240,0,0
14139093,1247,194641,194641,240,0,0
14149306,1249,194885,194885,240,4,0
14159174,1250,195122,195125,240,0,3
14169120,1252,195362,195362,240,0,0
14179218,1253,195602,195602,240,0,0
14189135,1255,195842,195842,240,0,0
14199103,1256,196082,196082,240,0,0
14209133,1258,196322,196322,240,0,0
14219112,1259,196562,196562,240,0,0
14229125,1261,196802,196802,240,0,0
14239131,1262,197042,197042,240,0,0
14249246,1264,197282,197282,240,0,0
14259115,1265,197522,197522,240,0,0
14269133,1267,197762,197762,240,0,0
14279122,1268,198002,198002,240,0,0
14289127,1270,198242,198242,240,0,0
14299108,1271,198482,198482,240,0,0
14309132,1273,198722,198722,240,0,0
14319118,1274,198962,198962,240,0,0
14329127,1276,199202,199202,240,0,0
14339110,1277,199442,199442,240,0,0
14349232,1279,199682,199682,240,0,0
14359159,1280,199922,199922,240,0,0
14369146,1282,200162,200162,240,0,0
14379121,1283,200402,200402,240,0,0
14389126,1285,200642,200642,240,0,0
14399113,1286,200882,200882,240,0,0
14409129,1288,201122,201122,240,0,0
14419106,1289,201362,201362,240,0,0
14429126,1291,201602,201602,240,0,0
14439226,1292,201842,201842,240,0,0
14449253,1294,202082,202082,240,0,0
14459175,1295,202322,202322,240,0,0
14469152,1297,202562,202562,240,0,0
14479163,1298,202802,202802,240,0,0
14489129,1300,203042,203042,240,0,0
14499104,1301,203282,203282,240,0,0
14509135,1303,203522,203522,240,0,0
14519117,1304,203762,203762,240,0,0
14529131,1306,204002,204002,240,0,0
14539109,1307,204242,204242,240,0,0
14549130,1309,204482,204482,240,0,0
14559186,1310,204722,204722,240,0,0
14569157,1312,204962,204962,240,0,0
14579117,1313,205202,205202,240,0,0
14589127,1315,205442,205442,240,0,0
14599103,1316,205682,205682,240,0,0
14609126,1318,205922,205922,240,0,0
14619112,1319,206162,206162,240,0,0
14629128,1321,206402,206402,240,0,0
14639118,1322,206642,206642,240,0,0
14649305,1324,206885,206885,240,3,0
14659225,1325,207125,207125,240,0,0
14669417,1327,207368,207368,240,3,0
14679119,1328,207601,207608,240,0,7
14689126,1330,207841,207841,240,0,0
14699115,1331,208081,208081,240,0,0
14709132,1333,208321,208321,240,0,0
14719131,1334,208561,208561,240,0,0
14729136,1336,208801,208801,240,0,0
14739144,1337,209041,209041,240,0,0
14749129,1339,209281,209281,240,0,0
14759224,1340,209521,209521,240,0,0
14769196,1342,209761,209761,240,0,0
14779092,1343,210001,210001,240,0,0
14789136,1345,210241,210241,240,0,0
14799102,1346,210481,210481,240,0,0
14809132,1348,210721,210721,240,0,0
14819095,1349,210961,210961,240,0,0
14829138,1351,211201,211201,240,0,0
14839102,1352,211441,211441,240,0,0
14849275,1354,211685,211685,240,4,0
14859247,1355,211925,211925,240,0,0
14869193,1357,212165,212165,240,0,0
14879097,1358,212400,212405,240,0,5
14889133,1360,212640,212640,240,0,0
14899111,1361,212880,212880,240,0,0
14909128,1363,213120,213120,240,0,0
14919099,1364,213360,213360,240,0,0
14929155,1366,213600,213600,240,0,0
14939116,1367,213840,213840,240,0,0
14949128,1369,214080,214080,240,0,0
14959099,1370,214320,214320,240,0,0
14969248,1372,214564,214564,240,4,0
14979107,1373,214801,214804,240,0,3
14989125,1375,215041,215041,240,0,0
14999105,1376,215281,215281,240,0,0
15009126,1378,215521,215521,240,0,0
15019134,1379,215761,215761,240,0,0
15029131,1381,216001,216001,240,0,0
15039114,1382,216241,216241,240,0,0
15049136,1384,216481,216481,240,0,0
15059116,1385,216721,216721,240,0,0
15069254,1387,216964,216964,240,3,0
15079110,1388,217201,217204,240,0,3
15089130,1390,217441,217441,240,0,0
15099119,1391,217681,217681,240,0,0
15109132,1393,217921,217921,240,0,0
15119114,1394,218161,218161,240,0,0
15129129,1396,218401,218401,240,0,0
15139128,1397,218641,218641,240,0,0
15149209,1399,218881,218881,240,0,0
15159116,1400,219121,219121,240,0,0
15169279,1402,219365,219365,240,4,0
15179191,1403,219605,219605,240,0,0
15189139,1405,219841,219845,240,0,4
15199109,1406,220081,220081,240,0,0
15209125,1408,220321,220321,240,0,0
15219109,1409,220561,220561,240,0,0
15229121,1411,220801,220801,240,0,0
15239115,1412,221041,221041,240,0,0
15249131,1414,221281,221281,240,0,0
15259111,1415,221521,221521,240,0,0
15269238,1417,221764,221764,240,3,0
15279171,1418,222004,222004,240,0,0
15289125,1420,222241,222244,240,0,3
15299106,1421,222481,222481,240,0,0
15309124,1423,222721,222721,240,0,0
15319100,1424,222961,222961,240,0,0
15329123,1426,223201,223201,240,0,0
15339129,1427,223441,223441,240,0,0
15349145,1429,223681,223681,240,0,0
15359110,1430,223921,223921,240,0,0
15369122,1432,224161,224161,240,0,0
15379207,1433,224401,224401,240,0,0
15389140,1435,224641,224641,240,0,0
15399118,1436,224881,224881,240,0,0
15409123,1438,225121,225121,240,0,0
15419123,1439,225361,225361,240,0,0
15429129,1441,225601,225601,240,0,0
15439122,1442,225841,225841,240,0,0
15449138,1444,226081,226081,240,0,0
15459124,1445,226321,226321,240,0,0
15469129,1447,226561,226561,240,0,0
15479318,1448,226806,226806,240,5,0
15489142,1450,227041,227046,240,0,5
15499109,1451,227281,227281,240,0,0
15509118,1453,227521,227521,240,0,0
15519123,1454,227761,227761,240,0,0
15529116,1456,228001,228001,240,0,0
15539112,1457,228241,228241,240,0,0
15549129,1459,228481,228481,240,0,0
15559128,1460,228721,228721,240,0,0
15569115,1462,228961,228961,240,0,0
15579245,1463,229204,229204,240,3,0
15589172,1465,229444,229444,240,0,0
15599112,1466,229681,229684,240,0,3
15609122,1468,229921,229921,240,0,0
15619114,1469,230161,230161,240,0,0
15629121,1471,230401,230401,240,0,0
15639113,1472,230641,230641,240,0,0
15649135,1474,230881,230881,240,0,0
15659109,1475,231121,231121,240,0,0
15669124,1477,231361,231361,240,0,0
15679246,1478,231604,231604,240,3,0
15689192,1480,231844,231844,240,0,0
15699196,1481,232084,232084,240,0,0
15709109,1483,232321,232324,240,0,3
15719103,1484,232561,232561,240,0,0
15729111,1486,232801,232801,240,0,0
15739107,1487,233041,233041,240,0,0
15749111,1489,233281,233281,240,0,0
15759123,1490,233521,233521,240,0,0
15769116,1492,233761,233761,240,0,0
15779114,1493,234001,234001,240,0,0
15789505,1495,234250,234250,240,9,0
15799095,1496,234480,234490,240,0,10
15809121,1498,234720,234720,240,0,0
15819108,1499,234960,234960,240,0,0
15829126,1501,235200,235200,240,0,0
15839114,1502,235440,235440,240,0,0
15849261,1504,235684,235684,240,4,0
15859909,1505,235940,235940,240,16,0
15869216,1507,236163,236180,240,0,17
15879070,1508,236400,236403,240,0,3
15889256,1511,236644,236644,240,4,0
15899101,1512,236880,236884,240,0,4
15909142,1514,237120,237120,240,0,0
15919131,1515,237360,237360,240,0,0
15929138,1517,237600,237600,240,0,0
15939100,1518,237840,237840,240,0,0
15949139,1520,238080,238080,240,0,0
15959141,1521,238320,238320,240,0,0
15969158,1523,238560,238560,240,0,0
15979060,1524,238800,238800,240,0,0
15989220,1526,239043,239043,240,3,0
15999052,1527,239279,239283,240,0,4
16009134,1529,239519,239519,240,0,0
16019064,1530,239759,239759,240,0,0
16029133,1532,239999,239999,240,0,0
16039082,1533,240239,240239,240,0,0
16049149,1535,240482,240482,240,3,0
16059079,1536,240722,240722,240,0,0
16069131,1538,240962,240962,240,0,0
16079088,1539,241202,241202,240,0,0
16089226,1541,241442,241442,240,0,0
16098970,1542,241677,241682,240,0,5
16109142,1544,241921,241921,240,4,0
16119135,1545,242161,242161,240,0,0
16129140,1547,242401,242401,240,0,0
16139047,1548,242641,242641,240,0,0
16149126,1550,242881,242881,240,0,0
16159104,1551,243121,243121,240,0,0
16169149,1553,243361,243361,240,0,0
16179107,1554,243601,243601,240,0,0
16189295,1556,243845,243845,240,4,0
16199128,1557,244081,244085,240,0,4
16209126,1559,244321,244321,240,0,0
16219121,1560,244561,244561,240,0,0
16229140,1562,244801,244801,240,0,0
16239102,1563,245041,245041,240,0,0
16249215,1565,245281,245281,240,0,0
16259098,1566,245521,245521,240,0,0
16269145,1568,245761,245761,240,0,0
16279056,1569,246001,246001,240,0,0
16289120,1571,246241,246241,240,0,0
16299202,1572,246481,246481,240,0,0
16309162,1574,246721,246721,240,0,0
16319135,1575,246961,246961,240,0,0
16329138,1577,247201,247201,240,0,0
16339054,1578,247441,247441,240,0,0
16349114,1580,247681,247681,240,0,0
16359153,1581,247921,247921,240,0,0
16369147,1583,248161,248161,240,0,0
16379151,1584,248401,248401,240,0,0
16389136,1586,248641,248641,240,0,0
16399125,1587,248881,248881,240,0,0
16409168,1589,249121,249121,240,0,0
16419047,1590,249361,249361,240,0,0
16429213,1592,249601,249601,240,0,0
16439095,1593,249841,249841,240,0,0
16449132,1595,250081,250081,240,0,0
16459130,1596,250321,250321,240,0,0
16469143,1598,250561,250561,240,0,0
16479091,1599,250801,250801,240,0,0
16489144,1601,251041,251041,240,0,0
16499120,1602,251281,251281,240,0,0
16509167,1604,251521,251521,240,0,0
16519085,1605,251761,251761,240,0,0
16529138,1607,252001,252001,240,0,0
16539216,1608,252241,252241,240,0,0
16549139,1610,252481,252481,240,0,0
16559072,1611,252721,252721,240,0,0
16569134,1613,252961,252961,240,0,0
16579085,1614,253201,253201,240,0,0
16589128,1616,253441,253441,240,0,0
16599306,1617,253685,253685,240,4,0
16609189,1619,253925,253925,240,0,0
16619094,1620,254160,254165,240,0,5
16629108,1622,254400,254400,240,0,0
16639041,1623,254640,254640,240,0,0
16649110,1625,254880,254880,240,0,0
16659233,1626,255124,255124,240,4,0
16669134,1628,255361,255364,240,0,3
16679096,1629,255601,255601,240,0,0
16689123,1631,255841,255841,240,0,0
16699065,1632,256081,256081,240,0,0
16709220,1634,256321,256321,240,0,0
16719071,1635,256561,256561,240,0,0
16729119,1637,256801,256801,240,0,0
16739072,1638,257041,257041,240,0,0
16749133,1640,257281,257281,240,0,0
16759058,1641,257521,257521,240,0,0
16769126,1643,257761,257761,240,0,0
16779132,1644,258001,258001,240,0,0
16789136,1646,258241,258241,240,0,0
16799036,1647,258481,258481,240,0,0
16809205,1649,258721,258721,240,0,0
16819091,1650,258961,258961,240,0,0
16829118,1652,259201,259201,240,0,0
16839045,1653,259441,259441,240,0,0
16849148,1655,259681,259681,240,0,0
16859144,1656,259921,259921,240,0,0
16869157,1658,260161,260161,240,0,0
16879044,1659,260401,260401,240,0,0
16889126,1661,260641,260641,240,0,0
16899061,1662,260881,260881,240,0,0
16909220,1664,261121,261121,240,0,0
16919421,1665,261368,261368,240,7,0
16929161,1667,261602,261608,240,0,6
16939098,1668,261842,261842,240,0,0
16949147,1670,262082,262082,240,0,0
16958987,1671,262318,262322,240,0,4
16969133,1673,262561,262561,240,3,0
16979124,1674,262801,262801,240,0,0
16989154,1676,263041,263041,240,0,0
16999134,1677,263281,263281,240,0,0
17009240,1679,263524,263524,240,3,0
17019083,1680,263760,263764,240,0,4
17029146,1682,264000,264000,240,0,0
17039059,1683,264240,264240,240,0,0
17049146,1685,264480,264480,240,0,0
17059070,1686,264720,264720,240,0,0
17069151,1688,264960,264960,240,0,0
17079057,1689,265200,265200,240,0,0
17089204,1691,265443,265443,240,3,0
17099058,1692,265679,265683,240,0,4
17109138,1694,265919,265919,240,0,0
17119145,1695,266159,266159,240,0,0
17129145,1697,266399,266399,240,0,0
17139029,1698,266639,266639,240,0,0
17149172,1700,266882,266882,240,3,0
17159051,1701,267119,267122,240,0,3
17169134,1703,267359,267359,240,0,0
17179109,1704,267599,267599,240,0,0
17189141,1706,267839,267839,240,0,0
17199070,1707,268079,268079,240,0,0
17209174,1709,268322,268322,240,3,0
17219038,1710,268559,268562,240,0,3
17229170,1712,268802,268802,240,3,0
17239063,1713,269042,269042,240,0,0
17249429,1715,269288,269288,240,6,0
17259215,1716,269523,269528,240,0,5
17269125,1718,269763,269763,240,0,0
17279107,1719,270003,270003,240,0,0
17289120,1721,270243,270243,240,0,0
17299077,1722,270480,270483,240,0,3
17309112,1724,270720,270720,240,0,0
17319117,1725,270960,270960,240,0,0
17329204,1727,271203,271203,240,3,0
17339116,1728,271443,271443,240,0,0
17349120,1730,271683,271683,240,0,0
17359077,1731,271920,271923,240,0,3
17369177,1733,272160,272160,240,0,0
17379098,1734,272400,272400,240,0,0
17389178,1736,272640,272640,240,0,0
17399083,1737,272880,272880,240,0,0
17409131,1739,273120,273120,240,0,0
17419141,1740,273360,273360,240,0,0
17429163,1742,273600,273600,240,0,0
17439132,1743,273840,273840,240,0,0
17449136,1745,274080,274080,240,0,0
17459061,1746,274320,274320,240,0,0
17469216,1748,274563,274563,240,3,0
17479126,1749,274803,274803,240,0,0
17489133,1751,275043,275043,240,0,0
17499089,1752,275280,275283,240,0,3
17509185,1754,275520,275520,240,0,0
17519073,1755,275760,275760,240,0,0
17529271,1757,276005,276005,240,5,0
17539134,1758,276241,276245,240,0,4
17549114,1760,276481,276481,240,0,0
17559099,1761,276721,276721,240,0,0
17569117,1763,276961,276961,240,0,0
17579081,1764,277201,277201,240,0,0
17589113,1766,277441,277441,240,0,0
17599092,1767,277681,277681,240,0,0
17609118,1769,277921,277921,240,0,0
17619107,1770,278161,278161,240,0,0
17629199,1772,278401,278401,240,0,0
17639073,1773,278641,278641,240,0,0
17649105,1775,278881,278881,240,0,0
17659054,1776,279121,279121,240,0,0
17669108,1778,279361,279361,240,0,0
17679027,1779,279601,279601,240,0,0
17689201,1781,279841,279841,240,0,0
17699067,1782,280081,280081,240,0,0
17709117,1784,280321,280321,240,0,0
17719093,1785,280561,280561,240,0,0
17729220,1787,280801,280801,240,0,0
17739140,1788,281041,281041,240,0,0
17749114,1790,281281,281281,240,0,0
17759092,1791,281521,281521,240,0,0
17769122,1793,281761,281761,240,0,0
17779087,1794,282001,282001,240,0,0
17789130,1796,282241,282241,240,0,0
17799124,1797,282481,282481,240,0,0
17809144,1799,282721,282721,240,0,0
17819116,1800,282961,282961,240,0,0
17829206,1802,283201,283201,240,0,0
17839077,1803,283441,283441,240,0,0
17849179,1805,283681,283681,240,0,0
17859093,1806,283921,283921,240,0,0
17869152,1808,284161,284161,240,0,0
17879047,1809,284401,284401,240,0,0
17889123,1812,284641,284641,240,0,0
17899140,1813,284881,284881,240,0,0
17909160,1815,285121,285121,240,0,0
17919082,1816,285361,285361,240,0,0
17929118,1818,285601,285601,240,0,0
17939215,1819,285841,285841,240,0,0
17949118,1821,286081,286081,240,0,0
17959084,1822,286321,286321,240,0,0
17969122,1824,286561,286561,240,0,0
17979087,1825,286801,286801,240,0,0
17989119,1827,287041,287041,240,0,0
17999053,1828,287281,287281,240,0,0
18009116,1830,287521,287521,240,0,0
18019057,1831,287761,287761,240,0,0
18029117,1833,288001,288001,240,0,0
18039016,1834,288238,288241,240,0,3
18049467,1836,288489,288489,240,11,0
18059066,1837,288720,288729,240,0,9
18069159,1839,288960,288960,240,0,0
18079136,1840,289200,289200,240,0,0
18089114,1842,289440,289440,240,0,0
18099134,1843,289680,289680,240,0,0
18109118,1845,289920,289920,240,0,0
18119086,1846,290160,290160,240,0,0
18129106,1848,290400,290400,240,0,0
18139025,1849,290640,290640,240,0,0
18149185,1851,290880,290880,240,0,0
18159109,1852,291120,291120,240,0,0
18169129,1854,291360,291360,240,0,0
18179073,1855,291600,291600,240,0,0
18189115,1857,291840,291840,240,0,0
18199070,1858,292080,292080,240,0,0
18209111,1860,292320,292320,240,0,0
18219085,1861,292560,292560,240,0,0
18229163,1863,292800,292800,240,0,0
18239155,1864,293040,293040,240,0,0
18249159,1866,293280,293280,240,0,0
18259057,1867,293520,293520,240,0,0
18269113,1869,293760,293760,240,0,0
18279080,1870,294000,294000,240,0,0
18289113,1872,294240,294240,240,0,0
18299106,1873,294480,294480,240,0,0
18309123,1875,294720,294720,240,0,0
18319133,1876,294960,294960,240,0,0
18329106,1878,295200,295200,240,0,0
18339048,1879,295440,295440,240,0,0
18349294,1881,295685,295685,240,5,0
18359115,1882,295921,295925,240,0,4
18369119,1884,296161,296161,240,0,0
18379066,1885,296401,296401,240,0,0
18389110,1887,296641,296641,240,0,0
18399070,1888,296881,296881,240,0,0
18409118,1890,297121,297121,240,0,0
18419103,1891,297361,297361,240,0,0
18429132,1893,297601,297601,240,0,0
18439067,1894,297841,297841,240,0,0
18449211,1896,298081,298081,240,0,0
18459079,1897,298321,298321,240,0,0
18469107,1899,298561,298561,240,0,0
18479125,1900,298801,298801,240,0,0
18489103,1902,299041,299041,240,0,0
18499104,1903,299281,299281,240,0,0
18509113,1905,299521,299521,240,0,0
18519073,1906,299761,299761,240,0,0
18529107,1908,300001,300001,240,0,0
18539075,1909,300241,300241,240,0,0
18549196,1911,300481,300481,240,0,0
18559100,1912,300721,300721,240,0,0
18569121,1914,300961,300961,240,0,0
18579104,1915,301201,301201,240,0,0
18589114,1917,301441,301441,240,0,0
18599064,1918,301681,301681,240,0,0
18609110,1920,301921,301921,240,0,0
18619107,1921,302161,302161,240,0,0
18629194,1923,302401,302401,240,0,0
18639112,1924,302641,302641,240,0,0
18649214,1926,302881,302881,240,0,0
18659264,1927,303124,303124,240,3,0
18669136,1929,303361,303364,240,0,3
18679054,1930,303601,303601,240,0,0
18689190,1932,303841,303841,240,0,0
18699074,1933,304081,304081,240,0,0
18709221,1935,304321,304321,240,0,0
18719095,1936,304561,304561,240,0,0
18729087,1938,304801,304801,240,0,0
18739050,1939,305041,305041,240,0,0
18749373,1941,305287,305287,240,6,0
18759154,1942,305522,305527,240,0,5
18769132,1944,305762,305762,240,0,0
18779089,1945,306002,306002,240,0,0
18789111,1947,306242,306242,240,0,0
18799053,1948,306479,306482,240,0,3
18809097,1950,306719,306719,240,0,0
18819082,1951,306959,306959,240,0,0
18829177,1953,307202,307202,240,3,0
18839077,1954,307442,307442,240,0,0
18849165,1956,307682,307682,240,0,0
18859081,1957,307922,307922,240,0,0
18869237,1959,308162,308162,240,0,0
18879143,1960,308402,308402,240,0,0
18889184,1962,308642,308642,240,0,0
18899104,1963,308882,308882,240,0,0
18909122,1965,309122,309122,240,0,0
18919051,1966,309359,309362,240,0,3
18929091,1968,309599,309599,240,0,0
18939065,1969,309839,309839,240,0,0
18949092,1971,310079,310079,240,0,0
18959040,1972,310319,310319,240,0,0
18969166,1974,310562,310562,240,3,0
18979068,1975,310802,310802,240,0,0
18989105,1977,311042,311042,240,0,0
18999041,1978,311279,311282,240,0,3
19009091,1980,311519,311519,240,0,0
19019053,1981,311759,311759,240,0,0
19029096,1983,311999,311999,240,0,0
19039080,1984,312239,312239,240,0,0
19049118,1986,312479,312479,240,0,0
19059174,1987,312722,312722,240,3,0
19069151,1989,312962,312962,240,0,0
19079049,1990,313199,313202,240,0,3
19089113,1992,313439,313439,240,0,0
19099075,1993,313679,313679,240,0,0
19109192,1995,313923,313923,240,4,0
19119131,1996,314163,314163,240,0,0
19129118,1998,314403,314403,240,0,0
19139140,1999,314643,314643,240,0,0
19149107,2001,314883,314883,240,0,0
19159364,2002,315127,315127,240,4,0
19169483,2004,315370,315370,240,3,0
19179073,2005,315600,315610,240,0,10
19189119,2007,315840,315840,240,0,0
19199135,2008,316080,316080,240,0,0
19209206,2010,316323,316323,240,3,0
19219083,2011,316560,316563,240,0,3
19229139,2013,316800,316800,240,0,0
19239061,2014,317040,317040,240,0,0
19249159,2016,317280,317280,240,0,0
19259062,2017,317520,317520,240,0,0
19269222,2019,317763,317763,240,3,0
19279096,2020,318000,318003,240,0,3
19289107,2022,318240,318240,240,0,0
19299080,2023,318480,318480,240,0,0
19309143,2025,318720,318720,240,0,0
19319116,2026,318960,318960,240,0,0
19329135,2028,319200,319200,240,0,0
19339049,2029,319440,319440,240,0,0
19349117,2031,319680,319680,240,0,0
19358971,2032,319917,319920,240,0,3
19369186,2034,320162,320162,240,5,0
19379086,2035,320402,320402,240,0,0
19389077,2037,320642,320642,240,0,0
19399120,2038,320882,320882,240,0,0
19409190,2040,321122,321122,240,0,0
19419093,2041,321362,321362,240,0,0
19429097,2043,321602,321602,240,0,0
19439066,2044,321842,321842,240,0,0
19449090,2046,322082,322082,240,0,0
19459105,2047,322322,322322,240,0,0
19469222,2049,322562,322562,240,0,0
19479094,2050,322802,322802,240,0,0
19489121,2052,323042,323042,240,0,0
19499066,2053,323282,323282,240,0,0
19509133,2055,323522,323522,240,0,0
19519134,2056,323762,323762,240,0,0
19529132,2058,324002,324002,240,0,0
19539117,2059,324242,324242,240,0,0
19549130,2061,324482,324482,240,0,0
19559102,2062,324722,324722,240,0,0
19569211,2064,324962,324962,240,0,0
19579075,2065,325202,325202,240,0,0
19589112,2067,325442,325442,240,0,0
19599109,2068,325682,325682,240,0,0
19609134,2070,325922,325922,240,0,0
19619096,2071,326162,326162,240,0,0
19629117,2073,326402,326402,240,0,0
19639104,2074,326642,326642,240,0,0
19649119,2076,326882,326882,240,0,0
19659075,2077,327122,327122,240,0,0
19669130,2079,327362,327362,240,0,0
19679038,2080,327599,327602,240,0,3
19689191,2082,327843,327843,240,4,0
19699046,2083,328079,328083,240,0,4
19709116,2085,328319,328319,240,0,0
19719094,2086,328559,328559,240,0,0
19729137,2088,328799,328799,240,0,0
19739076,2089,329039,329039,240,0,0
19749138,2091,329279,329279,240,0,0
19759072,2092,329519,329519,240,0,0
19769125,2094,329759,329759,240,0,0
19779019,2095,329999,329999,240,0,0
19789170,2097,330242,330242,240,3,0
19799090,2098,330482,330482,240,0,0
19809130,2100,330722,330722,240,0,0
19819028,2101,330959,330962,240,0,3
19829112,2103,331199,331199,240,0,0
19839121,2104,331439,331439,240,0,0
19849169,2106,331682,331682,240,3,0
19859114,2107,331922,331922,240,0,0
19869151,2109,332162,332162,240,0,0
19879172,2110,332402,332402,240,0,0
19889193,2113,332642,332642,240,0,0
19899122,2114,332882,332882,240,0,0
19909134,2116,333122,333122,240,0,0
19919063,2117,333362,333362,240,0,0
19929132,2119,333602,333602,240,0,0
19939050,2120,333839,333842,240,0,3
19949122,2122,334079,334079,240,0,0
19959055,2123,334319,334319,240,0,0
19969125,2125,334559,334559,240,0,0
19979119,2126,334799,334799,240,0,0
19989170,2128,335042,335042,240,3,0
19999076,2129,335282,335282,240,0,0
20009127,2131,335522,335522,240,0,0
20019075,2132,335762,335762,240,0,0
20029123,2134,336002,336002,240,0,0
20039118,2135,336242,336242,240,0,0
20049129,2137,336482,336482,240,0,0
20059052,2138,336719,336722,240,0,3
20069119,2140,336959,336959,240,0,0
20079079,2141,337199,337199,240,0,0
20089250,2143,337444,337444,240,5,0
20099032,2144,337679,337684,240,0,5
20109235,2146,337924,337924,240,5,0
20119073,2147,338160,338164,240,0,4
20129115,2149,338400,338400,240,0,0
20139121,2150,338640,338640,240,0,0
20149121,2152,338880,338880,240,0,0
20159087,2153,339120,339120,240,0,0
20169141,2155,339360,339360,240,0,0
20179019,2156,339600,339600,240,0,0
20189246,2158,339844,339844,240,4,0
20199067,2159,340080,340084,240,0,4
20209102,2161,340320,340320,240,0,0
20219065,2162,340560,340560,240,0,0
20229132,2164,340800,340800,240,0,0
20239031,2165,341040,341040,240,0,0
20249119,2167,341280,341280,240,0,0
20259071,2168,341520,341520,240,0,0
20269152,2170,341760,341760,240,0,0
20279046,2171,342000,342000,240,0,0
20289227,2173,342243,342243,240,3,0
20299444,2174,342489,342489,240,6,0
20309159,2176,342722,342729,240,0,7
20319113,2177,342962,342962,240,0,0
20329149,2179,343202,343202,240,0,0
20339083,2180,343442,343442,240,0,0
20349145,2182,343682,343682,240,0,0
20359086,2183,343922,343922,240,0,0
20369146,2185,344162,344162,240,0,0
20379066,2186,344402,344402,240,0,0
20389231,2188,344642,344642,240,0,0
20399118,2189,344882,344882,240,0,0
20409138,2191,345122,345122,240,0,0
20419114,2192,345362,345362,240,0,0
20429139,2194,345602,345602,240,0,0
20439099,2195,345842,345842,240,0,0
20449139,2197,346082,346082,240,0,0
20459072,2198,346322,346322,240,0,0
20469126,2200,346562,346562,240,0,0
20479090,2201,346802,346802,240,0,0
20489142,2203,347042,347042,240,0,0
20499201,2204,347282,347282,240,0,0
20509152,2206,347522,347522,240,0,0
20519095,2207,347762,347762,240,0,0
20529148,2209,348002,348002,240,0,0
20539069,2210,348242,348242,240,0,0
20549248,2212,348482,348482,240,0,0
20559106,2213,348722,348722,240,0,0
20569146,2215,348962,348962,240,0,0
20579054,2216,349199,349202,240,0,3
20589135,2218,349439,349439,240,0,0
20599021,2219,349679,349679,240,0,0
20609159,2221,349922,349922,240,3,0
20619042,2222,350159,350162,240,0,3
20629129,2224,350399,350399,240,0,0
20639050,2225,350639,350639,240,0,0
20649129,2227,350879,350879,240,0,0
20659089,2228,351119,351119,240,0,0
20669319,2230,351366,351366,240,7,0
20679079,2231,351600,351606,240,0,6
20689107,2233,351840,351840,240,0,0
20699153,2234,352080,352080,240,0,0
20709166,2236,352320,352320,240,0,0
20719046,2237,352560,352560,240,0,0
20729122,2239,352800,352800,240,0,0
20739058,2240,353040,353040,240,0,0
20749229,2242,353284,353284,240,4,0
20759054,2243,353519,353524,240,0,5
20769196,2245,353763,353763,240,4,0
20779081,2246,354000,354003,240,0,3
20789133,2248,354240,354240,240,0,0
20799169,2249,354480,354480,240,0,0
20809159,2251,354720,354720,240,0,0
20819070,2252,354960,354960,240,0,0
20829210,2254,355203,355203,240,3,0
20839054,2255,355439,355443,240,0,4
20849180,2257,355682,355682,240,3,0
20859088,2258,355922,355922,240,0,0
20869167,2260,356162,356162,240,0,0
20879048,2261,356399,356402,240,0,3
20889121,2263,356639,356639,240,0,0
20899058,2264,356879,356879,240,0,0
20909316,2266,357126,357126,240,7,0
20919067,2267,357360,357366,240,0,6
20929112,2269,357600,357600,240,0,0
20939040,2270,357840,357840,240,0,0
20949101,2272,358080,358080,240,0,0
20959053,2273,358320,358320,240,0,0
20969107,2275,358560,358560,240,0,0
20979094,2276,358800,358800,240,0,0
20989105,2278,359040,359040,240,0,0
20999052,2279,359280,359280,240,0,0
21009200,2281,359523,359523,240,3,0
21019059,2282,359759,359763,240,0,4
21029203,2284,360003,360003,240,4,0
21039056,2285,360239,360243,240,0,4
21049113,2287,360479,360479,240,0,0
21059045,2288,360719,360719,240,0,0
21069128,2290,360959,360959,240,0,0
21079048,2291,361199,361199,240,0,0
21089109,2293,361439,361439,240,0,0
21099045,2294,361679,361679,240,0,0
21109218,2296,361923,361923,240,4,0
21119104,2297,362163,362163,240,0,0
21129200,2299,362403,362403,240,0,0
21139078,2300,362640,362643,240,0,3
21149138,2302,362880,362880,240,0,0
21159068,2303,363120,363120,240,0,0
21169137,2305,363360,363360,240,0,0
21179039,2306,363600,363600,240,0,0
21189124,2308,363840,363840,240,0,0
21199046,2309,364080,364080,240,0,0
21209195,2311,364323,364323,240,3,0
21219080,2312,364560,364563,240,0,3
21229122,2314,364800,364800,240,0,0
21239112,2315,365040,365040,240,0,0
21249120,2317,365280,365280,240,0,0
21259065,2318,365520,365520,240,0,0
21269129,2320,365760,365760,240,0,0
21279025,2321,366000,366000,240,0,0
21289229,2323,366244,366244,240,4,0
21299099,2324,366480,366484,240,0,4
21309271,2326,366725,366725,240,5,0
21319230,2327,366965,366965,240,0,0
21329150,2329,367202,367205,240,0,3
21339052,2330,367439,367442,240,0,3
21349113,2332,367679,367679,240,0,0
21359076,2333,367919,367919,240,0,0
21369128,2335,368159,368159,240,0,0
21379079,2336,368399,368399,240,0,0
21389105,2338,368639,368639,240,0,0
21399080,2339,368879,368879,240,0,0
21409135,2340,369119,369119,240,0,0
21419464,2342,369369,369369,240,10,0
21429185,2344,369602,369609,240,0,7
21439130,2345,369842,369842,240,0,0
21449128,2347,370082,370082,240,0,0
21459065,2348,370322,370322,240,0,0
21469125,2350,370562,370562,240,0,0
21479092,2351,370802,370802,240,0,0
21489111,2353,371042,371042,240,0,0
21499113,2354,371282,371282,240,0,0
21509124,2356,371522,371522,240,0,0
21519139,2357,371762,371762,240,0,0
21529176,2359,372002,372002,240,0,0
21539064,2360,372242,372242,240,0,0
21549110,2362,372482,372482,240,0,0
21559085,2363,372722,372722,240,0,0
21569107,2365,372962,372962,240,0,0
21579065,2366,373202,373202,240,0,0
21589114,2368,373442,373442,240,0,0
21599063,2369,373682,373682,240,0,0
21609122,2371,373922,373922,240,0,0
21619120,2372,374162,374162,240,0,0
21629154,2374,374402,374402,240,0,0
21639119,2375,374642,374642,240,0,0
21649130,2377,374882,374882,240,0,0
21659090,2378,375122,375122,240,0,0
21669116,2380,375362,375362,240,0,0
21679068,2381,375602,375602,240,0,0
21689113,2383,375842,375842,240,0,0
21699071,2384,376082,376082,240,0,0
21709112,2386,376322,376322,240,0,0
21719420,2387,376568,376568,240,6,0
21729189,2389,376803,376808,240,0,5
21739047,2390,377039,377043,240,0,4
21749109,2392,377279,377279,240,0,0
21759071,2393,377519,377519,240,0,0
21769126,2395,377759,377759,240,0,0
21779096,2396,377999,377999,240,0,0
21789127,2398,378239,378239,240,0,0
21799074,2399,378479,378479,240,0,0
21809128,2401,378719,378719,240,0,0
21819046,2402,378959,378959,240,0,0
21829216,2404,379203,379203,240,4,0
21839069,2405,379440,379443,240,0,3
21849166,2407,379680,379680,240,0,0
21859083,2408,379920,379920,240,0,0
21869153,2410,380160,380160,240,0,0
21879035,2411,380400,380400,240,0,0
21889122,2414,380640,380640,240,0,0
21899137,2415,380880,380880,240,0,0
21909135,2417,381120,381120,240,0,0
21919095,2418,381360,381360,240,0,0
21929230,2420,381604,381604,240,4,0
21939093,2421,381840,381844,240,0,4
21949142,2423,382080,382080,240,0,0
21959048,2424,382320,382320,240,0,0
21969126,2426,382560,382560,240,0,0
21979079,2427,382800,382800,240,0,0
21989134,2429,383040,383040,240,0,0
21999061,2430,383280,383280,240,0,0
22009126,2432,383520,383520,240,0,0
22019081,2433,383760,383760,240,0,0
22029218,2435,384003,384003,240,3,0
22039060,2436,384239,384243,240,0,4
22049120,2438,384479,384479,240,0,0
22059110,2439,384719,384719,240,0,0
22069276,2441,384965,384965,240,6,0
22079089,2442,385200,385205,240,0,5
22089132,2444,385440,385440,240,0,0
22099065,2445,385680,385680,240,0,0
22109120,2447,385920,385920,240,0,0
22119046,2448,386160,386160,240,0,0
22129234,2450,386404,386404,240,4,0
22139104,2451,386641,386644,240,0,3
22149141,2453,386881,386881,240,0,0
22159095,2454,387121,387121,240,0,0
22169144,2456,387361,387361,240,0,0
22179047,2457,387601,387601,240,0,0
22189136,2459,387841,387841,240,0,0
22199079,2460,388081,388081,240,0,0
22209140,2462,388321,388321,240,0,0
22219099,2463,388561,388561,240,0,0
22229134,2465,388801,388801,240,0,0
22239016,2466,389038,389041,240,0,3
22249172,2468,389282,389282,240,4,0
22259218,2469,389522,389522,240,0,0
22269165,2471,389762,389762,240,0,0
22279086,2472,390002,390002,240,0,0
22289135,2474,390242,390242,240,0,0
22299059,2475,390479,390482,240,0,3
22309152,2477,390722,390722,240,3,0
22319091,2478,390962,390962,240,0,0
22329137,2480,391202,391202,240,0,0
22339077,2481,391442,391442,240,0,0
22349165,2483,391682,391682,240,0,0
22359107,2484,391922,391922,240,0,0
22369150,2486,392162,392162,240,0,0
22379082,2487,392402,392402,240,0,0
22389124,2489,392642,392642,240,0,0
22399062,2490,392879,392882,240,0,3
22409121,2492,393119,393119,240,0,0
22419093,2493,393359,393359,240,0,0
22429127,2495,393599,393599,240,0,0
22439142,2496,393839,393839,240,0,0
22449180,2498,394082,394082,240,3,0
22459046,2499,394319,394322,240,0,3
22469164,2501,394562,394562,240,3,0
22479068,2502,394802,394802,240,0,0
22489123,2504,395042,395042,240,0,0
22499098,2505,395282,395282,240,0,0
22509135,2507,395522,395522,240,0,0
22519072,2508,395762,395762,240,0,0
22529123,2510,396002,396002,240,0,0
22539133,2511,396242,396242,240,0,0
22549474,2513,396489,396489,240,7,0
22559061,2514,396719,396729,240,0,10
22569110,2516,396959,396959,240,0,0
22579106,2517,397199,397199,240,0,0
22589109,2519,397439,397439,240,0,0
22599062,2520,397679,397679,240,0,0
22609128,2522,397919,397919,240,0,0
22619048,2523,398159,398159,240,0,0
22629120,2525,398399,398399,240,0,0
22639060,2526,398639,398639,240,0,0
22649284,2528,398885,398885,240,6,0
22659047,2529,399119,399125,240,0,6
22669129,2531,399359,399359,240,0,0
22679260,2532,399604,399604,240,5,0
22689140,2534,399841,399844,240,0,3
22699084,2535,400081,400081,240,0,0
22709134,2537,400321,400321,240,0,0
22719080,2538,400561,400561,240,0,0
22729136,2540,400801,400801,240,0,0
22739085,2541,401041,401041,240,0,0
22749242,2543,401284,401284,240,3,0
22759058,2544,401519,401524,240,0,5
22769110,2546,401759,401759,240,0,0
22779087,2547,401999,401999,240,0,0
22789242,2549,402244,402244,240,5,0
22799094,2550,402480,402484,240,0,4
22809132,2552,402720,402720,240,0,0
22819089,2553,402960,402960,240,0,0
22829120,2555,403200,403200,240,0,0
22839050,2556,403440,403440,240,0,0
22849259,2558,403684,403684,240,4,0
22859142,2559,403921,403924,240,0,3
22869150,2561,404161,404161,240,0,0
22879059,2562,404401,404401,240,0,0
22889121,2564,404641,404641,240,0,0
22899115,2565,404881,404881,240,0,0
22909126,2567,405121,405121,240,0,0
22919052,2568,405361,405361,240,0,0
22929120,2570,405601,405601,240,0,0
22939061,2571,405841,405841,240,0,0
22949229,2573,406084,406084,240,3,0
22959082,2574,406320,406324,240,0,4
22969128,2576,406560,406560,240,0,0
22979050,2577,406800,406800,240,0,0
22989118,2579,407040,407040,240,0,0
22999076,2580,407280,407280,240,0,0
23009127,2582,407520,407520,240,0,0
23019046,2583,407760,407760,240,0,0
23029112,2585,408000,408000,240,0,0
23039098,2586,408240,408240,240,0,0
23049227,2588,408483,408483,240,3,0
23059189,2589,408723,408723,240,0,0
23069160,2591,408963,408963,240,0,0
23079069,2592,409200,409203,240,0,3
23089141,2594,409440,409440,240,0,0
23099053,2595,409680,409680,240,0,0
23109123,2597,409920,409920,240,0,0
23119051,2598,410160,410160,240,0,0
23129139,2600,410400,410400,240,0,0
23139062,2601,410640,410640,240,0,0
23149231,2603,410884,410884,240,4,0
23159022,2604,411119,411124,240,0,5
23169166,2606,411362,411362,240,3,0
23179073,2607,411602,411602,240,0,0
23189118,2609,411842,411842,240,0,0
23199068,2610,412082,412082,240,0,0
23209176,2612,412322,412322,240,0,0
23219098,2613,412562,412562,240,0,0
23229202,2615,412802,412802,240,0,0
23239079,2616,413042,413042,240,0,0
23249119,2618,413282,413282,240,0,0
23259017,2619,413518,413522,240,0,4
23269167,2621,413762,413762,240,4,0
23279037,2622,413999,414002,240,0,3
23289236,2624,414244,414244,240,5,0
23299073,2625,414480,414484,240,0,4
23309140,2627,414720,414720,240,0,0
23319118,2628,414960,414960,240,0,0
23329156,2630,415200,415200,240,0,0
23339062,2631,415440,415440,240,0,0
23349123,2633,415680,415680,240,0,0
23359140,2634,415920,415920,240,0,0
23369163,2636,416160,416160,240,0,0
23379045,2637,416400,416400,240,0,0
23389116,2639,416640,416640,240,0,0
23399076,2640,416880,416880,240,0,0
23409135,2642,417120,417120,240,0,0
23419066,2643,417360,417360,240,0,0
23429134,2645,417600,417600,240,0,0
23439048,2646,417840,417840,240,0,0
23449112,2648,418080,418080,240,0,0
23459077,2649,418320,418320,240,0,0
23469226,2651,418563,418563,240,3,0
23479069,2652,418800,418803,240,0,3
23489115,2654,419040,419040,240,0,0
23499113,2655,419280,419280,240,0,0
23509137,2657,419520,419520,240,0,0
23519067,2658,419760,419760,240,0,0
23529133,2660,420000,420000,240,0,0
23539057,2661,420240,420240,240,0,0
23549113,2663,420480,420480,240,0,0
23559077,2664,420720,420720,240,0,0
23569236,2666,420964,420964,240,4,0
23579053,2667,421199,421204,240,0,5
23589129,2669,421439,421439,240,0,0
23599047,2670,421679,421679,240,0,0
23609112,2672,421919,421919,240,0,0
23619081,2673,422159,422159,240,0,0
23629116,2675,422399,422399,240,0,0
23639080,2676,422639,422639,240,0,0
23649131,2678,422879,422879,240,0,0
23659053,2679,423119,423119,240,0,0
23669222,2681,423363,423363,240,4,0
23679442,2682,423609,423609,240,6,0
23689151,2684,423842,423849,240,0,7
23699059,2685,424079,424082,240,0,3
23709137,2687,424319,424319,240,0,0
23719051,2688,424559,424559,240,0,0
23729137,2690,424799,424799,240,0,0
23739080,2691,425039,425039,240,0,0
23749134,2693,425279,425279,240,0,0
23759082,2694,425519,425519,240,0,0
23769236,2696,425764,425764,240,5,0
23779100,2697,426000,426004,240,0,4
23789125,2699,426240,426240,240,0,0
23799142,2700,426480,426480,240,0,0
23809132,2702,426720,426720,240,0,0
23819078,2703,426960,426960,240,0,0
23829121,2705,427200,427200,240,0,0
23839073,2706,427440,427440,240,0,0
23849185,2708,427680,427680,240,0,0
23859090,2709,427920,427920,240,0,0
23869304,2711,428165,428165,240,5,0
23879240,2712,428405,428405,240,0,0
23889138,2715,428641,428645,240,0,4
23899133,2716,428881,428881,240,0,0
23909136,2718,429121,429121,240,0,0
23919065,2719,429361,429361,240,0,0
23929128,2721,429601,429601,240,0,0
23939106,2722,429841,429841,240,0,0
23949216,2724,430081,430081,240,0,0
23959115,2725,430321,430321,240,0,0
23969198,2727,430561,430561,240,0,0
23979041,2728,430801,430801,240,0,0
23989157,2730,431041,431041,240,0,0
23999042,2731,431281,431281,240,0,0
24009126,2733,431521,431521,240,0,0
24019038,2734,431761,431761,240,0,0
24029127,2736,432001,432001,240,0,0
24039042,2737,432241,432241,240,0,0
24049208,2739,432481,432481,240,0,0
24059066,2740,432721,432721,240,0,0
24069138,2742,432961,432961,240,0,0
24079089,2743,433201,433201,240,0,0
24089166,2745,433441,433441,240,0,0
24099077,2746,433681,433681,240,0,0
24109144,2748,433921,433921,240,0,0
24119061,2749,434161,434161,240,0,0
24129128,2751,434401,434401,240,0,0
24139054,2752,434641,434641,240,0,0
24149125,2754,434881,434881,240,0,0
24159069,2755,435121,435121,240,0,0
24169144,2757,435361,435361,240,0,0
24179148,2758,435601,435601,240,0,0
24189167,2760,435841,435841,240,0,0
24199057,2761,436081,436081,240,0,0
24209135,2763,436321,436321,240,0,0
24219090,2764,436561,436561,240,0,0
24229136,2766,436801,436801,240,0,0
24239081,2767,437041,437041,240,0,0
24249215,2769,437281,437281,240,0,0
24259039,2770,437521,437521,240,0,0
24269166,2772,437761,437761,240,0,0
24279407,2773,438008,438008,240,7,0
24289211,2775,438243,438248,240,0,5
24299036,2776,438479,438483,240,0,4
24309130,2778,438719,438719,240,0,0
24319060,2779,438959,438959,240,0,0
24329129,2781,439199,439199,240,0,0
24339041,2782,439439,439439,240,0,0
24349232,2784,439684,439684,240,5,0
24359075,2785,439920,439924,240,0,4
24369140,2787,440160,440160,240,0,0
24379107,2788,440400,440400,240,0,0
24389229,2790,440644,440644,240,4,0
24399077,2791,440880,440884,240,0,4
24409114,2793,441120,441120,240,0,0
24419097,2794,441360,441360,240,0,0
24429143,2796,441600,441600,240,0,0
24439080,2797,441840,441840,240,0,0
24449142,2799,442080,442080,240,0,0
24459137,2800,442320,442320,240,0,0
24469145,2802,442560,442560,240,0,0
24479052,2803,442800,442800,240,0,0
24489212,2805,443043,443043,240,3,0
24499081,2806,443280,443283,240,0,3
24509121,2808,443520,443520,240,0,0
24519061,2809,443760,443760,240,0,0
24529134,2811,444000,444000,240,0,0
24539049,2812,444240,444240,240,0,0
24549131,2814,444480,444480,240,0,0
24559043,2815,444720,444720,240,0,0
24569125,2817,444960,444960,240,0,0
24579077,2818,445200,445200,240,0,0
24589214,2820,445443,445443,240,3,0
24599074,2821,445680,445683,240,0,3
24609138,2823,445920,445920,240,0,0
24619053,2824,446160,446160,240,0,0
24629132,2826,446400,446400,240,0,0
24639075,2827,446640,446640,240,0,0
24649128,2829,446880,446880,240,0,0
24659067,2830,447120,447120,240,0,0
24669158,2832,447360,447360,240,0,0
24679081,2833,447600,447600,240,0,0
24689450,2835,447849,447849,240,9,0
24699094,2836,448080,448089,240,0,9
24709127,2838,448320,448320,240,0,0
24719054,2839,448560,448560,240,0,0
24729126,2841,448800,448800,240,0,0
24739047,2842,449040,449040,240,0,0
24749115,2844,449280,449280,240,0,0
24759105,2845,449520,449520,240,0,0
24769128,2847,449760,449760,240,0,0
24779146,2848,450000,450000,240,0,0
24789138,2850,450240,450240,240,0,0
24799024,2851,450480,450480,240,0,0
24809467,2853,450729,450729,240,9,0
24819061,2854,450959,450969,240,0,10
24829106,2856,451199,451199,240,0,0
24839106,2857,451439,451439,240,0,0
24849147,2859,451682,451682,240,3,0
24859096,2860,451922,451922,240,0,0
24869142,2862,452162,452162,240,0,0
24879050,2863,452399,452402,240,0,3
24889139,2865,452639,452639,240,0,0
24899043,2866,452879,452879,240,0,0
24909180,2868,453122,453122,240,3,0
24919070,2869,453362,453362,240,0,0
24929111,2871,453602,453602,240,0,0
24939119,2872,453842,453842,240,0,0
24949127,2874,454082,454082,240,0,0
24959108,2875,454322,454322,240,0,0
24969120,2877,454562,454562,240,0,0
24979061,2878,454799,454802,240,0,3
24989124,2880,455039,455039,240,0,0
24999116,2881,455279,455279,240,0,0
25009162,2883,455522,455522,240,3,0
25019120,2884,455762,455762,240,0,0
25029132,2886,456002,456002,240,0,0
25039065,2887,456242,456242,240,0,0
25049128,2889,456482,456482,240,0,0
25059059,2890,456719,456722,240,0,3
25069120,2892,456959,456959,240,0,0
25079090,2893,457199,457199,240,0,0
25089133,2895,457439,457439,240,0,0
25099142,2896,457679,457679,240,0,0
25109160,2898,457922,457922,240,3,0
25119115,2899,458162,458162,240,0,0
25129130,2901,458402,458402,240,0,0
25139121,2902,458642,458642,240,0,0
25149130,2904,458882,458882,240,0,0
25159067,2905,459122,459122,240,0,0
25169119,2907,459362,459362,240,0,0
25179157,2908,459602,459602,240,0,0
25189130,2910,459842,459842,240,0,0
25199073,2911,460082,460082,240,0,0
25209253,2913,460322,460322,240,0,0
25219059,2914,460559,460562,240,0,3
25229110,2916,460799,460799,240,0,0
25239123,2917,461039,461039,240,0,0
25249129,2919,461279,461279,240,0,0
25259059,2920,461519,461519,240,0,0
25269111,2922,461759,461759,240,0,0
25279100,2923,461999,461999,240,0,0
25289123,2925,462239,462239,240,0,0
25299087,2926,462479,462479,240,0,0
25309202,2928,462723,462723,240,4,0
25319087,2929,462960,462963,240,0,3
25329230,2931,463204,463204,240,4,0
25339140,2932,463441,463444,240,0,3
25349131,2934,463681,463681,240,0,0
25359061,2935,463921,463921,240,0,0
25369156,2937,464161,464161,240,0,0
25379082,2938,464401,464401,240,0,0
25389129,2940,464641,464641,240,0,0
25399055,2941,464881,464881,240,0,0
25409212,2943,465121,465121,240,0,0
25419110,2944,465361,465361,240,0,0
25429132,2946,465601,465601,240,0,0
25439074,2947,465841,465841,240,0,0
25449111,2949,466081,466081,240,0,0
25459057,2950,466321,466321,240,0,0
25469109,2952,466561,466561,240,0,0
25479054,2953,466801,466801,240,0,0
25489114,2955,467041,467041,240,0,0
25499057,2956,467281,467281,240,0,0
25509215,2958,467521,467521,240,0,0
25519095,2959,467761,467761,240,0,0
25529129,2961,468001,468001,240,0,0
25539013,2962,468238,468241,240,0,3
25549221,2964,468483,468483,240,5,0
25559098,2965,468720,468723,240,0,3
25569129,2967,468960,468960,240,0,0
25579051,2968,469200,469200,240,0,0
25589122,2970,469440,469440,240,0,0
25599076,2971,469680,469680,240,0,0
25609128,2973,469920,469920,240,0,0
25619216,2974,470163,470163,240,3,0
25629148,2976,470403,470403,240,0,0
25639071,2977,470640,470643,240,0,3
25649115,2979,470880,470880,240,0,0
25659064,2980,471120,471120,240,0,0
25669113,2982,471360,471360,240,0,0
25679102,2983,471600,471600,240,0,0
25689131,2985,471840,471840,240,0,0
25699062,2986,472080,472080,240,0,0
25709120,2988,472320,472320,240,0,0
25719013,2989,472560,472560,240,0,0
25729153,2991,472800,472800,240,0,0
25739112,2992,473040,473040,240,0,0
25749122,2994,473280,473280,240,0,0
25759114,2995,473520,473520,240,0,0
25769126,2997,473760,473760,240,0,0
25779082,2998,474000,474000,240,0,0
25789123,3000,474240,474240,240,0,0
25799058,3001,474480,474480,240,0,0
25809120,3003,474720,474720,240,0,0
25819154,3004,474960,474960,240,0,0
25829168,3006,475200,475200,240,0,0
25839064,3007,475440,475440,240,0,0
25849172,3009,475680,475680,240,0,0
25859078,3010,475920,475920,240,0,0
25869136,3012,476160,476160,240,0,0
25879082,3013,476400,476400,240,0,0
25889135,3016,476640,476640,240,0,0
25899125,3017,476880,476880,240,0,0
25909128,3019,477120,477120,240,0,0
25919147,3020,477360,477360,240,0,0
25929485,3022,477610,477610,240,10,0
25939056,3023,477839,477850,240,0,11
25949116,3025,478079,478079,240,0,0
25959057,3026,478319,478319,240,0,0
25969128,3028,478559,478559,240,0,0
25979139,3029,478799,478799,240,0,0
25989127,3031,479039,479039,240,0,0
25999074,3032,479279,479279,240,0,0
26009118,3034,479519,479519,240,0,0
26019054,3035,479759,479759,240,0,0
26029302,3037,480005,480005,240,6,0
26039064,3038,480240,480245,240,0,5
26049131,3040,480480,480480,240,0,0
26059054,3041,480720,480720,240,0,0
26069126,3043,480960,480960,240,0,0
26079065,3044,481200,481200,240,0,0
26089156,3046,481440,481440,240,0,0
26099063,3047,481680,481680,240,0,0
26109141,3049,481920,481920,240,0,0
26119108,3050,482160,482160,240,0,0
26129216,3052,482403,482403,240,3,0
26139078,3053,482640,482643,240,0,3
26149127,3055,482880,482880,240,0,0
26159065,3056,483120,483120,240,0,0
26169128,3058,483360,483360,240,0,0
26179025,3059,483600,483600,240,0,0
26189111,3061,483840,483840,240,0,0
26199051,3062,484080,484080,240,0,0
26209126,3064,484320,484320,240,0,0
26219071,3065,484560,484560,240,0,0
26229253,3067,484804,484804,240,4,0
26239070,3068,485040,485044,240,0,4
26249125,3070,485280,485280,240,0,0
26259070,3071,485520,485520,240,0,0
26269137,3073,485760,485760,240,0,0
26279045,3074,486000,486000,240,0,0
26289134,3076,486240,486240,240,0,0
26299063,3077,486480,486480,240,0,0
26309135,3079,486720,486720,240,0,0
26319056,3080,486960,486960,240,0,0
26329230,3082,487204,487204,240,4,0
26339084,3083,487440,487444,240,0,4
26349120,3085,487680,487680,240,0,0
26359116,3086,487920,487920,240,0,0
26369140,3088,488160,488160,240,0,0
26379047,3089,488400,488400,240,0,0
26389175,3091,488640,488640,240,0,0
26399042,3092,488880,488880,240,0,0
26409123,3094,489120,489120,240,0,0
26419046,3095,489360,489360,240,0,0
26429391,3097,489607,489607,240,7,0
26439187,3098,489842,489847,240,0,5
26449148,3100,490082,490082,240,0,0
26459051,3101,490319,490322,240,0,3
26469120,3103,490559,490559,240,0,0
26479049,3104,490799,490799,240,0,0
26489138,3106,491039,491039,240,0,0
26499055,3107,491279,491279,240,0,0
26509124,3109,491519,491519,240,0,0
26519068,3110,491759,491759,240,0,0
26529137,3112,491999,491999,240,0,0
26539156,3113,492242,492242,240,3,0
26549140,3115,492482,492482,240,0,0
26559069,3116,492722,492722,240,0,0
26569130,3118,492962,492962,240,0,0
26579085,3119,493202,493202,240,0,0
26589141,3121,493442,493442,240,0,0
26599064,3122,493682,493682,240,0,0
26609125,3124,493922,493922,240,0,0
26619092,3125,494162,494162,240,0,0
26629141,3127,494402,494402,240,0,0
26639142,3128,494642,494642,240,0,0
26649170,3130,494882,494882,240,0,0
26659062,3131,495119,495122,240,0,3
26669138,3133,495359,495359,240,0,0
26679038,3134,495599,495599,240,0,0
26689129,3136,495839,495839,240,0,0
26699292,3137,496085,496085,240,6,0
26709163,3139,496322,496325,240,0,3
26719111,3140,496562,496562,240,0,0
26729140,3142,496802,496802,240,0,0
26739162,3143,497042,497042,240,0,0
26749169,3145,497282,497282,240,0,0
26759058,3146,497519,497522,240,0,3
26769134,3148,497759,497759,240,0,0
26779037,3149,497999,497999,240,0,0
26789113,3151,498239,498239,240,0,0
26799053,3152,498479,498479,240,0,0
26809111,3154,498719,498719,240,0,0
26819045,3155,498959,498959,240,0,0
26829107,3157,499199,499199,240,0,0
26839091,3158,499439,499439,240,0,0
26849238,3160,499684,499684,240,5,0
26859102,3161,499920,499924,240,0,4
26869122,3163,500160,500160,240,0,0
26879035,3164,500400,500400,240,0,0
26889112,3166,500640,500640,240,0,0
26899067,3167,500880,500880,240,0,0
26909132,3169,501120,501120,240,0,0
26919051,3170,501360,501360,240,0,0
26929118,3172,501600,501600,240,0,0
26939068,3173,501840,501840,240,0,0
26949262,3175,502084,502084,240,4,0
26959099,3176,502320,502324,240,0,4
26969115,3178,502560,502560,240,0,0
26979082,3179,502800,502800,240,0,0
26989138,3181,503040,503040,240,0,0
26999055,3182,503280,503280,240,0,0
27009115,3184,503520,503520,240,0,0
27019083,3185,503760,503760,240,0,0
27029139,3187,504000,504000,240,0,0
27039026,3188,504240,504240,240,0,0
27049255,3190,504484,504484,240,4,0
27059364,3191,504727,504727,240,3,0
27069207,3193,504963,504967,240,0,4
27079044,3194,505199,505203,240,0,4
27089117,3196,505439,505439,240,0,0
27099079,3197,505679,505679,240,0,0
27109135,3199,505919,505919,240,0,0
27119093,3200,506159,506159,240,0,0
27129132,3202,506399,506399,240,0,0
27139092,3203,506639,506639,240,0,0
27149231,3205,506884,506884,240,5,0
27159082,3206,507120,507124,240,0,4
27169147,3208,507360,507360,240,0,0
27179040,3209,507600,507600,240,0,0
27189122,3211,507840,507840,240,0,0
27199121,3212,508080,508080,240,0,0
27209136,3214,508320,508320,240,0,0
27219115,3215,508560,508560,240,0,0
27229136,3217,508800,508800,240,0,0
27239113,3218,509040,509040,240,0,0
27249200,3220,509283,509283,240,3,0
27259214,3221,509523,509523,240,0,0
27269136,3223,509763,509763,240,0,0
27279086,3224,510000,510003,240,0,3
27289131,3226,510240,510240,240,0,0
27299082,3227,510480,510480,240,0,0
27309125,3229,510720,510720,240,0,0
27319081,3230,510960,510960,240,0,0
27329131,3232,511200,511200,240,0,0
27339060,3233,511440,511440,240,0,0
27349116,3235,511680,511680,240,0,0
27359172,3236,511920,511920,240,0,0
27369130,3238,512160,512160,240,0,0
27379103,3239,512400,512400,240,0,0
27389121,3241,512640,512640,240,0,0
27399099,3242,512880,512880,240,0,0
27409139,3244,513120,513120,240,0,0
27419060,3245,513360,513360,240,0,0
27429114,3247,513600,513600,240,0,0
27439041,3248,513840,513840,240,0,0
27449114,3250,514080,514080,240,0,0
27459018,3251,514320,514320,240,0,0
27469220,3253,514563,514563,240,3,0
27479093,3254,514800,514803,240,0,3
27489107,3256,515040,515040,240,0,0
27499062,3257,515280,515280,240,0,0
27509189,3259,515523,515523,240,3,0
27519078,3260,515760,515763,240,0,3
27529097,3262,516000,516000,240,0,0
27539014,3263,516240,516240,240,0,0
27549198,3265,516483,516483,240,3,0
27559092,3266,516720,516723,240,0,3
27569224,3268,516963,516963,240,3,0
27579086,3269,517200,517203,240,0,3
27589094,3271,517440,517440,240,0,0
27599099,3272,517680,517680,240,0,0
27609108,3274,517920,517920,240,0,0
27619054,3275,518160,518160,240,0,0
27629099,3277,518400,518400,240,0,0
27639067,3278,518640,518640,240,0,0
27649104,3280,518880,518880,240,0,0
27659167,3281,519120,519120,240,0,0
27669121,3283,519360,519360,240,0,0
27679078,3284,519600,519600,240,0,0
27689134,3286,519840,519840,240,0,0
27699029,3287,520080,520080,240,0,0
27709199,3289,520323,520323,240,3,0
27719052,3290,520559,520563,240,0,4
27729115,3292,520799,520799,240,0,0
27739056,3293,521039,521039,240,0,0
27749113,3295,521279,521279,240,0,0
27759112,3296,521519,521519,240,0,0
27769245,3298,521764,521764,240,5,0
27779120,3299,522001,522004,240,0,3
27789109,3301,522241,522241,240,0,0
27799036,3302,522481,522481,240,0,0
27809100,3304,522721,522721,240,0,0
27819035,3305,522961,522961,240,0,0
27829198,3307,523201,523201,240,0,0
27839015,3308,523438,523441,240,0,3
27849202,3310,523683,523683,240,5,0
27859090,3311,523920,523923,240,0,3
27869265,3313,524164,524164,240,4,0
27879109,3314,524401,524404,240,0,3
27889193,3317,524641,524641,240,0,0
27899200,3318,524881,524881,240,0,0
27909143,3320,525121,525121,240,0,0
27919133,3321,525361,525361,240,0,0
27929132,3323,525601,525601,240,0,0
27939040,3324,525841,525841,240,0,0
27949205,3326,526081,526081,240,0,0
27959066,3327,526321,526321,240,0,0
27969229,3329,526564,526564,240,3,0
27979096,3330,526800,526804,240,0,4
27989213,3332,527043,527043,240,3,0
27999045,3333,527279,527283,240,0,4
28009109,3335,527519,527519,240,0,0
28019094,3336,527759,527759,240,0,0
28029132,3338,527999,527999,240,0,0
28038971,3339,528239,528239,240,0,0
28049069,3341,528479,528479,240,0,0
28059098,3342,528719,528719,240,0,0
28069231,3344,528964,528964,240,5,0
28079110,3345,529201,529204,240,0,3
28089136,3347,529441,529441,240,0,0
28099039,3348,529681,529681,240,0,0
28109204,3350,529921,529921,240,0,0
28119045,3351,530161,530161,240,0,0
28129115,3353,530401,530401,240,0,0
28139022,3354,530641,530641,240,0,0
28149204,3356,530881,530881,240,0,0
28159049,3357,531121,531121,240,0,0
28169114,3359,531361,531361,240,0,0
28180084,3360,531624,531624,240,23,0
28189198,3362,531843,531864,240,0,21
28199082,3363,532080,532083,240,0,3
28209204,3365,532323,532323,240,3,0
28219074,3366,532560,532563,240,0,3
28229107,3368,532800,532800,240,0,0
28239128,3369,533040,533040,240,0,0
28249128,3371,533280,533280,240,0,0
28259061,3372,533520,533520,240,0,0
28269152,3374,533760,533760,240,0,0
28279007,3375,534000,534000,240,0,0
28289179,3377,534240,534240,240,0,0
28299118,3378,534480,534480,240,0,0
28309135,3380,534720,534720,240,0,0
28319123,3381,534960,534960,240,0,0
28329137,3383,535200,535200,240,0,0
28339106,3384,535440,535440,240,0,0
28349199,3386,535683,535683,240,3,0
28359098,3387,535920,535923,240,0,3
28369106,3389,536160,536160,240,0,0
28379144,3390,536400,536400,240,0,0
28389244,3392,536644,536644,240,4,0
28399080,3393,536880,536884,240,0,4
28409195,3395,537123,537123,240,3,0
28419072,3396,537360,537363,240,0,3
28429181,3398,537600,537600,240,0,0
28439043,3399,537840,537840,240,0,0
28449189,3401,538083,538083,240,3,0
28459068,3402,538320,538323,240,0,3
28469104,3404,538560,538560,240,0,0
28479109,3405,538800,538800,240,0,0
28489210,3407,539043,539043,240,3,0
28499079,3408,539280,539283,240,0,3
28509195,3410,539523,539523,240,3,0
28519025,3411,539759,539763,240,0,4
28529193,3413,540003,540003,240,4,0
28539052,3414,540239,540243,240,0,4
28549197,3416,540483,540483,240,4,0
28559048,3417,540719,540723,240,0,4
28569142,3419,540959,540959,240,0,0
28579043,3420,541199,541199,240,0,0
28589271,3422,541445,541445,240,6,0
28599060,3423,541679,541685,240,0,6
28609216,3425,541923,541923,240,4,0
28619057,3426,542159,542163,240,0,4
28629101,3428,542399,542399,240,0,0
28639089,3429,542639,542639,240,0,0
28649119,3431,542879,542879,240,0,0
28659055,3432,543119,543119,240,0,0
28669115,3434,543359,543359,240,0,0
28679085,3435,543599,543599,240,0,0
28689245,3437,543844,543844,240,5,0
28699288,3438,544084,544084,240,0,0
28709234,3440,544324,544324,240,0,0
28719093,3441,544560,544564,240,0,4
28729172,3443,544800,544800,240,0,0
28739034,3444,545040,545040,240,0,0
28749182,3446,545280,545280,240,0,0
28759021,3447,545520,545520,240,0,0
28769179,3449,545760,545760,240,0,0
28779043,3450,546000,546000,240,0,0
28789251,3452,546244,546244,240,4,0
28799101,3453,546480,546484,240,0,4
28809199,3455,546723,546723,240,3,0
28819007,3456,546958,546963,240,0,5
28829173,3458,547202,547202,240,4,0
28839039,3459,547439,547442,240,0,3
28849204,3461,547683,547683,240,4,0
28859100,3462,547920,547923,240,0,3
28869194,3464,548163,548163,240,3,0
28879092,3465,548400,548403,240,0,3
28889241,3467,548644,548644,240,4,0
28899105,3468,548881,548884,240,0,3
28909114,3470,549121,549121,240,0,0
28919097,3471,549361,549361,240,0,0
28929128,3473,549601,549601,240,0,0
28939072,3474,549841,549841,240,0,0
28949177,3476,550081,550081,240,0,0
28959050,3477,550321,550321,240,0,0
28969191,3479,550561,550561,240,0,0
28979048,3480,550801,550801,240,0,0
28989197,3482,551041,551041,240,0,0
28999176,3483,551281,551281,240,0,0
29009152,3485,551521,551521,240,0,0
29019119,3486,551761,551761,240,0,0
29029190,3488,552001,552001,240,0,0
29039069,3489,552241,552241,240,0,0
29049123,3491,552481,552481,240,0,0
29059050,3492,552721,552721,240,0,0
29069116,3494,552961,552961,240,0,0
29079047,3495,553201,553201,240,0,0
29089201,3497,553441,553441,240,0,0
29099046,3498,553681,553681,240,0,0
29109179,3500,553921,553921,240,0,0
29119071,3501,554161,554161,240,0,0
29129211,3503,554401,554401,240,0,0
29139054,3504,554641,554641,240,0,0
29149207,3506,554881,554881,240,0,0
29159086,3507,555121,555121,240,0,0
29169220,3509,555361,555361,240,0,0
29179071,3510,555601,555601,240,0,0
29189205,3512,555841,555841,240,0,0
29199061,3513,556081,556081,240,0,0
29209182,3515,556321,556321,240,0,0
29219028,3516,556561,556561,240,0,0
29229208,3518,556801,556801,240,0,0
29239046,3519,557041,557041,240,0,0
29249189,3521,557281,557281,240,0,0
29259031,3522,557521,557521,240,0,0
29269189,3524,557761,557761,240,0,0
29279048,3525,558001,558001,240,0,0
29289193,3527,558241,558241,240,0,0
29299139,3528,558481,558481,240,0,0
29309460,3530,558729,558729,240,8,0
29319075,3531,558960,558969,240,0,9
29329196,3533,559203,559203,240,3,0
29339084,3534,559440,559443,240,0,3
29349166,3536,559680,559680,240,0,0
29359082,3537,559920,559920,240,0,0
29369161,3539,560160,560160,240,0,0
29379018,3540,560400,560400,240,0,0
29389190,3542,560643,560643,240,3,0
29399241,3543,560883,560883,240,0,0
29409217,3545,561123,561123,240,0,0
29419100,3546,561360,561363,240,0,3
29429174,3548,561600,561600,240,0,0
29439101,3549,561840,561840,240,0,0
29449165,3551,562080,562080,240,0,0
29459045,3552,562320,562320,240,0,0
29469177,3554,562560,562560,240,0,0
29479094,3555,562800,562800,240,0,0
29489124,3557,563040,563040,240,0,0
29499047,3558,563280,563280,240,0,0
29509275,3560,563525,563525,240,5,0
29519078,3561,563760,563765,240,0,5
29529186,3563,564000,564000,240,0,0
29539029,3564,564240,564240,240,0,0
29549187,3566,564480,564480,240,0,0
29559072,3567,564720,564720,240,0,0
29569159,3569,564960,564960,240,0,0
29579103,3570,565200,565200,240,0,0
29589135,3572,565440,565440,240,0,0
29599080,3573,565680,565680,240,0,0
29609202,3575,565923,565923,240,3,0
29619098,3576,566160,566163,240,0,3
29629204,3578,566403,566403,240,3,0
29639017,3579,566638,566643,240,0,5
29649188,3581,566883,566883,240,5,0
29659039,3582,567119,567123,240,0,4
29669189,3584,567363,567363,240,4,0
29679055,3585,567599,567603,240,0,4
29689179,3587,567842,567842,240,3,0
29699056,3588,568079,568082,240,0,3
29709243,3590,568324,568324,240,5,0
29719091,3591,568560,568564,240,0,4
29729199,3593,568803,568803,240,3,0
29738973,3594,569037,569043,240,0,6
29749174,3596,569282,569282,240,5,0
29759043,3597,569519,569522,240,0,3
29769178,3599,569762,569762,240,3,0
29779048,3600,569999,570002,240,0,3
29789186,3602,570242,570242,240,3,0
29799042,3603,570479,570482,240,0,3
29809236,3605,570724,570724,240,5,0
29819066,3606,570960,570964,240,0,4
29829185,3608,571200,571200,240,0,0
29839047,3609,571440,571440,240,0,0
29849191,3611,571683,571683,240,3,0
29859114,3612,571923,571923,240,0,0
29869202,3614,572163,572163,240,0,0
29879033,3615,572399,572403,240,0,4
29889188,3618,572643,572643,240,4,0
29899200,3619,572883,572883,240,0,0
29909208,3621,573123,573123,240,0,0
29919043,3622,573359,573363,240,0,4
29929216,3624,573603,573603,240,4,0
29939012,3625,573838,573843,240,0,5
29949185,3627,574082,574082,240,4,0
29959044,3628,574319,574322,240,0,3
29969152,3630,574562,574562,240,3,0
29979042,3631,574799,574802,240,0,3
29989190,3633,575043,575043,240,4,0
29999025,3634,575279,575283,240,0,4
30009156,3636,575522,575522,240,3,0
30019047,3637,575759,575762,240,0,3
30029222,3639,576003,576003,240,4,0
30039095,3640,576240,576243,240,0,3
30049153,3642,576480,576480,240,0,0
30059032,3643,576720,576720,240,0,0
30069195,3645,576963,576963,240,3,0
30079035,3646,577199,577203,240,0,4
30089189,3648,577443,577443,240,4,0
30099063,3649,577680,577683,240,0,3
30109182,3651,577920,577920,240,0,0
30119123,3652,578160,578160,240,0,0
30129220,3654,578403,578403,240,3,0
30139054,3655,578639,578643,240,0,4
30149196,3657,578883,578883,240,4,0
30159058,3658,579119,579123,240,0,4
30169198,3660,579363,579363,240,4,0
30179000,3661,579598,579603,240,0,5
30189189,3663,579843,579843,240,5,0
30199044,3664,580079,580083,240,0,4
30209197,3666,580323,580323,240,4,0
30219126,3667,580563,580563,240,0,0
30229217,3669,580803,580803,240,0,0
30239046,3670,581039,581043,240,0,4
30249189,3672,581283,581283,240,4,0
30259025,3673,581519,581523,240,0,4
30269190,3675,581763,581763,240,4,0
30278998,3676,581998,582003,240,0,5
30289158,3678,582242,582242,240,4,0
30299054,3679,582479,582482,240,0,3
30309192,3681,582723,582723,240,4,0
30318999,3682,582958,582963,240,0,5
30329303,3684,583205,583205,240,7,0
30339049,3685,583439,583445,240,0,6
30349193,3687,583683,583683,240,4,0
30359010,3688,583918,583923,240,0,5
30369194,3690,584163,584163,240,5,0
30379049,3691,584399,584403,240,0,4
30389191,3693,584643,584643,240,4,0
30399050,3694,584879,584883,240,0,4
30409186,3696,585122,585122,240,3,0
30419010,3697,585358,585362,240,0,4
30429241,3699,585604,585604,240,6,0
30439332,3700,585844,585844,240,0,0
30449186,3702,586084,586084,240,0,0
30459009,3703,586318,586324,240,0,6
30469206,3705,586563,586563,240,5,0
30479040,3706,586799,586803,240,0,4
30489195,3708,587043,587043,240,4,0
30499073,3709,587280,587283,240,0,3
30509168,3711,587520,587520,240,0,0
30519087,3712,587760,587760,240,0,0
30529226,3714,588003,588003,240,3,0
30539074,3715,588240,588243,240,0,3
30549139,3717,588480,588480,240,0,0
30559060,3718,588720,588720,240,0,0
30569183,3720,588960,588960,240,0,0
30579057,3721,589200,589200,240,0,0
30589165,3723,589440,589440,240,0,0
30599023,3724,589680,589680,240,0,0
30609172,3726,589920,589920,240,0,0
30619050,3727,590160,590160,240,0,0
30629209,3729,590403,590403,240,3,0
30639080,3730,590640,590643,240,0,3
30649211,3732,590883,590883,240,3,0
30659041,3733,591119,591123,240,0,4
30669183,3735,591362,591362,240,3,0
30679014,3736,591598,591602,240,0,4
30689190,3738,591843,591843,240,5,0
30699036,3739,592079,592083,240,0,4
30709302,3741,592325,592325,240,6,0
30719072,3742,592560,592565,240,0,5
30729200,3744,592803,592803,240,3,0
30739202,3745,593043,593043,240,0,0
30749213,3747,593283,593283,240,0,0
30759062,3748,593519,593523,240,0,4
30769159,3750,593762,593762,240,3,0
30779005,3751,593998,594002,240,0,4
30789175,3753,594242,594242,240,4,0
30799013,3754,594478,594482,240,0,4
30809177,3756,594722,594722,240,4,0
30819012,3757,594958,594962,240,0,4
30829188,3759,595203,595203,240,5,0
30839022,3760,595439,595443,240,0,4
30849201,3762,595683,595683,240,4,0
30859112,3763,595923,595923,240,0,0
30869208,3765,596163,596163,240,0,0
30879029,3766,596399,596403,240,0,4
30889165,3768,596642,596642,240,3,0
30899017,3769,596878,596882,240,0,4
30909208,3771,597123,597123,240,5,0
30919064,3772,597360,597363,240,0,3
30929190,3774,597603,597603,240,3,0
30939106,3775,597843,597843,240,0,0
30949205,3777,598083,598083,240,0,0
30959037,3778,598319,598323,240,0,4
30969173,3780,598562,598562,240,3,0
30979094,3781,598802,598802,240,0,0
30989190,3783,599042,599042,240,0,0
30999071,3784,599282,599282,240,0,0
31009160,3786,599522,599522,240,0,0
31019042,3787,599759,599762,240,0,3
31029195,3789,600003,600003,240,4,0
31039116,3790,600243,600243,240,0,0
31049202,3792,600483,600483,240,0,0
31059066,3793,600720,600723,240,0,3
31069173,3795,600960,600960,240,0,0
31079020,3796,601200,601200,240,0,0
31089182,3798,601440,601440,240,0,0
31099038,3799,601680,601680,240,0,0
31109200,3801,601923,601923,240,3,0
31119036,3802,602159,602163,240,0,4
31129185,3804,602402,602402,240,3,0
31139014,3805,602638,602642,240,0,4
31149292,3807,602885,602885,240,7,0
31159060,3808,603119,603125,240,0,6
31169189,3810,603363,603363,240,4,0
31179029,3811,603599,603603,240,0,4
31189185,3813,603842,603842,240,3,0
31199024,3814,604079,604082,240,0,3
31209163,3816,604322,604322,240,3,0
31219056,3817,604559,604562,240,0,3
31229186,3819,604802,604802,240,3,0
31239041,3820,605039,605042,240,0,3
31249231,3822,605284,605284,240,5,0
31259110,3823,605521,605524,240,0,3
31269196,3825,605761,605761,240,0,0
31279030,3826,606001,606001,240,0,0
31289194,3828,606241,606241,240,0,0
31299063,3829,606481,606481,240,0,0
31309213,3831,606721,606721,240,0,0
31319022,3832,606961,606961,240,0,0
31329201,3834,607201,607201,240,0,0
31339060,3835,607441,607441,240,0,0
31349251,3837,607684,607684,240,3,0
31359032,3838,607919,607924,240,0,5
31369218,3840,608163,608163,240,4,0
31379021,3841,608399,608403,240,0,4
31389191,3843,608643,608643,240,4,0
31399063,3844,608880,608883,240,0,3
31409192,3846,609123,609123,240,3,0
31419029,3847,609359,609363,240,0,4
31429192,3849,609603,609603,240,4,0
31439031,3850,609839,609843,240,0,4
31449240,3852,610084,610084,240,5,0
31459048,3853,610319,610324,240,0,5
31469219,3855,610563,610563,240,4,0
31479082,3856,610800,610803,240,0,3
31489213,3858,611043,611043,240,3,0
31499039,3859,611279,611283,240,0,4
31509218,3861,611523,611523,240,4,0
31519053,3862,611759,611763,240,0,4
31529182,3864,612002,612002,240,3,0
31539053,3865,612239,612242,240,0,3
31549137,3866,612479,612479,240,0,0
31559613,3868,612733,612733,240,14,0
31569163,3870,612962,612973,240,0,11
31579107,3871,613202,613202,240,0,0
31589128,3873,613442,613442,240,0,0
31599002,3874,613678,613682,240,0,4
31609126,3876,613921,613921,240,3,0
31619082,3877,614161,614161,240,0,0
31629167,3879,614401,614401,240,0,0
31639027,3880,614641,614641,240,0,0
31649150,3882,614881,614881,240,0,0
31659131,3883,615121,615121,240,0,0
31669132,3885,615361,615361,240,0,0
31679072,3886,615601,615601,240,0,0
31689140,3888,615841,615841,240,0,0
31699051,3889,616081,616081,240,0,0
31709162,3891,616321,616321,240,0,0
31719046,3892,616561,616561,240,0,0
31729176,3894,616801,616801,240,0,0
31739061,3895,617041,617041,240,0,0
31749189,3897,617281,617281,240,0,0
31759107,3898,617521,617521,240,0,0
31769228,3900,617761,617761,240,0,0
31779047,3901,618001,618001,240,0,0
31789193,3903,618241,618241,240,0,0
31799046,3904,618481,618481,240,0,0
31809151,3906,618721,618721,240,0,0
31819018,3907,618958,618961,240,0,3
31829192,3909,619203,619203,240,5,0
31839032,3910,619439,619443,240,0,4
31849241,3912,619684,619684,240,5,0
31859159,3913,619924,619924,240,0,0
31869235,3915,620164,620164,240,0,0
31879064,3916,620400,620404,240,0,4
31889187,3919,620640,620640,240,0,0
31899076,3920,620880,620880,240,0,0
31909229,3922,621124,621124,240,4,0
31919017,3923,621358,621364,240,0,6
31929162,3925,621602,621602,240,4,0
31939009,3926,621838,621842,240,0,4
31949170,3928,622082,622082,240,4,0
31959212,3929,622322,622322,240,0,0
31969279,3931,622565,622565,240,3,0
31979067,3932,622800,622805,240,0,5
31989191,3934,623043,623043,240,3,0
31999013,3935,623278,623283,240,0,5
32009200,3937,623523,623523,240,5,0
32019035,3938,623759,623763,240,0,4
32029184,3940,624002,624002,240,3,0
32039030,3941,624239,624242,240,0,3
32049189,3943,624483,624483,240,4,0
32059029,3944,624719,624723,240,0,4
32069260,3946,624964,624964,240,5,0
32079072,3947,625200,625204,240,0,4
32089168,3949,625440,625440,240,0,0
32099051,3950,625680,625680,240,0,0
32109210,3952,625923,625923,240,3,0
32119028,3953,626159,626163,240,0,4
32129195,3955,626403,626403,240,4,0
32139009,3956,626638,626643,240,0,5
32149196,3958,626883,626883,240,5,0
32159055,3959,627119,627123,240,0,4
32169238,3961,627364,627364,240,5,0
32179073,3962,627600,627604,240,0,4
32189201,3964,627843,627843,240,3,0
32199020,3965,628078,628083,240,0,5
32209202,3967,628323,628323,240,5,0
32219072,3968,628560,628563,240,0,3
32229133,3970,628800,628800,240,0,0
32239062,3971,629040,629040,240,0,0
32249172,3973,629280,629280,240,0,0
32259232,3974,629524,629524,240,4,0
32269203,3976,629764,629764,240,0,0
32279134,3977,630001,630004,240,0,3
32289121,3979,630241,630241,240,0,0
32299060,3980,630481,630481,240,0,0
32309204,3982,630721,630721,240,0,0
32319020,3983,630958,630961,240,0,3
32329183,3985,631202,631202,240,4,0
32339011,3986,631438,631442,240,0,4
32349183,3988,631682,631682,240,4,0
32359010,3989,631918,631922,240,0,4
32369278,3991,632165,632165,240,7,0
32379071,3992,632400,632405,240,0,5
32389155,3994,632640,632640,240,0,0
32399029,3995,632880,632880,240,0,0
32409200,3997,633123,633123,240,3,0
32419056,3998,633359,633363,240,0,4
32429188,4000,633603,633603,240,4,0
32439066,4001,633840,633843,240,0,3
32449178,4003,634080,634080,240,0,0
32459011,4004,634320,634320,240,0,0
32469188,4006,634563,634563,240,3,0
32479022,4007,634799,634803,240,0,4
32489217,4009,635043,635043,240,4,0
32499103,4010,635280,635283,240,0,3
32509246,4012,635524,635524,240,4,0
32519033,4013,635759,635764,240,0,5
32529178,4015,636002,636002,240,3,0
32539077,4016,636242,636242,240,0,0
32549179,4018,636482,636482,240,0,0
32559016,4019,636718,636722,240,0,4
32569179,4021,636962,636962,240,4,0
32579112,4022,637202,637202,240,0,0
32589242,4024,637442,637442,240,0,0
32599054,4025,637679,637682,240,0,3
32609128,4027,637919,637919,240,0,0
32619101,4028,638159,638159,240,0,0
32629132,4030,638399,638399,240,0,0
32639050,4031,638639,638639,240,0,0
32649188,4033,638883,638883,240,4,0
32659075,4034,639120,639123,240,0,3
32669185,4036,639360,639360,240,0,0
32679037,4037,639600,639600,240,0,0
32689473,4039,639849,639849,240,9,0
32699028,4040,640079,640089,240,0,10
32709304,4042,640325,640325,240,6,0
32719060,4043,640559,640565,240,0,6
32729192,4045,640803,640803,240,4,0
32739074,4046,641040,641043,240,0,3
32749177,4048,641280,641280,240,0,0
32759014,4049,641520,641520,240,0,0
32769191,4051,641763,641763,240,3,0
32779100,4052,642000,642003,240,0,3
32789224,4054,642243,642243,240,3,0
32799087,4055,642480,642483,240,0,3
32809155,4057,642720,642720,240,0,0
32819027,4058,642960,642960,240,0,0
32829170,4060,643200,643200,240,0,0
32839012,4061,643440,643440,240,0,0
32849199,4063,643683,643683,240,3,0
32859063,4064,643920,643923,240,0,3
32869189,4066,644163,644163,240,3,0
32879037,4067,644399,644403,240,0,4
32889370,4069,644647,644647,240,8,0
32899115,4070,644881,644887,240,0,6
32909197,4072,645121,645121,240,0,0
32919060,4073,645361,645361,240,0,0
32929137,4075,645601,645601,240,0,0
32939064,4076,645841,645841,240,0,0
32949186,4078,646081,646081,240,0,0
32959002,4079,646318,646321,240,0,3
32969154,4081,646562,646562,240,4,0
32979029,4082,646799,646802,240,0,3
32989253,4084,647044,647044,240,5,0
32999097,4085,647280,647284,240,0,4
33009178,4087,647520,647520,240,0,0
33019038,4088,647760,647760,240,0,0
33029202,4090,648003,648003,240,3,0
33039086,4091,648240,648243,240,0,3
33049188,4093,648483,648483,240,3,0
33058995,4094,648718,648723,240,0,5
33069167,4096,648962,648962,240,4,0
33079034,4097,649199,649202,240,0,3
33089262,4099,649444,649444,240,5,0
33099029,4100,649679,649684,240,0,5
33109210,4102,649923,649923,240,4,0
33119036,4103,650159,650163,240,0,4
33129186,4105,650402,650402,240,3,0
33139075,4106,650642,650642,240,0,0
33149175,4108,650882,650882,240,0,0
33159047,4109,651119,651122,240,0,3
33169175,4111,651362,651362,240,3,0
33179021,4112,651599,651602,240,0,3
33189253,4114,651844,651844,240,5,0
33199079,4115,652080,652084,240,0,4
33209142,4117,652320,652320,240,0,0
33219072,4118,652560,652560,240,0,0
33229135,4120,652800,652800,240,0,0
33239037,4121,653040,653040,240,0,0
33249188,4123,653283,653283,240,3,0
33259048,4124,653519,653523,240,0,4
33269183,4126,653762,653762,240,3,0
33279025,4127,653999,654002,240,0,3
33289189,4129,654243,654243,240,4,0
33299204,4130,654483,654483,240,0,0
33309224,4132,654723,654723,240,0,0
33319037,4133,654959,654963,240,0,4
33329140,4135,655199,655199,240,0,0
33339030,4136,655439,655439,240,0,0
33349201,4138,655683,655683,240,4,0
33359056,4139,655919,655923,240,0,4
33369200,4141,656163,656163,240,4,0
33379053,4142,656399,656403,240,0,4
33389196,4144,656643,656643,240,4,0
33399038,4145,656879,656883,240,0,4
33409221,4147,657123,657123,240,4,0
33419040,4148,657359,657363,240,0,4
33429192,4150,657603,657603,240,4,0
33439012,4151,657838,657843,240,0,5
33449200,4153,658083,658083,240,5,0
33459046,4154,658319,658323,240,0,4
33469188,4156,658563,658563,240,4,0
33479017,4157,658798,658803,240,0,5
33489192,4159,659043,659043,240,5,0
33499121,4160,659283,659283,240,0,0
33509230,4162,659523,659523,240,0,0
33519064,4163,659760,659763,240,0,3
33529171,4165,660000,660000,240,0,0
33539070,4166,660240,660240,240,0,0
33549134,4168,660480,660480,240,0,0
33559083,4169,660720,660720,240,0,0
33569180,4171,660960,660960,240,0,0
33579041,4172,661200,661200,240,0,0
33589195,4174,661443,661443,240,3,0
33599174,4175,661683,661683,240,0,0
33609161,4177,661923,661923,240,0,0
33619113,4178,662163,662163,240,0,0
33629129,4180,662403,662403,240,0,0
33639078,4181,662640,662643,240,0,3
33649187,4183,662880,662880,240,0,0
33659003,4184,663120,663120,240,0,0
33669159,4186,663360,663360,240,0,0
33679040,4187,663600,663600,240,0,0
33689198,4189,663843,663843,240,3,0
33699034,4190,664079,664083,240,0,4
33709298,4192,664325,664325,240,6,0
33719062,4193,664559,664565,240,0,6
33729187,4195,664802,664802,240,3,0
33739047,4196,665039,665042,240,0,3
33749197,4198,665283,665283,240,4,0
33759035,4199,665519,665523,240,0,4
33769206,4201,665763,665763,240,4,0
33779032,4202,665999,666003,240,0,4
33789193,4204,666243,666243,240,4,0
33799018,4205,666478,666483,240,0,5
33809265,4207,666724,666724,240,6,0
33819279,4208,666964,666964,240,0,0
33829197,4210,667204,667204,240,0,0
33839084,4211,667440,667444,240,0,4
33849163,4213,667680,667680,240,0,0
33859142,4214,667920,667920,240,0,0
33869152,4216,668160,668160,240,0,0
33879027,4217,668400,668400,240,0,0
33889211,4220,668643,668643,240,3,0
33899062,4221,668879,668883,240,0,4
33909269,4223,669124,669124,240,5,0
33919135,4224,669361,669364,240,0,3
33929121,4226,669601,669601,240,0,0
33939074,4227,669841,669841,240,0,0
33949188,4229,670081,670081,240,0,0
33959067,4230,670321,670321,240,0,0
33969197,4232,670561,670561,240,0,0
33979091,4233,670801,670801,240,0,0
33989199,4235,671041,671041,240,0,0
33999015,4236,671278,671281,240,0,3
34009242,4238,671524,671524,240,6,0
34019113,4239,671761,671764,240,0,3
34029199,4241,672001,672001,240,0,0
34039027,4242,672241,672241,240,0,0
34049208,4244,672481,672481,240,0,0
34059110,4245,672721,672721,240,0,0
34069133,4247,672961,672961,240,0,0
34079028,4248,673201,673201,240,0,0
34089197,4250,673441,673441,240,0,0
34099037,4251,673681,673681,240,0,0
34109209,4253,673921,673921,240,0,0
34119184,4254,674161,674161,240,0,0
34129146,4256,674401,674401,240,0,0
34139038,4257,674641,674641,240,0,0
34149211,4259,674881,674881,240,0,0
34159012,4260,675118,675121,240,0,3
34169196,4262,675363,675363,240,5,0
34179046,4263,675599,675603,240,0,4
34189140,4265,675839,675839,240,0,0
34199035,4266,676079,676079,240,0,0
34209195,4268,676323,676323,240,4,0
34219024,4269,676559,676563,240,0,4
34229255,4271,676804,676804,240,5,0
34239109,4272,677041,677044,240,0,3
34249132,4274,677281,677281,240,0,0
34259068,4275,677521,677521,240,0,0
34269122,4277,677761,677761,240,0,0
34279023,4278,678001,678001,240,0,0
34289145,4280,678241,678241,240,0,0
34299031,4281,678481,678481,240,0,0
34309227,4283,678721,678721,240,0,0
34319116,4284,678961,678961,240,0,0
34329225,4286,679201,679201,240,0,0
34339074,4287,679441,679441,240,0,0
34349184,4289,679681,679681,240,0,0
34359032,4290,679921,679921,240,0,0
34369193,4292,680161,680161,240,0,0
34379038,4293,680401,680401,240,0,0
34389177,4295,680641,680641,240,0,0
34399057,4296,680881,680881,240,0,0
34409198,4298,681121,681121,240,0,0
34419111,4299,681361,681361,240,0,0
34429229,4301,681604,681604,240,3,0
34439023,4302,681839,681844,240,0,5
34449190,4304,682083,682083,240,4,0
34459061,4305,682319,682323,240,0,4
34469195,4307,682563,682563,240,4,0
34479061,4308,682799,682803,240,0,4
34489130,4310,683039,683039,240,0,0
34499008,4311,683279,683279,240,0,0
34509167,4313,683522,683522,240,3,0
34519228,4314,683762,683762,240,0,0
34529256,4316,684002,684002,240,0,0
34539065,4317,684242,684242,240,0,0
34549208,4319,684482,684482,240,0,0
34559061,4320,684719,684722,240,0,3
34569192,4322,684963,684963,240,4,0
34579092,4323,685200,685203,240,0,3
34589184,4325,685440,685440,240,0,0
34599061,4326,685680,685680,240,0,0
34609176,4328,685920,685920,240,0,0
34619070,4329,686160,686160,240,0,0
34629227,4331,686403,686403,240,3,0
34639124,4332,686643,686643,240,0,0
34649149,4334,686883,686883,240,0,0
34659034,4335,687119,687123,240,0,4
34669171,4337,687362,687362,240,3,0
34679056,4338,687599,687602,240,0,3
34689193,4340,687843,687843,240,4,0
34699019,4341,688078,688083,240,0,5
34709217,4343,688323,688323,240,5,0
34719241,4344,688563,688563,240,0,0
34729270,4346,688803,688803,240,0,0
34739061,4347,689039,689043,240,0,4
34749126,4349,689279,689279,240,0,0
34759123,4350,689519,689519,240,0,0
34769178,4352,689762,689762,240,3,0
34779015,4353,689998,690002,240,0,4
34789198,4355,690243,690243,240,5,0
34799053,4356,690479,690483,240,0,4
34809138,4358,690719,690719,240,0,0
34819089,4359,690959,690959,240,0,0
34829251,4361,691204,691204,240,5,0
34839139,4362,691441,691444,240,0,3
34849171,4364,691681,691681,240,0,0
34859096,4365,691921,691921,240,0,0
34869149,4367,692161,692161,240,0,0
34879109,4368,692401,692401,240,0,0
34889142,4370,692641,692641,240,0,0
34899030,4371,692881,692881,240,0,0
34909191,4373,693121,693121,240,0,0
34919125,4374,693361,693361,240,0,0
34929405,4376,693608,693608,240,7,0
34939443,4377,693848,693848,240,0,0
34949139,4379,694081,694088,240,0,7
34959094,4380,694321,694321,240,0,0
34969173,4382,694561,694561,240,0,0
34979080,4383,694801,694801,240,0,0
34989135,4385,695041,695041,240,0,0
34998994,4386,695278,695281,240,0,3
35009179,4388,695522,695522,240,4,0
35019037,4389,695759,695762,240,0,3
35029204,4391,696003,696003,240,4,0
35039041,4392,696239,696243,240,0,4
35049220,4394,696483,696483,240,4,0
35059079,4395,696720,696723,240,0,3
35069129,4397,696960,696960,240,0,0
35079073,4398,697200,697200,240,0,0
35089196,4400,697443,697443,240,3,0
35099076,4401,697680,697683,240,0,3
35109205,4403,697923,697923,240,3,0
35119076,4404,698160,698163,240,0,3
35129138,4406,698400,698400,240,0,0
35139128,4407,698640,698640,240,0,0
35149205,4409,698883,698883,240,3,0
35159082,4410,699120,699123,240,0,3
35169144,4412,699360,699360,240,0,0
35179047,4413,699600,699600,240,0,0
35189189,4415,699843,699843,240,3,0
35199073,4416,700080,700083,240,0,3
35209148,4418,700320,700320,240,0,0
35219100,4419,700560,700560,240,0,0
35229184,4421,700800,700800,240,0,0
35239152,4422,701040,701040,240,0,0
35249181,4424,701280,701280,240,0,0
35259105,4425,701520,701520,240,0,0
35269186,4427,701760,701760,240,0,0
35279001,4428,702000,702000,240,0,0
35289195,4430,702243,702243,240,3,0
35299068,4431,702480,702483,240,0,3
35309188,4433,702723,702723,240,3,0
35319083,4434,702960,702963,240,0,3
35329146,4436,703200,703200,240,0,0
35339287,4437,703445,703445,240,5,0
35349233,4439,703685,703685,240,0,0
35359071,4440,703920,703925,240,0,5
35369159,4442,704160,704160,240,0,0
35379067,4443,704400,704400,240,0,0
35389189,4445,704643,704643,240,3,0
35399006,4446,704878,704883,240,0,5
35409150,4448,705122,705122,240,4,0
35418994,4449,705358,705362,240,0,4
35429185,4451,705602,705602,240,4,0
35439013,4452,705838,705842,240,0,4
35449271,4454,706085,706085,240,7,0
35459029,4455,706319,706325,240,0,6
35469188,4457,706563,706563,240,4,0
35479013,4458,706798,706803,240,0,5
35489165,4460,707042,707042,240,4,0
35499019,4461,707278,707282,240,0,4
35509189,4463,707523,707523,240,5,0
35518961,4464,707757,707763,240,0,6
35529171,4466,708002,708002,240,5,0
35539020,4467,708238,708242,240,0,4
35549247,4469,708484,708484,240,6,0
35559122,4470,708721,708724,240,0,3
35569165,4472,708961,708961,240,0,0
35579065,4473,709201,709201,240,0,0
35589195,4475,709441,709441,240,0,0
35599090,4476,709681,709681,240,0,0
35609139,4478,709921,709921,240,0,0
35619073,4479,710161,710161,240,0,0
35629187,4481,710401,710401,240,0,0
35639054,4482,710641,710641,240,0,0
35649236,4484,710884,710884,240,3,0
35659107,4485,711121,711124,240,0,3
35669196,4487,711361,711361,240,0,0
35679013,4488,711598,711601,240,0,3
35689192,4490,711843,711843,240,5,0
35699034,4491,712079,712083,240,0,4
35709195,4493,712323,712323,240,4,0
35719024,4494,712559,712563,240,0,4
35729198,4496,712803,712803,240,4,0
35739022,4497,713039,713043,240,0,4
35749250,4499,713284,713284,240,5,0
35759041,4500,713519,713524,240,0,5
35769211,4502,713763,713763,240,4,0
35779036,4503,713999,714003,240,0,4
35789198,4505,714243,714243,240,4,0
35799022,4506,714479,714483,240,0,4
35809190,4508,714723,714723,240,4,0
35819013,4509,714958,714963,240,0,5
35829190,4511,715203,715203,240,5,0
35839043,4512,715439,715443,240,0,4
35849186,4514,715682,715682,240,3,0
35859215,4515,715922,715922,240,0,0
35869184,4517,716162,716162,240,0,0
35879044,4518,716399,716402,240,0,3
35889131,4521,716639,716639,240,0,0
35899118,4522,716879,716879,240,0,0
35909167,4524,717122,717122,240,3,0
35919052,4525,717359,717362,240,0,3
35929165,4527,717602,717602,240,3,0
35939045,4528,717839,717842,240,0,3
35949168,4530,718082,718082,240,3,0
35959039,4531,718319,718322,240,0,3
35969237,4533,718564,718564,240,5,0
35979083,4534,718800,718804,240,0,4
35989125,4536,719040,719040,240,0,0
35999051,4537,719280,719280,240,0,0
36009177,4539,719520,719520,240,0,0
36019031,4540,719760,719760,240,0,0
36029182,4542,720000,720000,240,0,0
36039072,4543,720240,720240,240,0,0
36049184,4545,720480,720480,240,0,0
36059158,4546,720720,720720,240,0,0
36069465,4548,720969,720969,240,9,0
36079098,4549,721200,721209,240,0,9
36089190,4551,721443,721443,240,3,0
36099076,4552,721680,721683,240,0,3
36109191,4554,721923,721923,240,3,0
36119036,4555,722159,722163,240,0,4
36129184,4557,722402,722402,240,3,0
36139075,4558,722642,722642,240,0,0
36149133,4560,722882,722882,240,0,0
36159105,4561,723122,723122,240,0,0
36169233,4563,723362,723362,240,0,0
36179037,4564,723599,723602,240,0,3
36189128,4566,723839,723839,240,0,0
36199031,4567,724079,724079,240,0,0
36209204,4569,724323,724323,240,4,0
36219021,4570,724559,724563,240,0,4
36229194,4572,724803,724803,240,4,0
36239077,4573,725040,725043,240,0,3
36249191,4575,725283,725283,240,3,0
36259090,4576,725520,725523,240,0,3
36269210,4578,725763,725763,240,3,0
36279067,4579,726000,726003,240,0,3
36289141,4581,726240,726240,240,0,0
36299037,4582,726480,726480,240,0,0
36309209,4584,726723,726723,240,3,0
36319087,4585,726960,726963,240,0,3
36329135,4587,727200,727200,240,0,0
36339044,4588,727440,727440,240,0,0
36349131,4590,727680,727680,240,0,0
36359069,4591,727920,727920,240,0,0
36369277,4593,728165,728165,240,5,0
36379075,4594,728400,728405,240,0,5
36389179,4596,728640,728640,240,0,0
36399041,4597,728880,728880,240,0,0
36409189,4599,729123,729123,240,3,0
36419056,4600,729359,729363,240,0,4
36429197,4602,729603,729603,240,4,0
36439070,4603,729840,729843,240,0,3
36449193,4605,730083,730083,240,3,0
36459076,4606,730320,730323,240,0,3
36469234,4608,730564,730564,240,4,0
36479078,4609,730800,730804,240,0,4
36489205,4611,731043,731043,240,3,0
36499067,4612,731280,731283,240,0,3
36509196,4614,731523,731523,240,3,0
36519032,4615,731759,731763,240,0,4
36529201,4617,732003,732003,240,4,0
36539078,4618,732240,732243,240,0,3
36549189,4620,732483,732483,240,3,0
36559029,4621,732719,732723,240,0,4
36569255,4623,732964,732964,240,5,0
36579055,4624,733199,733204,240,0,5
36589244,4626,733444,733444,240,5,0
36599042,4627,733679,733684,240,0,5
36609201,4629,733923,733923,240,4,0
36619044,4630,734159,734163,240,0,4
36629198,4632,734403,734403,240,4,0
36639042,4633,734639,734643,240,0,4
36649198,4635,734883,734883,240,4,0
36659045,4636,735119,735123,240,0,4
36669132,4638,735359,735359,240,0,0
36679165,4639,735602,735602,240,3,0
36689225,4641,735842,735842,240,0,0
36699129,4642,736082,736082,240,0,0
36709133,4644,736322,736322,240,0,0
36719062,4645,736559,736562,240,0,3
36729334,4647,736806,736806,240,7,0
36739065,4648,737040,737046,240,0,6
36749123,4650,737280,737280,240,0,0
36759107,4651,737520,737520,240,0,0
36769169,4653,737760,737760,240,0,0
36779038,4654,738000,738000,240,0,0
36789221,4656,738243,738243,240,3,0
36799023,4657,738479,738483,240,0,4
36809183,4659,738722,738722,240,3,0
36819027,4660,738959,738962,240,0,3
36829178,4662,739202,739202,240,3,0
36839022,4663,739439,739442,240,0,3
36849197,4665,739683,739683,240,4,0
36859077,4666,739920,739923,240,0,3
36869193,4668,740163,740163,240,3,0
36879089,4669,740400,740403,240,0,3
36889230,4671,740644,740644,240,4,0
36899026,4672,740879,740884,240,0,5
36909190,4674,741123,741123,240,4,0
36919034,4675,741359,741363,240,0,4
36929203,4677,741603,741603,240,4,0
36939022,4678,741839,741843,240,0,4
36949188,4680,742083,742083,240,4,0
36959027,4681,742319,742323,240,0,4
36969176,4683,742562,742562,240,3,0
36979087,4684,742802,742802,240,0,0
36989223,4686,743042,743042,240,0,0
36999040,4687,743279,743282,240,0,3
37009126,4689,743519,743519,240,0,0
37019081,4690,743759,743759,240,0,0
37029141,4692,743999,743999,240,0,0
37039071,4693,744239,744239,240,0,0
37049139,4695,744479,744479,240,0,0
37059073,4696,744719,744719,240,0,0
37069139,4698,744959,744959,240,0,0
37079097,4699,745199,745199,240,0,0
37089291,4701,745445,745445,240,6,0
37099100,4702,745680,745685,240,0,5
37109139,4704,745920,745920,240,0,0
37119080,4705,746160,746160,240,0,0
37129216,4707,746403,746403,240,3,0
37139048,4708,746639,746643,240,0,4
37149168,4710,746882,746882,240,3,0
37159041,4711,747119,747122,240,0,3
37169187,4713,747362,747362,240,3,0
37179038,4714,747599,747602,240,0,3
37189219,4716,747843,747843,240,4,0
37199322,4717,748086,748086,240,3,0
37209173,4719,748322,748326,240,0,4
37219055,4720,748559,748562,240,0,3
37229182,4722,748802,748802,240,3,0
37239026,4723,749039,749042,240,0,3
37249187,4725,749282,749282,240,3,0
37259165,4726,749522,749522,240,0,0
37269145,4728,749762,749762,240,0,0
37279060,4729,749999,750002,240,0,3
37289244,4731,750244,750244,240,5,0
37299152,4732,750484,750484,240,0,0
37309134,4734,750721,750724,240,0,3
37319077,4735,750961,750961,240,0,0
37329143,4737,751201,751201,240,0,0
37339004,4738,751438,751441,240,0,3
37349131,4740,751681,751681,240,3,0
37359083,4741,751921,751921,240,0,0
37369131,4743,752161,752161,240,0,0
37379073,4744,752401,752401,240,0,0
37389216,4746,752641,752641,240,0,0
37399124,4747,752881,752881,240,0,0
37409134,4749,753121,753121,240,0,0
37419054,4750,753361,753361,240,0,0
37429128,4752,753601,753601,240,0,0
37439069,4753,753841,753841,240,0,0
37449122,4755,754081,754081,240,0,0
37459074,4756,754321,754321,240,0,0
37469170,4758,754561,754561,240,0,0
37479072,4759,754801,754801,240,0,0
37489300,4761,755045,755045,240,4,0
37499002,4762,755278,755285,240,0,7
37509144,4764,755521,755521,240,3,0
37519074,4765,755761,755761,240,0,0
37529198,4767,756001,756001,240,0,0
37539065,4768,756241,756241,240,0,0
37549163,4770,756481,756481,240,0,0
37559022,4771,756721,756721,240,0,0
37569168,4773,756961,756961,240,0,0
37579003,4774,757198,757201,240,0,3
37589162,4776,757442,757442,240,4,0
37599143,4777,757682,757682,240,0,0
37609170,4779,757922,757922,240,0,0
37619035,4780,758159,758162,240,0,3
37629190,4782,758403,758403,240,4,0
37639037,4783,758639,758643,240,0,4
37649170,4785,758882,758882,240,3,0
37659057,4786,759119,759122,240,0,3
37669105,4788,759359,759359,240,0,0
37679107,4789,759599,759599,240,0,0
37689124,4791,759839,759839,240,0,0
37699117,4792,760079,760079,240,0,0
37709212,4794,760323,760323,240,4,0
37719077,4795,760560,760563,240,0,3
37729127,4797,760800,760800,240,0,0
37739120,4798,761040,761040,240,0,0
37749133,4800,761280,761280,240,0,0
37759097,4801,761520,761520,240,0,0
37769124,4803,761760,761760,240,0,0
37779071,4804,762000,762000,240,0,0
37789175,4806,762240,762240,240,0,0
37799144,4807,762480,762480,240,0,0
37809159,4809,762720,762720,240,0,0
37819058,4810,762960,762960,240,0,0
37829195,4812,763203,763203,240,3,0
37839069,4813,763440,763443,240,0,3
37849192,4815,763683,763683,240,3,0
37859107,4816,763923,763923,240,0,0
37869218,4818,764163,764163,240,0,0
37879071,4819,764400,764403,240,0,3
37889184,4822,764640,764640,240,0,0
37899244,4823,764884,764884,240,4,0
37909175,4825,765124,765124,240,0,0
37919079,4826,765360,765364,240,0,4
37929180,4828,765600,765600,240,0,0
37939045,4829,765840,765840,240,0,0
37949155,4831,766080,766080,240,0,0
37959052,4832,766320,766320,240,0,0
37969166,4834,766560,766560,240,0,0
37979084,4835,766800,766800,240,0,0
37989123,4837,767040,767040,240,0,0
37999071,4838,767280,767280,240,0,0
38009215,4840,767523,767523,240,3,0
38019139,4841,767763,767763,240,0,0
38029140,4843,768003,768003,240,0,0
38039076,4844,768240,768243,240,0,3
38049125,4846,768480,768480,240,0,0
38059086,4847,768720,768720,240,0,0
38069122,4849,768960,768960,240,0,0
38079083,4850,769200,769200,240,0,0
38089142,4852,769440,769440,240,0,0
38099073,4853,769680,769680,240,0,0
38109221,4855,769923,769923,240,3,0
38119113,4856,770163,770163,240,0,0
38129154,4858,770403,770403,240,0,0
38139141,4859,770643,770643,240,0,0
38149127,4861,770883,770883,240,0,0
38159106,4862,771123,771123,240,0,0
38169117,4864,771363,771363,240,0,0
38179053,4865,771599,771603,240,0,4
38189193,4867,771843,771843,240,4,0
38199076,4868,772080,772083,240,0,3
38209225,4870,772323,772323,240,3,0
38219100,4871,772560,772563,240,0,3
38229208,4873,772803,772803,240,3,0
38239019,4874,773038,773043,240,0,5
38249183,4876,773282,773282,240,4,0
38259036,4877,773519,773522,240,0,3
38269195,4879,773763,773763,240,4,0
38279061,4880,773999,774003,240,0,4
38289108,4882,774239,774239,240,0,0
38299074,4883,774479,774479,240,0,0
38309234,4885,774724,774724,240,5,0
38319425,4886,774968,774968,240,4,0
38329220,4888,775203,775208,240,0,5
38339092,4889,775440,775443,240,0,3
38349140,4891,775680,775680,240,0,0
38359118,4892,775920,775920,240,0,0
38369131,4894,776160,776160,240,0,0
38379126,4895,776400,776400,240,0,0
38389133,4897,776640,776640,240,0,0
38399029,4898,776880,776880,240,0,0
38409137,4900,777120,777120,240,0,0
38419207,4901,777363,777363,240,3,0
38429135,4903,777603,777603,240,0,0
38439048,4904,777839,777843,240,0,4
38449202,4906,778083,778083,240,4,0
38459092,4907,778320,778323,240,0,3
38469141,4909,778560,778560,240,0,0
38479110,4910,778800,778800,240,0,0
38489163,4912,779040,779040,240,0,0
38498985,4913,779280,779280,240,0,0
38509178,4915,779520,779520,240,0,0
38519164,4916,779760,779760,240,0,0
38529184,4918,780000,780000,240,0,0
38538959,4919,780237,780240,240,0,3
38549193,4921,780483,780483,240,6,0
38559085,4922,780720,780723,240,0,3
38569139,4924,780960,780960,240,0,0
38579052,4925,781200,781200,240,0,0
38589197,4927,781443,781443,240,3,0
38599054,4928,781679,781683,240,0,4
38609120,4930,781919,781919,240,0,0
38619180,4931,782162,782162,240,3,0
38629245,4933,782402,782402,240,0,0
38639113,4934,782642,782642,240,0,0
38649130,4936,782882,782882,240,0,0
38659059,4937,783119,783122,240,0,3
38669194,4939,783363,783363,240,4,0
38679092,4940,783600,783603,240,0,3
38689197,4942,783843,783843,240,3,0
38699060,4943,784079,784083,240,0,4
38709288,4945,784325,784325,240,6,0
38719204,4946,784565,784565,240,0,0
38729317,4948,784805,784805,240,0,0
38739063,4949,785040,785045,240,0,5
38749210,4951,785283,785283,240,3,0
38759039,4952,785519,785523,240,0,4
38769193,4954,785763,785763,240,4,0
38779050,4955,785999,786003,240,0,4
38789091,4957,786239,786239,240,0,0
38799115,4958,786479,786479,240,0,0
38809117,4960,786719,786719,240,0,0
38819064,4961,786959,786959,240,0,0
38829290,4963,787205,787205,240,6,0
38839119,4964,787441,787445,240,0,4
38849187,4966,787681,787681,240,0,0
38859157,4967,787921,787921,240,0,0
38869196,4969,788161,788161,240,0,0
38879067,4970,788401,788401,240,0,0
38889179,4972,788641,788641,240,0,0
38899036,4973,788881,788881,240,0,0
38909188,4975,789121,789121,240,0,0
38919030,4976,789361,789361,240,0,0
38929252,4978,789604,789604,240,3,0
38939155,4979,789844,789844,240,0,0
38949182,4981,790084,790084,240,0,0
38959069,4982,790320,790324,240,0,4
38969122,4984,790560,790560,240,0,0
38979091,4985,790800,790800,240,0,0
38989117,4987,791040,791040,240,0,0
38999042,4988,791280,791280,240,0,0
39009114,4990,791520,791520,240,0,0
39019082,4991,791760,791760,240,0,0
39029208,4993,792003,792003,240,3,0
39039158,4994,792243,792243,240,0,0
39049130,4996,792483,792483,240,0,0
39059045,4997,792719,792723,240,0,4
39069100,4999,792959,792959,240,0,0
39079051,5000,793199,793199,240,0,0
39089098,5002,793439,793439,240,0,0
39099093,5003,793679,793679,240,0,0
39109126,5005,793919,793919,240,0,0
39119084,5006,794159,794159,240,0,0
39129234,5008,794404,794404,240,5,0
39139195,5009,794644,794644,240,0,0
39149141,5011,794881,794884,240,0,3
39159048,5012,795121,795121,240,0,0
39169107,5014,795361,795361,240,0,0
39179074,5015,795601,795601,240,0,0
39189136,5017,795841,795841,240,0,0
39199067,5018,796081,796081,240,0,0
39209183,5020,796321,796321,240,0,0
39219102,5021,796561,796561,240,0,0
39229197,5023,796801,796801,240,0,0
39239259,5024,797044,797044,240,3,0
39249148,5026,797284,797284,240,0,0
39259065,5027,797520,797524,240,0,4
39269187,5029,797760,797760,240,0,0
39279027,5030,798000,798000,240,0,0
39289184,5032,798240,798240,240,0,0
39299051,5033,798480,798480,240,0,0
39309202,5035,798723,798723,240,3,0
39319027,5036,798959,798963,240,0,4
39329196,5038,799203,799203,240,4,0
39339236,5039,799443,799443,240,0,0
39349226,5041,799683,799683,240,0,0
39359034,5042,799919,799923,240,0,4
39369194,5044,800163,800163,240,4,0
39379095,5045,800400,800403,240,0,3
39389183,5047,800640,800640,240,0,0
39399083,5048,800880,800880,240,0,0
39409121,5050,801120,801120,240,0,0
39419037,5051,801360,801360,240,0,0
39429208,5053,801603,801603,240,3,0
39439119,5054,801843,801843,240,0,0
39449481,5056,802090,802090,240,7,0
39458967,5057,802317,802330,240,0,13
39469196,5059,802563,802563,240,6,0
39479068,5060,802800,802803,240,0,3
39489111,5062,803040,803040,240,0,0
39499011,5063,803280,803280,240,0,0
39509195,5065,803523,803523,240,3,0
39519059,5066,803759,803763,240,0,4
39529128,5068,803999,803999,240,0,0
39539161,5069,804242,804242,240,3,0
39549164,5071,804482,804482,240,0,0
39559119,5072,804722,804722,240,0,0
39569112,5074,804962,804962,240,0,0
39579085,5075,805202,805202,240,0,0
39589159,5077,805442,805442,240,0,0
39599104,5078,805682,805682,240,0,0
39609192,5080,805922,805922,240,0,0
39619111,5081,806162,806162,240,0,0
39629126,5083,806402,806402,240,0,0
39639007,5084,806638,806642,240,0,4
39649318,5086,806886,806886,240,8,0
39659041,5087,807119,807126,240,0,7
39669202,5089,807363,807363,240,4,0
39679053,5090,807599,807603,240,0,4
39689113,5092,807839,807839,240,0,0
39699041,5093,808079,808079,240,0,0
39709202,5095,808323,808323,240,4,0
39719068,5096,808560,808563,240,0,3
39729122,5098,808800,808800,240,0,0
39739034,5099,809040,809040,240,0,0
39749261,5101,809284,809284,240,4,0
39759137,5102,809521,809524,240,0,3
39769145,5104,809761,809761,240,0,0
39779045,5105,810001,810001,240,0,0
39789200,5107,810241,810241,240,0,0
39799017,5108,810478,810481,240,0,3
39809191,5110,810723,810723,240,5,0
39819094,5111,810960,810963,240,0,3
39829146,5113,811200,811200,240,0,0
39839093,5114,811440,811440,240,0,0
39849268,5116,811684,811684,240,4,0
39859177,5117,811924,811924,240,0,0
39869156,5119,812164,812164,240,0,0
39879033,5120,812399,812404,240,0,5
39889170,5123,812642,812642,240,3,0
39899092,5124,812882,812882,240,0,0
39909185,5126,813122,813122,240,0,0
39919059,5127,813359,813362,240,0,3
39929210,5129,813603,813603,240,4,0
39939074,5130,813840,813843,240,0,3
39949254,5132,814084,814084,240,4,0
39959083,5133,814320,814324,240,0,4
39969172,5135,814560,814560,240,0,0
39979049,5136,814800,814800,240,0,0
39989201,5138,815043,815043,240,3,0
39999097,5139,815280,815283,240,0,3
40009194,5141,815523,815523,240,3,0
40019048,5142,815759,815763,240,0,4
40029185,5144,816002,816002,240,3,0
40039050,5145,816239,816242,240,0,3
40049304,5147,816485,816485,240,6,0
40059114,5148,816721,816725,240,0,4
40069117,5150,816961,816961,240,0,0
40079084,5151,817201,817201,240,0,0
40089123,5153,817441,817441,240,0,0
40099072,5154,817681,817681,240,0,0
40109130,5156,817921,817921,240,0,0
40119091,5157,818161,818161,240,0,0
40129152,5159,818401,818401,240,0,0
40139110,5160,818641,818641,240,0,0
40149150,5162,818881,818881,240,0,0
40159088,5163,819121,819121,240,0,0
40169223,5165,819361,819361,240,0,0
40179027,5166,819601,819601,240,0,0
40189172,5168,819841,819841,240,0,0
40199081,5169,820081,820081,240,0,0
40209171,5171,820321,820321,240,0,0
40219084,5172,820561,820561,240,0,0
40229112,5174,820801,820801,240,0,0
40239043,5175,821041,821041,240,0,0
40249184,5177,821281,821281,240,0,0
40259140,5178,821521,821521,240,0,0
40269212,5180,821761,821761,240,0,0
40279097,5181,822001,822001,240,0,0
40289136,5183,822241,822241,240,0,0
40299080,5184,822481,822481,240,0,0
40309159,5186,822721,822721,240,0,0
40319004,5187,822958,822961,240,0,3
40329199,5189,823203,823203,240,5,0
40338997,5190,823438,823443,240,0,5
40349186,5192,823682,823682,240,4,0
40359120,5193,823922,823922,240,0,0
40369230,5195,824162,824162,240,0,0
40379064,5196,824402,824402,240,0,0
40389179,5198,824642,824642,240,0,0
40399021,5199,824879,824882,240,0,3
40409188,5201,825123,825123,240,4,0
40419049,5202,825359,825363,240,0,4
40429114,5204,825599,825599,240,0,0
40439037,5205,825839,825839,240,0,0
40449195,5207,826083,826083,240,4,0
40459165,5208,826323,826323,240,0,0
40469210,5210,826563,826563,240,0,0
40479067,5211,826800,826803,240,0,3
40489113,5213,827040,827040,240,0,0
40499080,5214,827280,827280,240,0,0
40509143,5216,827520,827520,240,0,0
40519046,5217,827760,827760,240,0,0
40529179,5219,828000,828000,240,0,0
40539057,5220,828240,828240,240,0,0
40549181,5222,828480,828480,240,0,0
40559023,5223,828720,828720,240,0,0
40569253,5225,828964,828964,240,4,0
40579397,5226,829208,829208,240,4,0
40589198,5228,829443,829448,240,0,5
40599073,5229,829680,829683,240,0,3
40609192,5231,829923,829923,240,3,0
40619052,5232,830159,830163,240,0,4
40629192,5234,830403,830403,240,4,0
40639092,5235,830640,830643,240,0,3
40649183,5237,830880,830880,240,0,0
40659078,5238,831120,831120,240,0,0
40669266,5240,831364,831364,240,4,0
40679074,5241,831600,831604,240,0,4
40689210,5243,831843,831843,240,3,0
40699085,5244,832080,832083,240,0,3
40709201,5246,832323,832323,240,3,0
40719064,5247,832560,832563,240,0,3
40729141,5249,832800,832800,240,0,0
40739264,5250,833044,833044,240,4,0
40749148,5252,833284,833284,240,0,0
40759111,5253,833521,833524,240,0,3
40769242,5255,833764,833764,240,3,0
40779066,5256,834000,834004,240,0,4
40789124,5258,834240,834240,240,0,0
40799091,5259,834480,834480,240,0,0
40809124,5261,834720,834720,240,0,0
40819090,5262,834960,834960,240,0,0
40829129,5264,835200,835200,240,0,0
40839118,5265,835440,835440,240,0,0
40849181,5267,835680,835680,240,0,0
40859103,5268,835920,835920,240,0,0
40869246,5270,836164,836164,240,4,0
40879119,5271,836401,836404,240,0,3
40889220,5273,836641,836641,240,0,0
40899072,5274,836881,836881,240,0,0
40909187,5276,837121,837121,240,0,0
40919043,5277,837361,837361,240,0,0
40929192,5279,837601,837601,240,0,0
40939077,5280,837841,837841,240,0,0
40949194,5282,838081,838081,240,0,0
40959123,5283,838321,838321,240,0,0
40969196,5285,838561,838561,240,0,0
40979037,5286,838801,838801,240,0,0
40989221,5288,839041,839041,240,0,0
40999049,5289,839281,839281,240,0,0
41009122,5291,839521,839521,240,0,0
41019098,5292,839761,839761,240,0,0
41029193,5294,840001,840001,240,0,0
41039056,5295,840241,840241,240,0,0
41049152,5297,840481,840481,240,0,0
41059024,5298,840721,840721,240,0,0
41069191,5300,840961,840961,240,0,0
41079023,5301,841201,841201,240,0,0
41089149,5303,841441,841441,240,0,0
41099129,5304,841681,841681,240,0,0
41109135,5306,841921,841921,240,0,0
41119074,5307,842161,842161,240,0,0
41129163,5309,842401,842401,240,0,0
41138965,5310,842637,842641,240,0,4
41149199,5312,842883,842883,240,6,0
41159053,5313,843119,843123,240,0,4
41169105,5315,843359,843359,240,0,0
41179215,5316,843603,843603,240,4,0
41189239,5318,843843,843843,240,0,0
41199101,5319,844080,844083,240,0,3
41209137,5321,844320,844320,240,0,0
41219078,5322,844560,844560,240,0,0
41229118,5324,844800,844800,240,0,0
41239084,5325,845040,845040,240,0,0
41249133,5327,845280,845280,240,0,0
41259085,5328,845520,845520,240,0,0
41269118,5330,845760,845760,240,0,0
41279139,5331,846000,846000,240,0,0
41289162,5333,846240,846240,240,0,0
41299116,5334,846480,846480,240,0,0
41309143,5336,846720,846720,240,0,0
41319125,5337,846960,846960,240,0,0
41329141,5339,847200,847200,240,0,0
41339049,5340,847440,847440,240,0,0
41349167,5342,847680,847680,240,0,0
41359009,5343,847920,847920,240,0,0
41369189,5345,848163,848163,240,3,0
41379007,5346,848398,848403,240,0,5
41389298,5348,848645,848645,240,7,0
41399033,5349,848879,848885,240,0,6
41409200,5351,849123,849123,240,4,0
41419056,5352,849359,849363,240,0,4
41429130,5354,849599,849599,240,0,0
41439086,5355,849839,849839,240,0,0
41449120,5357,850079,850079,240,0,0
41459114,5358,850319,850319,240,0,0
41469127,5360,850559,850559,240,0,0
41479017,5361,850799,850799,240,0,0
41489231,5363,851044,851044,240,5,0
41499081,5364,851280,851284,240,0,4
41509128,5366,851520,851520,240,0,0
41519084,5367,851760,851760,240,0,0
41529119,5369,852000,852000,240,0,0
41539060,5370,852240,852240,240,0,0
41549210,5372,852483,852483,240,3,0
41559068,5373,852720,852723,240,0,3
41569183,5375,852960,852960,240,0,0
41579079,5376,853200,853200,240,0,0
41589242,5378,853444,853444,240,4,0
41599162,5379,853684,853684,240,0,0
41609137,5381,853921,853924,240,0,3
41619098,5382,854161,854161,240,0,0
41629133,5384,854401,854401,240,0,0
41639099,5385,854641,854641,240,0,0
41649133,5387,854881,854881,240,0,0
41659093,5388,855121,855121,240,0,0
41669164,5390,855361,855361,240,0,0
41679081,5391,855601,855601,240,0,0
41689260,5393,855844,855844,240,3,0
41699439,5394,856089,856089,240,5,0
41709150,5396,856322,856329,240,0,7
41719071,5397,856562,856562,240,0,0
41729202,5399,856802,856802,240,0,0
41739063,5400,857042,857042,240,0,0
41749123,5402,857282,857282,240,0,0
41759032,5403,857519,857522,240,0,3
41769204,5405,857763,857763,240,4,0
41779095,5406,858000,858003,240,0,3
41789130,5408,858240,858240,240,0,0
41799280,5409,858485,858485,240,5,0
41809189,5411,858725,858725,240,0,0
41819067,5412,858960,858965,240,0,5
41829141,5414,859200,859200,240,0,0
41839091,5415,859440,859440,240,0,0
41849174,5417,859680,859680,240,0,0
41859148,5418,859920,859920,240,0,0
41869145,5420,860160,860160,240,0,0
41879110,5421,860400,860400,240,0,0
41889175,5424,860640,860640,240,0,0
41899010,5425,860880,860880,240,0,0
41909187,5427,861120,861120,240,0,0
41919059,5428,861360,861360,240,0,0
41929110,5430,861600,861600,240,0,0
41939077,5431,861840,861840,240,0,0
41949176,5433,862080,862080,240,0,0
41959070,5434,862320,862320,240,0,0
41969181,5436,862560,862560,240,0,0
41979070,5437,862800,862800,240,0,0
41989190,5439,863043,863043,240,3,0
41999178,5440,863283,863283,240,0,0
42009179,5442,863523,863523,240,0,0
42019081,5443,863760,863763,240,0,3
42029131,5445,864000,864000,240,0,0
42039093,5446,864240,864240,240,0,0
42049142,5448,864480,864480,240,0,0
42059063,5449,864720,864720,240,0,0
42069113,5451,864960,864960,240,0,0
42079063,5452,865200,865200,240,0,0
42089119,5454,865440,865440,240,0,0
42099139,5455,865680,865680,240,0,0
42109162,5457,865920,865920,240,0,0
42119041,5458,866160,866160,240,0,0
42129189,5460,866403,866403,240,3,0
42139067,5461,866640,866643,240,0,3
42149118,5463,866880,866880,240,0,0
42159105,5464,867120,867120,240,0,0
42169127,5466,867360,867360,240,0,0
42179083,5467,867600,867600,240,0,0
42189126,5469,867840,867840,240,0,0
42199081,5470,868080,868080,240,0,0
42209292,5472,868325,868325,240,5,0
42219070,5473,868560,868565,240,0,5
42229139,5475,868800,868800,240,0,0
42239085,5476,869040,869040,240,0,0
42249133,5478,869280,869280,240,0,0
42259231,5479,869524,869524,240,4,0
42269121,5481,869761,869764,240,0,3
42279062,5482,870001,870001,240,0,0
42289212,5484,870241,870241,240,0,0
42299054,5485,870481,870481,240,0,0
42309246,5487,870724,870724,240,3,0
42319056,5488,870959,870964,240,0,5
42329114,5490,871199,871199,240,0,0
42339118,5491,871439,871439,240,0,0
42349118,5493,871679,871679,240,0,0
42359095,5494,871919,871919,240,0,0
42369120,5496,872159,872159,240,0,0
42379047,5497,872399,872399,240,0,0
42389104,5499,872639,872639,240,0,0
42399058,5500,872879,872879,240,0,0
42409219,5502,873123,873123,240,4,0
42419090,5503,873360,873363,240,0,3
42429120,5505,873600,873600,240,0,0
42439077,5506,873840,873840,240,0,0
42449131,5508,874080,874080,240,0,0
42459054,5509,874320,874320,240,0,0
42469128,5511,874560,874560,240,0,0
42479053,5512,874800,874800,240,0,0
42489122,5514,875040,875040,240,0,0
42499114,5515,875280,875280,240,0,0
42509218,5517,875523,875523,240,3,0
42519088,5518,875760,875763,240,0,3
42529128,5520,876000,876000,240,0,0
42539152,5521,876240,876240,240,0,0
42549128,5523,876480,876480,240,0,0
42559064,5524,876720,876720,240,0,0
42569125,5526,876960,876960,240,0,0
42579055,5527,877200,877200,240,0,0
42589173,5529,877440,877440,240,0,0
42599098,5530,877680,877680,240,0,0
42609268,5532,877924,877924,240,4,0
42619257,5533,878164,878164,240,0,0
42629131,5535,878401,878404,240,0,3
42639057,5536,878641,878641,240,0,0
42649125,5538,878881,878881,240,0,0
42659081,5539,879121,879121,240,0,0
42669127,5541,879361,879361,240,0,0
42679120,5542,879601,879601,240,0,0
42689132,5544,879841,879841,240,0,0
42699135,5545,880081,880081,240,0,0
42709163,5547,880321,880321,240,0,0
42719041,5548,880561,880561,240,0,0
42729169,5550,880801,880801,240,0,0
42739062,5551,881041,881041,240,0,0
42749326,5553,881286,881286,240,5,0
42759113,5554,881521,881526,240,0,5
42769126,5556,881761,881761,240,0,0
42779052,5557,882001,882001,240,0,0
42789108,5559,882241,882241,240,0,0
42799114,5560,882481,882481,240,0,0
42809123,5562,882721,882721,240,0,0
42819172,5563,882961,882961,240,0,0
42829490,5565,883210,883210,240,9,0
42839058,5566,883439,883450,240,0,11
42849143,5568,883679,883679,240,0,0
42859060,5569,883919,883919,240,0,0
42869136,5571,884159,884159,240,0,0
42879074,5572,884399,884399,240,0,0
42889136,5574,884639,884639,240,0,0
42899110,5575,884879,884879,240,0,0
42909138,5577,885119,885119,240,0,0
42919164,5578,885362,885362,240,3,0
42929181,5580,885602,885602,240,0,0
42939146,5581,885842,885842,240,0,0
42949166,5583,886082,886082,240,0,0
42959115,5584,886322,886322,240,0,0
42969126,5586,886562,886562,240,0,0
42979074,5587,886802,886802,240,0,0
42989126,5589,887042,887042,240,0,0
42998964,5590,887277,887282,240,0,5
43009128,5592,887521,887521,240,4,0
43019404,5593,887768,887768,240,7,0
43029204,5595,888003,888008,240,0,5
43039062,5596,888239,888243,240,0,4
43049120,5598,888479,888479,240,0,0
43059091,5599,888719,888719,240,0,0
43069131,5601,888959,888959,240,0,0
43079125,5602,889199,889199,240,0,0
43089139,5604,889439,889439,240,0,0
43099088,5605,889679,889679,240,0,0
43109135,5607,889919,889919,240,0,0
43119064,5608,890159,890159,240,0,0
43129233,5610,890404,890404,240,5,0
43139050,5611,890639,890644,240,0,5
43149129,5613,890879,890879,240,0,0
43159084,5614,891119,891119,240,0,0
43169144,5616,891359,891359,240,0,0
43179101,5617,891599,891599,240,0,0
43189143,5619,891839,891839,240,0,0
43199102,5620,892079,892079,240,0,0
43209143,5622,892319,892319,240,0,0
43219072,5623,892559,892559,240,0,0
43229240,5625,892804,892804,240,5,0
43239074,5626,893040,893044,240,0,4
43249224,5628,893283,893283,240,3,0
43259059,5629,893519,893523,240,0,4
43269127,5631,893759,893759,240,0,0
43279115,5632,893999,893999,240,0,0
43289137,5634,894239,894239,240,0,0
43299037,5635,894479,894479,240,0,0
43309163,5637,894722,894722,240,3,0
43319037,5638,894959,894962,240,0,3
43329229,5640,895204,895204,240,5,0
43339084,5641,895440,895444,240,0,4
43349182,5643,895680,895680,240,0,0
43359036,5644,895920,895920,240,0,0
43369120,5646,896160,896160,240,0,0
43379029,5647,896400,896400,240,0,0
43389119,5649,896640,896640,240,0,0
43399036,5650,896880,896880,240,0,0
43409121,5652,897120,897120,240,0,0
43419050,5653,897360,897360,240,0,0
43429205,5655,897603,897603,240,3,0
43439111,5656,897843,897843,240,0,0
43449227,5658,898083,898083,240,0,0
43459043,5659,898319,898323,240,0,4
43469203,5661,898563,898563,240,4,0
43479022,5662,898799,898803,240,0,4
43489184,5664,899042,899042,240,3,0
43499126,5665,899282,899282,240,0,0
43509144,5667,899522,899522,240,0,0
43519031,5668,899759,899762,240,0,3
43529124,5670,899999,899999,240,0,0
43539041,5671,900239,900239,240,0,0
43549178,5673,900482,900482,240,3,0
43559105,5674,900722,900722,240,0,0
43569143,5676,900962,900962,240,0,0
43579023,5677,901199,901202,240,0,3
43589207,5679,901443,901443,240,4,0
43598998,5680,901678,901683,240,0,5
43609189,5682,901923,901923,240,5,0
43619096,5683,902160,902163,240,0,3
43629142,5685,902400,902400,240,0,0
43639040,5686,902640,902640,240,0,0
43649167,5688,902880,902880,240,0,0
43659100,5689,903120,903120,240,0,0
43669149,5691,903360,903360,240,0,0
43679048,5692,903600,903600,240,0,0
43689118,5694,903840,903840,240,0,0
43699031,5695,904080,904080,240,0,0
43709206,5697,904323,904323,240,3,0
43719088,5698,904560,904563,240,0,3
43729196,5700,904803,904803,240,3,0
43739053,5701,905039,905043,240,0,4
43749251,5703,905284,905284,240,5,0
43759080,5704,905520,905524,240,0,4
43769137,5706,905760,905760,240,0,0
43779100,5707,906000,906000,240,0,0
43789171,5709,906240,906240,240,0,0
43799104,5710,906480,906480,240,0,0
43809201,5712,906723,906723,240,3,0
43819064,5713,906960,906963,240,0,3
43829127,5715,907200,907200,240,0,0
43839144,5716,907440,907440,240,0,0
43849209,5718,907683,907683,240,3,0
43859089,5719,907920,907923,240,0,3
43869163,5721,908160,908160,240,0,0
43879036,5722,908400,908400,240,0,0
43889129,5725,908640,908640,240,0,0
43899073,5726,908880,908880,240,0,0
43909203,5728,909123,909123,240,3,0
43919108,5729,909363,909363,240,0,0
43929138,5731,909603,909603,240,0,0
43939049,5732,909839,909843,240,0,4
43949253,5734,910084,910084,240,5,0
43959465,5735,910329,910329,240,5,0
43969153,5737,910562,910569,240,0,7
43979150,5738,910802,910802,240,0,0
43989281,5740,911045,911045,240,3,0
43999119,5741,911281,911285,240,0,4
44009109,5743,911521,911521,240,0,0
44019077,5744,911761,911761,240,0,0
44029108,5746,912001,912001,240,0,0
44039018,5747,912238,912241,240,0,3
44049268,5749,912484,912484,240,6,0
44059125,5750,912721,912724,240,0,3
44069106,5752,912961,912961,240,0,0
44079102,5753,913201,913201,240,0,0
44089133,5755,913441,913441,240,0,0
44099076,5756,913681,913681,240,0,0
44109127,5758,913921,913921,240,0,0
44119031,5759,914161,914161,240,0,0
44129198,5761,914401,914401,240,0,0
44139068,5762,914641,914641,240,0,0
44149234,5764,914884,914884,240,3,0
44159076,5765,915120,915124,240,0,4
44169112,5767,915360,915360,240,0,0
44179098,5768,915600,915600,240,0,0
44189125,5770,915840,915840,240,0,0
44199115,5771,916080,916080,240,0,0
44209125,5773,916320,916320,240,0,0
44219108,5774,916560,916560,240,0,0
44229120,5776,916800,916800,240,0,0
44239129,5777,917040,917040,240,0,0
44249256,5779,917284,917284,240,4,0
44259076,5780,917520,917524,240,0,4
44269117,5782,917760,917760,240,0,0
44279116,5783,918000,918000,240,0,0
44289124,5785,918240,918240,240,0,0
44299074,5786,918480,918480,240,0,0
44309122,5788,918720,918720,240,0,0
44319098,5789,918960,918960,240,0,0
44329101,5791,919200,919200,240,0,0
44339086,5792,919440,919440,240,0,0
44349108,5794,919680,919680,240,0,0
44359201,5795,919923,919923,240,3,0
44369138,5797,920163,920163,240,0,0
44379085,5798,920400,920403,240,0,3
44389125,5800,920640,920640,240,0,0
44399093,5801,920880,920880,240,0,0
44409202,5803,921123,921123,240,3,0
44419078,5804,921360,921363,240,0,3
44429181,5806,921600,921600,240,0,0
44439058,5807,921840,921840,240,0,0
44449193,5809,922083,922083,240,3,0
44459026,5810,922319,922323,240,0,4
44469220,5812,922563,922563,240,4,0
44479099,5813,922800,922803,240,0,3
44489123,5815,923040,923040,240,0,0
44499033,5816,923280,923280,240,0,0
44509102,5818,923520,923520,240,0,0
44519041,5819,923760,923760,240,0,0
44529185,5821,924000,924000,240,0,0
44539045,5822,924240,924240,240,0,0
44549119,5824,924480,924480,240,0,0
44559051,5825,924720,924720,240,0,0
44569233,5827,924964,924964,240,4,0
44579021,5828,925199,925204,240,0,5
44589154,5830,925442,925442,240,3,0
44599028,5831,925679,925682,240,0,3
44609199,5833,925923,925923,240,4,0
44619061,5834,926159,926163,240,0,4
44629100,5836,926399,926399,240,0,0
44639075,5837,926639,926639,240,0,0
44649129,5839,926879,926879,240,0,0
44659167,5840,927122,927122,240,3,0
44669147,5842,927362,927362,240,0,0
44679099,5843,927602,927602,240,0,0
44689117,5845,927842,927842,240,0,0
44699045,5846,928079,928082,240,0,3
44709192,5848,928323,928323,240,4,0
44719049,5849,928559,928563,240,0,4
44729180,5851,928802,928802,240,3,0
44739061,5852,929039,929042,240,0,3
44749371,5854,929287,929287,240,8,0
44759120,5855,929521,929527,240,0,6
44769314,5857,929766,929766,240,5,0
44779049,5858,929999,930006,240,0,7
44789191,5860,930243,930243,240,4,0
44799016,5861,930478,930483,240,0,5
44809201,5863,930723,930723,240,5,0
44819085,5864,930960,930963,240,0,3
44829198,5866,931203,931203,240,3,0
44839017,5867,931438,931443,240,0,5
44849217,5869,931683,931683,240,5,0
44859079,5870,931920,931923,240,0,3
44869289,5872,932165,932165,240,5,0
44879092,5873,932400,932405,240,0,5
44889198,5875,932643,932643,240,3,0
44899025,5876,932879,932883,240,0,4
44909203,5878,933123,933123,240,4,0
44919019,5879,933358,933363,240,0,5
44929193,5881,933603,933603,240,5,0
44939006,5882,933838,933843,240,0,5
44949224,5884,934083,934083,240,5,0
44959037,5885,934319,934323,240,0,4
44969246,5887,934564,934564,240,5,0
44979171,5888,934804,934804,240,0,0
44989191,5890,935044,935044,240,0,0
44999096,5891,935280,935284,240,0,4
45009194,5893,935523,935523,240,3,0
45019090,5894,935760,935763,240,0,3
45029167,5896,936000,936000,240,0,0
45039049,5897,936240,936240,240,0,0
45049119,5899,936480,936480,240,0,0
45059087,5900,936720,936720,240,0,0
45069232,5902,936964,936964,240,4,0
45079409,5903,937208,937208,240,4,0
45089192,5905,937443,937448,240,0,5
45099020,5906,937678,937683,240,0,5
45109187,5908,937922,937922,240,4,0
45119007,5909,938158,938162,240,0,4
45129193,5911,938403,938403,240,5,0
45138999,5912,938638,938643,240,0,5
45149191,5914,938883,938883,240,5,0
45159092,5915,939120,939123,240,0,3
45169395,5917,939367,939367,240,7,0
45179195,5918,939603,939607,240,0,4
45189195,5920,939843,939843,240,0,0
45199016,5921,940078,940083,240,0,5
45209187,5923,940322,940322,240,4,0
45219062,5924,940559,940562,240,0,3
45229107,5926,940799,940799,240,0,0
45239055,5927,941039,941039,240,0,0
45249104,5929,941279,941279,240,0,0
45259132,5930,941519,941519,240,0,0
45269136,5932,941759,941759,240,0,0
45279031,5933,941999,941999,240,0,0
45289176,5935,942242,942242,240,3,0
45299055,5936,942479,942482,240,0,3
45309124,5938,942719,942719,240,0,0
45319053,5939,942959,942959,240,0,0
45329118,5941,943199,943199,240,0,0
45339042,5942,943439,943439,240,0,0
45349123,5944,943679,943679,240,0,0
45359062,5945,943919,943919,240,0,0
45369120,5947,944159,944159,240,0,0
45379108,5948,944399,944399,240,0,0
45389183,5950,944642,944642,240,3,0
45399056,5951,944879,944882,240,0,3
45409123,5953,945119,945119,240,0,0
45419048,5954,945359,945359,240,0,0
45429305,5956,945605,945605,240,6,0
45439383,5957,945845,945845,240,0,0
45449229,5959,946085,946085,240,0,0
45459429,5960,946328,946328,240,3,0
45469138,5962,946561,946568,240,0,7
45479112,5963,946801,946801,240,0,0
45489147,5965,947041,947041,240,0,0
45499124,5966,947281,947281,240,0,0
45509128,5968,947521,947521,240,0,0
45519049,5969,947761,947761,240,0,0
45529122,5971,948001,948001,240,0,0
45539234,5972,948244,948244,240,3,0
45549149,5974,948484,948484,240,0,0
45559100,5975,948720,948724,240,0,4
45569114,5977,948960,948960,240,0,0
45579433,5978,949208,949208,240,8,0
45589162,5980,949442,949448,240,0,6
45599063,5981,949682,949682,240,0,0
45609117,5983,949922,949922,240,0,0
45619058,5984,950159,950162,240,0,3
45629122,5986,950399,950399,240,0,0
45639428,5987,950648,950648,240,9,0
45649246,5989,950884,950888,240,0,4
45659068,5990,951120,951124,240,0,4
45669122,5992,951360,951360,240,0,0
45679073,5993,951600,951600,240,0,0
45689238,5995,951844,951844,240,4,0
45699073,5996,952080,952084,240,0,4
45709100,5998,952320,952320,240,0,0
45719067,5999,952560,952560,240,0,0
45729126,6001,952800,952800,240,0,0
45739049,6002,953040,953040,240,0,0
45749127,6004,953280,953280,240,0,0
45759074,6005,953520,953520,240,0,0
45769162,6007,953760,953760,240,0,0
45779052,6008,954000,954000,240,0,0
45789275,6010,954245,954245,240,5,0
45799047,6011,954479,954485,240,0,6
45809214,6013,954723,954723,240,4,0
45819052,6014,954959,954963,240,0,4
45829119,6016,955199,955199,240,0,0
45839086,6017,955439,955439,240,0,0
45849174,6019,955682,955682,240,3,0
45859100,6020,955922,955922,240,0,0
45869150,6022,956162,956162,240,0,0
45879028,6023,956399,956402,240,0,3
45889231,6026,956644,956644,240,5,0
45899100,6027,956880,956884,240,0,4
45909145,6029,957120,957120,240,0,0
45919148,6030,957360,957360,240,0,0
45929146,6032,957600,957600,240,0,0
45939054,6033,957840,957840,240,0,0
45949174,6035,958080,958080,240,0,0
45959050,6036,958320,958320,240,0,0
45969154,6038,958560,958560,240,0,0
45979052,6039,958800,958800,240,0,0
45989240,6041,959044,959044,240,4,0
45999073,6042,959280,959284,240,0,4
46009121,6044,959520,959520,240,0,0
46019074,6045,959760,959760,240,0,0
46029142,6047,960000,960000,240,0,0
46039121,6048,960240,960240,240,0,0
46049140,6050,960480,960480,240,0,0
46059122,6051,960720,960720,240,0,0
46069155,6053,960960,960960,240,0,0
46079044,6054,961200,961200,240,0,0
46089124,6056,961440,961440,240,0,0
46099020,6057,961680,961680,240,0,0
46109181,6059,961920,961920,240,0,0
46119056,6060,962160,962160,240,0,0
46129134,6062,962400,962400,240,0,0
46139061,6063,962640,962640,240,0,0
46149150,6065,962880,962880,240,0,0
46159043,6066,963120,963120,240,0,0
46169129,6068,963360,963360,240,0,0
46179058,6069,963600,963600,240,0,0
46189134,6071,963840,963840,240,0,0
46199028,6072,964080,964080,240,0,0
46209470,6074,964329,964329,240,9,0
46219092,6075,964560,964569,240,0,9
46229110,6077,964800,964800,240,0,0
46239115,6078,965040,965040,240,0,0
46249117,6080,965280,965280,240,0,0
46259065,6081,965520,965520,240,0,0
46269125,6083,965760,965760,240,0,0
46279090,6084,966000,966000,240,0,0
46289117,6086,966240,966240,240,0,0
46299138,6087,966480,966480,240,0,0
46309163,6089,966720,966720,240,0,0
46319053,6090,966960,966960,240,0,0
46329122,6092,967200,967200,240,0,0
46339061,6093,967440,967440,240,0,0
46349264,6095,967684,967684,240,4,0
46359117,6096,967921,967924,240,0,3
46369139,6098,968161,968161,240,0,0
46379054,6099,968401,968401,240,0,0
46389121,6101,968641,968641,240,0,0
46399138,6102,968881,968881,240,0,0
46409158,6104,969121,969121,240,0,0
46419060,6105,969361,969361,240,0,0
46429124,6107,969601,969601,240,0,0
46439086,6108,969841,969841,240,0,0
46449223,6110,970081,970081,240,0,0
46459079,6111,970321,970321,240,0,0
46469100,6113,970561,970561,240,0,0
46479056,6114,970801,970801,240,0,0
46489106,6116,971041,971041,240,0,0
46499098,6117,971281,971281,240,0,0
46509289,6119,971525,971525,240,4,0
46519090,6120,971760,971765,240,0,5
46529132,6122,972000,972000,240,0,0
46539085,6123,972240,972240,240,0,0
46549146,6125,972480,972480,240,0,0
46559099,6126,972720,972720,240,0,0
46569119,6128,972960,972960,240,0,0
46579060,6129,973200,973200,240,0,0
46589113,6131,973440,973440,240,0,0
46599075,6132,973680,973680,240,0,0
46609200,6134,973923,973923,240,3,0
46619054,6135,974159,974163,240,0,4
46629126,6137,974399,974399,240,0,0
46639099,6138,974639,974639,240,0,0
46649118,6140,974879,974879,240,0,0
46659042,6141,975119,975119,240,0,0
46669211,6143,975363,975363,240,4,0
46679103,6144,975600,975603,240,0,3
46689122,6146,975840,975840,240,0,0
46699054,6147,976080,976080,240,0,0
46709210,6149,976323,976323,240,3,0
46719068,6150,976560,976563,240,0,3
46729113,6152,976800,976800,240,0,0
46739096,6153,977040,977040,240,0,0
46749119,6155,977280,977280,240,0,0
46759270,6156,977524,977524,240,4,0
46769167,6158,977764,977764,240,0,0
46779088,6159,978000,978004,240,0,4
46789152,6161,978240,978240,240,0,0
46799040,6162,978480,978480,240,0,0
46809217,6164,978723,978723,240,3,0
46819100,6165,978960,978963,240,0,3
46829135,6167,979200,979200,240,0,0
46839099,6168,979440,979440,240,0,0
46849169,6170,979680,979680,240,0,0
46859105,6171,979920,979920,240,0,0
46869144,6173,980160,980160,240,0,0
46879056,6174,980400,980400,240,0,0
46889134,6176,980640,980640,240,0,0
46899135,6177,980880,980880,240,0,0
46909135,6179,981120,981120,240,0,0
46919147,6180,981360,981360,240,0,0
46929136,6182,981600,981600,240,0,0
46939084,6183,981840,981840,240,0,0
46949136,6185,982080,982080,240,0,0
46959060,6186,982320,982320,240,0,0
46969128,6188,982560,982560,240,0,0
46979076,6189,982800,982800,240,0,0
46989135,6191,983040,983040,240,0,0
46999061,6192,983280,983280,240,0,0
47009128,6194,983520,983520,240,0,0
47018999,6195,983760,983760,240,0,0
47029166,6197,984000,984000,240,0,0
47039109,6198,984240,984240,240,0,0
47049130,6200,984480,984480,240,0,0
47059124,6201,984720,984720,240,0,0
47069135,6203,984960,984960,240,0,0
47079108,6204,985200,985200,240,0,0
47089136,6206,985440,985440,240,0,0
47099143,6207,985680,985680,240,0,0
47109146,6209,985920,985920,240,0,0
47119106,6210,986160,986160,240,0,0
47129165,6212,986400,986400,240,0,0
47139046,6213,986640,986640,240,0,0
47149239,6215,986884,986884,240,4,0
47159080,6216,987120,987124,240,0,4
47169124,6218,987360,987360,240,0,0
47179073,6219,987600,987600,240,0,0
47189121,6221,987840,987840,240,0,0
47199088,6222,988080,988080,240,0,0
47209142,6224,988320,988320,240,0,0
47219149,6225,988560,988560,240,0,0
47229175,6227,988800,988800,240,0,0
47239066,6228,989040,989040,240,0,0
47249115,6230,989280,989280,240,0,0
47259239,6231,989524,989524,240,4,0
47269139,6233,989761,989764,240,0,3
47279111,6234,990001,990001,240,0,0
47289123,6236,990241,990241,240,0,0
47299063,6237,990481,990481,240,0,0
47309129,6239,990721,990721,240,0,0
47319078,6240,990961,990961,240,0,0
47329223,6242,991201,991201,240,0,0
47339403,6243,991448,991448,240,7,0
47349146,6245,991682,991688,240,0,6
47359111,6246,991922,991922,240,0,0
47369138,6248,992162,992162,240,0,0
47379082,6249,992402,992402,240,0,0
47389122,6251,992642,992642,240,0,0
47399079,6252,992882,992882,240,0,0
47409121,6254,993122,993122,240,0,0
47419051,6255,993359,993362,240,0,3
47429228,6257,993603,993603,240,4,0
47439099,6258,993840,993843,240,0,3
47449111,6260,994080,994080,240,0,0
47459064,6261,994320,994320,240,0,0
47469125,6263,994560,994560,240,0,0
47479077,6264,994800,994800,240,0,0
47489136,6266,995040,995040,240,0,0
47499106,6267,995280,995280,240,0,0
47509137,6269,995520,995520,240,0,0
47519078,6270,995760,995760,240,0,0
47529217,6272,996003,996003,240,3,0
47539068,6273,996240,996243,240,0,3
47549128,6275,996480,996480,240,0,0
47559085,6276,996720,996720,240,0,0
47569127,6278,996960,996960,240,0,0
47579079,6279,997200,997200,240,0,0
47589130,6281,997440,997440,240,0,0
47599053,6282,997680,997680,240,0,0
47609130,6284,997920,997920,240,0,0
47619105,6285,998160,998160,240,0,0
47629220,6287,998403,998403,240,3,0
47639105,6288,998643,998643,240,0,0
47649140,6290,998883,998883,240,0,0
47659059,6291,999119,999123,240,0,4
47669130,6293,999359,999359,240,0,0
47679113,6294,999599,999599,240,0,0
47689142,6296,999839,999839,240,0,0
47699061,6297,1000079,1000079,240,0,0
47709132,6299,1000319,1000319,240,0,0
47719059,6300,1000559,1000559,240,0,0
47729271,6302,1000805,1000805,240,6,0
47739196,6303,1001045,1001045,240,0,0
47749129,6305,1001281,1001285,240,0,4
47759112,6306,1001521,1001521,240,0,0
47769112,6308,1001761,1001761,240,0,0
47779096,6309,1002001,1002001,240,0,0
47789121,6311,1002241,1002241,240,0,0
47799082,6312,1002481,1002481,240,0,0
47809149,6314,1002721,1002721,240,0,0
47819052,6315,1002961,1002961,240,0,0
47829116,6317,1003201,1003201,240,0,0
47839034,6318,1003441,1003441,240,0,0
47849209,6320,1003681,1003681,240,0,0
47859097,6321,1003921,1003921,240,0,0
47869141,6323,1004161,1004161,240,0,0
47879130,6324,1004401,1004401,240,0,0
47889140,6327,1004641,1004641,240,0,0
47899149,6328,1004881,1004881,240,0,0
47909143,6330,1005121,1005121,240,0,0
47919060,6331,1005361,1005361,240,0,0
47929126,6333,1005601,1005601,240,0,0
47939030,6334,1005841,1005841,240,0,0
47949167,6336,1006081,1006081,240,0,0
47959049,6337,1006321,1006321,240,0,0
47969122,6339,1006561,1006561,240,0,0
47979111,6340,1006801,1006801,240,0,0
47989124,6342,1007041,1007041,240,0,0
47999082,6343,1007281,1007281,240,0,0
48009135,6345,1007521,1007521,240,0,0
48019092,6346,1007761,1007761,240,0,0
48029138,6348,1008001,1008001,240,0,0
48039125,6349,1008241,1008241,240,0,0
48049171,6351,1008481,1008481,240,0,0
48059054,6352,1008721,1008721,240,0,0
48069129,6354,1008961,1008961,240,0,0
48079141,6355,1009201,1009201,240,0,0
48089141,6357,1009441,1009441,240,0,0
48099085,6358,1009681,1009681,240,0,0
48109130,6360,1009921,1009921,240,0,0
48119120,6361,1010161,1010161,240,0,0
48129136,6363,1010401,1010401,240,0,0
48139416,6364,1010648,1010648,240,7,0
48149209,6366,1010883,1010888,240,0,5
48159056,6367,1011119,1011123,240,0,4
48169131,6369,1011359,1011359,240,0,0
48179063,6370,1011599,1011599,240,0,0
48189136,6372,1011839,1011839,240,0,0
48199055,6373,1012079,1012079,240,0,0
48209119,6375,1012319,1012319,240,0,0
48219060,6376,1012559,1012559,240,0,0
48229136,6378,1012799,1012799,240,0,0
48239080,6379,1013039,1013039,240,0,0
48249221,6381,1013283,1013283,240,4,0
48259067,6382,1013520,1013523,240,0,3
48269124,6384,1013760,1013760,240,0,0
48279069,6385,1014000,1014000,240,0,0
48289133,6387,1014240,1014240,240,0,0
48299050,6388,1014480,1014480,240,0,0
48309113,6390,1014720,1014720,240,0,0
48319041,6391,1014960,1014960,240,0,0
48329121,6393,1015200,1015200,240,0,0
48339077,6394,1015440,1015440,240,0,0
48349217,6396,1015683,1015683,240,3,0
48359116,6397,1015923,1015923,240,0,0
48369150,6399,1016163,1016163,240,0,0
48379063,6400,1016400,1016403,240,0,3
48389135,6402,1016640,1016640,240,0,0
48399048,6403,1016880,1016880,240,0,0
48409133,6405,1017120,1017120,240,0,0
48419049,6406,1017360,1017360,240,0,0
48429132,6408,1017600,1017600,240,0,0
48439079,6409,1017840,1017840,240,0,0
48449223,6411,1018083,1018083,240,3,0
48459450,6412,1018329,1018329,240,6,0
48469155,6414,1018562,1018569,240,0,7
48479069,6415,1018802,1018802,240,0,0
48489142,6417,1019042,1019042,240,0,0
48499066,6418,1019282,1019282,240,0,0
48509140,6420,1019522,1019522,240,0,0
48519086,6421,1019762,1019762,240,0,0
48529138,6423,1020002,1020002,240,0,0
48539090,6424,1020242,1020242,240,0,0
48549214,6426,1020482,1020482,240,0,0
48559113,6427,1020722,1020722,240,0,0
48569157,6429,1020962,1020962,240,0,0
48579042,6430,1021199,1021202,240,0,3
48589132,6432,1021439,1021439,240,0,0
48599060,6433,1021679,1021679,240,0,0
48609301,6435,1021925,1021925,240,6,0
48619122,6436,1022161,1022165,240,0,4
48629130,6438,1022401,1022401,240,0,0
48639075,6439,1022641,1022641,240,0,0
48649130,6441,1022881,1022881,240,0,0
48659028,6442,1023121,1023121,240,0,0
48669156,6444,1023361,1023361,240,0,0
48679049,6445,1023601,1023601,240,0,0
48689117,6447,1023841,1023841,240,0,0
48699113,6448,1024081,1024081,240,0,0
48709273,6450,1024325,1024325,240,4,0
48719069,6451,1024560,1024565,240,0,5
48729103,6453,1024800,1024800,240,0,0
48739048,6454,1025040,1025040,240,0,0
48749098,6456,1025280,1025280,240,0,0
48759277,6457,1025525,1025525,240,5,0
48769176,6459,1025762,1025765,240,0,3
48779088,6460,1026002,1026002,240,0,0
48789136,6462,1026242,1026242,240,0,0
48799085,6463,1026482,1026482,240,0,0
48809134,6465,1026722,1026722,240,0,0
48819058,6466,1026959,1026962,240,0,3
48829167,6468,1027202,1027202,240,3,0
48839074,6469,1027442,1027442,240,0,0
48849184,6471,1027682,1027682,240,0,0
48859165,6472,1027922,1027922,240,0,0
48869173,6474,1028162,1028162,240,0,0
48879061,6475,1028399,1028402,240,0,3
48889137,6477,1028639,1028639,240,0,0
48899100,6478,1028879,1028879,240,0,0
48909139,6480,1029119,1029119,240,0,0
48919045,6481,1029359,1029359,240,0,0
48929129,6483,1029599,1029599,240,0,0
48939077,6484,1029839,1029839,240,0,0
48949138,6486,1030079,1030079,240,0,0
48959162,6487,1030322,1030322,240,3,0
48969161,6489,1030562,1030562,240,0,0
48979063,6490,1030802,1030802,240,0,0
48989147,6492,1031042,1031042,240,0,0
48999061,6493,1031279,1031282,240,0,3
49009124,6495,1031519,1031519,240,0,0
49019077,6496,1031759,1031759,240,0,0
49029240,6498,1032004,1032004,240,5,0
49039068,6499,1032240,1032244,240,0,4
49049146,6501,1032480,1032480,240,0,0
49059069,6502,1032720,1032720,240,0,0
49069247,6504,1032964,1032964,240,4,0
49079116,6505,1033201,1033204,240,0,3
49089150,6507,1033441,1033441,240,0,0
49099089,6508,1033681,1033681,240,0,0
49109136,6510,1033921,1033921,240,0,0
49119058,6511,1034161,1034161,240,0,0
49129133,6513,1034401,1034401,240,0,0
49139034,6514,1034641,1034641,240,0,0
49149126,6516,1034881,1034881,240,0,0
49159056,6517,1035121,1035121,240,0,0
49169207,6519,1035361,1035361,240,0,0
49179101,6520,1035601,1035601,240,0,0
49189143,6522,1035841,1035841,240,0,0
49199048,6523,1036081,1036081,240,0,0
49209114,6525,1036321,1036321,240,0,0
49219123,6526,1036561,1036561,240,0,0
49229133,6528,1036801,1036801,240,0,0
49239033,6529,1037041,1037041,240,0,0
49249116,6531,1037281,1037281,240,0,0
49259115,6532,1037521,1037521,240,0,0
49269208,6534,1037761,1037761,240,0,0
49279095,6535,1038001,1038001,240,0,0
49289128,6537,1038241,1038241,240,0,0
49299056,6538,1038481,1038481,240,0,0
49309132,6540,1038721,1038721,240,0,0
49319063,6541,1038961,1038961,240,0,0
49329134,6543,1039201,1039201,240,0,0
49339056,6544,1039441,1039441,240,0,0
49349124,6546,1039681,1039681,240,0,0
49359049,6547,1039921,1039921,240,0,0
49369220,6549,1040161,1040161,240,0,0
49379082,6550,1040401,1040401,240,0,0
49389142,6552,1040641,1040641,240,0,0
49399098,6553,1040881,1040881,240,0,0
49409162,6555,1041121,1041121,240,0,0
49419069,6556,1041361,1041361,240,0,0
49429143,6558,1041601,1041601,240,0,0
49439286,6559,1041845,1041845,240,4,0
49449368,6561,1042085,1042085,240,0,0
49459109,6562,1042321,1042325,240,0,4
49469127,6564,1042561,1042561,240,0,0
49479155,6565,1042801,1042801,240,0,0
49489139,6567,1043041,1043041,240,0,0
49499073,6568,1043281,1043281,240,0,0
49509125,6570,1043521,1043521,240,0,0
49519084,6571,1043761,1043761,240,0,0
49529139,6573,1044001,1044001,240,0,0
49539057,6574,1044241,1044241,240,0,0
49549121,6576,1044481,1044481,240,0,0
49559036,6577,1044721,1044721,240,0,0
49569244,6579,1044964,1044964,240,3,0
49579025,6580,1045199,1045204,240,0,5
49589463,6582,1045449,1045449,240,10,0
49599104,6583,1045681,1045689,240,0,8
49609126,6585,1045921,1045921,240,0,0
49619073,6586,1046161,1046161,240,0,0
49629110,6588,1046401,1046401,240,0,0
49639182,6589,1046641,1046641,240,0,0
49649209,6591,1046881,1046881,240,0,0
49659085,6592,1047121,1047121,240,0,0
49669119,6594,1047361,1047361,240,0,0
49679133,6595,1047601,1047601,240,0,0
49689162,6597,1047841,1047841,240,0,0
49699118,6598,1048081,1048081,240,0,0
49709122,6600,1048321,1048321,240,0,0
49719047,6601,1048561,1048561,240,0,0
49729117,6603,1048801,1048801,240,0,0
49739050,6604,1049041,1049041,240,0,0
49749119,6606,1049281,1049281,240,0,0
49759122,6607,1049521,1049521,240,0,0
49769123,6609,1049761,1049761,240,0,0
49779119,6610,1050001,1050001,240,0,0
49789143,6612,1050241,1050241,240,0,0
49799070,6613,1050481,1050481,240,0,0
49809115,6615,1050721,1050721,240,0,0
49819079,6616,1050961,1050961,240,0,0
49829115,6618,1051201,1051201,240,0,0
49839054,6619,1051441,1051441,240,0,0
49849169,6621,1051681,1051681,240,0,0
49859106,6622,1051921,1051921,240,0,0
49869120,6624,1052161,1052161,240,0,0
49879092,6625,1052401,1052401,240,0,0
49889312,6628,1052645,1052645,240,4,0
49899124,6629,1052881,1052885,240,0,4
49909132,6631,1053121,1053121,240,0,0
49919083,6632,1053361,1053361,240,0,0
49929123,6634,1053601,1053601,240,0,0
49939059,6635,1053841,1053841,240,0,0
49949203,6637,1054081,1054081,240,0,0
49959106,6638,1054321,1054321,240,0,0
49969114,6640,1054561,1054561,240,0,0
49979051,6641,1054801,1054801,240,0,0
49989215,6643,1055041,1055041,240,0,0
49999085,6644,1055281,1055281,240,0,0
50009110,6646,1055521,1055521,240,0,0
50019089,6647,1055761,1055761,240,0,0
50029114,6649,1056001,1056001,240,0,0
50039113,6650,1056241,1056241,240,0,0
50049128,6652,1056481,1056481,240,0,0
50059055,6653,1056721,1056721,240,0,0
50069104,6655,1056961,1056961,240,0,0
50079067,6656,1057201,1057201,240,0,0
50089200,6658,1057441,1057441,240,0,0
50099078,6659,1057681,1057681,240,0,0
50109096,6661,1057921,1057921,240,0,0
50119058,6662,1058161,1058161,240,0,0
50129101,6664,1058401,1058401,240,0,0
50139060,6665,1058641,1058641,240,0,0
50149099,6667,1058881,1058881,240,0,0
50159122,6668,1059121,1059121,240,0,0
50169121,6670,1059361,1059361,240,0,0
50179135,6671,1059601,1059601,240,0,0
50189202,6673,1059841,1059841,240,0,0
50199079,6674,1060081,1060081,240,0,0
50209114,6676,1060321,1060321,240,0,0
50219061,6677,1060561,1060561,240,0,0
50229112,6679,1060801,1060801,240,0,0
50239095,6680,1061041,1061041,240,0,0
50249124,6682,1061281,1061281,240,0,0
50259062,6683,1061521,1061521,240,0,0
50269111,6685,1061761,1061761,240,0,0
50279199,6686,1062001,1062001,240,0,0
50289125,6688,1062241,1062241,240,0,0
50299184,6689,1062481,1062481,240,0,0
50309111,6691,1062721,1062721,240,0,0
50319117,6692,1062961,1062961,240,0,0
50329115,6694,1063201,1063201,240,0,0
50339128,6695,1063441,1063441,240,0,0
50349119,6697,1063681,1063681,240,0,0
50359114,6698,1063921,1063921,240,0,0
50369111,6700,1064161,1064161,240,0,0
50379090,6701,1064401,1064401,240,0,0
50389111,6703,1064641,1064641,240,0,0
50399012,6704,1064878,1064881,240,0,3
50409159,6706,1065122,1065122,240,4,0
50419094,6707,1065362,1065362,240,0,0
50429120,6709,1065602,1065602,240,0,0
50439083,6710,1065842,1065842,240,0,0
50449136,6712,1066082,1066082,240,0,0
50459057,6713,1066319,1066322,240,0,3
50469123,6715,1066559,1066559,240,0,0
50479051,6716,1066799,1066799,240,0,0
50489118,6718,1067039,1067039,240,0,0
50499116,6719,1067279,1067279,240,0,0
50509154,6721,1067522,1067522,240,3,0
50519094,6722,1067762,1067762,240,0,0
50529117,6724,1068002,1068002,240,0,0
50539097,6725,1068242,1068242,240,0,0
50549118,6727,1068482,1068482,240,0,0
50559121,6728,1068722,1068722,240,0,0
50569119,6730,1068962,1068962,240,0,0
50579115,6731,1069202,1069202,240,0,0
50589115,6733,1069442,1069442,240,0,0
50599153,6734,1069682,1069682,240,0,0
50609172,6736,1069922,1069922,240,0,0
50619075,6737,1070162,1070162,240,0,0
50629121,6739,1070402,1070402,240,0,0
50639101,6740,1070642,1070642,240,0,0
50649132,6742,1070882,1070882,240,0,0
50659085,6743,1071122,1071122,240,0,0
50669124,6745,1071362,1071362,240,0,0
50679076,6746,1071602,1071602,240,0,0
50689120,6748,1071842,1071842,240,0,0
50699229,6749,1072082,1072082,240,0,0
50709491,6751,1072330,1072330,240,8,0
50719098,6752,1072560,1072570,240,0,10
50729119,6754,1072800,1072800,240,0,0
50739046,6755,1073040,1073040,240,0,0
50749103,6757,1073280,1073280,240,0,0
50759076,6758,1073520,1073520,240,0,0
50769287,6760,1073765,1073765,240,5,0
50779057,6761,1073999,1074005,240,0,6
50789112,6763,1074239,1074239,240,0,0
50799034,6764,1074479,1074479,240,0,0
50809246,6766,1074724,1074724,240,5,0
50819064,6767,1074960,1074964,240,0,4
50829116,6769,1075200,1075200,240,0,0
50839038,6770,1075440,1075440,240,0,0
50849178,6772,1075680,1075680,240,0,0
50859103,6773,1075920,1075920,240,0,0
50869149,6775,1076160,1076160,240,0,0
50879041,6776,1076400,1076400,240,0,0
50889112,6778,1076640,1076640,240,0,0
50899102,6779,1076880,1076880,240,0,0
50909241,6781,1077124,1077124,240,4,0
50919068,6782,1077360,1077364,240,0,4
50929111,6784,1077600,1077600,240,0,0
50939116,6785,1077840,1077840,240,0,0
50949147,6787,1078080,1078080,240,0,0
50959105,6788,1078320,1078320,240,0,0
50969171,6790,1078560,1078560,240,0,0
50979049,6791,1078800,1078800,240,0,0
50989138,6793,1079040,1079040,240,0,0
50999054,6794,1079280,1079280,240,0,0
51009308,6796,1079525,1079525,240,5,0
51019083,6797,1079760,1079765,240,0,5
51029127,6799,1080000,1080000,240,0,0
51039092,6800,1080240,1080240,240,0,0
51049148,6802,1080480,1080480,240,0,0
51059052,6803,1080720,1080720,240,0,0
51069146,6805,1080960,1080960,240,0,0
51079048,6806,1081200,1081200,240,0,0
51089133,6808,1081440,1081440,240,0,0
51099060,6809,1081680,1081680,240,0,0
51109237,6811,1081924,1081924,240,4,0
51119074,6812,1082160,1082164,240,0,4
51129145,6814,1082400,1082400,240,0,0
51139040,6815,1082640,1082640,240,0,0
51149139,6817,1082880,1082880,240,0,0
51159105,6818,1083120,1083120,240,0,0
51169167,6820,1083360,1083360,240,0,0
51179119,6821,1083600,1083600,240,0,0
51189127,6823,1083840,1083840,240,0,0
51199042,6824,1084080,1084080,240,0,0
51209126,6826,1084320,1084320,240,0,0
51219170,6827,1084560,1084560,240,0,0
51229141,6829,1084800,1084800,240,0,0
51239054,6830,1085040,1085040,240,0,0
51249138,6832,1085280,1085280,240,0,0
51259040,6833,1085520,1085520,240,0,0
51269136,6835,1085760,1085760,240,0,0
51279134,6836,1086000,1086000,240,0,0
51289139,6838,1086240,1086240,240,0,0
51299121,6839,1086480,1086480,240,0,0
51309143,6841,1086720,1086720,240,0,0
51319115,6842,1086960,1086960,240,0,0
51329169,6844,1087200,1087200,240,0,0
51339050,6845,1087440,1087440,240,0,0
51349131,6847,1087680,1087680,240,0,0
51359118,6848,1087920,1087920,240,0,0
51369153,6850,1088160,1088160,240,0,0
51379057,6851,1088400,1088400,240,0,0
51389137,6853,1088640,1088640,240,0,0
51399050,6854,1088880,1088880,240,0,0
51409135,6856,1089120,1089120,240,0,0
51419129,6857,1089360,1089360,240,0,0
51429142,6859,1089600,1089600,240,0,0
51439089,6860,1089840,1089840,240,0,0
51449137,6862,1090080,1090080,240,0,0
51459036,6863,1090320,1090320,240,0,0
51469128,6865,1090560,1090560,240,0,0
51478956,6866,1090797,1090800,240,0,3
51489147,6868,1091042,1091042,240,5,0
51499084,6869,1091282,1091282,240,0,0
51509151,6871,1091522,1091522,240,0,0
51519134,6872,1091762,1091762,240,0,0
51529252,6874,1092002,1092002,240,0,0
51539088,6875,1092242,1092242,240,0,0
51549131,6877,1092482,1092482,240,0,0
51559125,6878,1092722,1092722,240,0,0
51569146,6880,1092962,1092962,240,0,0
51579040,6881,1093199,1093202,240,0,3
51589124,6883,1093439,1093439,240,0,0
51599066,6884,1093679,1093679,240,0,0
51609127,6886,1093919,1093919,240,0,0
51619040,6887,1094159,1094159,240,0,0
51629242,6889,1094404,1094404,240,5,0
51639051,6890,1094639,1094644,240,0,5
51649112,6892,1094879,1094879,240,0,0
51659038,6893,1095119,1095119,240,0,0
51669114,6895,1095359,1095359,240,0,0
51679061,6896,1095599,1095599,240,0,0
51689114,6898,1095839,1095839,240,0,0
51699038,6899,1096079,1096079,240,0,0
51709114,6901,1096319,1096319,240,0,0
51719041,6902,1096559,1096559,240,0,0
51729197,6904,1096803,1096803,240,4,0
51739102,6905,1097040,1097043,240,0,3
51749114,6907,1097280,1097280,240,0,0
51759054,6908,1097520,1097520,240,0,0
51769150,6910,1097760,1097760,240,0,0
51779035,6911,1098000,1098000,240,0,0
51789119,6913,1098240,1098240,240,0,0
51799047,6914,1098480,1098480,240,0,0
51809120,6916,1098720,1098720,240,0,0
51819033,6917,1098960,1098960,240,0,0
51829207,6919,1099203,1099203,240,3,0
51839382,6920,1099447,1099447,240,4,0
51849157,6922,1099682,1099687,240,0,5
51859087,6923,1099922,1099922,240,0,0
51869148,6925,1100162,1100162,240,0,0
51879107,6926,1100402,1100402,240,0,0
51889176,6929,1100642,1100642,240,0,0
51899148,6930,1100882,1100882,240,0,0
51909124,6932,1101122,1101122,240,0,0
51919046,6933,1101359,1101362,240,0,3
51929229,6935,1101604,1101604,240,5,0
51939140,6936,1101841,1101844,240,0,3
51949147,6938,1102081,1102081,240,0,0
51959064,6939,1102321,1102321,240,0,0
51969156,6941,1102561,1102561,240,0,0
51979077,6942,1102801,1102801,240,0,0
51989139,6944,1103041,1103041,240,0,0
51999092,6945,1103281,1103281,240,0,0
52009127,6947,1103521,1103521,240,0,0
52019105,6948,1103761,1103761,240,0,0
52029135,6950,1104001,1104001,240,0,0
52039182,6951,1104241,1104241,240,0,0
52049175,6953,1104481,1104481,240,0,0
52059058,6954,1104721,1104721,240,0,0
52069138,6956,1104961,1104961,240,0,0
52079085,6957,1105201,1105201,240,0,0
52089146,6959,1105441,1105441,240,0,0
52099041,6960,1105681,1105681,240,0,0
52109127,6962,1105921,1105921,240,0,0
52119088,6963,1106161,1106161,240,0,0
52129134,6965,1106401,1106401,240,0,0
52139000,6966,1106638,1106641,240,0,3
52149183,6968,1106882,1106882,240,4,0
52159096,6969,1107122,1107122,240,0,0
52169147,6971,1107362,1107362,240,0,0
52179075,6972,1107602,1107602,240,0,0
52189139,6974,1107842,1107842,240,0,0
52199061,6975,1108079,1108082,240,0,3
52209230,6977,1108324,1108324,240,5,0
52219034,6978,1108559,1108564,240,0,5
52229125,6980,1108799,1108799,240,0,0
52239012,6981,1109039,1109039,240,0,0
52249178,6983,1109282,1109282,240,3,0
52259232,6984,1109522,1109522,240,0,0
52269136,6986,1109762,1109762,240,0,0
52279084,6987,1110002,1110002,240,0,0
52289112,6989,1110242,1110242,240,0,0
52299061,6990,1110479,1110482,240,0,3
52309119,6992,1110719,1110719,240,0,0
52319117,6993,1110959,1110959,240,0,0
52329119,6995,1111199,1111199,240,0,0
52339151,6996,1111442,1111442,240,3,0
52349157,6998,1111682,1111682,240,0,0
52359034,6999,1111919,1111922,240,0,3
52369238,7001,1112164,1112164,240,5,0
52379052,7002,1112399,1112404,240,0,5
52389189,7004,1112643,1112643,240,4,0
52399083,7005,1112880,1112883,240,0,3
52409140,7007,1113120,1113120,240,0,0
52419085,7008,1113360,1113360,240,0,0
52429144,7010,1113600,1113600,240,0,0
52439101,7011,1113840,1113840,240,0,0
52449264,7013,1114084,1114084,240,4,0
52459069,7014,1114320,1114324,240,0,4
52469124,7016,1114560,1114560,240,0,0
52479077,7017,1114800,1114800,240,0,0
52489135,7019,1115040,1115040,240,0,0
52499073,7020,1115280,1115280,240,0,0
52509113,7022,1115520,1115520,240,0,0
52519089,7023,1115760,1115760,240,0,0
52529133,7025,1116000,1116000,240,0,0
52539056,7026,1116240,1116240,240,0,0
52549209,7028,1116483,1116483,240,3,0
52559063,7029,1116720,1116723,240,0,3
52569126,7031,1116960,1116960,240,0,0
52579056,7032,1117200,1117200,240,0,0
52589273,7034,1117445,1117445,240,5,0
52599050,7035,1117679,1117685,240,0,6
52609095,7037,1117919,1117919,240,0,0
52619042,7038,1118159,1118159,240,0,0
52629095,7040,1118399,1118399,240,0,0
52639034,7041,1118639,1118639,240,0,0
52649191,7043,1118883,1118883,240,4,0
52659069,7044,1119120,1119123,240,0,3
52669109,7046,1119360,1119360,240,0,0
52679071,7047,1119600,1119600,240,0,0
52689116,7049,1119840,1119840,240,0,0
52699089,7050,1120080,1120080,240,0,0
52709114,7052,1120320,1120320,240,0,0
52719046,7053,1120560,1120560,240,0,0
52729108,7055,1120800,1120800,240,0,0
52739091,7056,1121040,1121040,240,0,0
52749260,7058,1121284,1121284,240,4,0
52759063,7059,1121520,1121524,240,0,4
52769311,7061,1121765,1121765,240,5,0
52779060,7062,1121999,1122005,240,0,6
52789123,7064,1122239,1122239,240,0,0
52799068,7065,1122479,1122479,240,0,0
52809112,7067,1122719,1122719,240,0,0
52819022,7068,1122959,1122959,240,0,0
52829223,7070,1123203,1123203,240,4,0
52839059,7071,1123439,1123443,240,0,4
52849185,7073,1123682,1123682,240,3,0
52859260,7074,1123922,1123922,240,0,0
52869147,7076,1124162,1124162,240,0,0
52879060,7077,1124399,1124402,240,0,3
52889137,7079,1124639,1124639,240,0,0
52899093,7080,1124879,1124879,240,0,0
52909172,7082,1125122,1125122,240,3,0
52919067,7083,1125362,1125362,240,0,0
52929149,7085,1125602,1125602,240,0,0
52939050,7086,1125839,1125842,240,0,3
52949132,7088,1126079,1126079,240,0,0
52959989,7089,1126342,1126342,240,23,0
52969150,7091,1126562,1126582,240,0,20
52979067,7092,1126802,1126802,240,0,0
52989125,7094,1127042,1127042,240,0,0
52999061,7095,1127279,1127282,240,0,3
53009127,7097,1127519,1127519,240,0,0
53019124,7098,1127759,1127759,240,0,0
53029137,7100,1127999,1127999,240,0,0
53039070,7101,1128239,1128239,240,0,0
53049127,7103,1128479,1128479,240,0,0
53059166,7104,1128722,1128722,240,3,0
53069180,7106,1128962,1128962,240,0,0
53079051,7107,1129199,1129202,240,0,3
53089127,7109,1129439,1129439,240,0,0
53099107,7110,1129679,1129679,240,0,0
53109143,7112,1129919,1129919,240,0,0
53119078,7113,1130159,1130159,240,0,0
53129155,7115,1130402,1130402,240,3,0
53139058,7116,1130639,1130642,240,0,3
53149125,7118,1130879,1130879,240,0,0
53159144,7119,1131119,1131119,240,0,0
53169163,7121,1131362,1131362,240,3,0
53179048,7122,1131599,1131602,240,0,3
53189122,7124,1131839,1131839,240,0,0
53199061,7125,1132079,1132079,240,0,0
53209139,7127,1132319,1132319,240,0,0
53219108,7128,1132559,1132559,240,0,0
53229138,7130,1132799,1132799,240,0,0
53239047,7131,1133039,1133039,240,0,0
53249120,7133,1133279,1133279,240,0,0
53259273,7134,1133525,1133525,240,6,0
53269200,7136,1133765,1133765,240,0,0
53279103,7137,1134000,1134005,240,0,5
53289129,7139,1134240,1134240,240,0,0
53299056,7140,1134480,1134480,240,0,0
53309116,7142,1134720,1134720,240,0,0
53319066,7143,1134960,1134960,240,0,0
53329125,7145,1135200,1135200,240,0,0
53339097,7146,1135440,1135440,240,0,0
53349130,7148,1135680,1135680,240,0,0
53359113,7149,1135920,1135920,240,0,0
53369228,7151,1136163,1136163,240,3,0
53379081,7152,1136400,1136403,240,0,3
53389109,7154,1136640,1136640,240,0,0
53399097,7155,1136880,1136880,240,0,0
53409132,7157,1137120,1137120,240,0,0
53419050,7158,1137360,1137360,240,0,0
53429120,7160,1137600,1137600,240,0,0
53439107,7161,1137840,1137840,240,0,0
53449131,7163,1138080,1138080,240,0,0
53459091,7164,1138320,1138320,240,0,0
53469223,7166,1138563,1138563,240,3,0
53479189,7167,1138803,1138803,240,0,0
53489143,7169,1139043,1139043,240,0,0
53499104,7170,1139283,1139283,240,0,0
53509142,7172,1139523,1139523,240,0,0
53519057,7173,1139759,1139763,240,0,4
53529127,7175,1139999,1139999,240,0,0
53539095,7176,1140239,1140239,240,0,0
53549203,7178,1140483,1140483,240,4,0
53559078,7179,1140720,1140723,240,0,3
53569222,7181,1140963,1140963,240,3,0
53579119,7182,1141203,1141203,240,0,0
53589134,7184,1141443,1141443,240,0,0
53599028,7185,1141679,1141683,240,0,4
53609118,7187,1141919,1141919,240,0,0
53619041,7188,1142159,1142159,240,0,0
53629120,7190,1142399,1142399,240,0,0
53639040,7191,1142639,1142639,240,0,0
53649120,7193,1142879,1142879,240,0,0
53659056,7194,1143119,1143119,240,0,0
53669207,7196,1143363,1143363,240,4,0
53679077,7197,1143600,1143603,240,0,3
53689138,7199,1143840,1143840,240,0,0
53699055,7200,1144080,1144080,240,0,0
53709127,7202,1144320,1144320,240,0,0
53719031,7203,1144560,1144560,240,0,0
53729124,7205,1144800,1144800,240,0,0
53739090,7206,1145040,1145040,240,0,0
53749139,7208,1145280,1145280,240,0,0
53759034,7209,1145520,1145520,240,0,0
53769124,7211,1145760,1145760,240,0,0
53779114,7212,1146000,1146000,240,0,0
53789172,7214,1146240,1146240,240,0,0
53799110,7215,1146480,1146480,240,0,0
53809139,7217,1146720,1146720,240,0,0
53819053,7218,1146960,1146960,240,0,0
53829134,7220,1147200,1147200,240,0,0
53839090,7221,1147440,1147440,240,0,0
53849162,7223,1147680,1147680,240,0,0
53859104,7224,1147920,1147920,240,0,0
53869134,7226,1148160,1148160,240,0,0
53879123,7227,1148400,1148400,240,0,0
53889168,7230,1148640,1148640,240,0,0
53899126,7231,1148880,1148880,240,0,0
53909133,7233,1149120,1149120,240,0,0
53919108,7234,1149360,1149360,240,0,0
53929202,7236,1149603,1149603,240,3,0
53939061,7237,1149839,1149843,240,0,4
53949118,7239,1150079,1150079,240,0,0
53959048,7240,1150319,1150319,240,0,0
53969230,7242,1150564,1150564,240,5,0
53979147,7243,1150804,1150804,240,0,0
53989244,7245,1151044,1151044,240,0,0
53999078,7246,1151280,1151284,240,0,4
54009177,7248,1151520,1151520,240,0,0
54019057,7249,1151760,1151760,240,0,0
54029128,7251,1152000,1152000,240,0,0
54039086,7252,1152240,1152240,240,0,0
54049139,7254,1152480,1152480,240,0,0
54059060,7255,1152720,1152720,240,0,0
54069126,7257,1152960,1152960,240,0,0
54079129,7258,1153200,1153200,240,0,0
54089471,7260,1153449,1153449,240,9,0
54099064,7261,1153680,1153689,240,0,9
54109108,7263,1153920,1153920,240,0,0
54119125,7264,1154160,1154160,240,0,0
54129200,7266,1154403,1154403,240,3,0
54139075,7267,1154640,1154643,240,0,3
54149137,7269,1154880,1154880,240,0,0
54159112,7270,1155120,1155120,240,0,0
54169155,7272,1155360,1155360,240,0,0
54179049,7273,1155600,1155600,240,0,0
54189241,7275,1155844,1155844,240,4,0
54199101,7276,1156080,1156084,240,0,4
54209143,7278,1156320,1156320,240,0,0
54219034,7279,1156560,1156560,240,0,0
54229120,7281,1156800,1156800,240,0,0
54239050,7282,1157040,1157040,240,0,0
54249122,7284,1157280,1157280,240,0,0
54259055,7285,1157520,1157520,240,0,0
54269120,7287,1157760,1157760,240,0,0
54279031,7288,1158000,1158000,240,0,0
54289209,7290,1158243,1158243,240,3,0
54299057,7291,1158479,1158483,240,0,4
54309109,7293,1158719,1158719,240,0,0
54319036,7294,1158959,1158959,240,0,0
54329112,7296,1159199,1159199,240,0,0
54339038,7297,1159439,1159439,240,0,0
54349117,7299,1159679,1159679,240,0,0
54359054,7300,1159919,1159919,240,0,0
54369123,7302,1160159,1160159,240,0,0
54379051,7303,1160399,1160399,240,0,0
54389210,7305,1160643,1160643,240,4,0
54399101,7306,1160880,1160883,240,0,3
54409112,7308,1161120,1161120,240,0,0
54419111,7309,1161360,1161360,240,0,0
54429139,7311,1161600,1161600,240,0,0
54439056,7312,1161840,1161840,240,0,0
54449129,7314,1162080,1162080,240,0,0
54459067,7315,1162320,1162320,240,0,0
54469138,7317,1162560,1162560,240,0,0
54479030,7318,1162800,1162800,240,0,0
54489239,7320,1163044,1163044,240,4,0
54499162,7321,1163284,1163284,240,0,0
54509143,7323,1163521,1163524,240,0,3
54519050,7324,1163761,1163761,240,0,0
54529139,7326,1164001,1164001,240,0,0
54539056,7327,1164241,1164241,240,0,0
54549132,7329,1164481,1164481,240,0,0
54559049,7330,1164721,1164721,240,0,0
54569141,7332,1164961,1164961,240,0,0
54579042,7333,1165201,1165201,240,0,0
54589130,7335,1165441,1165441,240,0,0
54599082,7336,1165681,1165681,240,0,0
54609184,7338,1165921,1165921,240,0,0
54619035,7339,1166161,1166161,240,0,0
54629135,7341,1166401,1166401,240,0,0
54639057,7342,1166641,1166641,240,0,0
54649130,7344,1166881,1166881,240,0,0
54659063,7345,1167121,1167121,240,0,0
54669137,7347,1167361,1167361,240,0,0
54679040,7348,1167601,1167601,240,0,0
54689135,7350,1167841,1167841,240,0,0
54699014,7351,1168078,1168081,240,0,3
54709181,7353,1168322,1168322,240,4,0
54719054,7354,1168559,1168562,240,0,3
54729141,7356,1168799,1168799,240,0,0
54739061,7357,1169039,1169039,240,0,0
54749137,7359,1169279,1169279,240,0,0
54759045,7360,1169519,1169519,240,0,0
54769313,7362,1169766,1169766,240,7,0
54779098,7363,1170000,1170006,240,0,6
54789138,7365,1170240,1170240,240,0,0
54799139,7366,1170480,1170480,240,0,0
54809223,7368,1170723,1170723,240,3,0
54819070,7369,1170960,1170963,240,0,3
54829126,7371,1171200,1171200,240,0,0
54839117,7372,1171440,1171440,240,0,0
54849166,7374,1171680,1171680,240,0,0
54859100,7375,1171920,1171920,240,0,0
54869139,7377,1172160,1172160,240,0,0
54879123,7378,1172400,1172400,240,0,0
54889143,7380,1172640,1172640,240,0,0
54899163,7381,1172880,1172880,240,0,0
54909157,7383,1173120,1173120,240,0,0
54919076,7384,1173360,1173360,240,0,0
54929124,7386,1173600,1173600,240,0,0
54939081,7387,1173840,1173840,240,0,0
54949157,7389,1174080,1174080,240,0,0
54959064,7390,1174320,1174320,240,0,0
54969142,7392,1174560,1174560,240,0,0
54979141,7393,1174800,1174800,240,0,0
54989139,7395,1175040,1175040,240,0,0
54999057,7396,1175280,1175280,240,0,0
55009233,7398,1175524,1175524,240,4,0
55019060,7399,1175759,1175764,240,0,5
55029113,7401,1175999,1175999,240,0,0
55039102,7402,1176239,1176239,240,0,0
55049138,7404,1176479,1176479,240,0,0
55059042,7405,1176719,1176719,240,0,0
55069117,7407,1176959,1176959,240,0,0
55079082,7408,1177199,1177199,240,0,0
55089121,7410,1177439,1177439,240,0,0
55099084,7411,1177679,1177679,240,0,0
55109204,7413,1177923,1177923,240,4,0
55119103,7414,1178160,1178163,240,0,3
55129233,7416,1178404,1178404,240,4,0
55139075,7417,1178640,1178644,240,0,4
55149113,7419,1178880,1178880,240,0,0
55159062,7420,1179120,1179120,240,0,0
55169120,7422,1179360,1179360,240,0,0
55179085,7423,1179600,1179600,240,0,0
55189118,7425,1179840,1179840,240,0,0
55199035,7426,1180080,1180080,240,0,0
55209259,7428,1180324,1180324,240,4,0
55219442,7429,1180569,1180569,240,5,0
55229150,7431,1180802,1180809,240,0,7
55239092,7432,1181042,1181042,240,0,0
55249138,7434,1181282,1181282,240,0,0
55259103,7435,1181522,1181522,240,0,0
55269136,7437,1181762,1181762,240,0,0
55279104,7438,1182002,1182002,240,0,0
55289130,7440,1182242,1182242,240,0,0
55299109,7441,1182482,1182482,240,0,0
55309229,7443,1182722,1182722,240,0,0
55319076,7444,1182962,1182962,240,0,0
55329126,7446,1183202,1183202,240,0,0
55339141,7447,1183442,1183442,240,0,0
55349118,7449,1183682,1183682,240,0,0
55359095,7450,1183922,1183922,240,0,0
55369162,7452,1184162,1184162,240,0,0
55379033,7453,1184399,1184402,240,0,3
55389117,7455,1184639,1184639,240,0,0
55399057,7456,1184879,1184879,240,0,0
55409128,7458,1185119,1185119,240,0,0
55419202,7459,1185363,1185363,240,4,0
55429136,7461,1185603,1185603,240,0,0
55439061,7462,1185839,1185843,240,0,4
55449133,7464,1186079,1186079,240,0,0
55459095,7465,1186319,1186319,240,0,0
55469132,7467,1186559,1186559,240,0,0
55479133,7468,1186799,1186799,240,0,0
55489132,7470,1187039,1187039,240,0,0
55499073,7471,1187279,1187279,240,0,0
55509436,7473,1187528,1187528,240,9,0
55519184,7474,1187762,1187768,240,0,6
55529220,7476,1188002,1188002,240,0,0
55539129,7477,1188242,1188242,240,0,0
55549108,7479,1188482,1188482,240,0,0
55559071,7480,1188722,1188722,240,0,0
55569131,7482,1188962,1188962,240,0,0
55579107,7483,1189202,1189202,240,0,0
55589098,7485,1189442,1189442,240,0,0
55599081,7486,1189682,1189682,240,0,0
55609108,7488,1189922,1189922,240,0,0
55619143,7489,1190162,1190162,240,0,0
55629161,7491,1190402,1190402,240,0,0
55639110,7492,1190642,1190642,240,0,0
55649105,7494,1190882,1190882,240,0,0
55659077,7495,1191122,1191122,240,0,0
55669116,7497,1191362,1191362,240,0,0
55679085,7498,1191602,1191602,240,0,0
55689115,7500,1191842,1191842,240,0,0
55699111,7501,1192082,1192082,240,0,0
55709119,7503,1192322,1192322,240,0,0
55719134,7504,1192562,1192562,240,0,0
55729155,7506,1192802,1192802,240,0,0
55739056,7507,1193039,1193042,240,0,3
55749123,7509,1193279,1193279,240,0,0
55759051,7510,1193519,1193519,240,0,0
55769126,7512,1193759,1193759,240,0,0
55779132,7513,1193999,1193999,240,0,0
55789120,7515,1194239,1194239,240,0,0
55799073,7516,1194479,1194479,240,0,0
55809180,7518,1194722,1194722,240,3,0
55819200,7519,1194962,1194962,240,0,0
55829262,7521,1195202,1195202,240,0,0
55839032,7522,1195439,1195442,240,0,3
55849164,7524,1195682,1195682,240,3,0
55859109,7525,1195922,1195922,240,0,0
55869128,7527,1196162,1196162,240,0,0
55879135,7528,1196402,1196402,240,0,0
55889129,7531,1196642,1196642,240,0,0
55899116,7532,1196882,1196882,240,0,0
55909134,7534,1197122,1197122,240,0,0
55919063,7535,1197362,1197362,240,0,0
55929221,7537,1197602,1197602,240,0,0
55939075,7538,1197842,1197842,240,0,0
55949101,7540,1198082,1198082,240,0,0
55959102,7541,1198322,1198322,240,0,0
55969163,7543,1198562,1198562,240,0,0
55979103,7544,1198802,1198802,240,0,0
55989137,7546,1199042,1199042,240,0,0
55999095,7547,1199282,1199282,240,0,0
56009131,7549,1199522,1199522,240,0,0
56019050,7550,1199759,1199762,240,0,3
56029220,7552,1200003,1200003,240,4,0
56039090,7553,1200240,1200243,240,0,3
56049130,7555,1200480,1200480,240,0,0
56059083,7556,1200720,1200720,240,0,0
56069122,7558,1200960,1200960,240,0,0
56079085,7559,1201200,1201200,240,0,0
56089140,7561,1201440,1201440,240,0,0
56099046,7562,1201680,1201680,240,0,0
56109123,7564,1201920,1201920,240,0,0
56119104,7565,1202160,1202160,240,0,0
56129217,7567,1202403,1202403,240,3,0
56139095,7568,1202640,1202643,240,0,3
56149128,7570,1202880,1202880,240,0,0
56159089,7571,1203120,1203120,240,0,0
56169148,7573,1203360,1203360,240,0,0
56179042,7574,1203600,1203600,240,0,0
56189138,7576,1203840,1203840,240,0,0
56199127,7577,1204080,1204080,240,0,0
56209140,7579,1204320,1204320,240,0,0
56219057,7580,1204560,1204560,240,0,0
56229248,7582,1204804,1204804,240,4,0
56239108,7583,1205041,1205044,240,0,3
56249150,7585,1205281,1205281,240,0,0
56259067,7586,1205521,1205521,240,0,0
56269216,7588,1205761,1205761,240,0,0
56279037,7589,1206001,1206001,240,0,0
56289117,7591,1206241,1206241,240,0,0
56299055,7592,1206481,1206481,240,0,0
56309115,7594,1206721,1206721,240,0,0
56319115,7595,1206961,1206961,240,0,0
56329141,7597,1207201,1207201,240,0,0
56339031,7598,1207441,1207441,240,0,0
56349441,7600,1207689,1207689,240,8,0
56359087,7601,1207920,1207929,240,0,9
56369124,7603,1208160,1208160,240,0,0
56379095,7604,1208400,1208400,240,0,0
56389118,7606,1208640,1208640,240,0,0
56399073,7607,1208880,1208880,240,0,0
56409121,7609,1209120,1209120,240,0,0
56419072,7610,1209360,1209360,240,0,0
56429119,7612,1209600,1209600,240,0,0
56439034,7613,1209840,1209840,240,0,0
56449191,7615,1210083,1210083,240,3,0
56459117,7616,1210323,1210323,240,0,0
56469135,7618,1210563,1210563,240,0,0
56479066,7619,1210800,1210803,240,0,3
56489138,7621,1211040,1211040,240,0,0
56499064,7622,1211280,1211280,240,0,0
56509140,7624,1211520,1211520,240,0,0
56519053,7625,1211760,1211760,240,0,0
56529135,7627,1212000,1212000,240,0,0
56539134,7628,1212240,1212240,240,0,0
56549174,7630,1212480,1212480,240,0,0
56559068,7631,1212720,1212720,240,0,0
56569137,7633,1212960,1212960,240,0,0
56579058,7634,1213200,1213200,240,0,0
56589133,7636,1213440,1213440,240,0,0
56599074,7637,1213680,1213680,240,0,0
56609137,7639,1213920,1213920,240,0,0
56619103,7640,1214160,1214160,240,0,0
56629131,7642,1214400,1214400,240,0,0
56639123,7643,1214640,1214640,240,0,0
56649174,7645,1214880,1214880,240,0,0
56658958,7646,1215117,1215120,240,0,3
56669227,7648,1215363,1215363,240,6,0
56679079,7649,1215600,1215603,240,0,3
56689128,7651,1215840,1215840,240,0,0
56699085,7652,1216080,1216080,240,0,0
56709118,7654,1216320,1216320,240,0,0
56719041,7655,1216560,1216560,240,0,0
56729196,7657,1216803,1216803,240,3,0
56739056,7658,1217039,1217043,240,0,4
56749216,7660,1217283,1217283,240,4,0
56759076,7661,1217520,1217523,240,0,3
56769140,7663,1217760,1217760,240,0,0
56779238,7664,1218004,1218004,240,4,0
56789146,7666,1218244,1218244,240,0,0
56799073,7667,1218480,1218484,240,0,4
56809138,7669,1218720,1218720,240,0,0
56819089,7670,1218960,1218960,240,0,0
56829136,7672,1219200,1219200,240,0,0
56839061,7673,1219440,1219440,240,0,0
56849252,7675,1219684,1219684,240,4,0
56859166,7676,1219924,1219924,240,0,0
56869144,7678,1220161,1220164,240,0,3
56879067,7679,1220401,1220401,240,0,0
56889126,7681,1220641,1220641,240,0,0
56899073,7682,1220881,1220881,240,0,0
56909128,7684,1221121,1221121,240,0,0
56919045,7685,1221361,1221361,240,0,0
56929116,7687,1221601,1221601,240,0,0
56939130,7688,1221841,1221841,240,0,0
56949215,7690,1222081,1222081,240,0,0
56959060,7691,1222321,1222321,240,0,0
56969114,7693,1222561,1222561,240,0,0
56979078,7694,1222801,1222801,240,0,0
56989131,7696,1223041,1223041,240,0,0
56999043,7697,1223281,1223281,240,0,0
57009109,7699,1223521,1223521,240,0,0
57019064,7700,1223761,1223761,240,0,0
57029116,7702,1224001,1224001,240,0,0
57039124,7703,1224241,1224241,240,0,0
57049213,7705,1224481,1224481,240,0,0
57059091,7706,1224721,1224721,240,0,0
57069128,7708,1224961,1224961,240,0,0
57079118,7709,1225201,1225201,240,0,0
57089135,7711,1225441,1225441,240,0,0
57099070,7712,1225681,1225681,240,0,0
57109123,7714,1225921,1225921,240,0,0
57119083,7715,1226161,1226161,240,0,0
57129122,7717,1226401,1226401,240,0,0
57139108,7718,1226641,1226641,240,0,0
57149126,7720,1226881,1226881,240,0,0
57159125,7721,1227121,1227121,240,0,0
57169129,7723,1227361,1227361,240,0,0
57179060,7724,1227601,1227601,240,0,0
57189121,7726,1227841,1227841,240,0,0
57199088,7727,1228081,1228081,240,0,0
57209123,7729,1228321,1228321,240,0,0
57219085,7730,1228561,1228561,240,0,0
57229121,7732,1228801,1228801,240,0,0
57239114,7733,1229041,1229041,240,0,0
57249122,7735,1229281,1229281,240,0,0
57259133,7736,1229521,1229521,240,0,0
57269229,7738,1229764,1229764,240,3,0
57279139,7739,1230001,1230004,240,0,3
57289095,7741,1230241,1230241,240,0,0
57299061,7742,1230481,1230481,240,0,0
57309106,7744,1230721,1230721,240,0,0
57319085,7745,1230961,1230961,240,0,0
57329104,7747,1231201,1231201,240,0,0
57339109,7748,1231441,1231441,240,0,0
57349104,7750,1231681,1231681,240,0,0
57359123,7751,1231921,1231921,240,0,0
57369147,7753,1232161,1232161,240,0,0
57379102,7754,1232401,1232401,240,0,0
57389133,7756,1232641,1232641,240,0,0
57399092,7757,1232881,1232881,240,0,0
57409128,7759,1233121,1233121,240,0,0
57419137,7760,1233361,1233361,240,0,0
57429128,7762,1233601,1233601,240,0,0
57439125,7763,1233841,1233841,240,0,0
57449128,7765,1234081,1234081,240,0,0
57459135,7766,1234321,1234321,240,0,0
57469462,7768,1234569,1234569,240,8,0
57479061,7769,1234799,1234809,240,0,10
57489117,7771,1235039,1235039,240,0,0
57499048,7772,1235279,1235279,240,0,0
57509124,7774,1235519,1235519,240,0,0
57519062,7775,1235759,1235759,240,0,0
57529124,7777,1235999,1235999,240,0,0
57539025,7778,1236239,1236239,240,0,0
57549111,7780,1236479,1236479,240,0,0
57559136,7781,1236719,1236719,240,0,0
57569305,7783,1236965,1236965,240,6,0
57579117,7784,1237201,1237205,240,0,4
57589125,7786,1237441,1237441,240,0,0
57599061,7787,1237681,1237681,240,0,0
57609127,7789,1237921,1237921,240,0,0
57619059,7790,1238161,1238161,240,0,0
57629133,7792,1238401,1238401,240,0,0
57639044,7793,1238641,1238641,240,0,0
57649127,7795,1238881,1238881,240,0,0
57659031,7796,1239121,1239121,240,0,0
57669212,7798,1239361,1239361,240,0,0
57679096,7799,1239601,1239601,240,0,0
57689211,7801,1239841,1239841,240,0,0
57699037,7802,1240081,1240081,240,0,0
57709127,7804,1240321,1240321,240,0,0
57719056,7805,1240561,1240561,240,0,0
57729144,7807,1240801,1240801,240,0,0
57739073,7808,1241041,1241041,240,0,0
57749201,7810,1241281,1241281,240,0,0
57759065,7811,1241521,1241521,240,0,0
57769218,7813,1241761,1241761,240,0,0
57779099,7814,1242001,1242001,240,0,0
57789170,7816,1242241,1242241,240,0,0
57799052,7817,1242481,1242481,240,0,0
57809202,7819,1242721,1242721,240,0,0
57819016,7820,1242958,1242961,240,0,3
57829202,7822,1243203,1243203,240,5,0
57839030,7823,1243439,1243443,240,0,4
57849226,7825,1243683,1243683,240,4,0
57859031,7826,1243919,1243923,240,0,4
57869310,7828,1244165,1244165,240,6,0
57879102,7829,1244400,1244405,240,0,5
57889144,7832,1244640,1244640,240,0,0
57899154,7833,1244880,1244880,240,0,0
57909133,7835,1245120,1245120,240,0,0
57919083,7836,1245360,1245360,240,0,0
57929117,7838,1245600,1245600,240,0,0
57939025,7839,1245840,1245840,240,0,0
57949020,7841,1246080,1246080,240,0,0
57959093,7842,1246320,1246320,240,0,0
57969127,7844,1246560,1246560,240,0,0
57979207,7845,1246803,1246803,240,3,0
57989139,7847,1247043,1247043,240,0,0
57999093,7848,1247280,1247283,240,0,3
58009169,7850,1247520,1247520,240,0,0
58019085,7851,1247760,1247760,240,0,0
58029140,7853,1248000,1248000,240,0,0
58039146,7854,1248240,1248240,240,0,0
58049146,7856,1248480,1248480,240,0,0
58059065,7857,1248720,1248720,240,0,0
58069138,7859,1248960,1248960,240,0,0
58079034,7860,1249200,1249200,240,0,0
58089176,7862,1249440,1249440,240,0,0
58099118,7863,1249680,1249680,240,0,0
58109141,7865,1249920,1249920,240,0,0
58119058,7866,1250160,1250160,240,0,0
58129131,7868,1250400,1250400,240,0,0
58139089,7869,1250640,1250640,240,0,0
58149159,7871,1250880,1250880,240,0,0
58159084,7872,1251120,1251120,240,0,0
58169139,7874,1251360,1251360,240,0,0
58179175,7875,1251600,1251600,240,0,0
58189181,7877,1251840,1251840,240,0,0
58199056,7878,1252080,1252080,240,0,0
58209133,7880,1252320,1252320,240,0,0
58219116,7881,1252560,1252560,240,0,0
58229138,7883,1252800,1252800,240,0,0
58239081,7884,1253040,1253040,240,0,0
58249141,7886,1253280,1253280,240,0,0
58259064,7887,1253520,1253520,240,0,0
58269140,7889,1253760,1253760,240,0,0
58279138,7890,1254000,1254000,240,0,0
58289176,7892,1254240,1254240,240,0,0
58299090,7893,1254480,1254480,240,0,0
58309148,7895,1254720,1254720,240,0,0
58319101,7896,1254960,1254960,240,0,0
58329146,7898,1255200,1255200,240,0,0
58339058,7899,1255440,1255440,240,0,0
58349139,7901,1255680,1255680,240,0,0
58359073,7902,1255920,1255920,240,0,0
58369209,7904,1256163,1256163,240,3,0
58379051,7905,1256399,1256403,240,0,4
58389307,7907,1256645,1256645,240,6,0
58399055,7908,1256879,1256885,240,0,6
58409134,7910,1257119,1257119,240,0,0
58419067,7911,1257359,1257359,240,0,0
58429141,7913,1257599,1257599,240,0,0
58439054,7914,1257839,1257839,240,0,0
58449137,7916,1258079,1258079,240,0,0
58459055,7917,1258319,1258319,240,0,0
58469139,7919,1258559,1258559,240,0,0
58479114,7920,1258799,1258799,240,0,0
58489219,7922,1259043,1259043,240,4,0
58499116,7923,1259283,1259283,240,0,0
58509142,7925,1259523,1259523,240,0,0
58519072,7926,1259760,1259763,240,0,3
58529139,7928,1260000,1260000,240,0,0
58539066,7929,1260240,1260240,240,0,0
58549135,7931,1260480,1260480,240,0,0
58559060,7932,1260720,1260720,240,0,0
58569148,7934,1260960,1260960,240,0,0
58579072,7935,1261200,1261200,240,0,0
58589230,7937,1261444,1261444,240,4,0
58599403,7938,1261688,1261688,240,4,0
58609143,7940,1261921,1261928,240,0,7
58619065,7941,1262161,1262161,240,0,0
58629143,7943,1262401,1262401,240,0,0
58639146,7944,1262641,1262641,240,0,0
58649206,7946,1262881,1262881,240,0,0
58659156,7947,1263121,1263121,240,0,0
58669152,7949,1263361,1263361,240,0,0
58679078,7950,1263601,1263601,240,0,0
58689239,7952,1263844,1263844,240,3,0
58699106,7953,1264081,1264084,240,0,3
58709289,7955,1264325,1264325,240,4,0
58719100,7956,1264560,1264565,240,0,5
58729131,7958,1264800,1264800,240,0,0
58739126,7959,1265040,1265040,240,0,0
58749131,7961,1265280,1265280,240,0,0
58759068,7962,1265520,1265520,240,0,0
58769104,7964,1265760,1265760,240,0,0
58779272,7965,1266005,1266005,240,5,0
58789392,7967,1266245,1266245,240,0,0
58799075,7968,1266480,1266485,240,0,5
58809139,7970,1266720,1266720,240,0,0
58819136,7971,1266960,1266960,240,0,0
58829136,7973,1267200,1267200,240,0,0
58839078,7974,1267440,1267440,240,0,0
58849187,7976,1267680,1267680,240,0,0
58859091,7977,1267920,1267920,240,0,0
58869144,7979,1268160,1268160,240,0,0
58879064,7980,1268400,1268400,240,0,0
58889148,7982,1268640,1268640,240,0,0
58899036,7983,1268880,1268880,240,0,0
58909151,7985,1269120,1269120,240,0,0
58919043,7986,1269360,1269360,240,0,0
58929130,7988,1269600,1269600,240,0,0
58939080,7989,1269840,1269840,240,0,0
58949133,7991,1270080,1270080,240,0,0
58959123,7992,1270320,1270320,240,0,0
58969140,7994,1270560,1270560,240,0,0
58979066,7995,1270800,1270800,240,0,0
58989135,7997,1271040,1271040,240,0,0
58999019,7998,1271280,1271280,240,0,0
59009155,8000,1271520,1271520,240,0,0
59019056,8001,1271760,1271760,240,0,0
59029166,8003,1272000,1272000,240,0,0
59039122,8004,1272240,1272240,240,0,0
59049139,8006,1272480,1272480,240,0,0
59059090,8007,1272720,1272720,240,0,0
59069210,8009,1272963,1272963,240,3,0
59079058,8010,1273199,1273203,240,0,4
59089137,8012,1273439,1273439,240,0,0
59099140,8013,1273679,1273679,240,0,0
59109152,8015,1273922,1273922,240,3,0
59119082,8016,1274162,1274162,240,0,0
59129137,8018,1274402,1274402,240,0,0
59139075,8019,1274642,1274642,240,0,0
59149126,8021,1274882,1274882,240,0,0
59159052,8022,1275119,1275122,240,0,3
59169122,8024,1275359,1275359,240,0,0
59179080,8025,1275599,1275599,240,0,0
59189123,8027,1275839,1275839,240,0,0
59199227,8028,1276083,1276083,240,4,0
59209152,8030,1276323,1276323,240,0,0
59219108,8031,1276563,1276563,240,0,0
59229136,8033,1276803,1276803,240,0,0
59239075,8034,1277040,1277043,240,0,3
59249123,8036,1277280,1277280,240,0,0
59259062,8037,1277520,1277520,240,0,0
59269121,8039,1277760,1277760,240,0,0
59279058,8040,1278000,1278000,240,0,0
59289122,8042,1278240,1278240,240,0,0
59299083,8043,1278480,1278480,240,0,0
59309226,8045,1278723,1278723,240,3,0
59319041,8046,1278959,1278963,240,0,4
59329116,8048,1279199,1279199,240,0,0
59339078,8049,1279439,1279439,240,0,0
59349119,8051,1279679,1279679,240,0,0
59359062,8052,1279919,1279919,240,0,0
59369117,8054,1280159,1280159,240,0,0
59379070,8055,1280399,1280399,240,0,0
59389119,8057,1280639,1280639,240,0,0
59399036,8058,1280879,1280879,240,0,0
59409260,8060,1281124,1281124,240,5,0
59419070,8061,1281360,1281364,240,0,4
59429111,8063,1281600,1281600,240,0,0
59439060,8064,1281840,1281840,240,0,0
59449118,8066,1282080,1282080,240,0,0
59459049,8067,1282320,1282320,240,0,0
59469194,8069,1282563,1282563,240,3,0
59479068,8070,1282800,1282803,240,0,3
59489141,8072,1283040,1283040,240,0,0
59499086,8073,1283280,1283280,240,0,0
59509224,8075,1283523,1283523,240,3,0
59519082,8076,1283760,1283763,240,0,3
59529119,8078,1284000,1284000,240,0,0
59539061,8079,1284240,1284240,240,0,0
59549136,8081,1284480,1284480,240,0,0
59559067,8082,1284720,1284720,240,0,0
59569147,8084,1284960,1284960,240,0,0
59579075,8085,1285200,1285200,240,0,0
59589135,8087,1285440,1285440,240,0,0
59599113,8088,1285680,1285680,240,0,0
59609247,8090,1285924,1285924,240,4,0
59619074,8091,1286160,1286164,240,0,4
59629140,8093,1286400,1286400,240,0,0
59639084,8094,1286640,1286640,240,0,0
59649141,8096,1286880,1286880,240,0,0
59659050,8097,1287120,1287120,240,0,0
59669140,8099,1287360,1287360,240,0,0
59679080,8100,1287600,1287600,240,0,0
59689142,8102,1287840,1287840,240,0,0
59699056,8103,1288080,1288080,240,0,0
59709141,8105,1288320,1288320,240,0,0
59719502,8106,1288570,1288570,240,10,0
59729134,8108,1288801,1288810,240,0,9
59738962,8109,1289037,1289041,240,0,4
59749125,8111,1289281,1289281,240,4,0
59759072,8112,1289521,1289521,240,0,0
59769134,8114,1289761,1289761,240,0,0
59779135,8115,1290001,1290001,240,0,0
59789126,8117,1290241,1290241,240,0,0
59799088,8118,1290481,1290481,240,0,0
59809131,8120,1290721,1290721,240,0,0
59819054,8121,1290961,1290961,240,0,0
59829188,8123,1291201,1291201,240,0,0
59839047,8124,1291441,1291441,240,0,0
59849154,8126,1291681,1291681,240,0,0
59859089,8127,1291921,1291921,240,0,0
59869151,8129,1292161,1292161,240,0,0
59879057,8130,1292401,1292401,240,0,0
59889138,8133,1292641,1292641,240,0,0
59899112,8134,1292881,1292881,240,0,0
59909128,8136,1293121,1293121,240,0,0
59919209,8137,1293361,1293361,240,0,0
59929184,8139,1293601,1293601,240,0,0
59939050,8140,1293841,1293841,240,0,0
59949134,8142,1294081,1294081,240,0,0
59959086,8143,1294321,1294321,240,0,0
59969146,8145,1294561,1294561,240,0,0
59979055,8146,1294801,1294801,240,0,0
59989126,8148,1295041,1295041,240,0,0
59999113,8149,1295281,1295281,240,0,0
60009150,8151,1295521,1295521,240,0,0
60019134,8152,1295761,1295761,240,0,0
60029188,8154,1296001,1296001,240,0,0
60039085,8155,1296241,1296241,240,0,0
60049176,8157,1296481,1296481,240,0,0
60059047,8158,1296721,1296721,240,0,0
60069142,8160,1296961,1296961,240,0,0
60079103,8161,1297201,1297201,240,0,0
60089139,8163,1297441,1297441,240,0,0
60099056,8164,1297681,1297681,240,0,0
60109202,8166,1297921,1297921,240,0,0
60119097,8167,1298161,1298161,240,0,0
60129250,8169,1298404,1298404,240,3,0
60139031,8170,1298639,1298644,240,0,5
60149209,8172,1298883,1298883,240,4,0
60159103,8173,1299120,1299123,240,0,3
60169142,8175,1299360,1299360,240,0,0
60179047,8176,1299600,1299600,240,0,0
60189113,8178,1299840,1299840,240,0,0
60199096,8179,1300080,1300080,240,0,0
60209136,8181,1300320,1300320,240,0,0
60219029,8182,1300560,1300560,240,0,0
60229289,8184,1300805,1300805,240,5,0
60239080,8185,1301040,1301045,240,0,5
60249142,8187,1301280,1301280,240,0,0
60259107,8188,1301520,1301520,240,0,0
60269126,8190,1301760,1301760,240,0,0
60279036,8191,1302000,1302000,240,0,0
60289119,8193,1302240,1302240,240,0,0
60299117,8194,1302480,1302480,240,0,0
60309142,8196,1302720,1302720,240,0,0
60319031,8197,1302960,1302960,240,0,0
60329222,8199,1303203,1303203,240,3,0
60339085,8200,1303440,1303443,240,0,3
60349119,8202,1303680,1303680,240,0,0
60359068,8203,1303920,1303920,240,0,0
60369124,8205,1304160,1304160,240,0,0
60379078,8206,1304400,1304400,240,0,0
60389123,8208,1304640,1304640,240,0,0
60399036,8209,1304880,1304880,240,0,0
60409119,8211,1305120,1305120,240,0,0
60419056,8212,1305360,1305360,240,0,0
60429219,8214,1305603,1305603,240,3,0
60439090,8215,1305840,1305843,240,0,3
60449140,8217,1306080,1306080,240,0,0
60459108,8218,1306320,1306320,240,0,0
60469140,8220,1306560,1306560,240,0,0
60478948,8221,1306797,1306800,240,0,3
60489140,8223,1307041,1307041,240,4,0
60499043,8224,1307281,1307281,240,0,0
60509123,8226,1307521,1307521,240,0,0
60519060,8227,1307761,1307761,240,0,0
60529136,8229,1308001,1308001,240,0,0
60539217,8230,1308241,1308241,240,0,0
60549138,8232,1308481,1308481,240,0,0
60559075,8233,1308721,1308721,240,0,0
60569128,8235,1308961,1308961,240,0,0
60579052,8236,1309201,1309201,240,0,0
60589128,8238,1309441,1309441,240,0,0
60599064,8239,1309681,1309681,240,0,0
60609139,8241,1309921,1309921,240,0,0
60619034,8242,1310161,1310161,240,0,0
60629130,8244,1310401,1310401,240,0,0
60639089,8245,1310641,1310641,240,0,0
60649182,8247,1310881,1310881,240,0,0
60659107,8248,1311121,1311121,240,0,0
60669147,8250,1311361,1311361,240,0,0
60679088,8251,1311601,1311601,240,0,0
60689145,8253,1311841,1311841,240,0,0
60699095,8254,1312081,1312081,240,0,0
60709145,8256,1312321,1312321,240,0,0
60719066,8257,1312561,1312561,240,0,0
60729146,8259,1312801,1312801,240,0,0
60739121,8260,1313041,1313041,240,0,0
60749188,8262,1313281,1313281,240,0,0
60759117,8263,1313521,1313521,240,0,0
60769149,8265,1313761,1313761,240,0,0
60779060,8266,1314001,1314001,240,0,0
60789328,8268,1314246,1314246,240,5,0
60799092,8269,1314480,1314486,240,0,6
60809137,8271,1314720,1314720,240,0,0
60819044,8272,1314960,1314960,240,0,0
60829116,8274,1315200,1315200,240,0,0
60839150,8275,1315440,1315440,240,0,0
60849474,8277,1315689,1315689,240,9,0
60859083,8278,1315920,1315929,240,0,9
60869147,8280,1316160,1316160,240,0,0
60879061,8281,1316400,1316400,240,0,0
60889123,8283,1316640,1316640,240,0,0
60899074,8284,1316880,1316880,240,0,0
60909140,8286,1317120,1317120,240,0,0
60919108,8287,1317360,1317360,240,0,0
60929123,8289,1317600,1317600,240,0,0
60939090,8290,1317840,1317840,240,0,0
60949382,8292,1318087,1318087,240,7,0
60959088,8293,1318320,1318327,240,0,7
60969144,8295,1318560,1318560,240,0,0
60979071,8296,1318800,1318800,240,0,0
60989151,8298,1319040,1319040,240,0,0
60999058,8299,1319280,1319280,240,0,0
61009175,8301,1319520,1319520,240,0,0
61019124,8302,1319760,1319760,240,0,0
61029129,8304,1320000,1320000,240,0,0
61039067,8305,1320240,1320240,240,0,0
61049245,8307,1320484,1320484,240,4,0
61059074,8308,1320720,1320724,240,0,4
61069178,8310,1320960,1320960,240,0,0
61079066,8311,1321200,1321200,240,0,0
61089112,8313,1321440,1321440,240,0,0
61099112,8314,1321680,1321680,240,0,0
61109140,8316,1321920,1321920,240,0,0
61119062,8317,1322160,1322160,240,0,0
61129125,8319,1322400,1322400,240,0,0
61139087,8320,1322640,1322640,240,0,0
61149224,8322,1322883,1322883,240,3,0
61159082,8323,1323120,1323123,240,0,3
61169124,8325,1323360,1323360,240,0,0
61179038,8326,1323600,1323600,240,0,0
61189134,8328,1323840,1323840,240,0,0
61199050,8329,1324080,1324080,240,0,0
61209116,8331,1324320,1324320,240,0,0
61219050,8332,1324560,1324560,240,0,0
61229118,8334,1324800,1324800,240,0,0
61239037,8335,1325040,1325040,240,0,0
61249209,8337,1325283,1325283,240,3,0
61259081,8338,1325520,1325523,240,0,3
61269254,8340,1325764,1325764,240,4,0
61279091,8341,1326000,1326004,240,0,4
61289114,8343,1326240,1326240,240,0,0
61299099,8344,1326480,1326480,240,0,0
61309140,8346,1326720,1326720,240,0,0
61319043,8347,1326960,1326960,240,0,0
61329106,8349,1327200,1327200,240,0,0
61339048,8350,1327440,1327440,240,0,0
61349260,8352,1327684,1327684,240,4,0
61359185,8353,1327924,1327924,240,0,0
61369141,8355,1328161,1328164,240,0,3
61379094,8356,1328401,1328401,240,0,0
61389173,8358,1328641,1328641,240,0,0
61399100,8359,1328881,1328881,240,0,0
61409107,8361,1329121,1329121,240,0,0
61419041,8362,1329361,1329361,240,0,0
61429199,8364,1329601,1329601,240,0,0
61439087,8365,1329841,1329841,240,0,0
61449117,8367,1330081,1330081,240,0,0
61459233,8368,1330324,1330324,240,3,0
61469148,8370,1330564,1330564,240,0,0
61479048,8371,1330799,1330804,240,0,5
61489140,8373,1331039,1331039,240,0,0
61499086,8374,1331279,1331279,240,0,0
61509114,8376,1331519,1331519,240,0,0
61519075,8377,1331759,1331759,240,0,0
61529115,8379,1331999,1331999,240,0,0
61539125,8380,1332239,1332239,240,0,0
61549140,8382,1332479,1332479,240,0,0
61559122,8383,1332719,1332719,240,0,0
61569176,8385,1332962,1332962,240,3,0
61579054,8386,1333199,1333202,240,0,3
61589218,8388,1333443,1333443,240,4,0
61599093,8389,1333680,1333683,240,0,3
61609162,8391,1333920,1333920,240,0,0
61619054,8392,1334160,1334160,240,0,0
61629203,8394,1334403,1334403,240,3,0
61638973,8395,1334637,1334643,240,0,6
61649200,8397,1334883,1334883,240,6,0
61659120,8398,1335123,1335123,240,0,0
61669226,8400,1335363,1335363,240,0,0
61679020,8401,1335598,1335603,240,0,5
61689198,8403,1335843,1335843,240,5,0
61699026,8404,1336079,1336083,240,0,4
61709187,8406,1336322,1336322,240,3,0
61719022,8407,1336559,1336562,240,0,3
61729188,8409,1336803,1336803,240,4,0
61739049,8410,1337039,1337043,240,0,4
61749123,8412,1337279,1337279,240,0,0
61759207,8413,1337523,1337523,240,4,0
61769220,8415,1337763,1337763,240,0,0
61779075,8416,1338000,1338003,240,0,3
61789111,8418,1338240,1338240,240,0,0
61799117,8419,1338480,1338480,240,0,0
61809168,8421,1338720,1338720,240,0,0
61819065,8422,1338960,1338960,240,0,0
61829179,8424,1339200,1339200,240,0,0
61839046,8425,1339440,1339440,240,0,0
61849208,8427,1339683,1339683,240,3,0
61859137,8428,1339923,1339923,240,0,0
61869294,8430,1340163,1340163,240,0,0
61879068,8431,1340400,1340403,240,0,3
61889193,8434,1340643,1340643,240,3,0
61899058,8435,1340879,1340883,240,0,4
61909165,8437,1341122,1341122,240,3,0
61919075,8438,1341362,1341362,240,0,0
61929105,8440,1341602,1341602,240,0,0
61939058,8441,1341839,1341842,240,0,3
61949183,8443,1342082,1342082,240,3,0
61959094,8444,1342322,1342322,240,0,0
61969255,8446,1342562,1342562,240,0,0
61979424,8447,1342808,1342808,240,6,0
61989136,8449,1343041,1343048,240,0,7
61999108,8450,1343281,1343281,240,0,0
62009193,8452,1343521,1343521,240,0,0
62019055,8453,1343761,1343761,240,0,0
62029189,8455,1344001,1344001,240,0,0
62039097,8456,1344241,1344241,240,0,0
62049159,8458,1344481,1344481,240,0,0
62059071,8459,1344721,1344721,240,0,0
62069239,8461,1344964,1344964,240,3,0
62079110,8462,1345201,1345204,240,0,3
62089162,8464,1345441,1345441,240,0,0
62099057,8465,1345681,1345681,240,0,0
62109211,8467,1345921,1345921,240,0,0
62119035,8468,1346161,1346161,240,0,0
62129148,8470,1346401,1346401,240,0,0
62139032,8471,1346641,1346641,240,0,0
62149151,8473,1346881,1346881,240,0,0
62159081,8474,1347121,1347121,240,0,0
62169211,8476,1347361,1347361,240,0,0
62179105,8477,1347601,1347601,240,0,0
62189141,8479,1347841,1347841,240,0,0
62199071,8480,1348081,1348081,240,0,0
62209188,8482,1348321,1348321,240,0,0
62219080,8483,1348561,1348561,240,0,0
62229112,8485,1348801,1348801,240,0,0
62239055,8486,1349041,1349041,240,0,0
62249150,8488,1349281,1349281,240,0,0
62259152,8489,1349521,1349521,240,0,0
62269191,8491,1349761,1349761,240,0,0
62279085,8492,1350001,1350001,240,0,0
62289206,8494,1350241,1350241,240,0,0
62299014,8495,1350478,1350481,240,0,3
62309174,8497,1350722,1350722,240,4,0
62319049,8498,1350959,1350962,240,0,3
62329153,8500,1351202,1351202,240,3,0
62339034,8501,1351439,1351442,240,0,3
62349137,8503,1351679,1351679,240,0,0
62359090,8504,1351919,1351919,240,0,0
62369186,8506,1352162,1352162,240,3,0
62379048,8507,1352399,1352402,240,0,3
62389244,8509,1352644,1352644,240,5,0
62399017,8510,1352878,1352884,240,0,6
62409181,8512,1353122,1353122,240,4,0
62419050,8513,1353359,1353362,240,0,3
62429087,8515,1353599,1353599,240,0,0
62439042,8516,1353839,1353839,240,0,0
62449186,8518,1354082,1354082,240,3,0
62459062,8519,1354319,1354322,240,0,3
62469148,8521,1354562,1354562,240,3,0
62479099,8522,1354802,1354802,240,0,0
62489210,8524,1355042,1355042,240,0,0
62499018,8525,1355278,1355282,240,0,4
62509178,8527,1355522,1355522,240,4,0
62519038,8528,1355759,1355762,240,0,3
62529169,8530,1356002,1356002,240,3,0
62539096,8531,1356242,1356242,240,0,0
62549165,8533,1356482,1356482,240,0,0
62559027,8534,1356719,1356722,240,0,3
62569179,8536,1356962,1356962,240,3,0
62579117,8537,1357202,1357202,240,0,0
62589228,8539,1357442,1357442,240,0,0
62599039,8540,1357679,1357682,240,0,3
62609191,8542,1357923,1357923,240,4,0
62619038,8543,1358159,1358163,240,0,4
62629177,8545,1358402,1358402,240,3,0
62639008,8546,1358638,1358642,240,0,4
62649166,8548,1358882,1358882,240,4,0
62659034,8549,1359119,1359122,240,0,3
62669172,8551,1359362,1359362,240,3,0
62679037,8552,1359599,1359602,240,0,3
62689289,8554,1359845,1359845,240,6,0
62699066,8555,1360080,1360085,240,0,5
62709181,8557,1360320,1360320,240,0,0
62719029,8558,1360560,1360560,240,0,0
62729206,8560,1360803,1360803,240,3,0
62739038,8561,1361039,1361043,240,0,4
62749193,8563,1361283,1361283,240,4,0
62759016,8564,1361518,1361523,240,0,5
62769191,8566,1361763,1361763,240,5,0
62779033,8567,1361999,1362003,240,0,4
62789424,8569,1362248,1362248,240,9,0
62799106,8570,1362481,1362488,240,0,7
62809158,8572,1362721,1362721,240,0,0
62819013,8573,1362958,1362961,240,0,3
62829205,8575,1363203,1363203,240,5,0
62839037,8576,1363439,1363443,240,0,4
62849209,8578,1363683,1363683,240,4,0
62859118,8579,1363923,1363923,240,0,0
62869204,8581,1364163,1364163,240,0,0
62879078,8582,1364400,1364403,240,0,3
62889266,8584,1364644,1364644,240,4,0
62899053,8585,1364879,1364884,240,0,5
62909209,8587,1365123,1365123,240,4,0
62919038,8588,1365359,1365363,240,0,4
62929192,8590,1365603,1365603,240,4,0
62939046,8591,1365839,1365843,240,0,4
62949199,8593,1366083,1366083,240,4,0
62959033,8594,1366319,1366323,240,0,4
62969190,8596,1366563,1366563,240,4,0
62979068,8597,1366800,1366803,240,0,3
62989256,8599,1367044,1367044,240,4,0
62999085,8600,1367280,1367284,240,0,4
63009200,8602,1367523,1367523,240,3,0
63019031,8603,1367759,1367763,240,0,4
63029163,8605,1368002,1368002,240,3,0
63039034,8606,1368239,1368242,240,0,3
63049119,8608,1368479,1368479,240,0,0
63059054,8609,1368719,1368719,240,0,0
63069160,8611,1368962,1368962,240,3,0
63079088,8612,1369202,1369202,240,0,0
63089102,8614,1369442,1369442,240,0,0
63099972,8615,1369701,1369701,240,19,0
63109204,8617,1369923,1369941,240,0,18
63119108,8618,1370163,1370163,240,0,0
63129150,8620,1370403,1370403,240,0,0
63139045,8621,1370639,1370643,240,0,4
63149169,8623,1370882,1370882,240,3,0
63159060,8624,1371119,1371122,240,0,3
63169153,8626,1371362,1371362,240,3,0
63179045,8627,1371599,1371602,240,0,3
63189183,8629,1371842,1371842,240,3,0
63199021,8630,1372079,1372082,240,0,3
63209208,8632,1372323,1372323,240,4,0
63219024,8633,1372559,1372563,240,0,4
63229159,8635,1372802,1372802,240,3,0
63239040,8636,1373039,1373042,240,0,3
63249083,8638,1373279,1373279,240,0,0
63259042,8639,1373519,1373519,240,0,0
63269158,8641,1373762,1373762,240,3,0
63279107,8642,1374002,1374002,240,0,0
63289167,8644,1374242,1374242,240,0,0
63299119,8645,1374482,1374482,240,0,0
63309159,8647,1374722,1374722,240,0,0
63319090,8648,1374962,1374962,240,0,0
63329142,8650,1375202,1375202,240,0,0
63339004,8651,1375438,1375442,240,0,4
63349177,8653,1375682,1375682,240,4,0
63359055,8654,1375919,1375922,240,0,3
63369187,8656,1376162,1376162,240,3,0
63379006,8657,1376398,1376402,240,0,4
63389160,8659,1376642,1376642,240,4,0
63399106,8660,1376882,1376882,240,0,0
63409187,8662,1377122,1377122,240,0,0
63419014,8663,1377358,1377362,240,0,4
63429178,8665,1377602,1377602,240,4,0
63439035,8666,1377839,1377842,240,0,3
63449192,8668,1378083,1378083,240,4,0
63459013,8669,1378318,1378323,240,0,5
63469177,8671,1378562,1378562,240,4,0
63479050,8672,1378799,1378802,240,0,3
63489176,8674,1379042,1379042,240,3,0
63499019,8675,1379278,1379282,240,0,4
63509252,8677,1379524,1379524,240,6,0
63519105,8678,1379761,1379764,240,0,3
63529132,8680,1380001,1380001,240,0,0
63539016,8681,1380238,1380241,240,0,3
63549181,8683,1380482,1380482,240,4,0
63559063,8684,1380722,1380722,240,0,0
63569107,8686,1380962,1380962,240,0,0
63579083,8687,1381202,1381202,240,0,0
63589199,8689,1381442,1381442,240,0,0
63599007,8690,1381678,1381682,240,0,4
63609238,8692,1381924,1381924,240,6,0
63619114,8693,1382161,1382164,240,0,3
63629194,8695,1382401,1382401,240,0,0
63639064,8696,1382641,1382641,240,0,0
63649172,8698,1382881,1382881,240,0,0
63659022,8699,1383121,1383121,240,0,0
63669186,8701,1383361,1383361,240,0,0
63679026,8702,1383601,1383601,240,0,0
63689185,8704,1383841,1383841,240,0,0
63699040,8705,1384081,1384081,240,0,0
63709234,8707,1384324,1384324,240,3,0
63719112,8708,1384561,1384564,240,0,3
63729127,8710,1384801,1384801,240,0,0
63739037,8711,1385041,1385041,240,0,0
63749184,8713,1385281,1385281,240,0,0
63759012,8714,1385518,1385521,240,0,3
63769196,8716,1385763,1385763,240,5,0
63779026,8717,1385999,1386003,240,0,4
63789195,8719,1386243,1386243,240,4,0
63799049,8720,1386479,1386483,240,0,4
63809194,8722,1386723,1386723,240,4,0
63819118,8723,1386963,1386963,240,0,0
63829192,8725,1387203,1387203,240,0,0
63839033,8726,1387439,1387443,240,0,4
63849211,8728,1387683,1387683,240,4,0
63859104,8729,1387923,1387923,240,0,0
63869207,8731,1388163,1388163,240,0,0
63879018,8732,1388398,1388403,240,0,5
63889180,8735,1388642,1388642,240,4,0
63899116,8736,1388882,1388882,240,0,0
63909297,8738,1389125,1389125,240,3,0
63919118,8739,1389361,1389365,240,0,4
63929159,8741,1389601,1389601,240,0,0
63939016,8742,1389838,1389841,240,0,3
63949158,8744,1390082,1390082,240,4,0
63959084,8745,1390322,1390322,240,0,0
63969132,8747,1390562,1390562,240,0,0
63979066,8748,1390802,1390802,240,0,0
63989203,8750,1391042,1391042,240,0,0
63999079,8751,1391282,1391282,240,0,0
64009114,8753,1391522,1391522,240,0,0
64019062,8754,1391759,1391762,240,0,3
64029174,8756,1392002,1392002,240,3,0
64039072,8757,1392242,1392242,240,0,0
64049190,8759,1392482,1392482,240,0,0
64059017,8760,1392718,1392722,240,0,4
64069166,8762,1392962,1392962,240,4,0
64079090,8763,1393202,1393202,240,0,0
64089139,8765,1393442,1393442,240,0,0
64099048,8766,1393679,1393682,240,0,3
64109137,8768,1393919,1393919,240,0,0
64119121,8769,1394159,1394159,240,0,0
64129246,8771,1394404,1394404,240,5,0
64139048,8772,1394639,1394644,240,0,5
64149191,8774,1394883,1394883,240,4,0
64159075,8775,1395120,1395123,240,0,3
64169189,8777,1395363,1395363,240,3,0
64179027,8778,1395599,1395603,240,0,4
64189204,8780,1395843,1395843,240,4,0
64199053,8781,1396079,1396083,240,0,4
64209107,8783,1396319,1396319,240,0,0
64219126,8784,1396559,1396559,240,0,0
64229145,8786,1396799,1396799,240,0,0
64239040,8787,1397039,1397039,240,0,0
64249182,8789,1397282,1397282,240,3,0
64259012,8790,1397518,1397522,240,0,4
64269192,8792,1397763,1397763,240,5,0
64279000,8793,1397998,1398003,240,0,5
64289197,8795,1398243,1398243,240,5,0
64299012,8796,1398478,1398483,240,0,5
64309189,8798,1398723,1398723,240,5,0
64319255,8799,1398963,1398963,240,0,0
64329474,8801,1399209,1399209,240,6,0
64339117,8802,1399441,1399449,240,0,8
64349167,8804,1399681,1399681,240,0,0
64359048,8805,1399921,1399921,240,0,0
64369165,8807,1400161,1400161,240,0,0
64379064,8808,1400401,1400401,240,0,0
64389193,8810,1400641,1400641,240,0,0
64399123,8811,1400881,1400881,240,0,0
64409150,8813,1401121,1401121,240,0,0
64419091,8814,1401361,1401361,240,0,0
64429252,8816,1401604,1401604,240,3,0
64439110,8817,1401841,1401844,240,0,3
64449205,8819,1402081,1402081,240,0,0
64459054,8820,1402321,1402321,240,0,0
64469193,8822,1402561,1402561,240,0,0
64479003,8823,1402798,1402801,240,0,3
64489168,8825,1403042,1403042,240,4,0
64499021,8826,1403279,1403282,240,0,3
64509167,8828,1403522,1403522,240,3,0
64519041,8829,1403759,1403762,240,0,3
64529214,8831,1404003,1404003,240,4,0
64539078,8832,1404240,1404243,240,0,3
64549157,8834,1404480,1404480,240,0,0
64559056,8835,1404720,1404720,240,0,0
64569175,8837,1404960,1404960,240,0,0
64579046,8838,1405200,1405200,240,0,0
64589197,8840,1405443,1405443,240,3,0
64599080,8841,1405680,1405683,240,0,3
64609187,8843,1405920,1405920,240,0,0
64619084,8844,1406160,1406160,240,0,0
64629241,8846,1406404,1406404,240,4,0
64639109,8847,1406641,1406644,240,0,3
64649125,8849,1406881,1406881,240,0,0
64659055,8850,1407121,1407121,240,0,0
64669143,8852,1407361,1407361,240,0,0
64679108,8853,1407601,1407601,240,0,0
64689136,8855,1407841,1407841,240,0,0
64699041,8856,1408081,1408081,240,0,0
64709182,8858,1408321,1408321,240,0,0
64719068,8859,1408561,1408561,240,0,0
64729247,8861,1408804,1408804,240,3,0
64739047,8862,1409039,1409044,240,0,5
64749204,8864,1409283,1409283,240,4,0
64759015,8865,1409518,1409523,240,0,5
64769175,8867,1409762,1409762,240,4,0
64779009,8868,1409998,1410002,240,0,4
64789325,8870,1410246,1410246,240,8,0
64799066,8871,1410480,1410486,240,0,6
64809200,8873,1410723,1410723,240,3,0
64819060,8874,1410959,1410963,240,0,4
64829166,8876,1411202,1411202,240,3,0
64839120,8877,1411442,1411442,240,0,0
64849228,8879,1411682,1411682,240,0,0
64859096,8880,1411922,1411922,240,0,0
64869209,8882,1412162,1412162,240,0,0
64879058,8883,1412399,1412402,240,0,3
64889122,8885,1412639,1412639,240,0,0
64899025,8886,1412879,1412879,240,0,0
64909179,8888,1413122,1413122,240,3,0
64919069,8889,1413362,1413362,240,0,0
64929152,8891,1413602,1413602,240,0,0
64939058,8892,1413839,1413842,240,0,3
64949220,8894,1414083,1414083,240,4,0
64958979,8895,1414318,1414323,240,0,5
64969187,8897,1414562,1414562,240,4,0
64979049,8898,1414799,1414802,240,0,3
64989214,8900,1415043,1415043,240,4,0
64999081,8901,1415280,1415283,240,0,3
65009171,8903,1415520,1415520,240,0,0
65019050,8904,1415760,1415760,240,0,0
65029144,8906,1416000,1416000,240,0,0
65039169,8907,1416240,1416240,240,0,0
65049173,8909,1416480,1416480,240,0,0
65059100,8910,1416720,1416720,240,0,0
65069216,8912,1416963,1416963,240,3,0
65079024,8913,1417199,1417203,240,0,4
65089164,8915,1417442,1417442,240,3,0
65099049,8916,1417679,1417682,240,0,3
65109104,8918,1417919,1417919,240,0,0
65119049,8919,1418159,1418159,240,0,0
65129187,8921,1418402,1418402,240,3,0
65139115,8922,1418642,1418642,240,0,0
65149246,8924,1418882,1418882,240,0,0
65159050,8925,1419119,1419122,240,0,3
65169167,8927,1419362,1419362,240,3,0
65179049,8928,1419599,1419602,240,0,3
65189201,8930,1419843,1419843,240,4,0
65199032,8931,1420079,1420083,240,0,4
65209190,8933,1420323,1420323,240,4,0
65219062,8934,1420559,1420563,240,0,4
65229182,8936,1420802,1420802,240,3,0
65239059,8937,1421039,1421042,240,0,3
65249316,8939,1421286,1421286,240,7,0
65259135,8940,1421521,1421526,240,0,5
65269146,8942,1421761,1421761,240,0,0
65279030,8943,1422001,1422001,240,0,0
65289207,8945,1422241,1422241,240,0,0
65299055,8946,1422481,1422481,240,0,0
65309191,8948,1422721,1422721,240,0,0
65319097,8949,1422961,1422961,240,0,0
65329174,8951,1423201,1423201,240,0,0
65339041,8952,1423441,1423441,240,0,0
65349233,8954,1423684,1423684,240,3,0
65359080,8955,1423920,1423924,240,0,4
65369211,8957,1424163,1424163,240,3,0
65379039,8958,1424399,1424403,240,0,4
65389219,8960,1424643,1424643,240,4,0
65399028,8961,1424879,1424883,240,0,4
65409215,8963,1425123,1425123,240,4,0
65419050,8964,1425359,1425363,240,0,4
65429180,8966,1425602,1425602,240,3,0
65439024,8967,1425839,1425842,240,0,3
65449258,8969,1426084,1426084,240,5,0
65459370,8970,1426327,1426327,240,3,0
65469198,8972,1426563,1426567,240,0,4
65478996,8973,1426798,1426803,240,0,5
65489193,8975,1427043,1427043,240,5,0
65498995,8976,1427278,1427283,240,0,5
65509195,8978,1427523,1427523,240,5,0
65519295,8979,1427763,1427763,240,0,0
65529230,8981,1428003,1428003,240,0,0
65539056,8982,1428239,1428243,240,0,4
65549265,8984,1428484,1428484,240,5,0
65559094,8985,1428720,1428724,240,0,4
65569164,8987,1428960,1428960,240,0,0
65579021,8988,1429200,1429200,240,0,0
65589180,8990,1429440,1429440,240,0,0
65599091,8991,1429680,1429680,240,0,0
65609097,8993,1429920,1429920,240,0,0
65619074,8994,1430160,1430160,240,0,0
65629186,8996,1430400,1430400,240,0,0
65639035,8997,1430640,1430640,240,0,0
65649201,8999,1430883,1430883,240,3,0
65659179,9000,1431123,1431123,240,0,0
65669236,9002,1431363,1431363,240,0,0
65679042,9003,1431599,1431603,240,0,4
65689174,9005,1431842,1431842,240,3,0
65699070,9006,1432082,1432082,240,0,0
65709188,9008,1432322,1432322,240,0,0
65719009,9009,1432558,1432562,240,0,4
65729186,9011,1432802,1432802,240,4,0
65739027,9012,1433039,1433042,240,0,3
65749187,9014,1433282,1433282,240,3,0
65759054,9015,1433519,1433522,240,0,3
65769214,9017,1433763,1433763,240,4,0
65779090,9018,1434000,1434003,240,0,3
65789140,9020,1434240,1434240,240,0,0
65799035,9021,1434480,1434480,240,0,0
65809196,9023,1434723,1434723,240,3,0
65819020,9024,1434958,1434963,240,0,5
65829200,9026,1435203,1435203,240,5,0
65839033,9027,1435439,1435443,240,0,4
65849202,9029,1435683,1435683,240,4,0
65859215,9030,1435923,1435923,240,0,0
65869175,9032,1436163,1436163,240,0,0
65879077,9033,1436400,1436403,240,0,3
65889192,9036,1436643,1436643,240,3,0
65899082,9037,1436880,1436883,240,0,3
65909128,9039,1437120,1437120,240,0,0
65919053,9040,1437360,1437360,240,0,0
65929171,9042,1437600,1437600,240,0,0
65939013,9043,1437840,1437840,240,0,0
65949144,9045,1438080,1438080,240,0,0
65959107,9046,1438320,1438320,240,0,0
65969211,9048,1438563,1438563,240,3,0
65979051,9049,1438799,1438803,240,0,4
65989209,9051,1439043,1439043,240,4,0
65999089,9052,1439280,1439283,240,0,3
66009141,9054,1439520,1439520,240,0,0
66019028,9055,1439760,1439760,240,0,0
66029179,9057,1440000,1440000,240,0,0
66039054,9058,1440240,1440240,240,0,0
66049183,9060,1440480,1440480,240,0,0
66059050,9061,1440720,1440720,240,0,0
66069294,9063,1440965,1440965,240,5,0
66079098,9064,1441200,1441205,240,0,5
66089182,9066,1441440,1441440,240,0,0
66099018,9067,1441680,1441680,240,0,0
66109182,9069,1441920,1441920,240,0,0
66119069,9070,1442160,1442160,240,0,0
66129125,9072,1442400,1442400,240,0,0
66139033,9073,1442640,1442640,240,0,0
66149180,9075,1442880,1442880,240,0,0
66159037,9076,1443120,1443120,240,0,0
66169265,9078,1443364,1443364,240,4,0
66179095,9079,1443600,1443604,240,0,4
66189207,9081,1443843,1443843,240,3,0
66199079,9082,1444080,1444083,240,0,3
66209185,9084,1444320,1444320,240,0,0
66219016,9085,1444560,1444560,240,0,0
66229180,9087,1444800,1444800,240,0,0
66239017,9088,1445040,1445040,240,0,0
66249181,9090,1445280,1445280,240,0,0
66259050,9091,1445520,1445520,240,0,0
66269214,9093,1445763,1445763,240,3,0
66279145,9094,1446003,1446003,240,0,0
66289189,9096,1446243,1446243,240,0,0
66299040,9097,1446479,1446483,240,0,4
66309190,9099,1446723,1446723,240,4,0
66319042,9100,1446959,1446963,240,0,4
66329189,9102,1447203,1447203,240,4,0
66339074,9103,1447440,1447443,240,0,3
66349163,9105,1447680,1447680,240,0,0
66359013,9106,1447920,1447920,240,0,0
66369226,9108,1448163,1448163,240,3,0
66379080,9109,1448400,1448403,240,0,3
66389208,9111,1448643,1448643,240,3,0
66399032,9112,1448879,1448883,240,0,4
66409187,9114,1449122,1449122,240,3,0
66419023,9115,1449359,1449362,240,0,3
66429186,9117,1449602,1449602,240,3,0
66439037,9118,1449839,1449842,240,0,3
66449191,9120,1450083,1450083,240,4,0
66459021,9121,1450319,1450323,240,0,4
66469323,9123,1450566,1450566,240,7,0
66479172,9124,1450802,1450806,240,0,4
66489191,9126,1451042,1451042,240,0,0
66499018,9127,1451278,1451282,240,0,4
66509166,9129,1451522,1451522,240,4,0
66519015,9130,1451758,1451762,240,0,4
66529167,9132,1452002,1452002,240,4,0
66539018,9133,1452238,1452242,240,0,4
66549169,9135,1452482,1452482,240,4,0
66559036,9136,1452719,1452722,240,0,3
66569173,9138,1452962,1452962,240,3,0
66579048,9139,1453199,1453202,240,0,3
66589429,9141,1453448,1453448,240,9,0
66599062,9142,1453679,1453688,240,0,9
66609158,9144,1453922,1453922,240,3,0
66619074,9145,1454162,1454162,240,0,0
66629167,9147,1454402,1454402,240,0,0
66639075,9148,1454642,1454642,240,0,0
66649172,9150,1454882,1454882,240,0,0
66659027,9151,1455119,1455122,240,0,3
66669167,9153,1455362,1455362,240,3,0
66679140,9154,1455602,1455602,240,0,0
66689253,9156,1455842,1455842,240,0,0
66699049,9157,1456079,1456082,240,0,3
66709172,9159,1456322,1456322,240,3,0
66719038,9160,1456559,1456562,240,0,3
66729180,9162,1456802,1456802,240,3,0
66739031,9163,1457039,1457042,240,0,3
66749185,9165,1457282,1457282,240,3,0
66759013,9166,1457518,1457522,240,0,4
66769185,9168,1457762,1457762,240,4,0
66779085,9169,1458002,1458002,240,0,0
66789318,9171,1458246,1458246,240,4,0
66799082,9172,1458480,1458486,240,0,6
66809199,9174,1458723,1458723,240,3,0
66819056,9175,1458959,1458963,240,0,4
66829176,9177,1459202,1459202,240,3,0
66839027,9178,1459439,1459442,240,0,3
66849194,9180,1459683,1459683,240,4,0
66859071,9181,1459920,1459923,240,0,3
66869176,9183,1460160,1460160,240,0,0
66879315,9184,1460406,1460406,240,6,0
66889229,9186,1460646,1460646,240,0,0
66899054,9187,1460879,1460886,240,0,7
66909154,9189,1461122,1461122,240,3,0
66919059,9190,1461359,1461362,240,0,3
66929152,9192,1461602,1461602,240,3,0
66939037,9193,1461839,1461842,240,0,3
66949160,9195,1462082,1462082,240,3,0
66959014,9196,1462318,1462322,240,0,4
66969156,9198,1462562,1462562,240,4,0
66979015,9199,1462798,1462802,240,0,4
66989264,9201,1463044,1463044,240,6,0
66999093,9202,1463280,1463284,240,0,4
67009184,9204,1463520,1463520,240,0,0
67019019,9205,1463760,1463760,240,0,0
67029180,9207,1464000,1464000,240,0,0
67039058,9208,1464240,1464240,240,0,0
67049175,9210,1464480,1464480,240,0,0
67059022,9211,1464720,1464720,240,0,0
67069147,9213,1464960,1464960,240,0,0
67079056,9214,1465200,1465200,240,0,0
67089238,9216,1465444,1465444,240,4,0
67099061,9217,1465679,1465684,240,0,5
67109196,9219,1465923,1465923,240,4,0
67119045,9220,1466159,1466163,240,0,4
67129151,9222,1466402,1466402,240,3,0
67139022,9223,1466639,1466642,240,0,3
67149184,9225,1466882,1466882,240,3,0
67159070,9226,1467122,1467122,240,0,0
67169188,9228,1467362,1467362,240,0,0
67179061,9229,1467599,1467602,240,0,3
67189273,9231,1467845,1467845,240,6,0
67199095,9232,1468080,1468085,240,0,5
67209194,9234,1468323,1468323,240,3,0
67219033,9235,1468559,1468563,240,0,4
67229190,9237,1468803,1468803,240,4,0
67239025,9238,1469039,1469043,240,0,4
67249190,9240,1469283,1469283,240,4,0
67259164,9241,1469523,1469523,240,0,0
67269192,9243,1469763,1469763,240,0,0
67279023,9244,1469999,1470003,240,0,4
67289229,9246,1470244,1470244,240,5,0
67299074,9247,1470480,1470484,240,0,4
67309205,9249,1470723,1470723,240,3,0
67319040,9250,1470959,1470963,240,0,4
67329167,9252,1471202,1471202,240,3,0
67339027,9253,1471439,1471442,240,0,3
67349187,9255,1471682,1471682,240,3,0
67359009,9256,1471918,1471922,240,0,4
67369192,9258,1472163,1472163,240,5,0
67379072,9259,1472400,1472403,240,0,3
67389207,9261,1472643,1472643,240,3,0
67399087,9262,1472880,1472883,240,0,3
67409228,9264,1473123,1473123,240,3,0
67419028,9265,1473359,1473363,240,0,4
67429191,9267,1473603,1473603,240,4,0
67439026,9268,1473839,1473843,240,0,4
67449190,9270,1474083,1474083,240,4,0
67459068,9271,1474320,1474323,240,0,3
67469140,9273,1474560,1474560,240,0,0
67479062,9274,1474800,1474800,240,0,0
67489140,9276,1475040,1475040,240,0,0
67499018,9277,1475280,1475280,240,0,0
67509219,9279,1475523,1475523,240,3,0
67519088,9280,1475760,1475763,240,0,3
67529202,9282,1476003,1476003,240,3,0
67539061,9283,1476239,1476243,240,0,4
67549195,9285,1476483,1476483,240,4,0
67559028,9286,1476719,1476723,240,0,4
67569192,9288,1476963,1476963,240,4,0
67579027,9289,1477199,1477203,240,0,4
67589206,9291,1477443,1477443,240,4,0
67599101,9292,1477680,1477683,240,0,3
67609296,9294,1477925,1477925,240,5,0
67619032,9295,1478159,1478165,240,0,6
67629201,9297,1478403,1478403,240,4,0
67639019,9298,1478638,1478643,240,0,5
67649182,9300,1478882,1478882,240,4,0
67658977,9301,1479117,1479122,240,0,5
67669188,9303,1479363,1479363,240,6,0
67679067,9304,1479600,1479603,240,0,3
67689188,9306,1479843,1479843,240,3,0
67699114,9307,1480083,1480083,240,0,0
67709478,9309,1480329,1480329,240,6,0
67719066,9310,1480560,1480569,240,0,9
67729216,9312,1480803,1480803,240,3,0
67739023,9313,1481039,1481043,240,0,4
67749198,9315,1481283,1481283,240,4,0
67759011,9316,1481518,1481523,240,0,5
67769196,9318,1481763,1481763,240,5,0
67779069,9319,1482000,1482003,240,0,3
67789205,9321,1482243,1482243,240,3,0
67799070,9322,1482480,1482483,240,0,3
67809294,9324,1482725,1482725,240,5,0
67819091,9325,1482960,1482965,240,0,5
67829168,9327,1483200,1483200,240,0,0
67839093,9328,1483440,1483440,240,0,0
67849175,9330,1483680,1483680,240,0,0
67859100,9331,1483920,1483920,240,0,0
67869214,9333,1484163,1484163,240,3,0
67879035,9334,1484399,1484403,240,0,4
67889198,9337,1484643,1484643,240,4,0
67899093,9338,1484880,1484883,240,0,3
67909252,9340,1485124,1485124,240,4,0
67919086,9341,1485360,1485364,240,0,4
67929216,9343,1485603,1485603,240,3,0
67939075,9344,1485840,1485843,240,0,3
67949206,9346,1486083,1486083,240,3,0
67959038,9347,1486319,1486323,240,0,4
67969200,9349,1486563,1486563,240,4,0
67979054,9350,1486799,1486803,240,0,4
67989206,9352,1487043,1487043,240,4,0
67999049,9353,1487279,1487283,240,0,4
68009262,9355,1487524,1487524,240,5,0
68019102,9356,1487760,1487764,240,0,4
68029214,9358,1488003,1488003,240,3,0
68039048,9359,1488239,1488243,240,0,4
68049201,9361,1488483,1488483,240,4,0
68059072,9362,1488720,1488723,240,0,3
68069203,9364,1488963,1488963,240,3,0
68079079,9365,1489200,1489203,240,0,3
68089199,9367,1489443,1489443,240,3,0
68099089,9368,1489680,1489683,240,0,3
68109237,9370,1489924,1489924,240,4,0
68119071,9371,1490160,1490164,240,0,4
68129207,9373,1490403,1490403,240,3,0
68139048,9374,1490639,1490643,240,0,4
68149189,9376,1490883,1490883,240,4,0
68159026,9377,1491119,1491123,240,0,4
68169199,9379,1491363,1491363,240,4,0
68179028,9380,1491599,1491603,240,0,4
68189209,9382,1491843,1491843,240,4,0
68199013,9383,1492078,1492083,240,0,5
68209202,9385,1492323,1492323,240,5,0
68219211,9386,1492563,1492563,240,0,0
68229233,9388,1492803,1492803,240,0,0
68239036,9389,1493039,1493043,240,0,4
68249197,9391,1493283,1493283,240,4,0
68259024,9392,1493519,1493523,240,0,4
68269185,9394,1493762,1493762,240,3,0
68279038,9395,1493999,1494002,240,0,3
68289191,9397,1494243,1494243,240,4,0
68299071,9398,1494480,1494483,240,0,3
68309195,9400,1494723,1494723,240,3,0
68319060,9401,1494959,1494963,240,0,4
68329226,9403,1495203,1495203,240,4,0
68339052,9404,1495439,1495443,240,0,4
68349206,9406,1495683,1495683,240,4,0
68359049,9407,1495919,1495923,240,0,4
68369198,9409,1496163,1496163,240,4,0
68379038,9410,1496399,1496403,240,0,4
68389207,9412,1496643,1496643,240,4,0
68399025,9413,1496879,1496883,240,0,4
68409191,9415,1497123,1497123,240,4,0
68419100,9416,1497360,1497363,240,0,3
68429202,9418,1497603,1497603,240,3,0
68439031,9419,1497839,1497843,240,0,4
68449199,9421,1498083,1498083,240,4,0
68459044,9422,1498319,1498323,240,0,4
68469193,9424,1498563,1498563,240,4,0
68479029,9425,1498799,1498803,240,0,4
68489197,9427,1499043,1499043,240,4,0
68499017,9428,1499278,1499283,240,0,5
68509195,9430,1499523,1499523,240,5,0
68519105,9431,1499763,1499763,240,0,0
68529232,9433,1500003,1500003,240,0,0
68539059,9434,1500239,1500243,240,0,4
68549137,9436,1500479,1500479,240,0,0
68559110,9437,1500719,1500719,240,0,0
68569149,9439,1500962,1500962,240,3,0
68579040,9440,1501199,1501202,240,0,3
68589185,9442,1501442,1501442,240,3,0
68599061,9443,1501679,1501682,240,0,3
68609178,9445,1501922,1501922,240,3,0
68619067,9446,1502162,1502162,240,0,0
68629298,9448,1502405,1502405,240,3,0
68639025,9449,1502639,1502645,240,0,6
68649141,9451,1502879,1502879,240,0,0
68659044,9452,1503119,1503119,240,0,0
68669208,9454,1503363,1503363,240,4,0
68679049,9455,1503599,1503603,240,0,4
68689181,9457,1503842,1503842,240,3,0
68699047,9458,1504079,1504082,240,0,3
68709298,9460,1504325,1504325,240,6,0
68719088,9461,1504560,1504565,240,0,5
68729299,9463,1504805,1504805,240,5,0
68739138,9464,1505041,1505045,240,0,4
68749149,9466,1505281,1505281,240,0,0
68759040,9467,1505521,1505521,240,0,0
68769203,9469,1505761,1505761,240,0,0
68779033,9470,1506001,1506001,240,0,0
68789154,9472,1506241,1506241,240,0,0
68799218,9473,1506481,1506481,240,0,0
68809193,9475,1506721,1506721,240,0,0
68819003,9476,1506958,1506961,240,0,3
68829252,9478,1507204,1507204,240,6,0
68839385,9479,1507447,1507447,240,3,0
68849209,9481,1507683,1507687,240,0,4
68859059,9482,1507919,1507923,240,0,4
68869133,9484,1508159,1508159,240,0,0
68879055,9485,1508399,1508399,240,0,0
68889182,9487,1508642,1508642,240,3,0
68899011,9488,1508878,1508882,240,0,4
68909180,9490,1509122,1509122,240,4,0
68919009,9491,1509358,1509362,240,0,4
68929253,9493,1509604,1509604,240,6,0
68939032,9494,1509839,1509844,240,0,5
68949181,9496,1510082,1510082,240,3,0
68959018,9497,1510318,1510322,240,0,4
68969160,9499,1510562,1510562,240,4,0
68979032,9500,1510799,1510802,240,0,3
68989206,9502,1511043,1511043,240,4,0
68999042,9503,1511279,1511283,240,0,4
69009203,9505,1511523,1511523,240,4,0
69019021,9506,1511759,1511763,240,0,4
69029375,9508,1512007,1512007,240,8,0
69039161,9509,1512242,1512247,240,0,5
69049209,9511,1512482,1512482,240,0,0
69059027,9512,1512719,1512722,240,0,3
69069174,9514,1512962,1512962,240,3,0
69079028,9515,1513199,1513202,240,0,3
69089197,9517,1513443,1513443,240,4,0
69099021,9518,1513679,1513683,240,0,4
69109191,9520,1513923,1513923,240,4,0
69119045,9521,1514159,1514163,240,0,4
69129128,9523,1514399,1514399,240,0,0
69139145,9524,1514639,1514639,240,0,0
69149200,9526,1514883,1514883,240,4,0
69159057,9527,1515119,1515123,240,0,4
69169185,9529,1515362,1515362,240,3,0
69179056,9530,1515599,1515602,240,0,3
69189199,9532,1515843,1515843,240,4,0
69199081,9533,1516080,1516083,240,0,3
69209191,9535,1516323,1516323,240,3,0
69218971,9536,1516557,1516563,240,0,6
69229215,9538,1516803,1516803,240,6,0
69239158,9539,1517043,1517043,240,0,0
69249241,9541,1517283,1517283,240,0,0
69259024,9542,1517519,1517523,240,0,4
69269163,9544,1517762,1517762,240,3,0
69279071,9545,1518002,1518002,240,0,0
69289202,9547,1518242,1518242,240,0,0
69298976,9548,1518477,1518482,240,0,5
69309195,9550,1518723,1518723,240,6,0
69319029,9551,1518959,1518963,240,0,4
69329189,9553,1519203,1519203,240,4,0
69339085,9554,1519440,1519443,240,0,3
69349231,9556,1519684,1519684,240,4,0
69359030,9557,1519919,1519924,240,0,5
69369184,9559,1520162,1520162,240,3,0
69379048,9560,1520399,1520402,240,0,3
69389131,9562,1520639,1520639,240,0,0
69399072,9563,1520879,1520879,240,0,0
69409149,9565,1521122,1521122,240,3,0
69419021,9566,1521359,1521362,240,0,3
69429201,9568,1521603,1521603,240,4,0
69439270,9569,1521843,1521843,240,0,0
69449194,9571,1522083,1522083,240,0,0
69459050,9572,1522319,1522323,240,0,4
69469192,9574,1522563,1522563,240,4,0
69479046,9575,1522799,1522803,240,0,4
69489173,9577,1523042,1523042,240,3,0
69499079,9578,1523282,1523282,240,0,0
69509126,9580,1523522,1523522,240,0,0
69519028,9581,1523759,1523762,240,0,3
69529148,9583,1524002,1524002,240,3,0
69539036,9584,1524239,1524242,240,0,3
69549243,9586,1524484,1524484,240,5,0
69559111,9587,1524721,1524724,240,0,3
69569203,9589,1524961,1524961,240,0,0
69579031,9590,1525201,1525201,240,0,0
69589194,9592,1525441,1525441,240,0,0
69599043,9593,1525681,1525681,240,0,0
69609204,9595,1525921,1525921,240,0,0
69619014,9596,1526158,1526161,240,0,3
69629199,9598,1526403,1526403,240,5,0
69639020,9599,1526638,1526643,240,0,5
69649229,9601,1526884,1526884,240,6,0
69659143,9602,1527121,1527124,240,0,3
69669137,9604,1527361,1527361,240,0,0
69679091,9605,1527601,1527601,240,0,0
69689133,9607,1527841,1527841,240,0,0
69699065,9608,1528081,1528081,240,0,0
69709186,9610,1528321,1528321,240,0,0
69719076,9611,1528561,1528561,240,0,0
69729138,9613,1528801,1528801,240,0,0
69739069,9614,1529041,1529041,240,0,0
69749237,9616,1529284,1529284,240,3,0
69759079,9617,1529520,1529524,240,0,4
69769125,9619,1529760,1529760,240,0,0
69779079,9620,1530000,1530000,240,0,0
69789168,9622,1530240,1530240,240,0,0
69799001,9623,1530480,1530480,240,0,0
69809074,9625,1530720,1530720,240,0,0
69819075,9626,1530960,1530960,240,0,0
69829141,9628,1531200,1531200,240,0,0
69839058,9629,1531440,1531440,240,0,0
69849270,9631,1531684,1531684,240,4,0
69859068,9632,1531920,1531924,240,0,4
69869208,9634,1532163,1532163,240,3,0
69879040,9635,1532399,1532403,240,0,4
69889137,9638,1532639,1532639,240,0,0
69899083,9639,1532879,1532879,240,0,0
69909168,9641,1533122,1533122,240,3,0
69919063,9642,1533362,1533362,240,0,0
69929214,9644,1533602,1533602,240,0,0
69939030,9645,1533839,1533842,240,0,3
69949201,9647,1534083,1534083,240,4,0
69959032,9648,1534319,1534323,240,0,4
69969229,9650,1534564,1534564,240,5,0
69979033,9651,1534799,1534804,240,0,5
69989211,9653,1535043,1535043,240,4,0
69999091,9654,1535280,1535283,240,0,3
70009145,9656,1535520,1535520,240,0,0
70019079,9657,1535760,1535760,240,0,0
70029174,9659,1536000,1536000,240,0,0
70039088,9660,1536240,1536240,240,0,0
70049189,9662,1536483,1536483,240,3,0
70059053,9663,1536719,1536723,240,0,4
70069442,9665,1536969,1536969,240,10,0
70079085,9666,1537200,1537209,240,0,9
70089177,9668,1537440,1537440,240,0,0
70099037,9669,1537680,1537680,240,0,0
70109179,9671,1537920,1537920,240,0,0
70119034,9672,1538160,1538160,240,0,0
70129193,9674,1538403,1538403,240,3,0
70139058,9675,1538639,1538643,240,0,4
70149192,9677,1538883,1538883,240,4,0
70159088,9678,1539120,1539123,240,0,3
70169221,9680,1539363,1539363,240,3,0
70179020,9681,1539598,1539603,240,0,5
70189186,9683,1539842,1539842,240,4,0
70199108,9684,1540082,1540082,240,0,0
70209138,9686,1540322,1540322,240,0,0
70219080,9687,1540562,1540562,240,0,0
70229202,9689,1540802,1540802,240,0,0
70239084,9690,1541042,1541042,240,0,0
70249160,9692,1541282,1541282,240,0,0
70259070,9693,1541522,1541522,240,0,0
70269232,9695,1541762,1541762,240,0,0
70279089,9696,1542002,1542002,240,0,0
70289188,9698,1542242,1542242,240,0,0
70299062,9699,1542479,1542482,240,0,3
70309152,9701,1542722,1542722,240,3,0
70319043,9702,1542959,1542962,240,0,3
70329182,9704,1543202,1543202,240,3,0
70339046,9705,1543439,1543442,240,0,3
70349185,9707,1543682,1543682,240,3,0
70359045,9708,1543919,1543922,240,0,3
70369276,9710,1544165,1544165,240,6,0
70378980,9711,1544398,1544405,240,0,7
70389190,9713,1544643,1544643,240,5,0
70399052,9714,1544879,1544883,240,0,4
70409181,9716,1545122,1545122,240,3,0
70419038,9717,1545359,1545362,240,0,3
70429191,9719,1545603,1545603,240,4,0
70439050,9720,1545839,1545843,240,0,4
70449194,9722,1546083,1546083,240,4,0
70459096,9723,1546320,1546323,240,0,3
70469238,9725,1546564,1546564,240,4,0
70479099,9726,1546800,1546804,240,0,4
70489188,9728,1547043,1547043,240,3,0
70499046,9729,1547279,1547283,240,0,4
70509193,9731,1547523,1547523,240,4,0
70519091,9732,1547760,1547763,240,0,3
70529179,9734,1548000,1548000,240,0,0
70539101,9735,1548240,1548240,240,0,0
70549146,9737,1548480,1548480,240,0,0
70559036,9738,1548720,1548720,240,0,0
70569234,9740,1548964,1548964,240,4,0
70579122,9741,1549201,1549204,240,0,3
70589143,9743,1549441,1549441,240,0,0
70599036,9744,1549681,1549681,240,0,0
70609206,9746,1549921,1549921,240,0,0
70619063,9747,1550161,1550161,240,0,0
70629145,9749,1550401,1550401,240,0,0
70639081,9750,1550641,1550641,240,0,0
70649177,9752,1550881,1550881,240,0,0
70659049,9753,1551121,1551121,240,0,0
70669240,9755,1551364,1551364,240,3,0
70679138,9756,1551601,1551604,240,0,3
70689143,9758,1551841,1551841,240,0,0
70699107,9759,1552081,1552081,240,0,0
70709176,9761,1552321,1552321,240,0,0
70719047,9762,1552561,1552561,240,0,0
70729199,9764,1552801,1552801,240,0,0
70739032,9765,1553041,1553041,240,0,0
70749196,9767,1553281,1553281,240,0,0
70759029,9768,1553521,1553521,240,0,0
70769209,9770,1553761,1553761,240,0,0
70779174,9771,1554001,1554001,240,0,0
70789230,9773,1554244,1554244,240,3,0
70799062,9774,1554479,1554484,240,0,5
70809280,9776,1554725,1554725,240,6,0
70819094,9777,1554960,1554965,240,0,5
70829128,9779,1555200,1555200,240,0,0
70839107,9780,1555440,1555440,240,0,0
70849201,9782,1555683,1555683,240,3,0
70859130,9783,1555923,1555923,240,0,0
70869147,9785,1556163,1556163,240,0,0
70879091,9786,1556400,1556403,240,0,3
70889222,9788,1556643,1556643,240,3,0
70899071,9789,1556880,1556883,240,0,3
70909131,9791,1557120,1557120,240,0,0
70919083,9792,1557360,1557360,240,0,0
70929135,9794,1557600,1557600,240,0,0
70939046,9795,1557840,1557840,240,0,0
70949181,9797,1558080,1558080,240,0,0
70959086,9798,1558320,1558320,240,0,0
70969181,9800,1558560,1558560,240,0,0
70979113,9801,1558800,1558800,240,0,0
70989221,9803,1559043,1559043,240,3,0
70999021,9804,1559279,1559283,240,0,4
71009211,9806,1559523,1559523,240,4,0
71019035,9807,1559759,1559763,240,0,4
71029182,9809,1560002,1560002,240,3,0
71039027,9810,1560239,1560242,240,0,3
71049183,9812,1560482,1560482,240,3,0
71059056,9813,1560719,1560722,240,0,3
71069195,9815,1560963,1560963,240,4,0
71079126,9816,1561203,1561203,240,0,0
71089233,9818,1561443,1561443,240,0,0
71099050,9819,1561679,1561683,240,0,4
71109137,9821,1561919,1561919,240,0,0
71119115,9822,1562159,1562159,240,0,0
71129188,9824,1562403,1562403,240,4,0
71139068,9825,1562640,1562643,240,0,3
71149142,9827,1562880,1562880,240,0,0
71159074,9828,1563120,1563120,240,0,0
71169186,9830,1563360,1563360,240,0,0
71179073,9831,1563600,1563600,240,0,0
71189746,9833,1563856,1563856,240,16,0
71199093,9834,1564080,1564096,240,0,16
71209214,9836,1564323,1564323,240,3,0
71219049,9837,1564559,1564563,240,0,4
71229183,9839,1564802,1564802,240,3,0
71239036,9840,1565039,1565042,240,0,3
71249191,9842,1565283,1565283,240,4,0
71259034,9843,1565519,1565523,240,0,4
71269187,9845,1565762,1565762,240,3,0
71279040,9846,1565999,1566002,240,0,3
71289279,9848,1566245,1566245,240,6,0
71299063,9849,1566480,1566485,240,0,5
71309164,9851,1566720,1566720,240,0,0
71319036,9852,1566960,1566960,240,0,0
71329164,9854,1567200,1567200,240,0,0
71339060,9855,1567440,1567440,240,0,0
71349140,9857,1567680,1567680,240,0,0
71358959,9858,1567917,1567920,240,0,3
71369192,9860,1568163,1568163,240,6,0
71379017,9861,1568398,1568403,240,0,5
71389259,9863,1568644,1568644,240,6,0
71399064,9864,1568880,1568884,240,0,4
71409229,9866,1569124,1569124,240,4,0
71418991,9867,1569358,1569364,240,0,6
71429144,9869,1569601,1569601,240,3,0
71439066,9870,1569841,1569841,240,0,0
71449178,9872,1570081,1570081,240,0,0
71459086,9873,1570321,1570321,240,0,0
71469138,9875,1570561,1570561,240,0,0
71479027,9876,1570801,1570801,240,0,0
71489281,9878,1571045,1571045,240,4,0
71499066,9879,1571280,1571285,240,0,5
71509217,9881,1571523,1571523,240,3,0
71519020,9882,1571758,1571763,240,0,5
71529180,9884,1572002,1572002,240,4,0
71539060,9885,1572239,1572242,240,0,3
71549190,9887,1572483,1572483,240,4,0
71559053,9888,1572719,1572723,240,0,4
71569143,9890,1572959,1572959,240,0,0
71579017,9891,1573199,1573199,240,0,0
71589398,9893,1573448,1573448,240,9,0
71599152,9894,1573682,1573688,240,0,6
71609217,9896,1573922,1573922,240,0,0
71619074,9897,1574162,1574162,240,0,0
71629144,9899,1574402,1574402,240,0,0
71639069,9900,1574642,1574642,240,0,0
71649185,9902,1574882,1574882,240,0,0
71659078,9903,1575122,1575122,240,0,0
71669186,9905,1575362,1575362,240,0,0
71679078,9906,1575602,1575602,240,0,0
71689186,9908,1575842,1575842,240,0,0
71699122,9909,1576082,1576082,240,0,0
71709147,9911,1576322,1576322,240,0,0
71719086,9912,1576562,1576562,240,0,0
71729216,9914,1576802,1576802,240,0,0
71739065,9915,1577042,1577042,240,0,0
71749197,9917,1577282,1577282,240,0,0
71759076,9918,1577522,1577522,240,0,0
71769206,9920,1577762,1577762,240,0,0
71779038,9921,1577999,1578002,240,0,3
71789200,9923,1578243,1578243,240,4,0
71799045,9924,1578479,1578483,240,0,4
71809246,9926,1578724,1578724,240,5,0
71819041,9927,1578959,1578964,240,0,5
71829184,9929,1579202,1579202,240,3,0
71839033,9930,1579439,1579442,240,0,3
71849204,9932,1579683,1579683,240,4,0
71859125,9933,1579923,1579923,240,0,0
71869141,9935,1580163,1580163,240,0,0
71879037,9936,1580399,1580403,240,0,4
71889132,9939,1580639,1580639,240,0,0
71899171,9940,1580882,1580882,240,3,0
71909180,9942,1581122,1581122,240,0,0
71919102,9943,1581362,1581362,240,0,0
71929184,9945,1581602,1581602,240,0,0
71939005,9946,1581838,1581842,240,0,4
71949170,9948,1582082,1582082,240,4,0
71959077,9949,1582322,1582322,240,0,0
71969131,9951,1582562,1582562,240,0,0
71979061,9952,1582799,1582802,240,0,3
71989169,9954,1583042,1583042,240,3,0
71999302,9955,1583285,1583285,240,3,0
72009199,9957,1583525,1583525,240,0,0
72019122,9958,1583761,1583765,240,0,4
72029107,9960,1584001,1584001,240,0,0
72039043,9961,1584241,1584241,240,0,0
72049099,9963,1584481,1584481,240,0,0
72059094,9964,1584721,1584721,240,0,0
72069166,9966,1584961,1584961,240,0,0
72079008,9967,1585198,1585201,240,0,3
72089167,9969,1585442,1585442,240,4,0
72099047,9970,1585679,1585682,240,0,3
72109246,9972,1585924,1585924,240,5,0
72119081,9973,1586160,1586164,240,0,4
72129209,9975,1586403,1586403,240,3,0
72139085,9976,1586640,1586643,240,0,3
72149127,9978,1586880,1586880,240,0,0
72159095,9979,1587120,1587120,240,0,0
72169168,9981,1587360,1587360,240,0,0
72179072,9982,1587600,1587600,240,0,0
72189170,9984,1587840,1587840,240,0,0
72199035,9985,1588080,1588080,240,0,0
72209243,9987,1588324,1588324,240,4,0
72219092,9988,1588560,1588564,240,0,4
72229205,9990,1588803,1588803,240,3,0
72239025,9991,1589039,1589043,240,0,4
72249158,9993,1589282,1589282,240,3,0
72259155,9994,1589522,1589522,240,0,0
72269179,9996,1589762,1589762,240,0,0
72279027,9997,1589999,1590002,240,0,3
72289193,9999,1590243,1590243,240,4,0
72299042,10000,1590479,1590483,240,0,4
72309262,10002,1590724,1590724,240,5,0
72319421,10003,1590968,1590968,240,4,0
72329223,10005,1591203,1591208,240,0,5
72339079,10006,1591440,1591443,240,0,3
72349138,10008,1591680,1591680,240,0,0
72359060,10009,1591920,1591920,240,0,0
72369145,10011,1592160,1592160,240,0,0
72379031,10012,1592400,1592400,240,0,0
72389180,10014,1592640,1592640,240,0,0
72399034,10015,1592880,1592880,240,0,0
72409269,10017,1593124,1593124,240,4,0
72419086,10018,1593360,1593364,240,0,4
72429141,10020,1593600,1593600,240,0,0
72439055,10021,1593840,1593840,240,0,0
72449132,10023,1594080,1594080,240,0,0
72459137,10024,1594320,1594320,240,0,0
72469128,10026,1594560,1594560,240,0,0
72479002,10027,1594800,1594800,240,0,0
72489129,10029,1595040,1595040,240,0,0
72499010,10030,1595280,1595280,240,0,0
72509131,10032,1595520,1595520,240,0,0
72519077,10033,1595760,1595760,240,0,0
72529178,10035,1596000,1596000,240,0,0
72539044,10036,1596240,1596240,240,0,0
72549204,10038,1596483,1596483,240,3,0
72559045,10039,1596719,1596723,240,0,4
72569184,10041,1596962,1596962,240,3,0
72579034,10042,1597199,1597202,240,0,3
72589126,10044,1597439,1597439,240,0,0
72599033,10045,1597679,1597679,240,0,0
72609203,10047,1597923,1597923,240,4,0
72619184,10048,1598163,1598163,240,0,0
72629236,10050,1598403,1598403,240,0,0
72639030,10051,1598639,1598643,240,0,4
72649197,10053,1598883,1598883,240,4,0
72659066,10054,1599120,1599123,240,0,3
72669129,10056,1599360,1599360,240,0,0
72679046,10057,1599600,1599600,240,0,0
72689161,10059,1599840,1599840,240,0,0
72699108,10060,1600080,1600080,240,0,0
72709137,10062,1600320,1600320,240,0,0
72719159,10063,1600560,1600560,240,0,0
72729165,10065,1600800,1600800,240,0,0
72739137,10066,1601040,1601040,240,0,0
72749196,10068,1601283,1601283,240,3,0
72759020,10069,1601518,1601523,240,0,5
72769171,10071,1601762,1601762,240,4,0
72779015,10072,1601998,1602002,240,0,4
72789188,10074,1602243,1602243,240,5,0
72799039,10075,1602479,1602483,240,0,4
72809383,10077,1602727,1602727,240,8,0
72819164,10078,1602962,1602967,240,0,5
72829228,10080,1603202,1603202,240,0,0
72839024,10081,1603439,1603442,240,0,3
72849220,10083,1603683,1603683,240,4,0
72859072,10084,1603920,1603923,240,0,3
72869212,10086,1604163,1604163,240,3,0
72879028,10087,1604399,1604403,240,0,4
72889191,10089,1604643,1604643,240,4,0
72899043,10090,1604879,1604883,240,0,4
72909186,10092,1605122,1605122,240,3,0
72919006,10093,1605358,1605362,240,0,4
72929383,10095,1605607,1605607,240,9,0
72939094,10096,1605840,1605847,240,0,7
72949141,10098,1606080,1606080,240,0,0
72959117,10099,1606320,1606320,240,0,0
72969139,10101,1606560,1606560,240,0,0
72979101,10102,1606800,1606800,240,0,0
72989179,10104,1607040,1607040,240,0,0
72999079,10105,1607280,1607280,240,0,0
73009160,10107,1607520,1607520,240,0,0
73019055,10108,1607760,1607760,240,0,0
73029222,10110,1608003,1608003,240,3,0
73039157,10111,1608243,1608243,240,0,0
73049177,10113,1608483,1608483,240,0,0
73059042,10114,1608719,1608723,240,0,4
73069203,10116,1608963,1608963,240,4,0
73079088,10117,1609200,1609203,240,0,3
73089187,10119,1609440,1609440,240,0,0
73099050,10120,1609680,1609680,240,0,0
73109199,10122,1609923,1609923,240,3,0
73119063,10123,1610160,1610163,240,0,3
73129220,10125,1610403,1610403,240,3,0
73139070,10126,1610640,1610643,240,0,3
73149135,10128,1610880,1610880,240,0,0
73159069,10129,1611120,1611120,240,0,0
73169188,10131,1611363,1611363,240,3,0
73179029,10132,1611599,1611603,240,0,4
73189500,10134,1611850,1611850,240,11,0
73199122,10135,1612081,1612090,240,0,9
73209206,10137,1612321,1612321,240,0,0
73219049,10138,1612561,1612561,240,0,0
73229260,10140,1612804,1612804,240,3,0
73239081,10141,1613040,1613044,240,0,4
73249200,10143,1613283,1613283,240,3,0
73259050,10144,1613519,1613523,240,0,4
73269178,10146,1613762,1613762,240,3,0
73279031,10147,1613999,1614002,240,0,3
73289145,10149,1614239,1614239,240,0,0
73299022,10150,1614479,1614479,240,0,0
73309212,10152,1614723,1614723,240,4,0
73319051,10153,1614959,1614963,240,0,4
73329185,10155,1615202,1615202,240,3,0
73339216,10156,1615442,1615442,240,0,0
73349130,10158,1615682,1615682,240,0,0
73359048,10159,1615919,1615922,240,0,3
73369132,10161,1616159,1616159,240,0,0
73379068,10162,1616399,1616399,240,0,0
73389185,10164,1616642,1616642,240,3,0
73399014,10165,1616878,1616882,240,0,4
73409190,10167,1617123,1617123,240,5,0
73419035,10168,1617359,1617363,240,0,4
73429148,10170,1617602,1617602,240,3,0
73439110,10171,1617842,1617842,240,0,0
73449431,10173,1618088,1618088,240,6,0
73459077,10174,1618320,1618328,240,0,8
73469121,10176,1618560,1618560,240,0,0
73479117,10177,1618800,1618800,240,0,0
73489128,10179,1619040,1619040,240,0,0
73499066,10180,1619280,1619280,240,0,0
73509116,10182,1619520,1619520,240,0,0
73519081,10183,1619760,1619760,240,0,0
73529122,10185,1620000,1620000,240,0,0
73539142,10186,1620240,1620240,240,0,0
73549166,10188,1620480,1620480,240,0,0
73559104,10189,1620720,1620720,240,0,0
73569136,10191,1620960,1620960,240,0,0
73579090,10192,1621200,1621200,240,0,0
73589145,10194,1621440,1621440,240,0,0
73599094,10195,1621680,1621680,240,0,0
73609221,10197,1621923,1621923,240,3,0
73619037,10198,1622159,1622163,240,0,4
73629189,10200,1622403,1622403,240,4,0
73639099,10201,1622640,1622643,240,0,3
73649227,10203,1622883,1622883,240,3,0
73659031,10204,1623119,1623123,240,0,4
73669195,10206,1623363,1623363,240,4,0
73679066,10207,1623600,1623603,240,0,3
73689185,10209,1623840,1623840,240,0,0
73699054,10210,1624080,1624080,240,0,0
73709189,10212,1624323,1624323,240,3,0
73719102,10213,1624560,1624563,240,0,3
73729178,10215,1624800,1624800,240,0,0
73739037,10216,1625040,1625040,240,0,0
73749287,10218,1625285,1625285,240,5,0
73759036,10219,1625519,1625525,240,0,6
73769191,10221,1625763,1625763,240,4,0
73779073,10222,1626000,1626003,240,0,3
73789141,10224,1626240,1626240,240,0,0
73799126,10225,1626480,1626480,240,0,0
73809151,10227,1626720,1626720,240,0,0
73819035,10228,1626960,1626960,240,0,0
73829202,10230,1627203,1627203,240,3,0
73839051,10231,1627439,1627443,240,0,4
73849273,10233,1627685,1627685,240,6,0
73859162,10234,1627922,1627925,240,0,3
73869153,10236,1628162,1628162,240,0,0
73879054,10237,1628399,1628402,240,0,3
73889191,10240,1628643,1628643,240,4,0
73899131,10241,1628883,1628883,240,0,0
73909144,10243,1629123,1629123,240,0,0
73919048,10244,1629359,1629363,240,0,4
73929195,10246,1629603,1629603,240,4,0
73939036,10247,1629839,1629843,240,0,4
73949254,10249,1630084,1630084,240,5,0
73959110,10250,1630321,1630324,240,0,3
73969190,10252,1630561,1630561,240,0,0
73979108,10253,1630801,1630801,240,0,0
73989198,10255,1631041,1631041,240,0,0
73999033,10256,1631281,1631281,240,0,0
74009220,10258,1631521,1631521,240,0,0
74019063,10259,1631761,1631761,240,0,0
74029198,10261,1632001,1632001,240,0,0
74039045,10262,1632241,1632241,240,0,0
74049244,10264,1632484,1632484,240,3,0
74059052,10265,1632719,1632724,240,0,5
74069210,10267,1632963,1632963,240,4,0
74079013,10268,1633198,1633203,240,0,5
74089197,10270,1633443,1633443,240,5,0
74099066,10271,1633680,1633683,240,0,3
74109136,10273,1633920,1633920,240,0,0
74119054,10274,1634160,1634160,240,0,0
74129133,10276,1634400,1634400,240,0,0
74139066,10277,1634640,1634640,240,0,0
74149139,10279,1634880,1634880,240,0,0
74159188,10280,1635123,1635123,240,3,0
74169151,10282,1635363,1635363,240,0,0
74179055,10283,1635599,1635603,240,0,4
74189195,10285,1635843,1635843,240,4,0
74199030,10286,1636079,1636083,240,0,4
74209150,10288,1636322,1636322,240,3,0
74219099,10289,1636562,1636562,240,0,0
74229190,10291,1636802,1636802,240,0,0
74239055,10292,1637039,1637042,240,0,3
74249204,10294,1637283,1637283,240,4,0
74259092,10295,1637520,1637523,240,0,3
74269219,10297,1637763,1637763,240,3,0
74279048,10298,1637999,1638003,240,0,4
74289196,10300,1638243,1638243,240,4,0
74299059,10301,1638479,1638483,240,0,4
74309197,10303,1638723,1638723,240,4,0
74319035,10304,1638959,1638963,240,0,4
74329214,10306,1639203,1639203,240,4,0
74339028,10307,1639439,1639443,240,0,4
74349201,10309,1639683,1639683,240,4,0
74359036,10310,1639919,1639923,240,0,4
74369177,10312,1640162,1640162,240,3,0
74379099,10313,1640402,1640402,240,0,0
74389146,10315,1640642,1640642,240,0,0
74399045,10316,1640879,1640882,240,0,3
74409206,10318,1641123,1641123,240,4,0
74419087,10319,1641360,1641363,240,0,3
74429151,10321,1641600,1641600,240,0,0
74439041,10322,1641840,1641840,240,0,0
74449219,10324,1642083,1642083,240,3,0
74459132,10325,1642323,1642323,240,0,0
74469192,10327,1642563,1642563,240,0,0
74479054,10328,1642799,1642803,240,0,4
74489139,10330,1643039,1643039,240,0,0
74499100,10331,1643279,1643279,240,0,0
74509142,10333,1643519,1643519,240,0,0
74519103,10334,1643759,1643759,240,0,0
74529151,10336,1644002,1644002,240,3,0
74539086,10337,1644242,1644242,240,0,0
74549181,10339,1644482,1644482,240,0,0
74559235,10340,1644722,1644722,240,0,0
74569486,10342,1644970,1644970,240,8,0
74579070,10343,1645200,1645210,240,0,10
74589156,10345,1645440,1645440,240,0,0
74599030,10346,1645680,1645680,240,0,0
74609200,10348,1645923,1645923,240,3,0
74619075,10349,1646160,1646163,240,0,3
74629212,10351,1646403,1646403,240,3,0
74639050,10352,1646639,1646643,240,0,4
74649193,10354,1646883,1646883,240,4,0
74659050,10355,1647119,1647123,240,0,4
74669269,10357,1647364,1647364,240,5,0
74679138,10358,1647601,1647604,240,0,3
74689135,10360,1647841,1647841,240,0,0
74699047,10361,1648081,1648081,240,0,0
74709190,10363,1648321,1648321,240,0,0
74719071,10364,1648561,1648561,240,0,0
74729132,10366,1648801,1648801,240,0,0
74739109,10367,1649041,1649041,240,0,0
74749134,10369,1649281,1649281,240,0,0
74759096,10370,1649521,1649521,240,0,0
74769233,10372,1649764,1649764,240,3,0
74779071,10373,1650000,1650004,240,0,4
74789127,10375,1650240,1650240,240,0,0
74799043,10376,1650480,1650480,240,0,0
74809327,10378,1650726,1650726,240,6,0
74819113,10379,1650961,1650966,240,0,5
74829131,10381,1651201,1651201,240,0,0
74839056,10382,1651441,1651441,240,0,0
74849231,10384,1651684,1651684,240,3,0
74859055,10385,1651919,1651924,240,0,5
74869288,10387,1652165,1652165,240,6,0
74879068,10388,1652400,1652405,240,0,5
74889194,10390,1652643,1652643,240,3,0
74899021,10391,1652879,1652883,240,0,4
74909193,10393,1653123,1653123,240,4,0
74919020,10394,1653358,1653363,240,0,5
74929193,10396,1653603,1653603,240,5,0
74939017,10397,1653838,1653843,240,0,5
74949200,10399,1654083,1654083,240,5,0
74959034,10400,1654319,1654323,240,0,4
74969208,10402,1654563,1654563,240,4,0
74979126,10403,1654803,1654803,240,0,0
74989132,10405,1655043,1655043,240,0,0
74999066,10406,1655280,1655283,240,0,3
75009157,10408,1655520,1655520,240,0,0
75019030,10409,1655760,1655760,240,0,0
75029195,10411,1656003,1656003,240,3,0
75039079,10412,1656240,1656243,240,0,3
75049134,10414,1656480,1656480,240,0,0
75059034,10415,1656720,1656720,240,0,0
75069129,10417,1656960,1656960,240,0,0
75079074,10418,1657200,1657200,240,0,0
75089218,10420,1657443,1657443,240,3,0
75099030,10421,1657679,1657683,240,0,4
75109143,10423,1657919,1657919,240,0,0
75119033,10424,1658159,1658159,240,0,0
75129197,10426,1658403,1658403,240,4,0
75139036,10427,1658639,1658643,240,0,4
75149173,10429,1658882,1658882,240,3,0
75159056,10430,1659119,1659122,240,0,3
75169186,10432,1659362,1659362,240,3,0
75179098,10433,1659602,1659602,240,0,0
75189209,10435,1659842,1659842,240,0,0
75199058,10436,1660079,1660082,240,0,3
75209155,10438,1660322,1660322,240,3,0
75219075,10439,1660562,1660562,240,0,0
75229142,10441,1660802,1660802,240,0,0
75239054,10442,1661039,1661042,240,0,3
75249143,10444,1661279,1661279,240,0,0
75259080,10445,1661519,1661519,240,0,0
75269175,10447,1661762,1661762,240,3,0
75279144,10448,1662002,1662002,240,0,0
75289220,10450,1662242,1662242,240,0,0
75299088,10451,1662482,1662482,240,0,0
75309185,10453,1662722,1662722,240,0,0
75319074,10454,1662962,1662962,240,0,0
75329190,10456,1663202,1663202,240,0,0
75339107,10457,1663442,1663442,240,0,0
75349208,10459,1663682,1663682,240,0,0
75359042,10460,1663919,1663922,240,0,3
75369155,10462,1664162,1664162,240,3,0
75379231,10463,1664402,1664402,240,0,0
75389164,10465,1664642,1664642,240,0,0
75399105,10466,1664882,1664882,240,0,0
75409157,10468,1665122,1665122,240,0,0
75419040,10469,1665359,1665362,240,0,3
75429209,10471,1665603,1665603,240,4,0
75439031,10472,1665839,1665843,240,0,4
75449192,10474,1666083,1666083,240,4,0
75459037,10475,1666319,1666323,240,0,4
75469211,10477,1666563,1666563,240,4,0
75479093,10478,1666800,1666803,240,0,3
75489230,10480,1667044,1667044,240,4,0
75499093,10481,1667280,1667284,240,0,4
75509147,10483,1667520,1667520,240,0,0
75519105,10484,1667760,1667760,240,0,0
75529265,10486,1668004,1668004,240,4,0
75539117,10487,1668241,1668244,240,0,3
75549127,10489,1668481,1668481,240,0,0
75559039,10490,1668721,1668721,240,0,0
75569183,10492,1668961,1668961,240,0,0
75579052,10493,1669201,1669201,240,0,0
75589247,10495,1669444,1669444,240,3,0
75599064,10496,1669680,1669684,240,0,4
75609240,10498,1669924,1669924,240,4,0
75619118,10499,1670161,1670164,240,0,3
75629127,10501,1670401,1670401,240,0,0
75639038,10502,1670641,1670641,240,0,0
75649197,10504,1670881,1670881,240,0,0
75659027,10505,1671121,1671121,240,0,0
75669177,10507,1671361,1671361,240,0,0
75679048,10508,1671601,1671601,240,0,0
75689252,10510,1671844,1671844,240,3,0
75699391,10511,1672087,1672087,240,3,0
75709202,10513,1672323,1672327,240,0,4
75719032,10514,1672559,1672563,240,0,4
75729208,10516,1672803,1672803,240,4,0
75739035,10517,1673039,1673043,240,0,4
75749203,10519,1673283,1673283,240,4,0
75759073,10520,1673520,1673523,240,0,3
75769144,10522,1673760,1673760,240,0,0
75779042,10523,1674000,1674000,240,0,0
75789266,10525,1674244,1674244,240,4,0
75799127,10526,1674481,1674484,240,0,3
75809174,10528,1674721,1674721,240,0,0
75819037,10529,1674961,1674961,240,0,0
75829167,10531,1675201,1675201,240,0,0
75839084,10532,1675441,1675441,240,0,0
75849196,10534,1675681,1675681,240,0,0
75859179,10535,1675921,1675921,240,0,0
75869166,10537,1676161,1676161,240,0,0
75879116,10538,1676401,1676401,240,0,0
75889213,10541,1676641,1676641,240,0,0
75899012,10542,1676878,1676881,240,0,3
75909153,10544,1677122,1677122,240,4,0
75919124,10545,1677362,1677362,240,0,0
75929150,10547,1677602,1677602,240,0,0
75939076,10548,1677842,1677842,240,0,0
75949122,10550,1678082,1678082,240,0,0
75959027,10551,1678319,1678322,240,0,3
75969152,10553,1678562,1678562,240,3,0
75979004,10554,1678798,1678802,240,0,4
75989196,10556,1679043,1679043,240,5,0
75999104,10557,1679283,1679283,240,0,0
76009242,10559,1679523,1679523,240,0,0
76019063,10560,1679760,1679763,240,0,3
76029200,10562,1680003,1680003,240,3,0
76039038,10563,1680239,1680243,240,0,4
76049158,10565,1680482,1680482,240,3,0
76059041,10566,1680719,1680722,240,0,3
76069137,10568,1680959,1680959,240,0,0
76079062,10569,1681199,1681199,240,0,0
76089138,10571,1681439,1681439,240,0,0
76099082,10572,1681679,1681679,240,0,0
76109230,10574,1681924,1681924,240,5,0
76119090,10575,1682160,1682164,240,0,4
76129189,10577,1682403,1682403,240,3,0
76139086,10578,1682640,1682643,240,0,3
76149188,10580,1682883,1682883,240,3,0
76159077,10581,1683120,1683123,240,0,3
76169143,10583,1683360,1683360,240,0,0
76179095,10584,1683600,1683600,240,0,0
76189140,10586,1683840,1683840,240,0,0
76199106,10587,1684080,1684080,240,0,0
76209240,10589,1684324,1684324,240,4,0
76219045,10590,1684559,1684564,240,0,5
76229178,10592,1684802,1684802,240,3,0
76239298,10593,1685045,1685045,240,3,0
76249314,10595,1685285,1685285,240,0,0
76259047,10596,1685519,1685525,240,0,6
76269194,10598,1685763,1685763,240,4,0
76279035,10599,1685999,1686003,240,0,4
76289196,10601,1686243,1686243,240,4,0
76299035,10602,1686479,1686483,240,0,4
76309319,10604,1686726,1686726,240,7,0
76319075,10605,1686960,1686966,240,0,6
76329192,10607,1687203,1687203,240,3,0
76339064,10608,1687440,1687443,240,0,3
76349119,10610,1687680,1687680,240,0,0
76359093,10611,1687920,1687920,240,0,0
76369144,10613,1688160,1688160,240,0,0
76379043,10614,1688400,1688400,240,0,0
76389188,10616,1688643,1688643,240,3,0
76399056,10617,1688879,1688883,240,0,4
76409262,10619,1689124,1689124,240,5,0
76419098,10620,1689360,1689364,240,0,4
76429192,10622,1689603,1689603,240,3,0
76439028,10623,1689839,1689843,240,0,4
76449191,10625,1690083,1690083,240,4,0
76459059,10626,1690319,1690323,240,0,4
76469171,10628,1690562,1690562,240,3,0
76479025,10629,1690799,1690802,240,0,3
76489210,10631,1691043,1691043,240,4,0
76499048,10632,1691279,1691283,240,0,4
76509251,10634,1691524,1691524,240,5,0
76519077,10635,1691760,1691764,240,0,4
76529209,10637,1692003,1692003,240,3,0
76539045,10638,1692239,1692243,240,0,4
76549194,10640,1692483,1692483,240,4,0
76559035,10641,1692719,1692723,240,0,4
76569164,10643,1692962,1692962,240,3,0
76579033,10644,1693199,1693202,240,0,3
76589191,10646,1693443,1693443,240,4,0
76599091,10647,1693680,1693683,240,0,3
76609262,10649,1693924,1693924,240,4,0
76619082,10650,1694160,1694164,240,0,4
76629184,10652,1694400,1694400,240,0,0
76639033,10653,1694640,1694640,240,0,0
76649130,10655,1694880,1694880,240,0,0
76659039,10656,1695120,1695120,240,0,0
76669179,10658,1695360,1695360,240,0,0
76679035,10659,1695600,1695600,240,0,0
76689129,10661,1695840,1695840,240,0,0
76699086,10662,1696080,1696080,240,0,0
76709171,10664,1696320,1696320,240,0,0
76719200,10665,1696563,1696563,240,3,0
76729134,10667,1696803,1696803,240,0,0
76739095,10668,1697040,1697043,240,0,3
76749184,10670,1697280,1697280,240,0,0
76759016,10671,1697520,1697520,240,0,0
76769199,10673,1697763,1697763,240,3,0
76779033,10674,1697999,1698003,240,0,4
76789200,10676,1698243,1698243,240,4,0
76799022,10677,1698479,1698483,240,0,4
76809398,10679,1698728,1698728,240,9,0
76819093,10680,1698960,1698968,240,0,8
76829450,10682,1699209,1699209,240,9,0
76839082,10683,1699440,1699449,240,0,9
76849204,10685,1699683,1699683,240,3,0
76859053,10686,1699919,1699923,240,0,4
76869206,10688,1700163,1700163,240,4,0
76879102,10689,1700400,1700403,240,0,3
76889140,10691,1700640,1700640,240,0,0
76899046,10692,1700880,1700880,240,0,0
76909150,10694,1701120,1701120,240,0,0
76919086,10695,1701360,1701360,240,0,0
76929242,10697,1701604,1701604,240,4,0
76939061,10698,1701839,1701844,240,0,5
76949145,10700,1702079,1702079,240,0,0
76959037,10701,1702319,1702319,240,0,0
76969183,10703,1702562,1702562,240,3,0
76979059,10704,1702799,1702802,240,0,3
76989186,10706,1703042,1703042,240,3,0
76999063,10707,1703282,1703282,240,0,0
77009158,10709,1703522,1703522,240,0,0
77019151,10710,1703762,1703762,240,0,0
77029163,10712,1704002,1704002,240,0,0
77039097,10713,1704242,1704242,240,0,0
77049135,10715,1704482,1704482,240,0,0
77059095,10716,1704722,1704722,240,0,0
77069182,10718,1704962,1704962,240,0,0
77079025,10719,1705199,1705202,240,0,3
77089154,10721,1705442,1705442,240,3,0
77099070,10722,1705682,1705682,240,0,0
77109179,10724,1705922,1705922,240,0,0
77119196,10725,1706162,1706162,240,0,0
77129284,10727,1706405,1706405,240,3,0
77139032,10728,1706639,1706645,240,0,6
77149120,10730,1706879,1706879,240,0,0
77159052,10731,1707119,1707119,240,0,0
77169193,10733,1707363,1707363,240,4,0
77179024,10734,1707599,1707603,240,0,4
77189171,10736,1707842,1707842,240,3,0
77199029,10737,1708079,1708082,240,0,3
77209161,10739,1708322,1708322,240,3,0
77219034,10740,1708559,1708562,240,0,3
77229246,10742,1708804,1708804,240,5,0
77239129,10743,1709041,1709044,240,0,3
77249190,10745,1709281,1709281,240,0,0
77259243,10746,1709524,1709524,240,3,0
77269160,10748,1709764,1709764,240,0,0
77279122,10749,1710001,1710004,240,0,3
77289136,10751,1710241,1710241,240,0,0
77299089,10752,1710481,1710481,240,0,0
77309129,10754,1710721,1710721,240,0,0
77319086,10755,1710961,1710961,240,0,0
77329242,10757,1711204,1711204,240,3,0
77339062,10758,1711439,1711444,240,0,5
77349127,10760,1711679,1711679,240,0,0
77359107,10761,1711919,1711919,240,0,0
77369163,10763,1712162,1712162,240,3,0
77379076,10764,1712402,1712402,240,0,0
77389175,10766,1712642,1712642,240,0,0
77399062,10767,1712879,1712882,240,0,3
77409210,10769,1713123,1713123,240,4,0
77419074,10770,1713360,1713363,240,0,3
77429250,10772,1713604,1713604,240,4,0
77439094,10773,1713840,1713844,240,0,4
77449210,10775,1714083,1714083,240,3,0
77459090,10776,1714320,1714323,240,0,3
77469189,10778,1714563,1714563,240,3,0
77479072,10779,1714800,1714803,240,0,3
77489139,10781,1715040,1715040,240,0,0
77499045,10782,1715280,1715280,240,0,0
77509190,10784,1715523,1715523,240,3,0
77519053,10785,1715759,1715763,240,0,4
77529233,10787,1716004,1716004,240,5,0
77539075,10788,1716240,1716244,240,0,4
77549211,10790,1716483,1716483,240,3,0
77559052,10791,1716719,1716723,240,0,4
77569195,10793,1716963,1716963,240,4,0
77579045,10794,1717199,1717203,240,0,4
77589221,10796,1717443,1717443,240,4,0
77599089,10797,1717680,1717683,240,0,3
77609142,10799,1717920,1717920,240,0,0
77619042,10800,1718160,1718160,240,0,0
77629153,10802,1718400,1718400,240,0,0
77639032,10803,1718640,1718640,240,0,0
77649231,10805,1718884,1718884,240,4,0
77659064,10806,1719120,1719124,240,0,4
77669196,10808,1719363,1719363,240,3,0
77679066,10809,1719600,1719603,240,0,3
77689202,10811,1719843,1719843,240,3,0
77699074,10812,1720080,1720083,240,0,3
77709131,10814,1720320,1720320,240,0,0
77719055,10815,1720560,1720560,240,0,0
77729131,10817,1720800,1720800,240,0,0
77739137,10818,1721040,1721040,240,0,0
77749223,10820,1721283,1721283,240,3,0
77759074,10821,1721520,1721523,240,0,3
77769195,10823,1721763,1721763,240,3,0
77779086,10824,1722000,1722003,240,0,3
77789201,10826,1722243,1722243,240,3,0
77799047,10827,1722479,1722483,240,0,4
77809194,10829,1722723,1722723,240,4,0
77819083,10830,1722960,1722963,240,0,3
77829197,10832,1723203,1723203,240,3,0
77839113,10833,1723443,1723443,240,0,0
77849274,10835,1723683,1723683,240,0,0
77859059,10836,1723919,1723923,240,0,4
77869232,10838,1724164,1724164,240,5,0
77879071,10839,1724400,1724404,240,0,4
77889181,10842,1724640,1724640,240,0,0
77899175,10843,1724880,1724880,240,0,0
77909196,10845,1725123,1725123,240,3,0
77919104,10846,1725363,1725363,240,0,0
77929124,10848,1725603,1725603,240,0,0
77939156,10849,1725843,1725843,240,0,0
77949460,10851,1726089,1726089,240,6,0
77959083,10852,1726320,1726329,240,0,9
77969128,10854,1726560,1726560,240,0,0
77979118,10855,1726800,1726800,240,0,0
77989128,10857,1727040,1727040,240,0,0
77999060,10858,1727280,1727280,240,0,0
78009204,10860,1727523,1727523,240,3,0
78019062,10861,1727759,1727763,240,0,4
78029196,10863,1728003,1728003,240,4,0
78039036,10864,1728239,1728243,240,0,4
78049299,10866,1728485,1728485,240,6,0
78059098,10867,1728720,1728725,240,0,5
78069162,10869,1728960,1728960,240,0,0
78079055,10870,1729200,1729200,240,0,0
78089188,10872,1729443,1729443,240,3,0
78098973,10873,1729677,1729683,240,0,6
78109209,10875,1729923,1729923,240,6,0
78119143,10876,1730163,1730163,240,0,0
78129219,10878,1730403,1730403,240,0,0
78139020,10879,1730638,1730643,240,0,5
78149301,10881,1730885,1730885,240,7,0
78159092,10882,1731120,1731125,240,0,5
78169108,10884,1731360,1731360,240,0,0
78179044,10885,1731600,1731600,240,0,0
78189104,10887,1731840,1731840,240,0,0
78199088,10888,1732080,1732080,240,0,0
78209115,10890,1732320,1732320,240,0,0
78219069,10891,1732560,1732560,240,0,0
78229108,10893,1732800,1732800,240,0,0
78239086,10894,1733040,1733040,240,0,0
78249225,10896,1733283,1733283,240,3,0
78259109,10897,1733523,1733523,240,0,0
78269127,10899,1733763,1733763,240,0,0
78279065,10900,1734000,1734003,240,0,3
78289129,10902,1734240,1734240,240,0,0
78299066,10903,1734480,1734480,240,0,0
78309258,10905,1734724,1734724,240,4,0
78318988,10906,1734958,1734964,240,0,6
78329264,10908,1735204,1735204,240,6,0
78339109,10909,1735441,1735444,240,0,3
78349314,10911,1735686,1735686,240,5,0
78359112,10912,1735921,1735926,240,0,5
78369249,10914,1736164,1736164,240,3,0
78379132,10915,1736401,1736404,240,0,3
78389105,10917,1736641,1736641,240,0,0
78399084,10918,1736881,1736881,240,0,0
78409172,10920,1737121,1737121,240,0,0
78419114,10921,1737361,1737361,240,0,0
78429125,10923,1737601,1737601,240,0,0
78439052,10924,1737841,1737841,240,0,0
78449193,10926,1738081,1738081,240,0,0
78459032,10927,1738321,1738321,240,0,0
78469227,10929,1738561,1738561,240,0,0
78479041,10930,1738801,1738801,240,0,0
78489181,10932,1739041,1739041,240,0,0
78499032,10933,1739281,1739281,240,0,0
78509195,10935,1739521,1739521,240,0,0
78519082,10936,1739761,1739761,240,0,0
78529180,10938,1740001,1740001,240,0,0
78539069,10939,1740241,1740241,240,0,0
78549135,10941,1740481,1740481,240,0,0
78559054,10942,1740721,1740721,240,0,0
78569238,10944,1740964,1740964,240,3,0
78579032,10945,1741199,1741204,240,0,5
78589151,10947,1741442,1741442,240,3,0
78599075,10948,1741682,1741682,240,0,0
78609166,10950,1741922,1741922,240,0,0
78619078,10951,1742162,1742162,240,0,0
78629151,10953,1742402,1742402,240,0,0
78639027,10954,1742639,1742642,240,0,3
78649208,10956,1742883,1742883,240,4,0
78659091,10957,1743120,1743123,240,0,3
78669246,10959,1743364,1743364,240,4,0
78679089,10960,1743600,1743604,240,0,4
78689191,10962,1743843,1743843,240,3,0
78699041,10963,1744079,1744083,240,0,4
78709294,10965,1744325,1744325,240,6,0
78719102,10966,1744560,1744565,240,0,5
78729110,10968,1744800,1744800,240,0,0
78739037,10969,1745040,1745040,240,0,0
78749190,10971,1745283,1745283,240,3,0
78759154,10972,1745523,1745523,240,0,0
78769168,10974,1745763,1745763,240,0,0
78779081,10975,1746000,1746003,240,0,3
78789135,10977,1746240,1746240,240,0,0
78799103,10978,1746480,1746480,240,0,0
78809193,10980,1746723,1746723,240,3,0
78819237,10981,1746963,1746963,240,0,0
78829139,10983,1747203,1747203,240,0,0
78839075,10984,1747440,1747443,240,0,3
78849207,10986,1747683,1747683,240,3,0
78859103,10987,1747920,1747923,240,0,3
78869405,10989,1748168,1748168,240,8,0
78879034,10990,1748399,1748408,240,0,9
78889187,10992,1748642,1748642,240,3,0
78899037,10993,1748879,1748882,240,0,3
78909103,10995,1749119,1749119,240,0,0
78919036,10996,1749359,1749359,240,0,0
78929196,10998,1749603,1749603,240,4,0
78938985,10999,1749838,1749843,240,0,5
78949142,11001,1750081,1750081,240,3,0
78959078,11002,1750321,1750321,240,0,0
78969369,11004,1750567,1750567,240,6,0
78979038,11005,1750799,1750807,240,0,8
78989203,11007,1751043,1751043,240,4,0
78999070,11008,1751280,1751283,240,0,3
79009140,11010,1751520,1751520,240,0,0
79019111,11011,1751760,1751760,240,0,0
79029200,11013,1752003,1752003,240,3,0
79039065,11014,1752240,1752243,240,0,3
79049146,11016,1752480,1752480,240,0,0
79059078,11017,1752720,1752720,240,0,0
79069277,11019,1752965,1752965,240,5,0
79079390,11020,1753205,1753205,240,0,0
79089208,11022,1753445,1753445,240,0,0
79099068,11023,1753680,1753685,240,0,5
79109200,11025,1753923,1753923,240,3,0
79119016,11026,1754158,1754163,240,0,5
79129203,11028,1754403,1754403,240,5,0
79139093,11029,1754640,1754643,240,0,3
79149183,11031,1754880,1754880,240,0,0
79159070,11032,1755120,1755120,240,0,0
79169266,11034,1755364,1755364,240,4,0
79179072,11035,1755600,1755604,240,0,4
79189209,11037,1755843,1755843,240,3,0
79199060,11038,1756079,1756083,240,0,4
79209197,11040,1756323,1756323,240,4,0
79219059,11041,1756559,1756563,240,0,4
79229197,11043,1756803,1756803,240,4,0
79239036,11044,1757039,1757043,240,0,4
79249197,11046,1757283,1757283,240,4,0
79259045,11047,1757519,1757523,240,0,4
79269187,11049,1757762,1757762,240,3,0
79279200,11050,1758002,1758002,240,0,0
79289207,11052,1758242,1758242,240,0,0
79299019,11053,1758478,1758482,240,0,4
79309190,11055,1758723,1758723,240,5,0
79319089,11056,1758960,1758963,240,0,3
79329136,11058,1759200,1759200,240,0,0
79339031,11059,1759440,1759440,240,0,0
79349201,11061,1759683,1759683,240,3,0
79359068,11062,1759920,1759923,240,0,3
79369184,11064,1760160,1760160,240,0,0
79379055,11065,1760400,1760400,240,0,0
79389162,11067,1760640,1760640,240,0,0
79399091,11068,1760880,1760880,240,0,0
79409182,11070,1761120,1761120,240,0,0
79419092,11071,1761360,1761360,240,0,0
79429172,11073,1761600,1761600,240,0,0
79439059,11074,1761840,1761840,240,0,0
79449201,11076,1762083,1762083,240,3,0
79459096,11077,1762320,1762323,240,0,3
79469186,11079,1762560,1762560,240,0,0
79479107,11080,1762800,1762800,240,0,0
79489241,11082,1763044,1763044,240,4,0
79499045,11083,1763279,1763284,240,0,5
79509202,11085,1763523,1763523,240,4,0
79519037,11086,1763759,1763763,240,0,4
79529195,11088,1764003,1764003,240,4,0
79539039,11089,1764239,1764243,240,0,4
79549190,11091,1764483,1764483,240,4,0
79559036,11092,1764719,1764723,240,0,4
79569193,11094,1764963,1764963,240,4,0
79579104,11095,1765203,1765203,240,0,0
79589222,11097,1765443,1765443,240,0,0
79599052,11098,1765679,1765683,240,0,4
79609133,11100,1765919,1765919,240,0,0
79619068,11101,1766159,1766159,240,0,0
79629118,11103,1766399,1766399,240,0,0
79639079,11104,1766639,1766639,240,0,0
79649153,11106,1766882,1766882,240,3,0
79659026,11107,1767119,1767122,240,0,3
79669202,11109,1767363,1767363,240,4,0
79679216,11110,1767603,1767603,240,0,0
79689275,11112,1767843,1767843,240,0,0
79699096,11113,1768080,1768083,240,0,3
79709156,11115,1768320,1768320,240,0,0
79719076,11116,1768560,1768560,240,0,0
79729171,11118,1768800,1768800,240,0,0
79739039,11119,1769040,1769040,240,0,0
79749180,11121,1769280,1769280,240,0,0
79759034,11122,1769520,1769520,240,0,0
79769188,11124,1769763,1769763,240,3,0
79778994,11125,1769998,1770003,240,0,5
79789252,11127,1770244,1770244,240,6,0
79799063,11128,1770480,1770484,240,0,4
79809198,11130,1770723,1770723,240,3,0
79819035,11131,1770959,1770963,240,0,4
79829212,11133,1771203,1771203,240,4,0
79839063,11134,1771440,1771443,240,0,3
79849226,11136,1771683,1771683,240,3,0
79859108,11137,1771923,1771923,240,0,0
79869145,11139,1772163,1772163,240,0,0
79879040,11140,1772399,1772403,240,0,4
79889257,11143,1772644,1772644,240,5,0
79899182,11144,1772884,1772884,240,0,0
79909214,11146,1773124,1773124,240,0,0
79919060,11147,1773359,1773364,240,0,5
79929193,11149,1773603,1773603,240,4,0
79939077,11150,1773840,1773843,240,0,3
79949182,11152,1774080,1774080,240,0,0
79959029,11153,1774320,1774320,240,0,0
79969138,11155,1774560,1774560,240,0,0
79979051,11156,1774800,1774800,240,0,0
79989243,11158,1775044,1775044,240,4,0
79999126,11159,1775281,1775284,240,0,3
80009114,11161,1775521,1775521,240,0,0
80019059,11162,1775761,1775761,240,0,0
80029200,11164,1776001,1776001,240,0,0
80039028,11165,1776241,1776241,240,0,0
80049198,11167,1776481,1776481,240,0,0
80059080,11168,1776721,1776721,240,0,0
80069171,11170,1776961,1776961,240,0,0
80079026,11171,1777201,1777201,240,0,0
80089302,11173,1777445,1777445,240,4,0
80099074,11174,1777680,1777685,240,0,5
80109207,11176,1777923,1777923,240,3,0
80119066,11177,1778160,1778163,240,0,3
80129111,11179,1778400,1778400,240,0,0
80139055,11180,1778640,1778640,240,0,0
80149104,11182,1778880,1778880,240,0,0
80159086,11183,1779120,1779120,240,0,0
80169122,11185,1779360,1779360,240,0,0
80179044,11186,1779600,1779600,240,0,0
80189196,11188,1779843,1779843,240,3,0
80199052,11189,1780079,1780083,240,0,4
80209434,11191,1780328,1780328,240,9,0
80219129,11192,1780561,1780568,240,0,7
80229124,11194,1780801,1780801,240,0,0
80239093,11195,1781041,1781041,240,0,0
80249147,11197,1781281,1781281,240,0,0
80259055,11198,1781521,1781521,240,0,0
80269112,11200,1781761,1781761,240,0,0
80279082,11201,1782001,1782001,240,0,0
80289131,11203,1782241,1782241,240,0,0
80299165,11204,1782481,1782481,240,0,0
80309183,11206,1782721,1782721,240,0,0
80319107,11207,1782961,1782961,240,0,0
80329125,11209,1783201,1783201,240,0,0
80339057,11210,1783441,1783441,240,0,0
80349213,11212,1783681,1783681,240,0,0
80359078,11213,1783921,1783921,240,0,0
80369182,11215,1784161,1784161,240,0,0
80379078,11216,1784401,1784401,240,0,0
80389150,11218,1784641,1784641,240,0,0
80399116,11219,1784881,1784881,240,0,0
80409240,11221,1785124,1785124,240,3,0
80419051,11222,1785359,1785364,240,0,5
80429196,11224,1785603,1785603,240,4,0
80439007,11225,1785838,1785843,240,0,5
80449208,11227,1786083,1786083,240,5,0
80459054,11228,1786319,1786323,240,0,4
80469199,11230,1786563,1786563,240,4,0
80479079,11231,1786800,1786803,240,0,3
80489141,11233,1787040,1787040,240,0,0
80499122,11234,1787280,1787280,240,0,0
80509240,11236,1787524,1787524,240,4,0
80519047,11237,1787759,1787764,240,0,5
80529117,11239,1787999,1787999,240,0,0
80539047,11240,1788239,1788239,240,0,0
80549178,11242,1788482,1788482,240,3,0
80559071,11243,1788722,1788722,240,0,0
80569165,11245,1788962,1788962,240,0,0
80579084,11246,1789202,1789202,240,0,0
80589161,11248,1789442,1789442,240,0,0
80599070,11249,1789682,1789682,240,0,0
80609200,11251,1789922,1789922,240,0,0
80619159,11252,1790162,1790162,240,0,0
80629178,11254,1790402,1790402,240,0,0
80639107,11255,1790642,1790642,240,0,0
80649154,11257,1790882,1790882,240,0,0
80659060,11258,1791119,1791122,240,0,3
80669111,11260,1791359,1791359,240,0,0
80679026,11261,1791599,1791599,240,0,0
80689193,11263,1791843,1791843,240,4,0
80699080,11264,1792080,1792083,240,0,3
80709240,11266,1792324,1792324,240,4,0
80719055,11267,1792559,1792564,240,0,5
80729228,11269,1792803,1792803,240,4,0
80739062,11270,1793039,1793043,240,0,4
80749195,11272,1793283,1793283,240,4,0
80759021,11273,1793519,1793523,240,0,4
80769192,11275,1793763,1793763,240,4,0
80779059,11276,1793999,1794003,240,0,4
80789134,11278,1794239,1794239,240,0,0
80799034,11279,1794479,1794479,240,0,0
80809232,11281,1794724,1794724,240,5,0
80819251,11282,1794964,1794964,240,0,0
80829148,11284,1795204,1795204,240,0,0
80839096,11285,1795440,1795444,240,0,4
80849154,11287,1795680,1795680,240,0,0
80859110,11288,1795920,1795920,240,0,0
80869202,11290,1796163,1796163,240,3,0
80879043,11291,1796399,1796403,240,0,4
80889176,11293,1796642,1796642,240,3,0
80899062,11294,1796879,1796882,240,0,3
80909231,11296,1797124,1797124,240,5,0
80919104,11297,1797361,1797364,240,0,3
80929213,11299,1797601,1797601,240,0,0
80939032,11300,1797841,1797841,240,0,0
80949165,11302,1798081,1798081,240,0,0
80959067,11303,1798321,1798321,240,0,0
80969126,11305,1798561,1798561,240,0,0
80979043,11306,1798801,1798801,240,0,0
80989170,11308,1799041,1799041,240,0,0
80999047,11309,1799281,1799281,240,0,0
81009107,11311,1799521,1799521,240,0,0
81019115,11312,1799761,1799761,240,0,0
81029203,11314,1800001,1800001,240,0,0
81039053,11315,1800241,1800241,240,0,0
81049185,11317,1800481,1800481,240,0,0
81059031,11318,1800721,1800721,240,0,0
81069168,11320,1800961,1800961,240,0,0
81079064,11321,1801201,1801201,240,0,0
81089110,11323,1801441,1801441,240,0,0
81099069,11324,1801681,1801681,240,0,0
81109109,11326,1801921,1801921,240,0,0
81119041,11327,1802161,1802161,240,0,0
81129208,11329,1802401,1802401,240,0,0
81139082,11330,1802641,1802641,240,0,0
81149194,11332,1802881,1802881,240,0,0
81159083,11333,1803121,1803121,240,0,0
81169154,11335,1803361,1803361,240,0,0
81179038,11336,1803601,1803601,240,0,0
81189122,11338,1803841,1803841,240,0,0
81199083,11339,1804081,1804081,240,0,0
81209118,11341,1804321,1804321,240,0,0
81219066,11342,1804561,1804561,240,0,0
81229237,11344,1804804,1804804,240,3,0
81239054,11345,1805039,1805044,240,0,5
81249125,11347,1805279,1805279,240,0,0
81259045,11348,1805519,1805519,240,0,0
81269148,11350,1805762,1805762,240,3,0
81279029,11351,1805999,1806002,240,0,3
81289186,11353,1806242,1806242,240,3,0
81299033,11354,1806479,1806482,240,0,3
81309151,11356,1806722,1806722,240,3,0
81319127,11357,1806962,1806962,240,0,0
81329466,11359,1807209,1807209,240,7,0
81339086,11360,1807440,1807449,240,0,9
81349089,11362,1807680,1807680,240,0,0
81359061,11363,1807920,1807920,240,0,0
81369211,11365,1808163,1808163,240,3,0
81379021,11366,1808399,1808403,240,0,4
81389193,11368,1808643,1808643,240,4,0
81399031,11369,1808879,1808883,240,0,4
81409101,11371,1809119,1809119,240,0,0
81419092,11372,1809359,1809359,240,0,0
81429298,11374,1809605,1809605,240,6,0
81439071,11375,1809840,1809845,240,0,5
81449197,11377,1810083,1810083,240,3,0
81459051,11378,1810319,1810323,240,0,4
81469185,11380,1810562,1810562,240,3,0
81479092,11381,1810802,1810802,240,0,0
81489171,11383,1811042,1811042,240,0,0
81499048,11384,1811279,1811282,240,0,3
81509162,11386,1811522,1811522,240,3,0
81519098,11387,1811762,1811762,240,0,0
81529302,11389,1812005,1812005,240,3,0
81539068,11390,1812240,1812245,240,0,5
81549161,11392,1812480,1812480,240,0,0
81559022,11393,1812720,1812720,240,0,0
81569201,11395,1812963,1812963,240,3,0
81579041,11396,1813199,1813203,240,0,4
81589203,11398,1813443,1813443,240,4,0
81599034,11399,1813679,1813683,240,0,4
81609198,11401,1813923,1813923,240,4,0
81619091,11402,1814160,1814163,240,0,3
81629224,11404,1814403,1814403,240,3,0
81639074,11405,1814640,1814643,240,0,3
81649205,11407,1814883,1814883,240,3,0
81659021,11408,1815119,1815123,240,0,4
81669192,11410,1815363,1815363,240,4,0
81679059,11411,1815599,1815603,240,0,4
81689127,11413,1815839,1815839,240,0,0
81699045,11414,1816079,1816079,240,0,0
81709115,11416,1816319,1816319,240,0,0
81719064,11417,1816559,1816559,240,0,0
81729253,11419,1816804,1816804,240,5,0
81739062,11420,1817039,1817044,240,0,5
81749133,11422,1817279,1817279,240,0,0
81759123,11423,1817519,1817519,240,0,0
81769132,11425,1817759,1817759,240,0,0
81779037,11426,1817999,1817999,240,0,0
81789211,11428,1818243,1818243,240,4,0
81799067,11429,1818480,1818483,240,0,3
81809160,11431,1818720,1818720,240,0,0
81819124,11432,1818960,1818960,240,0,0
81829206,11434,1819203,1819203,240,3,0
81839171,11435,1819443,1819443,240,0,0
81849236,11437,1819683,1819683,240,0,0
81859059,11438,1819919,1819923,240,0,4
81869221,11440,1820163,1820163,240,4,0
81879061,11441,1820399,1820403,240,0,4
81889198,11444,1820643,1820643,240,4,0
81899128,11445,1820883,1820883,240,0,0
81909189,11447,1821123,1821123,240,0,0
81919052,11448,1821359,1821363,240,0,4
81929114,11450,1821599,1821599,240,0,0
81939159,11451,1821842,1821842,240,3,0
81949206,11453,1822082,1822082,240,0,0
81958998,11454,1822318,1822322,240,0,4
81969183,11456,1822562,1822562,240,4,0
81979028,11457,1822799,1822802,240,0,3
81989196,11459,1823043,1823043,240,4,0
81999037,11460,1823279,1823283,240,0,4
82009187,11462,1823522,1823522,240,3,0
82019066,11463,1823762,1823762,240,0,0
82029188,11465,1824002,1824002,240,0,0
82039055,11466,1824239,1824242,240,0,3
82049231,11468,1824484,1824484,240,5,0
82059044,11469,1824719,1824724,240,0,5
82069099,11471,1824959,1824959,240,0,0
82079045,11472,1825199,1825199,240,0,0
82089108,11474,1825439,1825439,240,0,0
82099063,11475,1825679,1825679,240,0,0
82109206,11477,1825923,1825923,240,4,0
82119075,11478,1826160,1826163,240,0,3
82129194,11480,1826403,1826403,240,3,0
82139145,11481,1826643,1826643,240,0,0
82149216,11483,1826883,1826883,240,0,0
82159068,11484,1827120,1827123,240,0,3
82169178,11486,1827360,1827360,240,0,0
82179031,11487,1827600,1827600,240,0,0
82189192,11489,1827843,1827843,240,3,0
82199099,11490,1828080,1828083,240,0,3
82209141,11492,1828320,1828320,240,0,0
82219116,11493,1828560,1828560,240,0,0
82229181,11495,1828800,1828800,240,0,0
82239226,11496,1829043,1829043,240,3,0
82249254,11498,1829283,1829283,240,0,0
82259371,11499,1829527,1829527,240,4,0
82269241,11501,1829764,1829767,240,0,3
82279067,11502,1830000,1830004,240,0,4
82289180,11504,1830240,1830240,240,0,0
82299003,11505,1830480,1830480,240,0,0
82309181,11507,1830720,1830720,240,0,0
82319025,11508,1830960,1830960,240,0,0
82329188,11510,1831203,1831203,240,3,0
82339068,11511,1831440,1831443,240,0,3
82349263,11513,1831684,1831684,240,4,0
82359088,11514,1831920,1831924,240,0,4
82369164,11516,1832160,1832160,240,0,0
82379057,11517,1832400,1832400,240,0,0
82389162,11519,1832640,1832640,240,0,0
82399093,11520,1832880,1832880,240,0,0
82409181,11522,1833120,1833120,240,0,0
82419078,11523,1833360,1833360,240,0,0
82429194,11525,1833603,1833603,240,3,0
82439040,11526,1833839,1833843,240,0,4
82449245,11528,1834084,1834084,240,5,0
82459437,11529,1834328,1834328,240,4,0
82469141,11531,1834561,1834568,240,0,7
82479107,11532,1834801,1834801,240,0,0
82489186,11534,1835041,1835041,240,0,0
82499086,11535,1835281,1835281,240,0,0
82509194,11537,1835521,1835521,240,0,0
82519036,11538,1835761,1835761,240,0,0
82529203,11540,1836001,1836001,240,0,0
82539010,11541,1836238,1836241,240,0,3
82549254,11543,1836484,1836484,240,6,0
82559072,11544,1836720,1836724,240,0,4
82569122,11546,1836960,1836960,240,0,0
82579040,11547,1837200,1837200,240,0,0
82589213,11549,1837443,1837443,240,3,0
82599032,11550,1837679,1837683,240,0,4
82609162,11552,1837922,1837922,240,3,0
82619089,11553,1838162,1838162,240,0,0
82629196,11555,1838402,1838402,240,0,0
82638998,11556,1838638,1838642,240,0,4
82649381,11558,1838887,1838887,240,9,0
82659061,11559,1839119,1839127,240,0,8
82669213,11561,1839363,1839363,240,4,0
82678976,11562,1839597,1839603,240,0,6
82689197,11564,1839843,1839843,240,6,0
82699042,11565,1840079,1840083,240,0,4
82709192,11567,1840323,1840323,240,4,0
82719075,11568,1840560,1840563,240,0,3
82729185,11570,1840800,1840800,240,0,0
82739041,11571,1841040,1841040,240,0,0
82749195,11573,1841283,1841283,240,3,0
82759163,11574,1841523,1841523,240,0,0
82769200,11576,1841763,1841763,240,0,0
82779059,11577,1841999,1842003,240,0,4
82789195,11579,1842243,1842243,240,4,0
82799016,11580,1842478,1842483,240,0,5
82809200,11582,1842723,1842723,240,5,0
82819064,11583,1842960,1842963,240,0,3
82829323,11585,1843206,1843206,240,6,0
82839071,11586,1843440,1843446,240,0,6
82849203,11588,1843683,1843683,240,3,0
82859154,11589,1843923,1843923,240,0,0
82869248,11591,1844163,1844163,240,0,0
82879028,11592,1844399,1844403,240,0,4
82889182,11594,1844642,1844642,240,3,0
82899055,11595,1844879,1844882,240,0,3
82909180,11597,1845122,1845122,240,3,0
82919044,11598,1845359,1845362,240,0,3
82929189,11600,1845603,1845603,240,4,0
82939039,11601,1845839,1845843,240,0,4
82949105,11603,1846079,1846079,240,0,0
82959163,11604,1846322,1846322,240,3,0
82969231,11606,1846562,1846562,240,0,0
82979065,11607,1846802,1846802,240,0,0
82989105,11609,1847042,1847042,240,0,0
82999164,11610,1847282,1847282,240,0,0
83009130,11612,1847522,1847522,240,0,0
83019056,11613,1847759,1847762,240,0,3
83029204,11615,1848003,1848003,240,4,0
83039024,11616,1848239,1848243,240,0,4
83049151,11618,1848482,1848482,240,3,0
83059216,11619,1848722,1848722,240,0,0
83069233,11621,1848962,1848962,240,0,0
83079042,11622,1849199,1849202,240,0,3
83089099,11624,1849439,1849439,240,0,0
83099023,11625,1849679,1849679,240,0,0
83109165,11627,1849922,1849922,240,3,0
83119041,11628,1850159,1850162,240,0,3
83129174,11630,1850402,1850402,240,3,0
83139041,11631,1850639,1850642,240,0,3
83149189,11633,1850883,1850883,240,4,0
83159021,11634,1851119,1851123,240,0,4
83169240,11636,1851364,1851364,240,5,0
83179079,11637,1851600,1851604,240,0,4
83189192,11639,1851843,1851843,240,3,0
83199058,11640,1852079,1852083,240,0,4
83209190,11642,1852323,1852323,240,4,0
83218970,11643,1852557,1852563,240,0,6
83229037,11645,1852797,1852797,240,0,0
83239108,11646,1853041,1853041,240,4,0
83249088,11648,1853281,1853281,240,0,0
83259060,11649,1853521,1853521,240,0,0
83269239,11651,1853764,1853764,240,3,0
83279136,11652,1854001,1854004,240,0,3
83289107,11654,1854241,1854241,240,0,0
83299059,11655,1854481,1854481,240,0,0
83309195,11657,1854721,1854721,240,0,0
83319086,11658,1854961,1854961,240,0,0
83329158,11660,1855201,1855201,240,0,0
83339022,11661,1855441,1855441,240,0,0
83349200,11663,1855681,1855681,240,0,0
83359032,11664,1855921,1855921,240,0,0
83369252,11666,1856164,1856164,240,3,0
83379067,11667,1856400,1856404,240,0,4
83389182,11669,1856640,1856640,240,0,0
83399047,11670,1856880,1856880,240,0,0
83409190,11672,1857123,1857123,240,3,0
83419028,11673,1857359,1857363,240,0,4
83429174,11675,1857602,1857602,240,3,0
83439039,11676,1857839,1857842,240,0,3
83449184,11678,1858082,1858082,240,3,0
83459019,11679,1858318,1858322,240,0,4
83469253,11681,1858564,1858564,240,6,0
83479120,11682,1858801,1858804,240,0,3
83489120,11684,1859041,1859041,240,0,0
83499109,11685,1859281,1859281,240,0,0
83509211,11687,1859521,1859521,240,0,0
83519064,11688,1859761,1859761,240,0,0
83529121,11690,1860001,1860001,240,0,0
83539121,11691,1860241,1860241,240,0,0
83549130,11693,1860481,1860481,240,0,0
83559087,11694,1860721,1860721,240,0,0
83569116,11696,1860961,1860961,240,0,0
83579522,11697,1861211,1861211,240,10,0
83589125,11699,1861441,1861451,240,0,10
83599148,11700,1861681,1861681,240,0,0
83609143,11702,1861921,1861921,240,0,0
83619102,11703,1862161,1862161,240,0,0
83629143,11705,1862401,1862401,240,0,0
83639081,11706,1862641,1862641,240,0,0
83649125,11708,1862881,1862881,240,0,0
83659021,11709,1863121,1863121,240,0,0
83669191,11711,1863361,1863361,240,0,0
83679057,11712,1863601,1863601,240,0,0
83689215,11714,1863841,1863841,240,0,0
83699147,11715,1864081,1864081,240,0,0
83709179,11717,1864321,1864321,240,0,0
83719020,11718,1864558,1864561,240,0,3
83729174,11720,1864802,1864802,240,4,0
83739052,11721,1865039,1865042,240,0,3
83749111,11723,1865279,1865279,240,0,0
83759052,11724,1865519,1865519,240,0,0
83769174,11726,1865762,1865762,240,3,0
83779033,11727,1865999,1866002,240,0,3
83789214,11729,1866243,1866243,240,4,0
83799060,11730,1866479,1866483,240,0,4
83809114,11732,1866719,1866719,240,0,0
83819094,11733,1866959,1866959,240,0,0
83829113,11735,1867199,1867199,240,0,0
83839103,11736,1867439,1867439,240,0,0
83849166,11738,1867682,1867682,240,3,0
83859058,11739,1867919,1867922,240,0,3
83869206,11741,1868163,1868163,240,4,0
83879153,11742,1868403,1868403,240,0,0
83889217,11745,1868643,1868643,240,0,0
83899124,11746,1868883,1868883,240,0,0
83909117,11748,1869123,1869123,240,0,0
83919096,11749,1869360,1869363,240,0,3
83929110,11751,1869600,1869600,240,0,0
83939083,11752,1869840,1869840,240,0,0
83949168,11754,1870080,1870080,240,0,0
83959060,11755,1870320,1870320,240,0,0
83969192,11757,1870563,1870563,240,3,0
83979016,11758,1870798,1870803,240,0,5
83989395,11760,1871047,1871047,240,9,0
83999060,11761,1871279,1871287,240,0,8
84009190,11763,1871523,1871523,240,4,0
84019039,11764,1871759,1871763,240,0,4
84029206,11766,1872003,1872003,240,4,0
84039045,11767,1872239,1872243,240,0,4
84049184,11769,1872482,1872482,240,3,0
84059014,11770,1872718,1872722,240,0,4
84069194,11772,1872963,1872963,240,5,0
84079099,11773,1873200,1873203,240,0,3
84089278,11775,1873445,1873445,240,5,0
84099057,11776,1873679,1873685,240,0,6
84109099,11778,1873919,1873919,240,0,0
84119099,11779,1874159,1874159,240,0,0
84129107,11781,1874399,1874399,240,0,0
84139101,11782,1874639,1874639,240,0,0
84149158,11784,1874882,1874882,240,3,0
84159049,11785,1875119,1875122,240,0,3
84169205,11787,1875363,1875363,240,4,0
84179071,11788,1875600,1875603,240,0,3
84189249,11790,1875844,1875844,240,4,0
84199117,11791,1876081,1876084,240,0,3
84209131,11793,1876321,1876321,240,0,0
84219056,11794,1876561,1876561,240,0,0
84229188,11796,1876801,1876801,240,0,0
84239046,11797,1877041,1877041,240,0,0
84249193,11799,1877281,1877281,240,0,0
84259036,11800,1877521,1877521,240,0,0
84269192,11802,1877761,1877761,240,0,0
84279040,11803,1878001,1878001,240,0,0
84289270,11805,1878244,1878244,240,3,0
84299059,11806,1878479,1878484,240,0,5
84309116,11808,1878719,1878719,240,0,0
84319036,11809,1878959,1878959,240,0,0
84329138,11811,1879199,1879199,240,0,0
84339058,11812,1879439,1879439,240,0,0
84349160,11814,1879682,1879682,240,3,0
84358999,11815,1879918,1879922,240,0,4
84369181,11817,1880162,1880162,240,4,0
84379014,11818,1880398,1880402,240,0,4
84389188,11820,1880643,1880643,240,5,0
84399108,11821,1880883,1880883,240,0,0
84409026,11823,1881119,1881123,240,0,4
84419109,11824,1881359,1881359,240,0,0
84429113,11826,1881599,1881599,240,0,0
84439057,11827,1881839,1881839,240,0,0
84449201,11829,1882083,1882083,240,4,0
84459056,11830,1882319,1882323,240,0,4
84469167,11832,1882562,1882562,240,3,0
84478965,11833,1882797,1882802,240,0,5
84489077,11835,1883040,1883040,240,3,0
84499056,11836,1883280,1883280,240,0,0
84509151,11838,1883520,1883520,240,0,0
84519116,11839,1883760,1883760,240,0,0
84529134,11841,1884000,1884000,240,0,0
84539027,11842,1884240,1884240,240,0,0
84549195,11844,1884483,1884483,240,3,0
84559101,11845,1884720,1884723,240,0,3
84569178,11847,1884960,1884960,240,0,0
84579097,11848,1885200,1885200,240,0,0
84589170,11850,1885440,1885440,240,0,0
84599114,11851,1885680,1885680,240,0,0
84609221,11853,1885923,1885923,240,3,0
84619063,11854,1886160,1886163,240,0,3
84629135,11856,1886400,1886400,240,0,0
84639106,11857,1886640,1886640,240,0,0
84649149,11859,1886880,1886880,240,0,0
84659028,11860,1887120,1887120,240,0,0
84669169,11862,1887360,1887360,240,0,0
84679067,11863,1887600,1887600,240,0,0
84689109,11865,1887840,1887840,240,0,0
84699164,11866,1888080,1888080,240,0,0
84709493,11868,1888330,1888330,240,10,0
84719067,11869,1888560,1888570,240,0,10
84729219,11871,1888803,1888803,240,3,0
84739048,11872,1889039,1889043,240,0,4
84749176,11874,1889282,1889282,240,3,0
84759046,11875,1889519,1889522,240,0,3
84769200,11877,1889763,1889763,240,4,0
84779088,11878,1890000,1890003,240,0,3
84789207,11880,1890243,1890243,240,3,0
84799054,11881,1890479,1890483,240,0,4
84809291,11883,1890725,1890725,240,6,0
84819042,11884,1890959,1890965,240,0,6
84829418,11886,1891208,1891208,240,9,0
84839062,11887,1891439,1891448,240,0,9
84849218,11889,1891683,1891683,240,4,0
84859103,11890,1891920,1891923,240,0,3
84869203,11892,1892163,1892163,240,3,0
84879026,11893,1892399,1892403,240,0,4
84889169,11895,1892642,1892642,240,3,0
84899038,11896,1892879,1892882,240,0,3
84909276,11898,1893125,1893125,240,6,0
84919116,11899,1893361,1893365,240,0,4
84929083,11901,1893601,1893601,240,0,0
84939095,11902,1893841,1893841,240,0,0
84949133,11904,1894081,1894081,240,0,0
84959020,11905,1894318,1894321,240,0,3
84969186,11907,1894562,1894562,240,4,0
84979056,11908,1894799,1894802,240,0,3
84989187,11910,1895042,1895042,240,3,0
84999071,11911,1895282,1895282,240,0,0
85009256,11913,1895522,1895522,240,0,0
85019069,11914,1895762,1895762,240,0,0
85029223,11916,1896002,1896002,240,0,0
85039076,11917,1896242,1896242,240,0,0
85049210,11919,1896482,1896482,240,0,0
85059076,11920,1896722,1896722,240,0,0
85069200,11922,1896962,1896962,240,0,0
85079083,11923,1897202,1897202,240,0,0
85089168,11925,1897442,1897442,240,0,0
85099088,11926,1897682,1897682,240,0,0
85109275,11928,1897925,1897925,240,3,0
85119045,11929,1898159,1898165,240,0,6
85129208,11931,1898403,1898403,240,4,0
85139033,11932,1898639,1898643,240,0,4
85149177,11934,1898882,1898882,240,3,0
85159029,11935,1899119,1899122,240,0,3
85169185,11937,1899362,1899362,240,3,0
85179018,11938,1899598,1899602,240,0,4
85189171,11940,1899842,1899842,240,4,0
85199048,11941,1900079,1900082,240,0,3
85209277,11943,1900325,1900325,240,6,0
85219112,11944,1900561,1900565,240,0,4
85229198,11946,1900801,1900801,240,0,0
85239130,11947,1901041,1901041,240,0,0
85249124,11949,1901281,1901281,240,0,0
85259081,11950,1901521,1901521,240,0,0
85269143,11952,1901761,1901761,240,0,0
85279034,11953,1902001,1902001,240,0,0
85289179,11955,1902241,1902241,240,0,0
85299055,11956,1902481,1902481,240,0,0
85309195,11958,1902721,1902721,240,0,0
85319056,11959,1902961,1902961,240,0,0
85329232,11961,1903204,1903204,240,3,0
85339113,11962,1903441,1903444,240,0,3
85349125,11964,1903681,1903681,240,0,0
85359051,11965,1903921,1903921,240,0,0
85369180,11967,1904161,1904161,240,0,0
85379076,11968,1904401,1904401,240,0,0
85389106,11970,1904641,1904641,240,0,0
85399067,11971,1904881,1904881,240,0,0
85409173,11973,1905121,1905121,240,0,0
85419112,11974,1905361,1905361,240,0,0
85429223,11976,1905601,1905601,240,0,0
85439049,11977,1905841,1905841,240,0,0
85449192,11979,1906081,1906081,240,0,0
85459008,11980,1906318,1906321,240,0,3
85469179,11982,1906562,1906562,240,4,0
85479005,11983,1906798,1906802,240,0,4
85489175,11985,1907042,1907042,240,4,0
85499025,11986,1907279,1907282,240,0,3
85509183,11988,1907522,1907522,240,3,0
85519266,11989,1907762,1907762,240,0,0
85529425,11991,1908008,1908008,240,6,0
85539223,11992,1908243,1908248,240,0,5
85549157,11994,1908483,1908483,240,0,0
85559094,11995,1908720,1908723,240,0,3
85569107,11997,1908960,1908960,240,0,0
85579083,11998,1909200,1909200,240,0,0
85589168,12000,1909440,1909440,240,0,0
85599123,12001,1909680,1909680,240,0,0
85609184,12003,1909920,1909920,240,0,0
85619280,12004,1910165,1910165,240,5,0
85629195,12006,1910405,1910405,240,0,0
85639147,12007,1910642,1910645,240,0,3
85649138,12009,1910882,1910882,240,0,0
85659052,12010,1911119,1911122,240,0,3
85669142,12012,1911359,1911359,240,0,0
85679038,12013,1911599,1911599,240,0,0
85689183,12015,1911842,1911842,240,3,0
85699059,12016,1912079,1912082,240,0,3
85709104,12018,1912319,1912319,240,0,0
85719151,12019,1912562,1912562,240,3,0
85729274,12021,1912805,1912805,240,3,0
85739067,12022,1913040,1913045,240,0,5
85749200,12024,1913283,1913283,240,3,0
85759064,12025,1913520,1913523,240,0,3
85769133,12027,1913760,1913760,240,0,0
85779025,12028,1914000,1914000,240,0,0
85789197,12030,1914243,1914243,240,3,0
85799062,12031,1914479,1914483,240,0,4
85809144,12033,1914719,1914719,240,0,0
85819077,12034,1914959,1914959,240,0,0
85829232,12036,1915204,1915204,240,5,0
85839369,12037,1915447,1915447,240,3,0
85849217,12039,1915683,1915687,240,0,4
85859072,12040,1915920,1915923,240,0,3
85869226,12042,1916163,1916163,240,3,0
85879024,12043,1916399,1916403,240,0,4
85889190,12046,1916643,1916643,240,4,0
85899171,12047,1916883,1916883,240,0,0
85909136,12049,1917123,1917123,240,0,0
85919077,12050,1917360,1917363,240,0,3
85929261,12052,1917604,1917604,240,4,0
85939081,12053,1917840,1917844,240,0,4
85949128,12055,1918080,1918080,240,0,0
85959063,12056,1918320,1918320,240,0,0
85969168,12058,1918560,1918560,240,0,0
85979014,12059,1918800,1918800,240,0,0
85989191,12061,1919043,1919043,240,3,0
85999044,12062,1919279,1919283,240,0,4
86009189,12064,1919523,1919523,240,4,0
86019040,12065,1919759,1919763,240,0,4
86029276,12067,1920005,1920005,240,6,0
86039087,12068,1920240,1920245,240,0,5
86049145,12070,1920480,1920480,240,0,0
86059125,12071,1920720,1920720,240,0,0
86069138,12073,1920960,1920960,240,0,0
86079106,12074,1921200,1921200,240,0,0
86089189,12076,1921443,1921443,240,3,0
86099112,12077,1921683,1921683,240,0,0
86109142,12079,1921923,1921923,240,0,0
86119041,12080,1922159,1922163,240,0,4
86129197,12082,1922403,1922403,240,4,0
86139035,12083,1922639,1922643,240,0,4
86149233,12085,1922884,1922884,240,5,0
86159074,12086,1923120,1923124,240,0,4
86169112,12088,1923360,1923360,240,0,0
86179073,12089,1923600,1923600,240,0,0
86189201,12091,1923843,1923843,240,3,0
86199061,12092,1924079,1924083,240,0,4
86209108,12094,1924319,1924319,240,0,0
86219036,12095,1924559,1924559,240,0,0
86229161,12097,1924802,1924802,240,3,0
86239049,12098,1925039,1925042,240,0,3
86249220,12100,1925283,1925283,240,4,0
86259089,12101,1925520,1925523,240,0,3
86269136,12103,1925760,1925760,240,0,0
86279077,12104,1926000,1926000,240,0,0
86289108,12106,1926240,1926240,240,0,0
86298956,12107,1926477,1926480,240,0,3
86309185,12109,1926722,1926722,240,5,0
86319145,12110,1926962,1926962,240,0,0
86329115,12112,1927202,1927202,240,0,0
86339121,12113,1927442,1927442,240,0,0
86349168,12115,1927682,1927682,240,0,0
86359115,12116,1927922,1927922,240,0,0
86369129,12118,1928162,1928162,240,0,0
86379115,12119,1928402,1928402,240,0,0
86389200,12121,1928642,1928642,240,0,0
86399099,12122,1928882,1928882,240,0,0
86409136,12124,1929122,1929122,240,0,0
86419069,12125,1929362,1929362,240,0,0
86429205,12127,1929602,1929602,240,0,0
86439143,12128,1929842,1929842,240,0,0
86449209,12130,1930082,1930082,240,0,0
86459113,12131,1930322,1930322,240,0,0
86469191,12133,1930562,1930562,240,0,0
86479048,12134,1930799,1930802,240,0,3
86489186,12136,1931042,1931042,240,3,0
86499076,12137,1931282,1931282,240,0,0
86509121,12139,1931522,1931522,240,0,0
86519086,12140,1931762,1931762,240,0,0
86529136,12142,1932002,1932002,240,0,0
86539052,12143,1932239,1932242,240,0,3
86549323,12145,1932486,1932486,240,7,0
86559060,12146,1932719,1932726,240,0,7
86569136,12148,1932959,1932959,240,0,0
86579122,12149,1933199,1933199,240,0,0
86589144,12151,1933439,1933439,240,0,0
86599070,12152,1933679,1933679,240,0,0
86609110,12154,1933919,1933919,240,0,0
86619096,12155,1934159,1934159,240,0,0
86629114,12157,1934399,1934399,240,0,0
86639101,12158,1934639,1934639,240,0,0
86649271,12160,1934885,1934885,240,6,0
86659086,12161,1935120,1935125,240,0,5
86669160,12163,1935360,1935360,240,0,0
86679040,12164,1935600,1935600,240,0,0
86689197,12166,1935843,1935843,240,3,0
86699089,12167,1936080,1936083,240,0,3
86709193,12169,1936323,1936323,240,3,0
86719077,12170,1936560,1936563,240,0,3
86729129,12172,1936800,1936800,240,0,0
86739028,12173,1937040,1937040,240,0,0
86749245,12175,1937284,1937284,240,4,0
86759124,12176,1937521,1937524,240,0,3
86769145,12178,1937761,1937761,240,0,0
86779067,12179,1938001,1938001,240,0,0
86789188,12181,1938241,1938241,240,0,0
86799084,12182,1938481,1938481,240,0,0
86809132,12184,1938721,1938721,240,0,0
86819093,12185,1938961,1938961,240,0,0
86829182,12187,1939201,1939201,240,0,0
86839250,12188,1939444,1939444,240,3,0
86849269,12190,1939684,1939684,240,0,0
86859176,12191,1939924,1939924,240,0,0
86869161,12193,1940164,1940164,240,0,0
86879086,12194,1940400,1940404,240,0,4
86889144,12196,1940640,1940640,240,0,0
86899086,12197,1940880,1940880,240,0,0
86909135,12199,1941120,1941120,240,0,0
86919077,12200,1941360,1941360,240,0,0
86929141,12202,1941600,1941600,240,0,0
86939078,12203,1941840,1941840,240,0,0
86949125,12205,1942080,1942080,240,0,0
86959402,12206,1942328,1942328,240,8,0
86969217,12208,1942563,1942568,240,0,5
86979117,12209,1942803,1942803,240,0,0
86989195,12211,1943043,1943043,240,0,0
86999067,12212,1943280,1943283,240,0,3
87009197,12214,1943523,1943523,240,3,0
87019075,12215,1943760,1943763,240,0,3
87029196,12217,1944003,1944003,240,3,0
87039067,12218,1944240,1944243,240,0,3
87049203,12220,1944483,1944483,240,3,0
87059180,12221,1944723,1944723,240,0,0
87069218,12223,1944963,1944963,240,0,0
87079072,12224,1945200,1945203,240,0,3
87089129,12226,1945440,1945440,240,0,0
87099053,12227,1945680,1945680,240,0,0
87109119,12229,1945920,1945920,240,0,0
87119075,12230,1946160,1946160,240,0,0
87129124,12232,1946400,1946400,240,0,0
87139075,12233,1946640,1946640,240,0,0
87149134,12235,1946880,1946880,240,0,0
87159041,12236,1947120,1947120,240,0,0
87169217,12238,1947363,1947363,240,3,0
87179065,12239,1947600,1947603,240,0,3
87189107,12241,1947840,1947840,240,0,0
87199053,12242,1948080,1948080,240,0,0
87209172,12244,1948320,1948320,240,0,0
87219111,12245,1948560,1948560,240,0,0
87229130,12247,1948800,1948800,240,0,0
87239053,12248,1949040,1949040,240,0,0
87249193,12250,1949283,1949283,240,3,0
87259158,12251,1949523,1949523,240,0,0
87269239,12253,1949763,1949763,240,0,0
87279100,12254,1950000,1950003,240,0,3
87289099,12256,1950240,1950240,240,0,0
87299093,12257,1950480,1950480,240,0,0
87309101,12259,1950720,1950720,240,0,0
87319080,12260,1950960,1950960,240,0,0
87329112,12262,1951200,1951200,240,0,0
87339070,12263,1951440,1951440,240,0,0
87349180,12265,1951680,1951680,240,0,0
87359031,12266,1951920,1951920,240,0,0
87369247,12268,1952164,1952164,240,4,0
87379100,12269,1952400,1952404,240,0,4
87389167,12271,1952640,1952640,240,0,0
87399101,12272,1952880,1952880,240,0,0
87409105,12274,1953120,1953120,240,0,0
87419077,12275,1953360,1953360,240,0,0
87429174,12277,1953600,1953600,240,0,0
87439020,12278,1953840,1953840,240,0,0
87449185,12280,1954080,1954080,240,0,0
87459127,12281,1954320,1954320,240,0,0
87469232,12283,1954564,1954564,240,4,0
87479133,12284,1954801,1954804,240,0,3
87489119,12286,1955041,1955041,240,0,0
87499057,12287,1955281,1955281,240,0,0
87509118,12289,1955521,1955521,240,0,0
87519104,12290,1955761,1955761,240,0,0
87529114,12292,1956001,1956001,240,0,0
87539029,12293,1956241,1956241,240,0,0
87549169,12295,1956481,1956481,240,0,0
87559041,12296,1956721,1956721,240,0,0
87569238,12298,1956964,1956964,240,3,0
87579074,12299,1957200,1957204,240,0,4
87589195,12301,1957443,1957443,240,3,0
87599125,12302,1957683,1957683,240,0,0
87609138,12304,1957923,1957923,240,0,0
87619066,12305,1958160,1958163,240,0,3
87629162,12307,1958400,1958400,240,0,0
87639047,12308,1958640,1958640,240,0,0
87649191,12310,1958883,1958883,240,3,0
87659056,12311,1959119,1959123,240,0,4
87669252,12313,1959364,1959364,240,5,0
87679066,12314,1959600,1959604,240,0,4
87689216,12316,1959843,1959843,240,3,0
87699100,12317,1960080,1960083,240,0,3
87709101,12319,1960320,1960320,240,0,0
87719052,12320,1960560,1960560,240,0,0
87729107,12322,1960800,1960800,240,0,0
87739033,12323,1961040,1961040,240,0,0
87749197,12325,1961283,1961283,240,3,0
87759059,12326,1961519,1961523,240,0,4
87769289,12328,1961765,1961765,240,6,0
87779118,12329,1962001,1962005,240,0,4
87789192,12331,1962241,1962241,240,0,0
87799094,12332,1962481,1962481,240,0,0
87809183,12334,1962721,1962721,240,0,0
87819067,12335,1962961,1962961,240,0,0
87829187,12337,1963201,1963201,240,0,0
87839071,12338,1963441,1963441,240,0,0
87849222,12340,1963681,1963681,240,0,0
87859075,12341,1963921,1963921,240,0,0
87869205,12343,1964161,1964161,240,0,0
87879060,12344,1964401,1964401,240,0,0
87889227,12347,1964641,1964641,240,0,0
87899131,12348,1964881,1964881,240,0,0
87909124,12350,1965121,1965121,240,0,0
87919127,12351,1965361,1965361,240,0,0
87929120,12353,1965601,1965601,240,0,0
87939041,12354,1965841,1965841,240,0,0
87949180,12356,1966081,1966081,240,0,0
87959077,12357,1966321,1966321,240,0,0
87969158,12359,1966561,1966561,240,0,0
87979118,12360,1966801,1966801,240,0,0
87989226,12362,1967041,1967041,240,0,0
87999082,12363,1967281,1967281,240,0,0
88009148,12365,1967521,1967521,240,0,0
88019033,12366,1967761,1967761,240,0,0
88029200,12368,1968001,1968001,240,0,0
88038967,12369,1968237,1968241,240,0,4
88049180,12371,1968482,1968482,240,5,0
88059128,12372,1968722,1968722,240,0,0
88069120,12374,1968962,1968962,240,0,0
88079122,12375,1969202,1969202,240,0,0
88089493,12377,1969450,1969450,240,8,0
88099079,12378,1969680,1969690,240,0,10
88109209,12380,1969923,1969923,240,3,0
88119056,12381,1970159,1970163,240,0,4
88129100,12383,1970399,1970399,240,0,0
88139031,12384,1970639,1970639,240,0,0
88149204,12386,1970883,1970883,240,4,0
88159024,12387,1971119,1971123,240,0,4
88169204,12389,1971363,1971363,240,4,0
88179291,12390,1971603,1971603,240,0,0
88189196,12392,1971843,1971843,240,0,0
88199057,12393,1972079,1972083,240,0,4
88209096,12395,1972319,1972319,240,0,0
88219041,12396,1972559,1972559,240,0,0
88229172,12398,1972802,1972802,240,3,0
88239068,12399,1973042,1973042,240,0,0
88249117,12401,1973282,1973282,240,0,0
88259125,12402,1973522,1973522,240,0,0
88269119,12404,1973762,1973762,240,0,0
88278971,12405,1973997,1974002,240,0,5
88289190,12407,1974243,1974243,240,6,0
88299074,12408,1974480,1974483,240,0,3
88309168,12410,1974720,1974720,240,0,0
88319100,12411,1974960,1974960,240,0,0
88329149,12413,1975200,1975200,240,0,0
88339143,12414,1975440,1975440,240,0,0
88349180,12416,1975680,1975680,240,0,0
88359050,12417,1975920,1975920,240,0,0
88369179,12419,1976160,1976160,240,0,0
88379117,12420,1976400,1976400,240,0,0
88389211,12422,1976643,1976643,240,3,0
88399086,12423,1976880,1976883,240,0,3
88409187,12425,1977120,1977120,240,0,0
88419032,12426,1977360,1977360,240,0,0
88429191,12428,1977603,1977603,240,3,0
88439026,12429,1977839,1977843,240,0,4
88449188,12431,1978083,1978083,240,4,0
88459060,12432,1978319,1978323,240,0,4
88469101,12434,1978559,1978559,240,0,0
88479073,12435,1978799,1978799,240,0,0
88489229,12437,1979044,1979044,240,5,0
88499120,12438,1979281,1979284,240,0,3
88509111,12440,1979521,1979521,240,0,0
88519064,12441,1979761,1979761,240,0,0
88529110,12443,1980001,1980001,240,0,0
88539093,12444,1980241,1980241,240,0,0
88549119,12446,1980481,1980481,240,0,0
88559072,12447,1980721,1980721,240,0,0
88569120,12449,1980961,1980961,240,0,0
88579102,12450,1981201,1981201,240,0,0
88589235,12452,1981444,1981444,240,3,0
88599085,12453,1981680,1981684,240,0,4
88609207,12455,1981923,1981923,240,3,0
88619064,12456,1982160,1982163,240,0,3
88629219,12458,1982403,1982403,240,3,0
88639086,12459,1982640,1982643,240,0,3
88649152,12461,1982880,1982880,240,0,0
88659067,12462,1983120,1983120,240,0,0
88669205,12464,1983363,1983363,240,3,0
88679099,12465,1983600,1983603,240,0,3
88689197,12467,1983843,1983843,240,3,0
88699046,12468,1984079,1984083,240,0,4
88709302,12470,1984325,1984325,240,6,0
88719076,12471,1984560,1984565,240,0,5
88729173,12473,1984800,1984800,240,0,0
88739102,12474,1985040,1985040,240,0,0
88749183,12476,1985280,1985280,240,0,0
88759039,12477,1985520,1985520,240,0,0
88769178,12479,1985760,1985760,240,0,0
88779060,12480,1986000,1986000,240,0,0
88789088,12482,1986240,1986240,240,0,0
88799136,12483,1986480,1986480,240,0,0
88809202,12485,1986723,1986723,240,3,0
88819086,12486,1986960,1986963,240,0,3
88829187,12488,1987200,1987200,240,0,0
88839062,12489,1987440,1987440,240,0,0
88849332,12491,1987686,1987686,240,6,0
88859142,12492,1987921,1987926,240,0,5
88869142,12494,1988161,1988161,240,0,0
88879069,12495,1988401,1988401,240,0,0
88889197,12497,1988641,1988641,240,0,0
88899052,12498,1988881,1988881,240,0,0
88909162,12500,1989121,1989121,240,0,0
88919076,12501,1989361,1989361,240,0,0
88929170,12503,1989601,1989601,240,0,0
88939036,12504,1989841,1989841,240,0,0
88949161,12506,1990081,1990081,240,0,0
88959059,12507,1990321,1990321,240,0,0
88969168,12509,1990561,1990561,240,0,0
88979045,12510,1990801,1990801,240,0,0
88989183,12512,1991041,1991041,240,0,0
88999140,12513,1991281,1991281,240,0,0
89009210,12515,1991521,1991521,240,0,0
89019022,12516,1991761,1991761,240,0,0
89029210,12518,1992001,1992001,240,0,0
89039077,12519,1992241,1992241,240,0,0
89049153,12521,1992481,1992481,240,0,0
89059109,12522,1992721,1992721,240,0,0
89069160,12524,1992961,1992961,240,0,0
89079039,12525,1993201,1993201,240,0,0
89089149,12527,1993441,1993441,240,0,0
89099046,12528,1993681,1993681,240,0,0
89109321,12530,1993926,1993926,240,5,0
89119107,12531,1994161,1994166,240,0,5
89129206,12533,1994401,1994401,240,0,0
89139134,12534,1994641,1994641,240,0,0
89149128,12536,1994881,1994881,240,0,0
89159093,12537,1995121,1995121,240,0,0
89169102,12539,1995361,1995361,240,0,0
89179067,12540,1995601,1995601,240,0,0
89189104,12542,1995841,1995841,240,0,0
89199053,12543,1996081,1996081,240,0,0
89209248,12545,1996324,1996324,240,3,0
89219324,12546,1996564,1996564,240,0,0
89229133,12548,1996801,1996804,240,0,3
89239067,12549,1997041,1997041,240,0,0
89249214,12551,1997281,1997281,240,0,0
89259124,12552,1997521,1997521,240,0,0
89269201,12554,1997761,1997761,240,0,0
89279054,12555,1998001,1998001,240,0,0
89289102,12557,1998241,1998241,240,0,0
89299043,12558,1998481,1998481,240,0,0
89309226,12560,1998721,1998721,240,0,0
89319133,12561,1998961,1998961,240,0,0
89329128,12563,1999201,1999201,240,0,0
89339023,12564,1999441,1999441,240,0,0
89349197,12566,1999681,1999681,240,0,0
89359010,12567,1999918,1999921,240,0,3
89369192,12569,2000163,2000163,240,5,0
89379054,12570,2000399,2000403,240,0,4
89389104,12572,2000639,2000639,240,0,0
89399082,12573,2000879,2000879,240,0,0
89409225,12575,2001123,2001123,240,4,0
89419057,12576,2001359,2001363,240,0,4
89429133,12578,2001599,2001599,240,0,0
89439063,12579,2001839,2001839,240,0,0
89449234,12581,2002084,2002084,240,5,0
89459090,12582,2002320,2002324,240,0,4
89469169,12584,2002560,2002560,240,0,0
89479061,12585,2002800,2002800,240,0,0
89489138,12587,2003040,2003040,240,0,0
89499082,12588,2003280,2003280,240,0,0
89509160,12590,2003520,2003520,240,0,0
89519198,12591,2003763,2003763,240,3,0
89529173,12593,2004003,2004003,240,0,0
89539125,12594,2004243,2004243,240,0,0
89549212,12596,2004483,2004483,240,0,0
89559032,12597,2004719,2004723,240,0,4
89569193,12599,2004963,2004963,240,4,0
89579079,12600,2005200,2005203,240,0,3
89589173,12602,2005440,2005440,240,0,0
89599078,12603,2005680,2005680,240,0,0
89609166,12605,2005920,2005920,240,0,0
89619003,12606,2006160,2006160,240,0,0
89629246,12608,2006404,2006404,240,4,0
89639070,12609,2006640,2006644,240,0,4
89649196,12611,2006883,2006883,240,3,0
89659034,12612,2007119,2007123,240,0,4
89669187,12614,2007362,2007362,240,3,0
89679060,12615,2007599,2007602,240,0,3
89689099,12617,2007839,2007839,240,0,0
89698988,12618,2008079,2008079,240,0,0
89709016,12620,2008319,2008319,240,0,0
89719069,12621,2008559,2008559,240,0,0
89729164,12623,2008802,2008802,240,3,0
89739038,12624,2009039,2009042,240,0,3
89749226,12626,2009283,2009283,240,4,0
89759054,12627,2009519,2009523,240,0,4
89769103,12629,2009759,2009759,240,0,0
89779104,12630,2009999,2009999,240,0,0
89789141,12632,2010239,2010239,240,0,0
89799087,12633,2010479,2010479,240,0,0
89809150,12635,2010722,2010722,240,3,0
89819104,12636,2010962,2010962,240,0,0
89829242,12638,2011202,2011202,240,0,0
89839066,12639,2011442,2011442,240,0,0
89849171,12641,2011682,2011682,240,0,0
89859116,12642,2011922,2011922,240,0,0
89869217,12644,2012162,2012162,240,0,0
89879044,12645,2012399,2012402,240,0,3
89889193,12648,2012643,2012643,240,4,0
89899091,12649,2012880,2012883,240,0,3
89909121,12651,2013120,2013120,240,0,0
89919064,12652,2013360,2013360,240,0,0
89929284,12654,2013605,2013605,240,5,0
89939108,12655,2013841,2013845,240,0,4
89949131,12657,2014081,2014081,240,0,0
89959083,12658,2014321,2014321,240,0,0
89969135,12660,2014561,2014561,240,0,0
89979056,12661,2014801,2014801,240,0,0
89989194,12663,2015041,2015041,240,0,0
89999061,12664,2015281,2015281,240,0,0
90009144,12666,2015521,2015521,240,0,0
90019037,12667,2015761,2015761,240,0,0
90029238,12669,2016004,2016004,240,3,0
90039057,12670,2016239,2016244,240,0,5
90049234,12672,2016484,2016484,240,5,0
90059071,12673,2016720,2016724,240,0,4
90069124,12675,2016960,2016960,240,0,0
90079100,12676,2017200,2017200,240,0,0
90089161,12678,2017440,2017440,240,0,0
90099038,12679,2017680,2017680,240,0,0
90109097,12681,2017920,2017920,240,0,0
90119058,12682,2018160,2018160,240,0,0
90129240,12684,2018404,2018404,240,4,0
90139107,12685,2018641,2018644,240,0,3
90149236,12687,2018884,2018884,240,3,0
90159062,12688,2019119,2019124,240,0,5
90169173,12690,2019362,2019362,240,3,0
90179070,12691,2019602,2019602,240,0,0
90189175,12693,2019842,2019842,240,0,0
90199031,12694,2020079,2020082,240,0,3
90209195,12696,2020323,2020323,240,4,0
90219044,12697,2020559,2020563,240,0,4
90229246,12699,2020804,2020804,240,5,0
90239067,12700,2021040,2021044,240,0,4
90249237,12702,2021284,2021284,240,4,0
90259026,12703,2021519,2021524,240,0,5
90269205,12705,2021763,2021763,240,4,0
90279055,12706,2021999,2022003,240,0,4
90289108,12708,2022239,2022239,240,0,0
90299051,12709,2022479,2022479,240,0,0
90309198,12711,2022723,2022723,240,4,0
90319026,12712,2022959,2022963,240,0,4
90329333,12713,2023206,2023206,240,7,0
90339622,12715,2023453,2023453,240,7,0
90349222,12717,2023683,2023693,240,0,10
90359012,12718,2023918,2023923,240,0,5
90369187,12720,2024162,2024162,240,4,0
90379052,12721,2024399,2024402,240,0,3
90389112,12723,2024639,2024639,240,0,0
90399054,12724,2024879,2024879,240,0,0
90409188,12726,2025123,2025123,240,4,0
90419058,12727,2025359,2025363,240,0,4
90429117,12729,2025599,2025599,240,0,0
90439048,12730,2025839,2025839,240,0,0
90449234,12732,2026084,2026084,240,5,0
90459072,12733,2026320,2026324,240,0,4
90469186,12735,2026560,2026560,240,0,0
90479008,12736,2026800,2026800,240,0,0
90489201,12738,2027043,2027043,240,3,0
90499048,12739,2027279,2027283,240,0,4
90509155,12741,2027522,2027522,240,3,0
90519062,12742,2027759,2027762,240,0,3
90529160,12744,2028002,2028002,240,3,0
90539033,12745,2028239,2028242,240,0,3
90549222,12747,2028483,2028483,240,4,0
90559040,12748,2028719,2028723,240,0,4
90569193,12750,2028963,2028963,240,4,0
90579058,12751,2029199,2029203,240,0,4
90589191,12753,2029443,2029443,240,4,0
90599037,12754,2029679,2029683,240,0,4
90609183,12756,2029922,2029922,240,3,0
90619015,12757,2030158,2030162,240,0,4
90629188,12759,2030403,2030403,240,5,0
90639136,12760,2030643,2030643,240,0,0
90649206,12762,2030883,2030883,240,0,0
90659035,12763,2031119,2031123,240,0,4
90669216,12765,2031363,2031363,240,4,0
90679055,12766,2031599,2031603,240,0,4
90689188,12768,2031843,2031843,240,4,0
90699042,12769,2032079,2032083,240,0,4
90709170,12771,2032322,2032322,240,3,0
90719050,12772,2032559,2032562,240,0,3
90729195,12774,2032803,2032803,240,4,0
90739374,12775,2033047,2033047,240,4,0
90749179,12777,2033282,2033287,240,0,5
90759049,12778,2033519,2033522,240,0,3
90769197,12780,2033763,2033763,240,4,0
90779112,12781,2034003,2034003,240,0,0
90789186,12783,2034243,2034243,240,0,0
90799083,12784,2034480,2034483,240,0,3
90809182,12786,2034720,2034720,240,0,0
90819020,12787,2034960,2034960,240,0,0
90829183,12789,2035200,2035200,240,0,0
90839116,12790,2035440,2035440,240,0,0
90849439,12792,2035689,2035689,240,9,0
90859149,12793,2035922,2035929,240,0,7
90869170,12795,2036162,2036162,240,0,0
90879071,12796,2036402,2036402,240,0,0
90889123,12798,2036642,2036642,240,0,0
90899079,12799,2036882,2036882,240,0,0
90909087,12801,2037122,2037122,240,0,0
90919085,12802,2037362,2037362,240,0,0
90929137,12804,2037602,2037602,240,0,0
90939091,12805,2037842,2037842,240,0,0
90949257,12807,2038082,2038082,240,0,0
90959109,12808,2038322,2038322,240,0,0
90969104,12810,2038562,2038562,240,0,0
90979067,12811,2038802,2038802,240,0,0
90989137,12813,2039042,2039042,240,0,0
90999103,12814,2039282,2039282,240,0,0
91009181,12816,2039522,2039522,240,0,0
91019055,12817,2039759,2039762,240,0,3
91029187,12819,2040002,2040002,240,3,0
91039147,12820,2040242,2040242,240,0,0
91049247,12822,2040482,2040482,240,0,0
91059073,12823,2040722,2040722,240,0,0
91069156,12825,2040962,2040962,240,0,0
91079046,12826,2041199,2041202,240,0,3
91089191,12828,2041443,2041443,240,4,0
91099105,12829,2041683,2041683,240,0,0
91109186,12831,2041923,2041923,240,0,0
91119032,12832,2042159,2042163,240,0,4
91129187,12834,2042402,2042402,240,3,0
91139036,12835,2042639,2042642,240,0,3
91149249,12837,2042884,2042884,240,5,0
91159129,12838,2043121,2043124,240,0,3
91169126,12840,2043361,2043361,240,0,0
91179045,12841,2043601,2043601,240,0,0
91189153,12843,2043841,2043841,240,0,0
91199037,12844,2044081,2044081,240,0,0
91209188,12846,2044321,2044321,240,0,0
91219005,12847,2044558,2044561,240,0,3
91229179,12849,2044802,2044802,240,4,0
91239066,12850,2045042,2045042,240,0,0
91249197,12852,2045282,2045282,240,0,0
91259126,12853,2045522,2045522,240,0,0
91269198,12855,2045762,2045762,240,0,0
91279092,12856,2046002,2046002,240,0,0
91289115,12858,2046242,2046242,240,0,0
91299103,12859,2046482,2046482,240,0,0
91309133,12861,2046722,2046722,240,0,0
91319056,12862,2046959,2046962,240,0,3
91329139,12864,2047199,2047199,240,0,0
91339013,12865,2047439,2047439,240,0,0
91349194,12867,2047683,2047683,240,4,0
91359020,12868,2047918,2047923,240,0,5
91369232,12870,2048164,2048164,240,6,0
91379044,12871,2048399,2048404,240,0,5
91389184,12873,2048642,2048642,240,3,0
91399061,12874,2048879,2048882,240,0,3
91409197,12876,2049123,2049123,240,4,0
91419079,12877,2049360,2049363,240,0,3
91429181,12879,2049600,2049600,240,0,0
91439068,12880,2049840,2049840,240,0,0
91449118,12882,2050080,2050080,240,0,0
91459064,12883,2050320,2050320,240,0,0
91469420,12885,2050568,2050568,240,8,0
91479108,12886,2050801,2050808,240,0,7
91489178,12888,2051041,2051041,240,0,0
91499022,12889,2051281,2051281,240,0,0
91509188,12891,2051521,2051521,240,0,0
91519097,12892,2051761,2051761,240,0,0
91529156,12894,2052001,2052001,240,0,0
91539051,12895,2052241,2052241,240,0,0
91549162,12897,2052481,2052481,240,0,0
91559109,12898,2052721,2052721,240,0,0
91569216,12900,2052961,2052961,240,0,0
91579014,12901,2053198,2053201,240,0,3
91589183,12903,2053442,2053442,240,4,0
91599122,12904,2053682,2053682,240,0,0
91609182,12906,2053922,2053922,240,0,0
91619058,12907,2054159,2054162,240,0,3
91629191,12909,2054403,2054403,240,4,0
91639045,12910,2054639,2054643,240,0,4
91649204,12912,2054883,2054883,240,4,0
91659056,12913,2055119,2055123,240,0,4
91669278,12915,2055365,2055365,240,6,0
91679157,12916,2055602,2055605,240,0,3
91689182,12918,2055842,2055842,240,0,0
91699028,12919,2056079,2056082,240,0,3
91709188,12921,2056323,2056323,240,4,0
91719080,12922,2056560,2056563,240,0,3
91729197,12924,2056803,2056803,240,3,0
91739072,12925,2057040,2057043,240,0,3
91749135,12927,2057280,2057280,240,0,0
91759056,12928,2057520,2057520,240,0,0
91769220,12930,2057763,2057763,240,3,0
91779087,12931,2058000,2058003,240,0,3
91789196,12933,2058243,2058243,240,3,0
91799029,12934,2058479,2058483,240,0,4
91809193,12936,2058723,2058723,240,4,0
91819062,12937,2058959,2058963,240,0,4
91829109,12939,2059199,2059199,240,0,0
91839042,12940,2059439,2059439,240,0,0
91849218,12942,2059683,2059683,240,4,0
91859112,12943,2059923,2059923,240,0,0
91869266,12945,2060163,2060163,240,0,0
91879107,12946,2060403,2060403,240,0,0
91889118,12949,2060643,2060643,240,0,0
91899090,12950,2060880,2060883,240,0,3
91909133,12952,2061120,2061120,240,0,0
91919083,12953,2061360,2061360,240,0,0
91929186,12955,2061600,2061600,240,0,0
91939087,12956,2061840,2061840,240,0,0
91949132,12958,2062080,2062080,240,0,0
91959053,12959,2062320,2062320,240,0,0
91969235,12961,2062564,2062564,240,4,0
91979073,12962,2062800,2062804,240,0,4
91989197,12964,2063043,2063043,240,3,0
91999073,12965,2063280,2063283,240,0,3
92009156,12967,2063520,2063520,240,0,0
92019047,12968,2063760,2063760,240,0,0
92029182,12970,2064000,2064000,240,0,0
92039039,12971,2064240,2064240,240,0,0
92049213,12973,2064483,2064483,240,3,0
92059078,12974,2064720,2064723,240,0,3
92069112,12976,2064960,2064960,240,0,0
92079229,12977,2065204,2065204,240,4,0
92089214,12979,2065444,2065444,240,0,0
92099008,12980,2065678,2065684,240,0,6
92109184,12982,2065922,2065922,240,4,0
92119025,12983,2066159,2066162,240,0,3
92129190,12985,2066403,2066403,240,4,0
92139099,12986,2066640,2066643,240,0,3
92149149,12988,2066880,2066880,240,0,0
92159092,12989,2067120,2067120,240,0,0
92169130,12991,2067360,2067360,240,0,0
92179070,12992,2067600,2067600,240,0,0
92189228,12994,2067843,2067843,240,3,0
92199105,12995,2068083,2068083,240,0,0
92209173,12997,2068323,2068323,240,0,0
92219076,12998,2068560,2068563,240,0,3
92229188,13000,2068803,2068803,240,3,0
92239060,13001,2069039,2069043,240,0,4
92249185,13003,2069282,2069282,240,3,0
92259112,13004,2069522,2069522,240,0,0
92269242,13006,2069762,2069762,240,0,0
92279047,13007,2069999,2070002,240,0,3
92289210,13009,2070243,2070243,240,4,0
92299045,13010,2070479,2070483,240,0,4
92309165,13012,2070722,2070722,240,3,0
92319080,13013,2070962,2070962,240,0,0
92329115,13015,2071202,2071202,240,0,0
92339068,13016,2071442,2071442,240,0,0
92349111,13018,2071682,2071682,240,0,0
92359019,13019,2071918,2071922,240,0,4
92369199,13021,2072163,2072163,240,5,0
92379126,13022,2072403,2072403,240,0,0
92389116,13024,2072643,2072643,240,0,0
92399039,13025,2072879,2072883,240,0,4
92409178,13027,2073122,2073122,240,3,0
92419027,13028,2073359,2073362,240,0,3
92429174,13030,2073602,2073602,240,3,0
92439028,13031,2073839,2073842,240,0,3
92449198,13033,2074083,2074083,240,4,0
92459057,13034,2074319,2074323,240,0,4
92469124,13036,2074559,2074559,240,0,0
92479094,13037,2074799,2074799,240,0,0
92489282,13039,2075045,2075045,240,6,0
92499035,13040,2075279,2075285,240,0,6
92509194,13042,2075523,2075523,240,4,0
92519055,13043,2075759,2075763,240,0,4
92529194,13045,2076003,2076003,240,4,0
92539056,13046,2076239,2076243,240,0,4
92549171,13048,2076482,2076482,240,3,0
92559058,13049,2076719,2076722,240,0,3
92569180,13051,2076962,2076962,240,3,0
92579016,13052,2077198,2077202,240,0,4
92589252,13054,2077444,2077444,240,6,0
92599380,13055,2077687,2077687,240,3,0
92609193,13057,2077923,2077927,240,0,4
92619073,13058,2078160,2078163,240,0,3
92629190,13060,2078403,2078403,240,3,0
92639103,13061,2078640,2078643,240,0,3
92649201,13063,2078883,2078883,240,3,0
92659082,13064,2079120,2079123,240,0,3
92669113,13066,2079360,2079360,240,0,0
92679063,13067,2079600,2079600,240,0,0
92689288,13069,2079845,2079845,240,5,0
92699093,13070,2080080,2080085,240,0,5
92709181,13072,2080320,2080320,240,0,0
92719084,13073,2080560,2080560,240,0,0
92729139,13075,2080800,2080800,240,0,0
92739106,13076,2081040,2081040,240,0,0
92749110,13078,2081280,2081280,240,0,0
92759116,13079,2081520,2081520,240,0,0
92769178,13081,2081760,2081760,240,0,0
92779084,13082,2082000,2082000,240,0,0
92789254,13084,2082244,2082244,240,4,0
92799048,13085,2082479,2082484,240,0,5
92809209,13087,2082723,2082723,240,4,0
92819059,13088,2082959,2082963,240,0,4
92829136,13090,2083199,2083199,240,0,0
92839084,13091,2083439,2083439,240,0,0
92849235,13093,2083684,2083684,240,5,0
92859297,13094,2083924,2083924,240,0,0
92869160,13096,2084164,2084164,240,0,0
92879062,13097,2084399,2084404,240,0,5
92889426,13099,2084648,2084648,240,9,0
92899136,13100,2084881,2084888,240,0,7
92909182,13102,2085121,2085121,240,0,0
92919047,13103,2085361,2085361,240,0,0
92929113,13105,2085601,2085601,240,0,0
92939073,13106,2085841,2085841,240,0,0
92949168,13108,2086081,2086081,240,0,0
92959042,13109,2086321,2086321,240,0,0
92969176,13111,2086561,2086561,240,0,0
92979033,13112,2086801,2086801,240,0,0
92989183,13114,2087041,2087041,240,0,0
92999053,13115,2087281,2087281,240,0,0
93009215,13117,2087521,2087521,240,0,0
93019080,13118,2087761,2087761,240,0,0
93029145,13120,2088001,2088001,240,0,0
93039069,13121,2088241,2088241,240,0,0
93049113,13123,2088481,2088481,240,0,0
93059075,13124,2088721,2088721,240,0,0
93069181,13126,2088961,2088961,240,0,0
93079061,13127,2089201,2089201,240,0,0
93089183,13129,2089441,2089441,240,0,0
93099140,13130,2089681,2089681,240,0,0
93109217,13132,2089921,2089921,240,0,0
93119072,13133,2090161,2090161,240,0,0
93129131,13135,2090401,2090401,240,0,0
93139108,13136,2090641,2090641,240,0,0
93149197,13138,2090881,2090881,240,0,0
93159063,13139,2091121,2091121,240,0,0
93169187,13141,2091361,2091361,240,0,0
93179054,13142,2091601,2091601,240,0,0
93189119,13144,2091841,2091841,240,0,0
93199209,13145,2092081,2092081,240,0,0
93209150,13147,2092321,2092321,240,0,0
93219073,13148,2092561,2092561,240,0,0
93229165,13150,2092801,2092801,240,0,0
93239087,13151,2093041,2093041,240,0,0
93249134,13153,2093281,2093281,240,0,0
93259092,13154,2093521,2093521,240,0,0
93269184,13156,2093761,2093761,240,0,0
93279011,13157,2093998,2094001,240,0,3
93289195,13159,2094243,2094243,240,5,0
93299417,13160,2094488,2094488,240,5,0
93309236,13162,2094724,2094728,240,0,4
93319102,13163,2094960,2094964,240,0,4
93329154,13165,2095200,2095200,240,0,0
93339119,13166,2095440,2095440,240,0,0
93349170,13168,2095680,2095680,240,0,0
93359043,13169,2095920,2095920,240,0,0
93369149,13171,2096160,2096160,240,0,0
93378992,13172,2096400,2096400,240,0,0
93389197,13174,2096643,2096643,240,3,0
93399010,13175,2096878,2096883,240,0,5
93409248,13177,2097124,2097124,240,6,0
93419082,13178,2097360,2097364,240,0,4
93429190,13180,2097603,2097603,240,3,0
93439076,13181,2097840,2097843,240,0,3
93449121,13183,2098080,2098080,240,0,0
93459126,13184,2098320,2098320,240,0,0
93469160,13186,2098560,2098560,240,0,0
93479027,13187,2098800,2098800,240,0,0
93489177,13189,2099040,2099040,240,0,0
93499046,13190,2099280,2099280,240,0,0
93509228,13192,2099523,2099523,240,3,0
93519068,13193,2099760,2099763,240,0,3
93529205,13195,2100003,2100003,240,3,0
93539021,13196,2100239,2100243,240,0,4
93549193,13198,2100483,2100483,240,4,0
93559028,13199,2100719,2100723,240,0,4
93569195,13201,2100963,2100963,240,4,0
93579043,13202,2101199,2101203,240,0,4
93589200,13204,2101443,2101443,240,4,0
93599118,13205,2101683,2101683,240,0,0
93609247,13207,2101923,2101923,240,0,0
93619098,13208,2102160,2102163,240,0,3
93629168,13210,2102400,2102400,240,0,0
93639118,13211,2102640,2102640,240,0,0
93649171,13213,2102880,2102880,240,0,0
93659062,13214,2103120,2103120,240,0,0
93669198,13216,2103363,2103363,240,3,0
93678999,13217,2103598,2103603,240,0,5
93689198,13219,2103843,2103843,240,5,0
93699007,13220,2104078,2104083,240,0,5
93709283,13222,2104325,2104325,240,7,0
93719458,13223,2104569,2104569,240,4,0
93729145,13225,2104801,2104809,240,0,8
93739088,13226,2105041,2105041,240,0,0
93749165,13228,2105281,2105281,240,0,0
93758999,13229,2105518,2105521,240,0,3
93769186,13231,2105762,2105762,240,4,0
93779065,13232,2106002,2106002,240,0,0
93789126,13234,2106242,2106242,240,0,0
93799022,13235,2106479,2106482,240,0,3
93809202,13237,2106723,2106723,240,4,0
93819169,13238,2106963,2106963,240,0,0
93829188,13240,2107203,2107203,240,0,0
93839085,13241,2107440,2107443,240,0,3
93849192,13243,2107683,2107683,240,3,0
93859152,13244,2107923,2107923,240,0,0
93869214,13246,2108163,2108163,240,0,0
93879103,13247,2108400,2108403,240,0,3
93889132,13250,2108640,2108640,240,0,0
93899105,13251,2108880,2108880,240,0,0
93909198,13253,2109123,2109123,240,3,0
93919045,13254,2109359,2109363,240,0,4
93929222,13256,2109603,2109603,240,4,0
93939099,13257,2109840,2109843,240,0,3
93949130,13259,2110080,2110080,240,0,0
93959068,13260,2110320,2110320,240,0,0
93969202,13262,2110563,2110563,240,3,0
93979053,13263,2110799,2110803,240,0,4
93989190,13265,2111043,2111043,240,4,0
93999035,13266,2111279,2111283,240,0,4
94009180,13268,2111522,2111522,240,3,0
94019178,13269,2111762,2111762,240,0,0
94029221,13271,2112002,2112002,240,0,0
94039076,13272,2112242,2112242,240,0,0
94049174,13274,2112482,2112482,240,0,0
94059066,13275,2112722,2112722,240,0,0
94069106,13277,2112962,2112962,240,0,0
94079100,13278,2113202,2113202,240,0,0
94089177,13280,2113442,2113442,240,0,0
94099067,13281,2113682,2113682,240,0,0
94109189,13283,2113922,2113922,240,0,0
94119150,13284,2114162,2114162,240,0,0
94129218,13286,2114402,2114402,240,0,0
94139071,13287,2114642,2114642,240,0,0
94149184,13289,2114882,2114882,240,0,0
94159031,13290,2115119,2115122,240,0,3
94169177,13292,2115362,2115362,240,3,0
94179086,13293,2115602,2115602,240,0,0
94189180,13295,2115842,2115842,240,0,0
94199025,13296,2116079,2116082,240,0,3
94209184,13298,2116322,2116322,240,3,0
94219010,13299,2116558,2116562,240,0,4
94229332,13301,2116806,2116806,240,8,0
94239102,13302,2117040,2117046,240,0,6
94249131,13304,2117280,2117280,240,0,0
94259023,13305,2117520,2117520,240,0,0
94269197,13307,2117763,2117763,240,3,0
94279024,13308,2117999,2118003,240,0,4
94289160,13310,2118242,2118242,240,3,0
94299026,13311,2118479,2118482,240,0,3
94309192,13313,2118723,2118723,240,4,0
94319014,13314,2118958,2118963,240,0,5
94329278,13316,2119205,2119205,240,7,0
94339068,13317,2119440,2119445,240,0,5
94349191,13319,2119683,2119683,240,3,0
94359085,13320,2119920,2119923,240,0,3
94369098,13322,2120160,2120160,240,0,0
94379110,13323,2120400,2120400,240,0,0
94389126,13325,2120640,2120640,240,0,0
94399095,13326,2120880,2120880,240,0,0
94409125,13328,2121120,2121120,240,0,0
94419032,13329,2121360,2121360,240,0,0
94429266,13331,2121604,2121604,240,4,0
94439112,13332,2121841,2121844,240,0,3
94449161,13334,2122081,2122081,240,0,0
94459077,13335,2122321,2122321,240,0,0
94469190,13337,2122561,2122561,240,0,0
94479015,13338,2122798,2122801,240,0,3
94489198,13340,2123043,2123043,240,5,0
94499105,13341,2123283,2123283,240,0,0
94509111,13343,2123523,2123523,240,0,0
94519050,13344,2123759,2123763,240,0,4
94529255,13346,2124004,2124004,240,5,0
94539026,13347,2124239,2124244,240,0,5
94549205,13349,2124483,2124483,240,4,0
94559033,13350,2124719,2124723,240,0,4
94569197,13352,2124963,2124963,240,4,0
94579087,13353,2125200,2125203,240,0,3
94589128,13355,2125440,2125440,240,0,0
94599038,13356,2125680,2125680,240,0,0
94609190,13358,2125923,2125923,240,3,0
94619083,13359,2126160,2126163,240,0,3
94629180,13361,2126400,2126400,240,0,0
94639198,13362,2126643,2126643,240,3,0
94649205,13364,2126883,2126883,240,0,0
94659070,13365,2127120,2127123,240,0,3
94669138,13367,2127360,2127360,240,0,0
94679029,13368,2127600,2127600,240,0,0
94689189,13370,2127843,2127843,240,3,0
94699054,13371,2128079,2128083,240,0,4
94709192,13373,2128323,2128323,240,4,0
94719006,13374,2128558,2128563,240,0,5
94729207,13376,2128803,2128803,240,5,0
94739177,13377,2129043,2129043,240,0,0
94749237,13379,2129283,2129283,240,0,0
94759044,13380,2129519,2129523,240,0,4
94769185,13382,2129762,2129762,240,3,0
94779044,13383,2129999,2130002,240,0,3
94789193,13385,2130243,2130243,240,4,0
94799068,13386,2130480,2130483,240,0,3
94809174,13388,2130720,2130720,240,0,0
94819024,13389,2130960,2130960,240,0,0
94829182,13391,2131200,2131200,240,0,0
94839108,13392,2131440,2131440,240,0,0
94849467,13394,2131689,2131689,240,9,0
94859214,13395,2131923,2131929,240,0,6
94869217,13397,2132163,2132163,240,0,0
94879069,13398,2132400,2132403,240,0,3
94889170,13400,2132640,2132640,240,0,0
94899060,13401,2132880,2132880,240,0,0
94909140,13403,2133120,2133120,240,0,0
94919095,13404,2133360,2133360,240,0,0
94929128,13406,2133600,2133600,240,0,0
94939153,13407,2133840,2133840,240,0,0
94949224,13409,2134083,2134083,240,3,0
94959040,13410,2134319,2134323,240,0,4
94969165,13412,2134562,2134562,240,3,0
94979057,13413,2134799,2134802,240,0,3
94989200,13415,2135043,2135043,240,4,0
94999053,13416,2135279,2135283,240,0,4
95009195,13418,2135523,2135523,240,4,0
95019040,13419,2135759,2135763,240,0,4
95029200,13421,2136003,2136003,240,4,0
95039028,13422,2136239,2136243,240,0,4
95049287,13424,2136485,2136485,240,6,0
95059067,13425,2136720,2136725,240,0,5
95069227,13427,2136963,2136963,240,3,0
95079021,13428,2137199,2137203,240,0,4
95089199,13430,2137443,2137443,240,4,0
95099058,13431,2137679,2137683,240,0,4
95109131,13433,2137919,2137919,240,0,0
95119045,13434,2138159,2138159,240,0,0
95129154,13436,2138402,2138402,240,3,0
95139033,13437,2138639,2138642,240,0,3
95149254,13439,2138884,2138884,240,5,0
95159050,13440,2139119,2139124,240,0,5
95169097,13442,2139359,2139359,240,0,0
95179095,13443,2139599,2139599,240,0,0
95189206,13445,2139843,2139843,240,4,0
95199071,13446,2140080,2140083,240,0,3
95209133,13448,2140320,2140320,240,0,0
95219029,13449,2140560,2140560,240,0,0
95229191,13451,2140803,2140803,240,3,0
95239062,13452,2141039,2141043,240,0,4
95249226,13454,2141283,2141283,240,4,0
95259142,13455,2141523,2141523,240,0,0
95269163,13457,2141763,2141763,240,0,0
95279041,13458,2141999,2142003,240,0,4
95289209,13460,2142243,2142243,240,4,0
95299036,13461,2142479,2142483,240,0,4
95309213,13463,2142723,2142723,240,4,0
95319044,13464,2142959,2142963,240,0,4
95329201,13466,2143203,2143203,240,4,0
95339032,13467,2143439,2143443,240,0,4
95349254,13469,2143684,2143684,240,5,0
95359068,13470,2143920,2143924,240,0,4
95369144,13472,2144160,2144160,240,0,0
95379008,13473,2144400,2144400,240,0,0
95389223,13475,2144643,2144643,240,3,0
95399044,13476,2144879,2144883,240,0,4
95409196,13478,2145123,2145123,240,4,0
95419054,13479,2145359,2145363,240,0,4
95429193,13481,2145603,2145603,240,4,0
95439051,13482,2145839,2145843,240,0,4
95449117,13484,2146079,2146079,240,0,0
95459243,13485,2146324,2146324,240,5,0
95469140,13487,2146561,2146564,240,0,3
95479050,13488,2146801,2146801,240,0,0
95489197,13490,2147041,2147041,240,0,0
95499079,13491,2147281,2147281,240,0,0
95509113,13493,2147521,2147521,240,0,0
95519270,13494,2147764,2147764,240,3,0
95529254,13496,2148004,2148004,240,0,0
95539131,13497,2148241,2148244,240,0,3
95549100,13499,2148481,2148481,240,0,0
95559025,13500,2148721,2148721,240,0,0
95569222,13502,2148961,2148961,240,0,0
95579068,13503,2149201,2149201,240,0,0
95589164,13505,2149441,2149441,240,0,0
95599120,13506,2149681,2149681,240,0,0
95609197,13508,2149921,2149921,240,0,0
95619013,13509,2150158,2150161,240,0,3
95629159,13511,2150402,2150402,240,4,0
95639042,13512,2150639,2150642,240,0,3
95649187,13514,2150882,2150882,240,3,0
95659134,13515,2151122,2151122,240,0,0
95669162,13517,2151362,2151362,240,0,0
95679029,13518,2151599,2151602,240,0,3
95689189,13520,2151843,2151843,240,4,0
95699061,13521,2152079,2152083,240,0,4
95709182,13523,2152322,2152322,240,3,0
95718970,13524,2152557,2152562,240,0,5
95729194,13526,2152803,2152803,240,6,0
95739073,13527,2153040,2153043,240,0,3
95749167,13529,2153280,2153280,240,0,0
95759138,13530,2153520,2153520,240,0,0
95769230,13532,2153764,2153764,240,4,0
95779051,13533,2153999,2154004,240,0,5
95789197,13535,2154243,2154243,240,4,0
95799086,13536,2154480,2154483,240,0,3
95809188,13538,2154723,2154723,240,3,0
95819056,13539,2154959,2154963,240,0,4
95829186,13541,2155202,2155202,240,3,0
95839066,13542,2155442,2155442,240,0,0
95849216,13544,2155682,2155682,240,0,0
95859433,13545,2155928,2155928,240,6,0
95869225,13547,2156163,2156168,240,0,5
95879086,13548,2156400,2156403,240,0,3
95889210,13551,2156643,2156643,240,3,0
95899090,13552,2156880,2156883,240,0,3
95909170,13554,2157120,2157120,240,0,0
95919113,13555,2157360,2157360,240,0,0
95929193,13557,2157603,2157603,240,3,0
95939113,13558,2157843,2157843,240,0,0
95949136,13560,2158083,2158083,240,0,0
95959045,13561,2158319,2158323,240,0,4
95969271,13563,2158565,2158565,240,6,0
95979328,13564,2158805,2158805,240,0,0
95989191,13566,2159045,2159045,240,0,0
95999022,13567,2159279,2159285,240,0,6
96009177,13569,2159522,2159522,240,3,0
96019105,13570,2159762,2159762,240,0,0
96029111,13572,2160002,2160002,240,0,0
96039104,13573,2160242,2160242,240,0,0
96049158,13575,2160482,2160482,240,0,0
96059077,13576,2160722,2160722,240,0,0
96069216,13578,2160962,2160962,240,0,0
96079091,13579,2161202,2161202,240,0,0
96089195,13581,2161442,2161442,240,0,0
96099092,13582,2161682,2161682,240,0,0
96109153,13584,2161922,2161922,240,0,0
96119015,13585,2162158,2162162,240,0,4
96129193,13587,2162403,2162403,240,5,0
96139104,13588,2162643,2162643,240,0,0
96149187,13590,2162883,2162883,240,0,0
96159071,13591,2163120,2163123,240,0,3
96169236,13593,2163364,2163364,240,4,0
96179100,13594,2163600,2163604,240,0,4
96189168,13596,2163840,2163840,240,0,0
96199016,13597,2164080,2164080,240,0,0
96209222,13599,2164323,2164323,240,3,0
96219033,13600,2164559,2164563,240,0,4
96229199,13602,2164803,2164803,240,4,0
96239043,13603,2165039,2165043,240,0,4
96249207,13605,2165283,2165283,240,4,0
96259063,13606,2165520,2165523,240,0,3
96269251,13608,2165764,2165764,240,4,0
96279066,13609,2166000,2166004,240,0,4
96289217,13611,2166243,2166243,240,3,0
96299065,13612,2166480,2166483,240,0,3
96309104,13614,2166720,2166720,240,0,0
96319043,13615,2166960,2166960,240,0,0
96329195,13617,2167203,2167203,240,3,0
96339074,13618,2167440,2167443,240,0,3
96349193,13620,2167683,2167683,240,3,0
96359025,13621,2167919,2167923,240,0,4
96369210,13623,2168163,2168163,240,4,0
96379034,13624,2168399,2168403,240,0,4
96389234,13626,2168644,2168644,240,5,0
96399066,13627,2168880,2168884,240,0,4
96409170,13629,2169120,2169120,240,0,0
96419070,13630,2169360,2169360,240,0,0
96429134,13632,2169600,2169600,240,0,0
96439098,13633,2169840,2169840,240,0,0
96449164,13635,2170080,2170080,240,0,0
96459094,13636,2170320,2170320,240,0,0
96469195,13638,2170563,2170563,240,3,0
96479101,13639,2170800,2170803,240,0,3
96489234,13641,2171044,2171044,240,4,0
96499137,13642,2171281,2171284,240,0,3
96509181,13644,2171521,2171521,240,0,0
96519020,13645,2171758,2171761,240,0,3
96529201,13647,2172003,2172003,240,5,0
96539048,13648,2172239,2172243,240,0,4
96549176,13650,2172482,2172482,240,3,0
96559006,13651,2172718,2172722,240,0,4
96569179,13653,2172962,2172962,240,4,0
96579108,13654,2173202,2173202,240,0,0
96589178,13656,2173442,2173442,240,0,0
96599072,13657,2173682,2173682,240,0,0
96609186,13659,2173922,2173922,240,0,0
96619072,13660,2174162,2174162,240,0,0
96629136,13662,2174402,2174402,240,0,0
96639036,13663,2174639,2174642,240,0,3
96649174,13665,2174882,2174882,240,3,0
96659085,13666,2175122,2175122,240,0,0
96669131,13668,2175362,2175362,240,0,0
96679148,13669,2175602,2175602,240,0,0
96689174,13671,2175842,2175842,240,0,0
96699129,13672,2176082,2176082,240,0,0
96709138,13674,2176322,2176322,240,0,0
96719076,13675,2176562,2176562,240,0,0
96729194,13677,2176802,2176802,240,0,0
96739057,13678,2177039,2177042,240,0,3
96749192,13680,2177283,2177283,240,4,0
96759062,13681,2177519,2177523,240,0,4
96769156,13683,2177762,2177762,240,3,0
96779098,13684,2178002,2178002,240,0,0
96789242,13686,2178242,2178242,240,0,0
96799103,13687,2178482,2178482,240,0,0
96809152,13689,2178722,2178722,240,0,0
96819054,13690,2178959,2178962,240,0,3
96829191,13692,2179203,2179203,240,4,0
96839037,13693,2179439,2179443,240,0,4
96849227,13695,2179683,2179683,240,4,0
96859091,13696,2179920,2179923,240,0,3
96869377,13698,2180167,2180167,240,7,0
96879078,13699,2180400,2180407,240,0,7
96889259,13701,2180644,2180644,240,4,0
96899066,13702,2180880,2180884,240,0,4
96909211,13704,2181123,2181123,240,3,0
96919098,13705,2181360,2181363,240,0,3
96929186,13707,2181600,2181600,240,0,0
96939050,13708,2181840,2181840,240,0,0
96949130,13710,2182080,2182080,240,0,0
96959076,13711,2182320,2182320,240,0,0
96969197,13713,2182563,2182563,240,3,0
96979070,13714,2182800,2182803,240,0,3
96989231,13716,2183044,2183044,240,4,0
96999147,13717,2183284,2183284,240,0,0
97009140,13719,2183521,2183524,240,0,3
97019081,13720,2183761,2183761,240,0,0
97029151,13722,2184001,2184001,240,0,0
97039079,13723,2184241,2184241,240,0,0
97049136,13725,2184481,2184481,240,0,0
97059076,13726,2184721,2184721,240,0,0
97069184,13728,2184961,2184961,240,0,0
97079079,13729,2185201,2185201,240,0,0
97089226,13731,2185441,2185441,240,0,0
97099412,13732,2185688,2185688,240,7,0
97109127,13734,2185921,2185928,240,0,7
97119056,13735,2186161,2186161,240,0,0
97129197,13737,2186401,2186401,240,0,0
97139054,13738,2186641,2186641,240,0,0
97149179,13740,2186881,2186881,240,0,0
97159083,13741,2187121,2187121,240,0,0
97169163,13743,2187361,2187361,240,0,0
97179040,13744,2187601,2187601,240,0,0
97189197,13746,2187841,2187841,240,0,0
97199018,13747,2188078,2188081,240,0,3
97209215,13749,2188323,2188323,240,5,0
97219032,13750,2188559,2188563,240,0,4
97229194,13752,2188803,2188803,240,4,0
97239040,13753,2189039,2189043,240,0,4
97249191,13755,2189283,2189283,240,4,0
97259405,13756,2189528,2189528,240,5,0
97269269,13758,2189764,2189768,240,0,4
97279120,13759,2190001,2190004,240,0,3
97289112,13761,2190241,2190241,240,0,0
97299061,13762,2190481,2190481,240,0,0
97309145,13764,2190721,2190721,240,0,0
97319077,13765,2190961,2190961,240,0,0
97329126,13767,2191201,2191201,240,0,0
97339071,13768,2191441,2191441,240,0,0
97349115,13770,2191681,2191681,240,0,0
97359087,13771,2191921,2191921,240,0,0
97369123,13773,2192161,2192161,240,0,0
97379123,13774,2192401,2192401,240,0,0
97389176,13776,2192641,2192641,240,0,0
97399097,13777,2192881,2192881,240,0,0
97409197,13779,2193121,2193121,240,0,0
97419006,13780,2193358,2193361,240,0,3
97429170,13782,2193602,2193602,240,4,0
97439079,13783,2193842,2193842,240,0,0
97449165,13785,2194082,2194082,240,0,0
97459058,13786,2194319,2194322,240,0,3
97469168,13788,2194562,2194562,240,3,0
97479059,13789,2194799,2194802,240,0,3
97489173,13791,2195042,2195042,240,3,0
97499131,13792,2195282,2195282,240,0,0
97509208,13794,2195522,2195522,240,0,0
97519039,13795,2195759,2195762,240,0,3
97529174,13797,2196002,2196002,240,3,0
97539020,13798,2196238,2196242,240,0,4
97549176,13800,2196482,2196482,240,4,0
97559038,13801,2196719,2196722,240,0,3
97569174,13803,2196962,2196962,240,3,0
97579051,13804,2197199,2197202,240,0,3
97589130,13806,2197439,2197439,240,0,0
97599007,13807,2197679,2197679,240,0,0
97609271,13809,2197925,2197925,240,6,0
97619045,13810,2198159,2198165,240,0,6
97629156,13812,2198402,2198402,240,3,0
97639076,13813,2198642,2198642,240,0,0
97649117,13815,2198882,2198882,240,0,0
97659082,13816,2199122,2199122,240,0,0
97669187,13818,2199362,2199362,240,0,0
97679080,13819,2199602,2199602,240,0,0
97689135,13821,2199842,2199842,240,0,0
97699086,13822,2200082,2200082,240,0,0
97709228,13824,2200322,2200322,240,0,0
97719061,13825,2200559,2200562,240,0,3
97729126,13827,2200799,2200799,240,0,0
97739094,13828,2201039,2201039,240,0,0
97749111,13830,2201279,2201279,240,0,0
97759045,13831,2201519,2201519,240,0,0
97769172,13833,2201762,2201762,240,3,0
97779068,13834,2202002,2202002,240,0,0
97789195,13836,2202242,2202242,240,0,0
97799072,13837,2202482,2202482,240,0,0
97809246,13839,2202722,2202722,240,0,0
97819059,13840,2202959,2202962,240,0,3
97829200,13842,2203203,2203203,240,4,0
97839078,13843,2203440,2203443,240,0,3
97849213,13845,2203683,2203683,240,3,0
97859088,13846,2203920,2203923,240,0,3
97869219,13848,2204163,2204163,240,3,0
97879003,13849,2204398,2204403,240,0,5
97889188,13852,2204643,2204643,240,5,0
97899091,13853,2204880,2204883,240,0,3
97909246,13855,2205124,2205124,240,4,0
97919043,13856,2205359,2205364,240,0,5
97929206,13858,2205603,2205603,240,4,0
97939019,13859,2205838,2205843,240,0,5
97949164,13861,2206082,2206082,240,4,0
97959056,13862,2206319,2206322,240,0,3
97969135,13864,2206559,2206559,240,0,0
97979076,13865,2206799,2206799,240,0,0
97989135,13867,2207039,2207039,240,0,0
97999047,13868,2207279,2207279,240,0,0
98009131,13870,2207519,2207519,240,0,0
98019157,13871,2207762,2207762,240,3,0
98029191,13873,2208002,2208002,240,0,0
98039142,13874,2208242,2208242,240,0,0
98049137,13876,2208482,2208482,240,0,0
98059046,13877,2208719,2208722,240,0,3
98069201,13879,2208963,2208963,240,4,0
98078997,13880,2209198,2209203,240,0,5
98089191,13882,2209443,2209443,240,5,0
98099077,13883,2209680,2209683,240,0,3
98109109,13885,2209920,2209920,240,0,0
98119179,13886,2210160,2210160,240,0,0
98129143,13888,2210400,2210400,240,0,0
98139077,13889,2210640,2210640,240,0,0
98149201,13891,2210883,2210883,240,3,0
98159092,13892,2211120,2211123,240,0,3
98169134,13894,2211360,2211360,240,0,0
98179086,13895,2211600,2211600,240,0,0
98189156,13897,2211840,2211840,240,0,0
98199016,13898,2212080,2212080,240,0,0
98209210,13900,2212323,2212323,240,3,0
98219157,13901,2212563,2212563,240,0,0
98229472,13903,2212809,2212809,240,6,0
98239104,13904,2213041,2213049,240,0,8
98249184,13906,2213281,2213281,240,0,0
98259068,13907,2213521,2213521,240,0,0
98269106,13909,2213761,2213761,240,0,0
98279042,13910,2214001,2214001,240,0,0
98289186,13912,2214241,2214241,240,0,0
98299025,13913,2214481,2214481,240,0,0
98309199,13915,2214721,2214721,240,0,0
98319157,13916,2214961,2214961,240,0,0
98329241,13918,2215204,2215204,240,3,0
98339047,13919,2215439,2215444,240,0,5
98349165,13921,2215682,2215682,240,3,0
98359077,13922,2215922,2215922,240,0,0
98369133,13924,2216162,2216162,240,0,0
98379098,13925,2216402,2216402,240,0,0
98389182,13927,2216642,2216642,240,0,0
98399050,13928,2216879,2216882,240,0,3
98409226,13930,2217123,2217123,240,4,0
98419176,13931,2217363,2217363,240,0,0
98429265,13933,2217603,2217603,240,0,0
98439104,13934,2217843,2217843,240,0,0
98449142,13936,2218083,2218083,240,0,0
98459077,13937,2218320,2218323,240,0,3
98469194,13939,2218563,2218563,240,3,0
98479023,13940,2218799,2218803,240,0,4
98489181,13942,2219042,2219042,240,3,0
98499056,13943,2219279,2219282,240,0,3
98509189,13945,2219523,2219523,240,4,0
98519036,13946,2219759,2219763,240,0,4
98529267,13948,2220004,2220004,240,5,0
98539078,13949,2220240,2220244,240,0,4
98549170,13951,2220480,2220480,240,0,0
98559036,13952,2220720,2220720,240,0,0
98569201,13954,2220963,2220963,240,3,0
98579071,13955,2221200,2221203,240,0,3
98589104,13957,2221440,2221440,240,0,0
98599049,13958,2221680,2221680,240,0,0
98609195,13960,2221923,2221923,240,3,0
98619028,13961,2222159,2222163,240,0,4
98629242,13963,2222404,2222404,240,5,0
98639083,13964,2222640,2222644,240,0,4
98649202,13966,2222883,2222883,240,3,0
98659064,13967,2223120,2223123,240,0,3
98669147,13969,2223360,2223360,240,0,0
98679104,13970,2223600,2223600,240,0,0
98689146,13972,2223840,2223840,240,0,0
98699065,13973,2224080,2224080,240,0,0
98709266,13975,2224324,2224324,240,4,0
98719140,13976,2224561,2224564,240,0,3
98729224,13978,2224801,2224801,240,0,0
98739142,13979,2225041,2225041,240,0,0
98749201,13981,2225281,2225281,240,0,0
98759098,13982,2225521,2225521,240,0,0
98769136,13984,2225761,2225761,240,0,0
98779061,13985,2226001,2226001,240,0,0
98789184,13987,2226241,2226241,240,0,0
98799058,13988,2226481,2226481,240,0,0
98809211,13990,2226721,2226721,240,0,0
98819029,13991,2226961,2226961,240,0,0
98829256,13993,2227204,2227204,240,3,0
98839069,13994,2227440,2227444,240,0,4
98849239,13996,2227684,2227684,240,4,0
98859084,13997,2227920,2227924,240,0,4
98869158,13999,2228160,2228160,240,0,0
98879314,14000,2228406,2228406,240,6,0
98889190,14002,2228643,2228646,240,0,3
98899016,14003,2228878,2228883,240,0,5
98909137,14005,2229121,2229121,240,3,0
98919017,14006,2229358,2229361,240,0,3
98929176,14008,2229602,2229602,240,4,0
98939048,14009,2229839,2229842,240,0,3
98949230,14011,2230084,2230084,240,5,0
98959032,14012,2230319,2230324,240,0,5
98969192,14014,2230563,2230563,240,4,0
98979060,14015,2230799,2230803,240,0,4
98989131,14017,2231039,2231039,240,0,0
98999046,14018,2231279,2231279,240,0,0
99009117,14020,2231519,2231519,240,0,0
99019069,14021,2231759,2231759,240,0,0
99029130,14023,2231999,2231999,240,0,0
99039190,14024,2232243,2232243,240,4,0
99049172,14026,2232483,2232483,240,0,0
99059155,14027,2232723,2232723,240,0,0
99069139,14029,2232963,2232963,240,0,0
99079142,14030,2233203,2233203,240,0,0
99089198,14032,2233443,2233443,240,0,0
99099064,14033,2233680,2233683,240,0,3
99109165,14035,2233920,2233920,240,0,0
99119007,14036,2234160,2234160,240,0,0
99129186,14038,2234400,2234400,240,0,0
99139101,14039,2234640,2234640,240,0,0
99149239,14041,2234884,2234884,240,4,0
99159023,14042,2235119,2235124,240,0,5
99169208,14044,2235363,2235363,240,4,0
99179018,14045,2235598,2235603,240,0,5
99189177,14047,2235842,2235842,240,4,0
99199061,14048,2236079,2236082,240,0,3
99209179,14050,2236322,2236322,240,3,0
99219023,14051,2236559,2236562,240,0,3
99229182,14053,2236802,2236802,240,3,0
99239186,14054,2237042,2237042,240,0,0
99249253,14056,2237282,2237282,240,0,0
99259060,14057,2237519,2237522,240,0,3
99269117,14059,2237759,2237759,240,0,0
99279139,14060,2237999,2237999,240,0,0
99289150,14062,2238242,2238242,240,3,0
99299033,14063,2238479,2238482,240,0,3
99309163,14065,2238722,2238722,240,3,0
99319070,14066,2238962,2238962,240,0,0
99329181,14068,2239202,2239202,240,0,0
99339076,14069,2239442,2239442,240,0,0
99349208,14071,2239682,2239682,240,0,0
99359376,14072,2239927,2239927,240,5,0
99369205,14074,2240163,2240167,240,0,4
99379060,14075,2240399,2240403,240,0,4
99389196,14077,2240643,2240643,240,4,0
99399059,14078,2240879,2240883,240,0,4
99409197,14080,2241123,2241123,240,4,0
99419076,14081,2241360,2241363,240,0,3
99429187,14083,2241600,2241600,240,0,0
99439037,14084,2241840,2241840,240,0,0
99449232,14086,2242084,2242084,240,4,0
99459128,14087,2242321,2242324,240,0,3
99469203,14089,2242561,2242561,240,0,0
99479050,14090,2242801,2242801,240,0,0
99489221,14092,2243041,2243041,240,0,0
99499057,14093,2243281,2243281,240,0,0
99509198,14095,2243521,2243521,240,0,0
99519096,14096,2243761,2243761,240,0,0
99529184,14098,2244001,2244001,240,0,0
99539001,14099,2244238,2244241,240,0,3
99549252,14101,2244484,2244484,240,6,0
99559097,14102,2244720,2244724,240,0,4
99569178,14104,2244960,2244960,240,0,0
99579035,14105,2245200,2245200,240,0,0
99589213,14107,2245443,2245443,240,3,0
99599016,14108,2245678,2245683,240,0,5
99609176,14110,2245922,2245922,240,4,0
99619001,14111,2246158,2246162,240,0,4
99629210,14113,2246403,2246403,240,5,0
99639067,14114,2246640,2246643,240,0,3
99649255,14116,2246884,2246884,240,4,0
99659124,14117,2247121,2247124,240,0,3
99669168,14119,2247361,2247361,240,0,0
99679074,14120,2247601,2247601,240,0,0
99689186,14122,2247841,2247841,240,0,0
99699051,14123,2248081,2248081,240,0,0
99709193,14125,2248321,2248321,240,0,0
99719035,14126,2248561,2248561,240,0,0
99729203,14128,2248801,2248801,240,0,0
99739052,14129,2249041,2249041,240,0,0
99749190,14131,2249281,2249281,240,0,0
99759093,14132,2249521,2249521,240,0,0
99769239,14134,2249764,2249764,240,3,0
99779059,14135,2249999,2250004,240,0,5
99789144,14137,2250239,2250239,240,0,0
99799090,14138,2250479,2250479,240,0,0
99809198,14140,2250723,2250723,240,4,0
99819022,14141,2250959,2250963,240,0,4
99829211,14143,2251203,2251203,240,4,0
99839012,14144,2251438,2251443,240,0,5
99849225,14146,2251683,2251683,240,5,0
99859098,14147,2251920,2251923,240,0,3
99869266,14149,2252164,2252164,240,4,0
99879048,14150,2252399,2252404,240,0,5
99889173,14153,2252642,2252642,240,3,0
99899164,14154,2252882,2252882,240,0,0
99909206,14156,2253122,2253122,240,0,0
99919047,14157,2253359,2253362,240,0,3
99929202,14159,2253603,2253603,240,4,0
99939057,14160,2253839,2253843,240,0,4
99949133,14162,2254079,2254079,240,0,0
99959093,14163,2254319,2254319,240,0,0
99969253,14165,2254564,2254564,240,5,0
99979090,14166,2254800,2254804,240,0,4
99989148,14168,2255040,2255040,240,0,0
99999073,14169,2255280,2255280,240,0,0
100009178,14171,2255520,2255520,240,0,0
100019070,14172,2255760,2255760,240,0,0
100029151,14174,2256000,2256000,240,0,0
100039025,14175,2256240,2256240,240,0,0
100049187,14177,2256480,2256480,240,0,0
100059147,14178,2256720,2256720,240,0,0
100069174,14180,2256960,2256960,240,0,0
100079150,14181,2257200,2257200,240,0,0
100089148,14183,2257440,2257440,240,0,0
100099023,14184,2257680,2257680,240,0,0
100109206,14186,2257923,2257923,240,3,0
100119156,14187,2258163,2258163,240,0,0
100129190,14189,2258403,2258403,240,0,0
100139015,14190,2258638,2258643,240,0,5
100149198,14192,2258883,2258883,240,5,0
100159077,14193,2259120,2259123,240,0,3
100169284,14195,2259365,2259365,240,5,0
100179075,14196,2259600,2259605,240,0,5
100189206,14198,2259843,2259843,240,3,0
100199009,14199,2260078,2260083,240,0,5
100209214,14201,2260323,2260323,240,5,0
100219095,14202,2260560,2260563,240,0,3
100229145,14204,2260800,2260800,240,0,0
100239078,14205,2261040,2261040,240,0,0
100249176,14207,2261280,2261280,240,0,0
100259014,14208,2261520,2261520,240,0,0
100269252,14210,2261764,2261764,240,4,0
100279146,14211,2262004,2262004,240,0,0
100289185,14213,2262244,2262244,240,0,0
100299078,14214,2262480,2262484,240,0,4
100309148,14216,2262720,2262720,240,0,0
100319070,14217,2262960,2262960,240,0,0
100329139,14219,2263200,2263200,240,0,0
100339052,14220,2263440,2263440,240,0,0
100349205,14222,2263683,2263683,240,3,0
100359034,14223,2263919,2263923,240,0,4
100369259,14225,2264164,2264164,240,5,0
100379040,14226,2264399,2264404,240,0,5
100389225,14228,2264643,2264643,240,4,0
100399101,14229,2264880,2264883,240,0,3
100409194,14231,2265123,2265123,240,3,0
100419077,14232,2265360,2265363,240,0,3
100429146,14234,2265600,2265600,240,0,0
100439025,14235,2265840,2265840,240,0,0
100449170,14237,2266080,2266080,240,0,0
100459030,14238,2266320,2266320,240,0,0
100469259,14240,2266564,2266564,240,4,0
100479437,14241,2266808,2266808,240,4,0
100489142,14243,2267041,2267048,240,0,7
100499051,14244,2267281,2267281,240,0,0
100509142,14246,2267521,2267521,240,0,0
100519068,14247,2267761,2267761,240,0,0
100529122,14249,2268001,2268001,240,0,0
100539083,14250,2268241,2268241,240,0,0
100549154,14252,2268481,2268481,240,0,0
100559082,14253,2268721,2268721,240,0,0
100569161,14255,2268961,2268961,240,0,0
100579205,14256,2269201,2269201,240,0,0
100589214,14258,2269441,2269441,240,0,0
100599114,14259,2269681,2269681,240,0,0
100609141,14261,2269921,2269921,240,0,0
100619017,14262,2270158,2270161,240,0,3
100629190,14264,2270403,2270403,240,5,0
100639030,14265,2270639,2270643,240,0,4
100649193,14267,2270883,2270883,240,4,0
100659075,14268,2271120,2271123,240,0,3
100669170,14270,2271360,2271360,240,0,0
100679061,14271,2271600,2271600,240,0,0
100689238,14273,2271844,2271844,240,4,0
100699022,14274,2272079,2272084,240,0,5
100709207,14276,2272323,2272323,240,4,0
100719063,14277,2272560,2272563,240,0,3
100729123,14279,2272800,2272800,240,0,0
100739007,14280,2273040,2273040,240,0,0
100749202,14282,2273283,2273283,240,3,0
100759007,14283,2273518,2273523,240,0,5
100769194,14285,2273763,2273763,240,5,0
100779145,14286,2274003,2274003,240,0,0
100789169,14288,2274243,2274243,240,0,0
100799109,14289,2274483,2274483,240,0,0
100809134,14291,2274723,2274723,240,0,0
100819063,14292,2274960,2274963,240,0,3
100829196,14294,2275203,2275203,240,3,0
100839077,14295,2275440,2275443,240,0,3
100849228,14297,2275683,2275683,240,3,0
100859163,14298,2275923,2275923,240,0,0
100869154,14300,2276163,2276163,240,0,0
100879390,14301,2276407,2276407,240,4,0
100889144,14303,2276641,2276647,240,0,6
100899057,14304,2276881,2276881,240,0,0
100909204,14306,2277121,2277121,240,0,0
100919034,14307,2277361,2277361,240,0,0
100929185,14309,2277601,2277601,240,0,0
100939014,14310,2277838,2277841,240,0,3
100949184,14312,2278082,2278082,240,4,0
100959057,14313,2278319,2278322,240,0,3
100969162,14315,2278562,2278562,240,3,0
100979185,14316,2278802,2278802,240,0,0
100989269,14318,2279042,2279042,240,0,0
100999045,14319,2279279,2279282,240,0,3
101009189,14321,2279523,2279523,240,4,0
101019058,14322,2279759,2279763,240,0,4
101029127,14324,2279999,2279999,240,0,0
101039048,14325,2280239,2280239,240,0,0
101049134,14327,2280479,2280479,240,0,0
101059041,14328,2280719,2280719,240,0,0
101069182,14330,2280962,2280962,240,3,0
101079078,14331,2281202,2281202,240,0,0
101089267,14333,2281442,2281442,240,0,0
101099075,14334,2281682,2281682,240,0,0
101109142,14336,2281922,2281922,240,0,0
101119068,14337,2282162,2282162,240,0,0
101129119,14339,2282402,2282402,240,0,0
101139129,14340,2282642,2282642,240,0,0
101149162,14342,2282882,2282882,240,0,0
101159063,14343,2283122,2283122,240,0,0
101169136,14345,2283362,2283362,240,0,0
101179043,14346,2283599,2283602,240,0,3
101189263,14348,2283844,2283844,240,5,0
101199061,14349,2284079,2284084,240,0,5
101209213,14351,2284323,2284323,240,4,0
101219070,14352,2284560,2284563,240,0,3
101229197,14354,2284803,2284803,240,3,0
101239059,14355,2285039,2285043,240,0,4
101249181,14357,2285282,2285282,240,3,0
101259017,14358,2285518,2285522,240,0,4
101269177,14360,2285762,2285762,240,4,0
101279052,14361,2285999,2286002,240,0,3
101289264,14363,2286244,2286244,240,5,0
101299102,14364,2286480,2286484,240,0,4
101309135,14366,2286720,2286720,240,0,0
101319034,14367,2286960,2286960,240,0,0
101329170,14369,2287200,2287200,240,0,0
101339082,14370,2287440,2287440,240,0,0
101349130,14372,2287680,2287680,240,0,0
101359130,14373,2287920,2287920,240,0,0
101369144,14375,2288160,2288160,240,0,0
101379109,14376,2288400,2288400,240,0,0
101389237,14378,2288644,2288644,240,4,0
101399070,14379,2288880,2288884,240,0,4
101409133,14381,2289120,2289120,240,0,0
101419098,14382,2289360,2289360,240,0,0
101429132,14384,2289600,2289600,240,0,0
101439080,14385,2289840,2289840,240,0,0
101449139,14387,2290080,2290080,240,0,0
101459094,14388,2290320,2290320,240,0,0
101469155,14390,2290560,2290560,240,0,0
101479011,14391,2290800,2290800,240,0,0
101489195,14393,2291043,2291043,240,3,0
101499043,14394,2291279,2291283,240,0,4
101509250,14396,2291524,2291524,240,5,0
101519080,14397,2291760,2291764,240,0,4
101529134,14399,2292000,2292000,240,0,0
101539032,14400,2292240,2292240,240,0,0
101549116,14402,2292480,2292480,240,0,0
101559108,14403,2292720,2292720,240,0,0
101569205,14405,2292963,2292963,240,3,0
101579029,14406,2293199,2293203,240,0,4
101589127,14408,2293439,2293439,240,0,0
101599165,14409,2293682,2293682,240,3,0
101609470,14411,2293929,2293929,240,7,0
101619063,14412,2294160,2294169,240,0,9
101629117,14414,2294400,2294400,240,0,0
101639048,14415,2294640,2294640,240,0,0
101649176,14417,2294880,2294880,240,0,0
101659085,14418,2295120,2295120,240,0,0
101669152,14420,2295360,2295360,240,0,0
101679104,14421,2295600,2295600,240,0,0
101689138,14423,2295840,2295840,240,0,0
101699141,14424,2296080,2296080,240,0,0
101709125,14426,2296320,2296320,240,0,0
101718964,14427,2296557,2296560,240,0,3
101729143,14429,2296801,2296801,240,4,0
101739068,14430,2297041,2297041,240,0,0
101749141,14432,2297281,2297281,240,0,0
101759055,14433,2297521,2297521,240,0,0
101769223,14435,2297761,2297761,240,0,0
101779073,14436,2298001,2298001,240,0,0
101789120,14438,2298241,2298241,240,0,0
101799075,14439,2298481,2298481,240,0,0
101809244,14441,2298724,2298724,240,3,0
101819058,14442,2298959,2298964,240,0,5
101829110,14444,2299199,2299199,240,0,0
101839042,14445,2299439,2299439,240,0,0
101849228,14447,2299683,2299683,240,4,0
101859070,14448,2299920,2299923,240,0,3
101869260,14450,2300164,2300164,240,4,0
101879047,14451,2300399,2300404,240,0,5
101889221,14454,2300643,2300643,240,4,0
101899062,14455,2300879,2300883,240,0,4
101909313,14457,2301126,2301126,240,7,0
101919075,14458,2301360,2301366,240,0,6
101929129,14460,2301600,2301600,240,0,0
101939079,14461,2301840,2301840,240,0,0
101949100,14463,2302080,2302080,240,0,0
101959071,14464,2302320,2302320,240,0,0
101969129,14466,2302560,2302560,240,0,0
101979132,14467,2302800,2302800,240,0,0
101989116,14469,2303040,2303040,240,0,0
101999077,14470,2303280,2303280,240,0,0
102009246,14472,2303524,2303524,240,4,0
102019102,14473,2303760,2303764,240,0,4
102029142,14475,2304000,2304000,240,0,0
102039084,14476,2304240,2304240,240,0,0
102049192,14478,2304483,2304483,240,3,0
102059069,14479,2304720,2304723,240,0,3
102069125,14481,2304960,2304960,240,0,0
102079131,14482,2305200,2305200,240,0,0
102089192,14484,2305443,2305443,240,3,0
102099105,14485,2305683,2305683,240,0,0
102109247,14487,2305923,2305923,240,0,0
102119066,14488,2306160,2306163,240,0,3
102129227,14490,2306403,2306403,240,3,0
102139063,14491,2306640,2306643,240,0,3
102149209,14493,2306883,2306883,240,3,0
102159039,14494,2307119,2307123,240,0,4
102169198,14496,2307363,2307363,240,4,0
102179122,14497,2307603,2307603,240,0,0
102189154,14499,2307843,2307843,240,0,0
102199040,14500,2308079,2308083,240,0,4
102209251,14502,2308324,2308324,240,5,0
102219119,14503,2308561,2308564,240,0,3
102229118,14505,2308801,2308801,240,0,0
102239095,14506,2309041,2309041,240,0,0
102249114,14508,2309281,2309281,240,0,0
102258975,14509,2309517,2309521,240,0,4
102269306,14511,2309765,2309765,240,8,0
102279110,14512,2310001,2310005,240,0,4
102289124,14514,2310241,2310241,240,0,0
102299087,14515,2310481,2310481,240,0,0
102309091,14517,2310721,2310721,240,0,0
102319086,14518,2310961,2310961,240,0,0
102329216,14520,2311201,2311201,240,0,0
102339076,14521,2311441,2311441,240,0,0
102349081,14523,2311681,2311681,240,0,0
102359059,14524,2311921,2311921,240,0,0
102369200,14526,2312161,2312161,240,0,0
102379108,14527,2312401,2312401,240,0,0
102389205,14529,2312641,2312641,240,0,0
102399036,14530,2312881,2312881,240,0,0
102409153,14532,2313121,2313121,240,0,0
102419010,14533,2313358,2313361,240,0,3
102429232,14535,2313604,2313604,240,6,0
102439040,14536,2313839,2313844,240,0,5
102449184,14538,2314082,2314082,240,3,0
102459055,14539,2314319,2314322,240,0,3
102469106,14541,2314559,2314559,240,0,0
102479118,14542,2314799,2314799,240,0,0
102489138,14544,2315039,2315039,240,0,0
102499089,14545,2315279,2315279,240,0,0
102509112,14547,2315519,2315519,240,0,0
102519063,14548,2315759,2315759,240,0,0
102529229,14550,2316004,2316004,240,5,0
102539043,14551,2316239,2316244,240,0,5
102549189,14553,2316483,2316483,240,4,0
102559106,14554,2316723,2316723,240,0,0
102569185,14556,2316963,2316963,240,0,0
102579073,14557,2317200,2317203,240,0,3
102589147,14559,2317440,2317440,240,0,0
102599071,14560,2317680,2317680,240,0,0
102609138,14562,2317920,2317920,240,0,0
102619082,14563,2318160,2318160,240,0,0
102629240,14565,2318404,2318404,240,4,0
102639044,14566,2318639,2318644,240,0,5
102649176,14568,2318882,2318882,240,3,0
102659065,14569,2319122,2319122,240,0,0
102669172,14571,2319362,2319362,240,0,0
102679059,14572,2319599,2319602,240,0,3
102689186,14574,2319842,2319842,240,3,0
102699022,14575,2320079,2320082,240,0,3
102709183,14577,2320322,2320322,240,3,0
102719079,14578,2320562,2320562,240,0,0
102729804,14580,2320817,2320817,240,15,0
102739270,14581,2321044,2321057,240,0,13
102749126,14583,2321281,2321284,240,0,3
102759074,14584,2321521,2321521,240,0,0
102769176,14586,2321761,2321761,240,0,0
102779067,14587,2322001,2322001,240,0,0
102789102,14589,2322241,2322241,240,0,0
102799072,14590,2322481,2322481,240,0,0
102809149,14592,2322721,2322721,240,0,0
102819065,14593,2322961,2322961,240,0,0
102829264,14595,2323204,2323204,240,3,0
102839052,14596,2323439,2323444,240,0,5
102849234,14598,2323684,2323684,240,5,0
102859040,14599,2323919,2323924,240,0,5
102869233,14601,2324164,2324164,240,5,0
102879072,14602,2324400,2324404,240,0,4
102889384,14604,2324647,2324647,240,7,0
102899164,14605,2324882,2324887,240,0,5
102909154,14607,2325122,2325122,240,0,0
102919046,14608,2325359,2325362,240,0,3
102929188,14610,2325603,2325603,240,4,0
102939173,14611,2325843,2325843,240,0,0
102949202,14613,2326083,2326083,240,0,0
102959072,14614,2326320,2326323,240,0,3
102969171,14616,2326560,2326560,240,0,0
102979021,14617,2326800,2326800,240,0,0
102989199,14619,2327043,2327043,240,3,0
102999012,14620,2327278,2327283,240,0,5
103009209,14622,2327523,2327523,240,5,0
103019114,14623,2327763,2327763,240,0,0
103029219,14625,2328003,2328003,240,0,0
103039078,14626,2328240,2328243,240,0,3
103049221,14628,2328483,2328483,240,3,0
103059078,14629,2328720,2328723,240,0,3
103069145,14631,2328960,2328960,240,0,0
103079092,14632,2329200,2329200,240,0,0
103089171,14634,2329440,2329440,240,0,0
103098959,14635,2329677,2329680,240,0,3
103109204,14637,2329923,2329923,240,6,0
103119054,14638,2330159,2330163,240,0,4
103129172,14640,2330402,2330402,240,3,0
103139226,14641,2330642,2330642,240,0,0
103149170,14643,2330882,2330882,240,0,0
103159042,14644,2331119,2331122,240,0,3
103169204,14646,2331363,2331363,240,4,0
103179047,14647,2331599,2331603,240,0,4
103189116,14649,2331839,2331839,240,0,0
103199095,14650,2332079,2332079,240,0,0
103209142,14652,2332319,2332319,240,0,0
103219117,14653,2332559,2332559,240,0,0
103229141,14655,2332799,2332799,240,0,0
103239014,14656,2333039,2333039,240,0,0
103249231,14658,2333284,2333284,240,5,0
103259082,14659,2333520,2333524,240,0,4
103269190,14661,2333763,2333763,240,3,0
103279081,14662,2334000,2334003,240,0,3
103289206,14664,2334243,2334243,240,3,0
103299028,14665,2334479,2334483,240,0,4
103309184,14667,2334722,2334722,240,3,0
103319020,14668,2334958,2334962,240,0,4
103329200,14670,2335203,2335203,240,5,0
103339123,14671,2335443,2335443,240,0,0
103349224,14673,2335683,2335683,240,0,0
103359024,14674,2335919,2335923,240,0,4
103369213,14676,2336163,2336163,240,4,0
103379015,14677,2336398,2336403,240,0,5
103389194,14679,2336643,2336643,240,5,0
103399071,14680,2336880,2336883,240,0,3
103409187,14682,2337120,2337120,240,0,0
103419008,14683,2337360,2337360,240,0,0
103429212,14685,2337603,2337603,240,3,0
103439111,14686,2337843,2337843,240,0,0
103449223,14688,2338083,2338083,240,0,0
103459075,14689,2338320,2338323,240,0,3
103469144,14691,2338560,2338560,240,0,0
103479067,14692,2338800,2338800,240,0,0
103489203,14694,2339043,2339043,240,3,0
103499099,14695,2339280,2339283,240,0,3
103509170,14697,2339520,2339520,240,0,0
103519061,14698,2339760,2339760,240,0,0
103529123,14700,2340000,2340000,240,0,0
103539167,14701,2340240,2340240,240,0,0
103549293,14703,2340485,2340485,240,5,0
103559020,14704,2340718,2340725,240,0,7
103569179,14706,2340962,2340962,240,4,0
103579044,14707,2341199,2341202,240,0,3
103589178,14709,2341442,2341442,240,3,0
103599037,14710,2341679,2341682,240,0,3
103609184,14712,2341922,2341922,240,3,0
103619049,14713,2342159,2342162,240,0,3
103629170,14715,2342402,2342402,240,3,0
103639039,14716,2342639,2342642,240,0,3
103649253,14718,2342884,2342884,240,5,0
103659021,14719,2343119,2343124,240,0,5
103669132,14721,2343359,2343359,240,0,0
103679044,14722,2343599,2343599,240,0,0
103689115,14724,2343839,2343839,240,0,0
103699019,14725,2344079,2344079,240,0,0
103709196,14727,2344323,2344323,240,4,0
103719069,14728,2344560,2344563,240,0,3
103729130,14730,2344800,2344800,240,0,0
103739040,14731,2345040,2345040,240,0,0
103749248,14733,2345284,2345284,240,4,0
103759101,14734,2345520,2345524,240,0,4
103769219,14736,2345763,2345763,240,3,0
103779068,14737,2346000,2346003,240,0,3
103789173,14739,2346240,2346240,240,0,0
103799058,14740,2346480,2346480,240,0,0
103809112,14742,2346720,2346720,240,0,0
103819100,14743,2346960,2346960,240,0,0
103829159,14745,2347200,2347200,240,0,0
103839032,14746,2347440,2347440,240,0,0
103849273,14748,2347685,2347685,240,5,0
103859379,14749,2347925,2347925,240,0,0
103869216,14751,2348165,2348165,240,0,0
103879085,14752,2348400,2348405,240,0,5
103889152,14755,2348640,2348640,240,0,0
103899103,14756,2348880,2348880,240,0,0
103909182,14758,2349120,2349120,240,0,0
103919122,14759,2349360,2349360,240,0,0
103929194,14761,2349603,2349603,240,3,0
103939058,14762,2349839,2349843,240,0,4
103949281,14764,2350085,2350085,240,6,0
103959130,14765,2350321,2350325,240,0,4
103969145,14767,2350561,2350561,240,0,0
103979097,14768,2350801,2350801,240,0,0
103989186,14770,2351041,2351041,240,0,0
103999052,14771,2351281,2351281,240,0,0
104009199,14773,2351521,2351521,240,0,0
104019020,14774,2351758,2351761,240,0,3
104029204,14776,2352003,2352003,240,5,0
104039082,14777,2352240,2352243,240,0,3
104049135,14779,2352480,2352480,240,0,0
104059195,14780,2352723,2352723,240,3,0
104069151,14782,2352963,2352963,240,0,0
104079136,14783,2353203,2353203,240,0,0
104089142,14785,2353443,2353443,240,0,0
104099047,14786,2353679,2353683,240,0,4
104109205,14788,2353923,2353923,240,4,0
104119065,14789,2354160,2354163,240,0,3
104129197,14791,2354403,2354403,240,3,0
104139057,14792,2354639,2354643,240,0,4
104149125,14794,2354879,2354879,240,0,0
104159194,14795,2355123,2355123,240,4,0
104169176,14797,2355363,2355363,240,0,0
104179110,14798,2355603,2355603,240,0,0
104189167,14800,2355843,2355843,240,0,0
104199041,14801,2356079,2356083,240,0,4
104209200,14803,2356323,2356323,240,4,0
104219032,14804,2356559,2356563,240,0,4
104229165,14806,2356802,2356802,240,3,0
104239056,14807,2357039,2357042,240,0,3
104249204,14809,2357283,2357283,240,4,0
104259102,14810,2357520,2357523,240,0,3
104269236,14812,2357764,2357764,240,4,0
104279023,14813,2357999,2358004,240,0,5
104289207,14815,2358243,2358243,240,4,0
104299084,14816,2358480,2358483,240,0,3
104309153,14818,2358720,2358720,240,0,0
104319065,14819,2358960,2358960,240,0,0
104329182,14821,2359200,2359200,240,0,0
104339022,14822,2359440,2359440,240,0,0
104349190,14824,2359683,2359683,240,3,0
104359125,14825,2359923,2359923,240,0,0
104369244,14827,2360163,2360163,240,0,0
104379075,14828,2360400,2360403,240,0,3
104389133,14830,2360640,2360640,240,0,0
104399067,14831,2360880,2360880,240,0,0
104409182,14833,2361120,2361120,240,0,0
104419040,14834,2361360,2361360,240,0,0
104429189,14836,2361603,2361603,240,3,0
104439046,14837,2361839,2361843,240,0,4
104449177,14839,2362082,2362082,240,3,0
104459062,14840,2362319,2362322,240,0,3
104469217,14842,2362563,2362563,240,4,0
104479142,14843,2362803,2362803,240,0,0
104489146,14845,2363043,2363043,240,0,0
104499067,14846,2363280,2363283,240,0,3
104509167,14848,2363520,2363520,240,0,0
104519033,14849,2363760,2363760,240,0,0
104529204,14851,2364003,2364003,240,3,0
104539047,14852,2364239,2364243,240,0,4
104549200,14854,2364483,2364483,240,4,0
104559062,14855,2364719,2364723,240,0,4
104569206,14857,2364963,2364963,240,4,0
104579140,14858,2365203,2365203,240,0,0
104589135,14860,2365443,2365443,240,0,0
104599092,14861,2365680,2365683,240,0,3
104609130,14863,2365920,2365920,240,0,0
104619114,14864,2366160,2366160,240,0,0
104629193,14866,2366403,2366403,240,3,0
104639055,14867,2366639,2366643,240,0,4
104649198,14869,2366883,2366883,240,4,0
104659042,14870,2367119,2367123,240,0,4
104669213,14872,2367363,2367363,240,4,0
104679101,14873,2367600,2367603,240,0,3
104689131,14875,2367840,2367840,240,0,0
104699034,14876,2368080,2368080,240,0,0
104709201,14878,2368323,2368323,240,3,0
104719069,14879,2368560,2368563,240,0,3
104729181,14881,2368800,2368800,240,0,0
104739064,14882,2369040,2369040,240,0,0
104749188,14884,2369283,2369283,240,3,0
104759052,14885,2369519,2369523,240,0,4
104769269,14887,2369764,2369764,240,5,0
104779075,14888,2370000,2370004,240,0,4
104789141,14890,2370240,2370240,240,0,0
104799023,14891,2370480,2370480,240,0,0
104809212,14893,2370723,2370723,240,3,0
104819033,14894,2370959,2370963,240,0,4
104829200,14896,2371203,2371203,240,4,0
104839060,14897,2371439,2371443,240,0,4
104849225,14899,2371683,2371683,240,4,0
104859126,14900,2371923,2371923,240,0,0
104869129,14902,2372163,2372163,240,0,0
104879132,14903,2372403,2372403,240,0,0
104889405,14905,2372648,2372648,240,5,0
104899098,14906,2372880,2372888,240,0,8
104909112,14908,2373120,2373120,240,0,0
104919086,14909,2373360,2373360,240,0,0
104929150,14911,2373600,2373600,240,0,0
104939099,14912,2373840,2373840,240,0,0
104949188,14914,2374083,2374083,240,3,0
104959111,14915,2374323,2374323,240,0,0
104969181,14917,2374563,2374563,240,0,0
104979050,14918,2374799,2374803,240,0,4
104989468,14920,2375049,2375049,240,10,0
104999089,14921,2375280,2375289,240,0,9
105009194,14923,2375523,2375523,240,3,0
105019084,14924,2375760,2375763,240,0,3
105029173,14926,2376000,2376000,240,0,0
105039029,14927,2376240,2376240,240,0,0
105049182,14929,2376480,2376480,240,0,0
105059058,14930,2376720,2376720,240,0,0
105069101,14932,2376960,2376960,240,0,0
105079146,14933,2377200,2377200,240,0,0
105089212,14935,2377443,2377443,240,3,0
105099117,14936,2377683,2377683,240,0,0
105109115,14938,2377923,2377923,240,0,0
105119073,14939,2378160,2378163,240,0,3
105129180,14941,2378400,2378400,240,0,0
105139044,14942,2378640,2378640,240,0,0
105149193,14944,2378883,2378883,240,3,0
105159035,14945,2379119,2379123,240,0,4
105169155,14947,2379362,2379362,240,3,0
105179129,14948,2379602,2379602,240,0,0
105189229,14950,2379842,2379842,240,0,0
105199067,14951,2380082,2380082,240,0,0
105209200,14953,2380322,2380322,240,0,0
105219088,14954,2380562,2380562,240,0,0
105229137,14956,2380802,2380802,240,0,0
105239045,14957,2381039,2381042,240,0,3
105249192,14959,2381283,2381283,240,4,0
105259050,14960,2381519,2381523,240,0,4
105269189,14962,2381763,2381763,240,4,0
105279037,14963,2381999,2382003,240,0,4
105289320,14965,2382246,2382246,240,7,0
105299102,14966,2382480,2382486,240,0,6
105309206,14968,2382723,2382723,240,3,0
105319058,14969,2382959,2382963,240,0,4
105329190,14971,2383203,2383203,240,4,0
105339123,14972,2383443,2383443,240,0,0
105349159,14974,2383683,2383683,240,0,0
105359034,14975,2383919,2383923,240,0,4
105369190,14977,2384163,2384163,240,4,0
105379058,14978,2384399,2384403,240,0,4
105389200,14980,2384643,2384643,240,4,0
105399084,14981,2384880,2384883,240,0,3
105409205,14983,2385123,2385123,240,3,0
105419053,14984,2385359,2385363,240,0,4
105429116,14986,2385599,2385599,240,0,0
105439016,14987,2385839,2385839,240,0,0
105449198,14989,2386083,2386083,240,4,0
105459045,14990,2386319,2386323,240,0,4
105469170,14992,2386562,2386562,240,3,0
105479032,14993,2386799,2386802,240,0,3
105489269,14995,2387044,2387044,240,5,0
105499082,14996,2387280,2387284,240,0,4
105509198,14998,2387523,2387523,240,3,0
105519276,14999,2387763,2387763,240,0,0
105529253,15001,2388003,2388003,240,0,0
105539115,15002,2388243,2388243,240,0,0
105549177,15004,2388483,2388483,240,0,0
105559018,15005,2388718,2388723,240,0,5
105569183,15007,2388962,2388962,240,4,0
105579048,15008,2389199,2389202,240,0,3
105589227,15010,2389443,2389443,240,4,0
105599094,15011,2389680,2389683,240,0,3
105609128,15013,2389920,2389920,240,0,0
105619049,15014,2390160,2390160,240,0,0
105629134,15016,2390400,2390400,240,0,0
105639072,15017,2390640,2390640,240,0,0
105649122,15019,2390880,2390880,240,0,0
105659079,15020,2391120,2391120,240,0,0
105669137,15022,2391360,2391360,240,0,0
105679068,15023,2391600,2391600,240,0,0
105689203,15025,2391843,2391843,240,3,0
105699188,15026,2392083,2392083,240,0,0
105709147,15028,2392323,2392323,240,0,0
105719055,15029,2392559,2392563,240,0,4
105729193,15031,2392803,2392803,240,4,0
105739083,15032,2393040,2393043,240,0,3
105749098,15034,2393280,2393280,240,0,0
105759018,15035,2393520,2393520,240,0,0
105769195,15037,2393763,2393763,240,3,0
105779048,15038,2393999,2394003,240,0,4
105789191,15040,2394243,2394243,240,4,0
105799014,15041,2394478,2394483,240,0,5
105809225,15043,2394723,2394723,240,5,0
105819119,15044,2394963,2394963,240,0,0
105829192,15046,2395203,2395203,240,0,0
105839049,15047,2395439,2395443,240,0,4
105849196,15049,2395683,2395683,240,4,0
105859128,15050,2395923,2395923,240,0,0
105869185,15052,2396163,2396163,240,0,0
105879044,15053,2396399,2396403,240,0,4
105889218,15056,2396643,2396643,240,4,0
105899120,15057,2396883,2396883,240,0,0
105909212,15059,2397123,2397123,240,0,0
105919059,15060,2397359,2397363,240,0,4
105929162,15062,2397602,2397602,240,3,0
105939106,15063,2397842,2397842,240,0,0
105949140,15065,2398082,2398082,240,0,0
105959050,15066,2398319,2398322,240,0,3
105969153,15068,2398562,2398562,240,3,0
105979046,15069,2398799,2398802,240,0,3
105989178,15071,2399042,2399042,240,3,0
105999127,15072,2399282,2399282,240,0,0
106009238,15074,2399522,2399522,240,0,0
106019117,15075,2399762,2399762,240,0,0
106029186,15077,2400002,2400002,240,0,0
106039066,15078,2400242,2400242,240,0,0
106049181,15080,2400482,2400482,240,0,0
106059049,15081,2400719,2400722,240,0,3
106069178,15083,2400962,2400962,240,3,0
106079114,15084,2401202,2401202,240,0,0
106089205,15086,2401442,2401442,240,0,0
106099040,15087,2401679,2401682,240,0,3
106109589,15089,2401932,2401932,240,13,0
106119101,15090,2402160,2402172,240,0,12
106129180,15092,2402400,2402400,240,0,0
106139093,15093,2402640,2402640,240,0,0
106149104,15095,2402880,2402880,240,0,0
106159056,15096,2403120,2403120,240,0,0
106169201,15098,2403363,2403363,240,3,0
106179061,15099,2403599,2403603,240,0,4
106189186,15101,2403842,2403842,240,3,0
106199052,15102,2404079,2404082,240,0,3
106209196,15104,2404323,2404323,240,4,0
106219099,15105,2404560,2404563,240,0,3
106229202,15107,2404803,2404803,240,3,0
106239047,15108,2405039,2405043,240,0,4
106249094,15110,2405279,2405279,240,0,0
106259107,15111,2405519,2405519,240,0,0
106269095,15113,2405759,2405759,240,0,0
106279039,15114,2405999,2405999,240,0,0
106289223,15116,2406243,2406243,240,4,0
106299030,15117,2406479,2406483,240,0,4
106309256,15119,2406724,2406724,240,5,0
106319110,15120,2406961,2406964,240,0,3
106329171,15122,2407201,2407201,240,0,0
106339041,15123,2407441,2407441,240,0,0
106349211,15125,2407681,2407681,240,0,0
106359032,15126,2407921,2407921,240,0,0
106369199,15128,2408161,2408161,240,0,0
106379070,15129,2408401,2408401,240,0,0
106389195,15131,2408641,2408641,240,0,0
106399041,15132,2408881,2408881,240,0,0
106409262,15134,2409124,2409124,240,3,0
106419085,15135,2409360,2409364,240,0,4
106429103,15137,2409600,2409600,240,0,0
106439072,15138,2409840,2409840,240,0,0
106449122,15140,2410080,2410080,240,0,0
106459049,15141,2410320,2410320,240,0,0
106469210,15143,2410563,2410563,240,3,0
106479054,15144,2410799,2410803,240,0,4
106489121,15146,2411039,2411039,240,0,0
106499036,15147,2411279,2411279,240,0,0
106509407,15149,2411528,2411528,240,9,0
106519046,15150,2411759,2411768,240,0,9
106529211,15152,2412003,2412003,240,4,0
106539070,15153,2412240,2412243,240,0,3
106549179,15155,2412480,2412480,240,0,0
106559060,15156,2412720,2412720,240,0,0
106569190,15158,2412963,2412963,240,3,0
106579065,15159,2413200,2413203,240,0,3
106589198,15161,2413443,2413443,240,3,0
106599029,15162,2413679,2413683,240,0,4
106609199,15164,2413923,2413923,240,4,0
106619034,15165,2414159,2414163,240,0,4
106629226,15167,2414403,2414403,240,4,0
106639064,15168,2414640,2414643,240,0,3
106649196,15170,2414883,2414883,240,3,0
106659054,15171,2415119,2415123,240,0,4
106669138,15173,2415359,2415359,240,0,0
106679051,15174,2415599,2415599,240,0,0
106689199,15176,2415843,2415843,240,4,0
106699086,15177,2416080,2416083,240,0,3
106709210,15179,2416323,2416323,240,3,0
106719099,15180,2416560,2416563,240,0,3
106729221,15182,2416803,2416803,240,3,0
106739038,15183,2417039,2417043,240,0,4
106749198,15185,2417283,2417283,240,4,0
106759034,15186,2417519,2417523,240,0,4
106769210,15188,2417763,2417763,240,4,0
106779031,15189,2417999,2418003,240,0,4
106789195,15191,2418243,2418243,240,4,0
106799040,15192,2418479,2418483,240,0,4
106809104,15194,2418719,2418719,240,0,0
106819169,15195,2418962,2418962,240,3,0
106829157,15197,2419202,2419202,240,0,0
106839054,15198,2419439,2419442,240,0,3
106849202,15200,2419683,2419683,240,4,0
106859090,15201,2419920,2419923,240,0,3
106869227,15203,2420163,2420163,240,3,0
106879056,15204,2420399,2420403,240,0,4
106889208,15206,2420643,2420643,240,4,0
106899301,15207,2420883,2420883,240,0,0
106909139,15209,2421123,2421123,240,0,0
106919280,15210,2421363,2421363,240,0,0
106929162,15212,2421603,2421603,240,0,0
106939082,15213,2421840,2421843,240,0,3
106949175,15215,2422080,2422080,240,0,0
106959052,15216,2422320,2422320,240,0,0
106969227,15218,2422563,2422563,240,3,0
106979027,15219,2422799,2422803,240,0,4
106989152,15221,2423042,2423042,240,3,0
106999108,15222,2423282,2423282,240,0,0
107009195,15224,2423522,2423522,240,0,0
107019023,15225,2423759,2423762,240,0,3
107029255,15227,2424004,2424004,240,5,0
107039118,15228,2424241,2424244,240,0,3
107049140,15230,2424481,2424481,240,0,0
107059071,15231,2424721,2424721,240,0,0
107069175,15233,2424961,2424961,240,0,0
107079022,15234,2425201,2425201,240,0,0
107089186,15236,2425441,2425441,240,0,0
107099101,15237,2425681,2425681,240,0,0
107109136,15239,2425921,2425921,240,0,0
107119025,15240,2426161,2426161,240,0,0
107129262,15242,2426404,2426404,240,3,0
107139064,15243,2426640,2426644,240,0,4
107149207,15245,2426883,2426883,240,3,0
107159063,15246,2427120,2427123,240,0,3
107169181,15248,2427360,2427360,240,0,0
107179091,15249,2427600,2427600,240,0,0
107189185,15251,2427840,2427840,240,0,0
107199066,15252,2428080,2428080,240,0,0
107209177,15254,2428320,2428320,240,0,0
107219074,15255,2428560,2428560,240,0,0
107229222,15257,2428803,2428803,240,3,0
107239374,15258,2429047,2429047,240,4,0
107249120,15260,2429281,2429287,240,0,6
107259075,15261,2429521,2429521,240,0,0
107269265,15263,2429764,2429764,240,3,0
107279078,15264,2430000,2430004,240,0,4
107289186,15266,2430240,2430240,240,0,0
107299089,15267,2430480,2430480,240,0,0
107309180,15269,2430720,2430720,240,0,0
107319033,15270,2430960,2430960,240,0,0
107329277,15272,2431205,2431205,240,5,0
107339086,15273,2431440,2431445,240,0,5
107349205,15275,2431683,2431683,240,3,0
107359038,15276,2431919,2431923,240,0,4
107369089,15278,2432159,2432159,240,0,0
107379100,15279,2432399,2432399,240,0,0
107389173,15281,2432642,2432642,240,3,0
107399099,15282,2432882,2432882,240,0,0
107409203,15284,2433122,2433122,240,0,0
107419034,15285,2433359,2433362,240,0,3
107429203,15287,2433603,2433603,240,4,0
107439062,15288,2433839,2433843,240,0,4
107449164,15290,2434082,2434082,240,3,0
107459081,15291,2434322,2434322,240,0,0
107469126,15293,2434562,2434562,240,0,0
107479066,15294,2434802,2434802,240,0,0
107489182,15296,2435042,2435042,240,0,0
107499087,15297,2435282,2435282,240,0,0
107509178,15299,2435522,2435522,240,0,0
107519083,15300,2435762,2435762,240,0,0
107529137,15302,2436002,2436002,240,0,0
107539064,15303,2436242,2436242,240,0,0
107549216,15305,2436482,2436482,240,0,0
107559071,15306,2436722,2436722,240,0,0
107569160,15308,2436962,2436962,240,0,0
107579074,15309,2437202,2437202,240,0,0
107589165,15311,2437442,2437442,240,0,0
107599080,15312,2437682,2437682,240,0,0
107609173,15314,2437922,2437922,240,0,0
107619070,15315,2438162,2438162,240,0,0
107629130,15317,2438402,2438402,240,0,0
107639095,15318,2438642,2438642,240,0,0
107649213,15320,2438882,2438882,240,0,0
107659122,15321,2439122,2439122,240,0,0
107669186,15323,2439362,2439362,240,0,0
107679042,15324,2439599,2439602,240,0,3
107689193,15326,2439843,2439843,240,4,0
107699038,15327,2440079,2440083,240,0,4
107709198,15329,2440323,2440323,240,4,0
107719046,15330,2440559,2440563,240,0,4
107729094,15332,2440799,2440799,240,0,0
107739140,15333,2441039,2441039,240,0,0
107749215,15335,2441283,2441283,240,4,0
107759070,15336,2441520,2441523,240,0,3
107769131,15338,2441760,2441760,240,0,0
107779125,15339,2442000,2442000,240,0,0
107789188,15341,2442243,2442243,240,3,0
107799020,15342,2442478,2442483,240,0,5
107809199,15344,2442723,2442723,240,5,0
107819049,15345,2442959,2442963,240,0,4
107829186,15347,2443202,2443202,240,3,0
107839064,15348,2443442,2443442,240,0,0
107849283,15350,2443685,2443685,240,3,0
107859119,15351,2443921,2443925,240,0,4
107869209,15353,2444161,2444161,240,0,0
107879053,15354,2444401,2444401,240,0,0
107889175,15357,2444641,2444641,240,0,0
107899082,15358,2444881,2444881,240,0,0
107909166,15360,2445121,2445121,240,0,0
107919017,15361,2445358,2445361,240,0,3
107929168,15363,2445602,2445602,240,4,0
107939060,15364,2445839,2445842,240,0,3
107949260,15366,2446084,2446084,240,5,0
107959117,15367,2446321,2446324,240,0,3
107969180,15369,2446561,2446561,240,0,0
107979136,15370,2446801,2446801,240,0,0
107989277,15372,2447045,2447045,240,4,0
107999130,15373,2447281,2447285,240,0,4
108009193,15375,2447521,2447521,240,0,0
108019066,15376,2447761,2447761,240,0,0
108029157,15378,2448001,2448001,240,0,0
108039085,15379,2448241,2448241,240,0,0
108049247,15381,2448484,2448484,240,3,0
108059087,15382,2448720,2448724,240,0,4
108069164,15384,2448960,2448960,240,0,0
108079096,15385,2449200,2449200,240,0,0
108089140,15387,2449440,2449440,240,0,0
108099049,15388,2449680,2449680,240,0,0
108109160,15390,2449920,2449920,240,0,0
108119101,15391,2450160,2450160,240,0,0
108129139,15393,2450400,2450400,240,0,0
108139071,15394,2450640,2450640,240,0,0
108149237,15396,2450884,2450884,240,4,0
108159113,15397,2451121,2451124,240,0,3
108169141,15399,2451361,2451361,240,0,0
108179068,15400,2451601,2451601,240,0,0
108189162,15402,2451841,2451841,240,0,0
108199062,15403,2452081,2452081,240,0,0
108209137,15405,2452321,2452321,240,0,0
108219015,15406,2452558,2452561,240,0,3
108229206,15408,2452803,2452803,240,5,0
108239046,15409,2453039,2453043,240,0,4
108249126,15411,2453279,2453279,240,0,0
108259178,15412,2453522,2453522,240,3,0
108269139,15414,2453762,2453762,240,0,0
108279092,15415,2454002,2454002,240,0,0
108289152,15417,2454242,2454242,240,0,0
108299077,15418,2454482,2454482,240,0,0
108309137,15420,2454722,2454722,240,0,0
108319108,15421,2454962,2454962,240,0,0
108329186,15423,2455202,2455202,240,0,0
108339086,15424,2455442,2455442,240,0,0
108349124,15426,2455682,2455682,240,0,0
108359040,15427,2455919,2455922,240,0,3
108369458,15429,2456169,2456169,240,10,0
108379125,15430,2456401,2456409,240,0,8
108389118,15432,2456641,2456641,240,0,0
108399114,15433,2456881,2456881,240,0,0
108409122,15435,2457121,2457121,240,0,0
108419133,15436,2457361,2457361,240,0,0
108429123,15438,2457601,2457601,240,0,0
108439090,15439,2457841,2457841,240,0,0
108449115,15441,2458081,2458081,240,0,0
108459134,15442,2458321,2458321,240,0,0
108469158,15444,2458561,2458561,240,0,0
108479109,15445,2458801,2458801,240,0,0
108489129,15447,2459041,2459041,240,0,0
108499092,15448,2459281,2459281,240,0,0
108509138,15450,2459521,2459521,240,0,0
108519038,15451,2459761,2459761,240,0,0
108529117,15453,2460001,2460001,240,0,0
108539049,15454,2460241,2460241,240,0,0
108549125,15456,2460481,2460481,240,0,0
108559141,15457,2460721,2460721,240,0,0
108569168,15459,2460961,2460961,240,0,0
108579039,15460,2461201,2461201,240,0,0
108589129,15462,2461441,2461441,240,0,0
108599061,15463,2461681,2461681,240,0,0
108609126,15465,2461921,2461921,240,0,0
108619061,15466,2462161,2462161,240,0,0
108629125,15468,2462401,2462401,240,0,0
108639063,15469,2462641,2462641,240,0,0
108649134,15471,2462881,2462881,240,0,0
108659050,15472,2463121,2463121,240,0,0
108669255,15474,2463364,2463364,240,3,0
108679058,15475,2463599,2463604,240,0,5
108689137,15477,2463839,2463839,240,0,0
108699051,15478,2464079,2464079,240,0,0
108709258,15480,2464324,2464324,240,5,0
108719153,15481,2464564,2464564,240,0,0
108729133,15483,2464801,2464804,240,0,3
108739066,15484,2465041,2465041,240,0,0
108749095,15486,2465281,2465281,240,0,0
108759060,15487,2465521,2465521,240,0,0
108769206,15489,2465761,2465761,240,0,0
108779078,15490,2466001,2466001,240,0,0
108789089,15492,2466241,2466241,240,0,0
108799119,15493,2466481,2466481,240,0,0
108809117,15495,2466721,2466721,240,0,0
108819115,15496,2466961,2466961,240,0,0
108829117,15498,2467201,2467201,240,0,0
108839086,15499,2467441,2467441,240,0,0
108849229,15501,2467684,2467684,240,3,0
108859094,15502,2467920,2467924,240,0,4
108869254,15504,2468164,2468164,240,4,0
108879069,15505,2468400,2468404,240,0,4
108889118,15507,2468640,2468640,240,0,0
108899052,15508,2468880,2468880,240,0,0
108909329,15510,2469126,2469126,240,6,0
108919083,15511,2469360,2469366,240,0,6
108929098,15513,2469600,2469600,240,0,0
108939048,15514,2469840,2469840,240,0,0
108949193,15516,2470083,2470083,240,3,0
108959056,15517,2470319,2470323,240,0,4
108969267,15519,2470564,2470564,240,5,0
108979125,15520,2470801,2470804,240,0,3
108989129,15522,2471041,2471041,240,0,0
108999101,15523,2471281,2471281,240,0,0
109009159,15525,2471521,2471521,240,0,0
109019108,15526,2471761,2471761,240,0,0
109029116,15528,2472001,2472001,240,0,0
109039106,15529,2472241,2472241,240,0,0
109049138,15531,2472481,2472481,240,0,0
109059063,15532,2472721,2472721,240,0,0
109069297,15534,2472965,2472965,240,4,0
109079152,15535,2473202,2473205,240,0,3
109089138,15537,2473442,2473442,240,0,0
109099050,15538,2473679,2473682,240,0,3
109109129,15540,2473919,2473919,240,0,0
109119041,15541,2474159,2474159,240,0,0
109129110,15543,2474399,2474399,240,0,0
109139044,15544,2474639,2474639,240,0,0
109149133,15546,2474879,2474879,240,0,0
109159042,15547,2475119,2475119,240,0,0
109169196,15549,2475363,2475363,240,4,0
109179044,15550,2475599,2475603,240,0,4
109189227,15552,2475843,2475843,240,4,0
109199068,15553,2476080,2476083,240,0,3
109209133,15555,2476320,2476320,240,0,0
109219071,15556,2476560,2476560,240,0,0
109229117,15558,2476800,2476800,240,0,0
109239069,15559,2477040,2477040,240,0,0
109249114,15561,2477280,2477280,240,0,0
109259090,15562,2477520,2477520,240,0,0
109269126,15564,2477760,2477760,240,0,0
109279141,15565,2478000,2478000,240,0,0
109289166,15567,2478240,2478240,240,0,0
109299064,15568,2478480,2478480,240,0,0
109309135,15570,2478720,2478720,240,0,0
109319094,15571,2478960,2478960,240,0,0
109329126,15573,2479200,2479200,240,0,0
109339187,15574,2479440,2479440,240,0,0
109349217,15576,2479683,2479683,240,3,0
109359087,15577,2479920,2479923,240,0,3
109369191,15579,2480163,2480163,240,3,0
109379113,15580,2480403,2480403,240,0,0
109389228,15582,2480643,2480643,240,0,0
109399083,15583,2480880,2480883,240,0,3
109409150,15585,2481120,2481120,240,0,0
109419050,15586,2481360,2481360,240,0,0
109429117,15588,2481600,2481600,240,0,0
109439073,15589,2481840,2481840,240,0,0
109449128,15591,2482080,2482080,240,0,0
109459053,15592,2482320,2482320,240,0,0
109469116,15594,2482560,2482560,240,0,0
109479203,15595,2482803,2482803,240,3,0
109489466,15597,2483049,2483049,240,6,0
109499099,15598,2483280,2483289,240,0,9
109509140,15600,2483520,2483520,240,0,0
109519065,15601,2483760,2483760,240,0,0
109529123,15603,2484000,2484000,240,0,0
109539037,15604,2484240,2484240,240,0,0
109549116,15606,2484480,2484480,240,0,0
109559049,15607,2484720,2484720,240,0,0
109569223,15609,2484963,2484963,240,3,0
109579084,15610,2485200,2485203,240,0,3
109589270,15612,2485444,2485444,240,4,0
109599068,15613,2485680,2485684,240,0,4
109609137,15615,2485920,2485920,240,0,0
109619020,15616,2486160,2486160,240,0,0
109629223,15618,2486403,2486403,240,3,0
109639102,15619,2486640,2486643,240,0,3
109649141,15621,2486880,2486880,240,0,0
109659032,15622,2487120,2487120,240,0,0
109669199,15624,2487363,2487363,240,3,0
109679061,15625,2487599,2487603,240,0,4
109689223,15627,2487843,2487843,240,4,0
109699080,15628,2488080,2488083,240,0,3
109709213,15630,2488323,2488323,240,3,0
109719051,15631,2488559,2488563,240,0,4
109729125,15633,2488799,2488799,240,0,0
109739043,15634,2489039,2489039,240,0,0
109749121,15636,2489279,2489279,240,0,0
109759047,15637,2489519,2489519,240,0,0
109769126,15639,2489759,2489759,240,0,0
109779083,15640,2489999,2489999,240,0,0
109789234,15642,2490244,2490244,240,5,0
109799078,15643,2490480,2490484,240,0,4
109809113,15645,2490720,2490720,240,0,0
109819062,15646,2490960,2490960,240,0,0
109829149,15648,2491200,2491200,240,0,0
109839041,15649,2491440,2491440,240,0,0
109849168,15651,2491680,2491680,240,0,0
109859117,15652,2491920,2491920,240,0,0
109869147,15654,2492160,2492160,240,0,0
109879050,15655,2492400,2492400,240,0,0
109889231,15658,2492644,2492644,240,4,0
109899019,15659,2492878,2492884,240,0,6
109909251,15661,2493124,2493124,240,6,0
109919477,15662,2493369,2493369,240,5,0
109929376,15664,2493609,2493609,240,0,0
109939133,15665,2493841,2493849,240,0,8
109949416,15667,2494088,2494088,240,7,0
109959083,15668,2494320,2494328,240,0,8
109969116,15670,2494560,2494560,240,0,0
109979125,15671,2494800,2494800,240,0,0
109989115,15673,2495040,2495040,240,0,0
109999050,15674,2495280,2495280,240,0,0
110009239,15676,2495524,2495524,240,4,0
110019120,15677,2495761,2495764,240,0,3
110029162,15679,2496001,2496001,240,0,0
110039054,15680,2496241,2496241,240,0,0
110049118,15682,2496481,2496481,240,0,0
110059120,15683,2496721,2496721,240,0,0
110069138,15685,2496961,2496961,240,0,0
110079091,15686,2497201,2497201,240,0,0
110089125,15688,2497441,2497441,240,0,0
110099054,15689,2497681,2497681,240,0,0
110109182,15691,2497921,2497921,240,0,0
110119100,15692,2498161,2498161,240,0,0
110129143,15694,2498401,2498401,240,0,0
110139120,15695,2498641,2498641,240,0,0
110149116,15697,2498881,2498881,240,0,0
110159085,15698,2499121,2499121,240,0,0
110169133,15700,2499361,2499361,240,0,0
110179092,15701,2499601,2499601,240,0,0
110189142,15703,2499841,2499841,240,0,0
110199160,15704,2500081,2500081,240,0,0
110209230,15706,2500324,2500324,240,3,0
110219132,15707,2500561,2500564,240,0,3
110229137,15709,2500801,2500801,240,0,0
110239122,15710,2501041,2501041,240,0,0
110249101,15712,2501281,2501281,240,0,0
110259130,15713,2501521,2501521,240,0,0
110269130,15715,2501761,2501761,240,0,0
110279108,15716,2502001,2502001,240,0,0
110289191,15718,2502241,2502241,240,0,0
110299180,15719,2502481,2502481,240,0,0
110309175,15721,2502721,2502721,240,0,0
110319019,15722,2502958,2502961,240,0,3
110329217,15724,2503203,2503203,240,5,0
110339144,15725,2503443,2503443,240,0,0
110349208,15727,2503683,2503683,240,0,0
110359058,15728,2503919,2503923,240,0,4
110369180,15730,2504162,2504162,240,3,0
110379048,15731,2504399,2504402,240,0,3
110389177,15733,2504642,2504642,240,3,0
110399111,15734,2504882,2504882,240,0,0
110409256,15736,2505122,2505122,240,0,0
110419092,15737,2505362,2505362,240,0,0
110429132,15739,2505602,2505602,240,0,0
110439133,15740,2505842,2505842,240,0,0
110449210,15742,2506082,2506082,240,0,0
110459098,15743,2506322,2506322,240,0,0
110469141,15745,2506562,2506562,240,0,0
110479101,15746,2506802,2506802,240,0,0
110489123,15748,2507042,2507042,240,0,0
110499087,15749,2507282,2507282,240,0,0
110509250,15751,2507522,2507522,240,0,0
110519147,15752,2507762,2507762,240,0,0
110529147,15754,2508002,2508002,240,0,0
110539059,15755,2508239,2508242,240,0,3
110549136,15757,2508479,2508479,240,0,0
110559036,15758,2508719,2508719,240,0,0
110569119,15760,2508959,2508959,240,0,0
110579074,15761,2509199,2509199,240,0,0
110589205,15763,2509443,2509443,240,4,0
110599061,15764,2509679,2509683,240,0,4
110609255,15766,2509924,2509924,240,5,0
110619413,15767,2510168,2510168,240,4,0
110629133,15769,2510401,2510408,240,0,7
110639111,15770,2510641,2510641,240,0,0
110649198,15772,2510881,2510881,240,0,0
110659095,15773,2511121,2511121,240,0,0
110669121,15775,2511361,2511361,240,0,0
110679047,15776,2511601,2511601,240,0,0
110689117,15778,2511841,2511841,240,0,0
110699058,15779,2512081,2512081,240,0,0
110709248,15781,2512324,2512324,240,3,0
110719106,15782,2512561,2512564,240,0,3
110729123,15784,2512801,2512801,240,0,0
110739049,15785,2513041,2513041,240,0,0
110749119,15787,2513281,2513281,240,0,0
110759074,15788,2513521,2513521,240,0,0
110769122,15790,2513761,2513761,240,0,0
110779096,15791,2514001,2514001,240,0,0
110789117,15793,2514241,2514241,240,0,0
110799050,15794,2514481,2514481,240,0,0
110809108,15796,2514721,2514721,240,0,0
110819071,15797,2514961,2514961,240,0,0
110829150,15799,2515201,2515201,240,0,0
110839054,15800,2515441,2515441,240,0,0
110849185,15802,2515681,2515681,240,0,0
110859082,15803,2515921,2515921,240,0,0
110869142,15805,2516161,2516161,240,0,0
110879065,15806,2516401,2516401,240,0,0
110889133,15808,2516641,2516641,240,0,0
110899074,15809,2516881,2516881,240,0,0
110909150,15811,2517121,2517121,240,0,0
110919780,15812,2517377,2517377,240,16,0
110929207,15814,2517603,2517617,240,0,14
110939122,15815,2517843,2517843,240,0,0
110949101,15817,2518080,2518083,240,0,3
110959060,15818,2518320,2518320,240,0,0
110969101,15820,2518560,2518560,240,0,0
110979116,15821,2518800,2518800,240,0,0
110989101,15823,2519040,2519040,240,0,0
110999093,15824,2519280,2519280,240,0,0
111009094,15826,2519520,2519520,240,0,0
111019088,15827,2519760,2519760,240,0,0
111029214,15829,2520003,2520003,240,3,0
111039096,15830,2520240,2520243,240,0,3
111049197,15832,2520483,2520483,240,3,0
111059125,15833,2520723,2520723,240,0,0
111069122,15835,2520963,2520963,240,0,0
111079032,15836,2521199,2521203,240,0,4
111089134,15838,2521439,2521439,240,0,0
111099044,15839,2521679,2521679,240,0,0
111109180,15841,2521922,2521922,240,3,0
111119168,15842,2522162,2522162,240,0,0
111129175,15844,2522402,2522402,240,0,0
111139069,15845,2522642,2522642,240,0,0
111149150,15847,2522882,2522882,240,0,0
111159071,15848,2523122,2523122,240,0,0
111169128,15850,2523362,2523362,240,0,0
111179054,15851,2523599,2523602,240,0,3
111189203,15853,2523843,2523843,240,4,0
111199114,15854,2524083,2524083,240,0,0
111209183,15856,2524323,2524323,240,0,0
111219044,15857,2524559,2524563,240,0,4
111229257,15859,2524804,2524804,240,5,0
111239059,15860,2525039,2525044,240,0,5
111249116,15862,2525279,2525279,240,0,0
111259048,15863,2525519,2525519,240,0,0
111269176,15865,2525762,2525762,240,3,0
111279053,15866,2525999,2526002,240,0,3
111289167,15868,2526242,2526242,240,3,0
111299057,15869,2526479,2526482,240,0,3
111309205,15871,2526723,2526723,240,4,0
111319093,15872,2526960,2526963,240,0,3
111329220,15874,2527203,2527203,240,3,0
111339069,15875,2527440,2527443,240,0,3
111349202,15877,2527683,2527683,240,3,0
111359127,15878,2527923,2527923,240,0,0
111369132,15880,2528163,2528163,240,0,0
111379058,15881,2528399,2528403,240,0,4
111389183,15883,2528642,2528642,240,3,0
111399055,15884,2528879,2528882,240,0,3
111409115,15886,2529119,2529119,240,0,0
111419053,15887,2529359,2529359,240,0,0
111429197,15889,2529603,2529603,240,4,0
111439073,15890,2529840,2529843,240,0,3
111449136,15892,2530080,2530080,240,0,0
111459102,15893,2530320,2530320,240,0,0
111469113,15895,2530560,2530560,240,0,0
111479060,15896,2530800,2530800,240,0,0
111489138,15898,2531040,2531040,240,0,0
111499081,15899,2531280,2531280,240,0,0
111509111,15901,2531520,2531520,240,0,0
111519087,15902,2531760,2531760,240,0,0
111529212,15904,2532003,2532003,240,3,0
111539095,15905,2532240,2532243,240,0,3
111549144,15907,2532480,2532480,240,0,0
111559069,15908,2532720,2532720,240,0,0
111569130,15910,2532960,2532960,240,0,0
111579072,15911,2533200,2533200,240,0,0
111589139,15913,2533440,2533440,240,0,0
111599133,15914,2533680,2533680,240,0,0
111609154,15916,2533920,2533920,240,0,0
111619081,15917,2534160,2534160,240,0,0
111629245,15919,2534404,2534404,240,4,0
111639179,15920,2534644,2534644,240,0,0
111649141,15922,2534881,2534884,240,0,3
111659050,15923,2535121,2535121,240,0,0
111669120,15925,2535361,2535361,240,0,0
111679045,15926,2535601,2535601,240,0,0
111689113,15928,2535841,2535841,240,0,0
111699110,15929,2536081,2536081,240,0,0
111709136,15931,2536321,2536321,240,0,0
111719062,15932,2536561,2536561,240,0,0
111729122,15934,2536801,2536801,240,0,0
111739006,15935,2537038,2537041,240,0,3
111749435,15937,2537288,2537288,240,10,0
111759108,15938,2537521,2537528,240,0,7
111769186,15940,2537761,2537761,240,0,0
111779157,15941,2538001,2538001,240,0,0
111789134,15943,2538241,2538241,240,0,0
111799020,15944,2538478,2538481,240,0,3
111809200,15946,2538723,2538723,240,5,0
111819124,15947,2538963,2538963,240,0,0
111829199,15949,2539203,2539203,240,0,0
111839127,15950,2539443,2539443,240,0,0
111849201,15952,2539683,2539683,240,0,0
111859141,15953,2539923,2539923,240,0,0
111869150,15955,2540163,2540163,240,0,0
111879128,15956,2540403,2540403,240,0,0
111889136,15959,2540643,2540643,240,0,0
111899125,15960,2540883,2540883,240,0,0
111909140,15962,2541123,2541123,240,0,0
111919118,15963,2541363,2541363,240,0,0
111929133,15965,2541603,2541603,240,0,0
111939119,15966,2541843,2541843,240,0,0
111949155,15968,2542083,2542083,240,0,0
111959065,15969,2542320,2542323,240,0,3
111969134,15971,2542560,2542560,240,0,0
111979088,15972,2542800,2542800,240,0,0
111989164,15974,2543040,2543040,240,0,0
111999064,15975,2543280,2543280,240,0,0
112009139,15977,2543520,2543520,240,0,0
112019040,15978,2543760,2543760,240,0,0
112029227,15980,2544003,2544003,240,3,0
112039308,15981,2544243,2544243,240,0,0
112049169,15983,2544483,2544483,240,0,0
112059047,15984,2544719,2544723,240,0,4
112069121,15986,2544959,2544959,240,0,0
112079079,15987,2545199,2545199,240,0,0
112089216,15989,2545443,2545443,240,4,0
112099128,15990,2545683,2545683,240,0,0
112109122,15992,2545923,2545923,240,0,0
112119113,15993,2546163,2546163,240,0,0
112129120,15995,2546403,2546403,240,0,0
112139065,15996,2546640,2546643,240,0,3
112149225,15998,2546883,2546883,240,3,0
112159077,15999,2547120,2547123,240,0,3
112169126,16001,2547360,2547360,240,0,0
112179137,16002,2547600,2547600,240,0,0
112189131,16004,2547840,2547840,240,0,0
112199067,16005,2548080,2548080,240,0,0
112209109,16007,2548320,2548320,240,0,0
112219129,16008,2548560,2548560,240,0,0
112229115,16010,2548800,2548800,240,0,0
112239038,16011,2549040,2549040,240,0,0
112249195,16013,2549283,2549283,240,3,0
112258993,16014,2549518,2549523,240,0,5
112269261,16016,2549764,2549764,240,6,0
112279093,16017,2550000,2550004,240,0,4
112289120,16019,2550240,2550240,240,0,0
112299092,16020,2550480,2550480,240,0,0
112309121,16022,2550720,2550720,240,0,0
112319130,16023,2550960,2550960,240,0,0
112329129,16025,2551200,2551200,240,0,0
112339097,16026,2551440,2551440,240,0,0
112349234,16028,2551684,2551684,240,4,0
112359064,16029,2551920,2551924,240,0,4
112369246,16031,2552164,2552164,240,4,0
112379078,16032,2552400,2552404,240,0,4
112389143,16034,2552640,2552640,240,0,0
112399061,16035,2552880,2552880,240,0,0
112409124,16037,2553120,2553120,240,0,0
112419070,16038,2553360,2553360,240,0,0
112429128,16040,2553600,2553600,240,0,0
112439070,16041,2553840,2553840,240,0,0
112449218,16043,2554083,2554083,240,3,0
112459084,16044,2554320,2554323,240,0,3
112469178,16046,2554560,2554560,240,0,0
112479105,16047,2554800,2554800,240,0,0
112489146,16049,2555040,2555040,240,0,0
112499075,16050,2555280,2555280,240,0,0
112509140,16052,2555520,2555520,240,0,0
112519084,16053,2555760,2555760,240,0,0
112529137,16055,2556000,2556000,240,0,0
112539072,16056,2556240,2556240,240,0,0
112549118,16058,2556480,2556480,240,0,0
112559199,16059,2556723,2556723,240,3,0
112569143,16061,2556963,2556963,240,0,0
112579114,16062,2557203,2557203,240,0,0
112589130,16064,2557443,2557443,240,0,0
112599079,16065,2557680,2557683,240,0,3
112609168,16067,2557920,2557920,240,0,0
112619081,16068,2558160,2558160,240,0,0
112629138,16070,2558400,2558400,240,0,0
112639113,16071,2558640,2558640,240,0,0
112649215,16073,2558883,2558883,240,3,0
112659040,16074,2559119,2559123,240,0,4
112669158,16076,2559362,2559362,240,3,0
112679047,16077,2559599,2559602,240,0,3
112689153,16079,2559842,2559842,240,3,0
112699035,16080,2560079,2560082,240,0,3
112709149,16082,2560322,2560322,240,3,0
112719093,16083,2560562,2560562,240,0,0
112729170,16085,2560802,2560802,240,0,0
112739055,16086,2561039,2561042,240,0,3
112749171,16088,2561282,2561282,240,3,0
112759121,16089,2561522,2561522,240,0,0
112769172,16091,2561762,2561762,240,0,0
112779089,16092,2562002,2562002,240,0,0
112789137,16094,2562242,2562242,240,0,0
112799079,16095,2562482,2562482,240,0,0
112809128,16097,2562722,2562722,240,0,0
112819110,16098,2562962,2562962,240,0,0
112829132,16100,2563202,2563202,240,0,0
112839124,16101,2563442,2563442,240,0,0
112849169,16103,2563682,2563682,240,0,0
112859204,16104,2563922,2563922,240,0,0
112869465,16106,2564169,2564169,240,7,0
112879110,16107,2564401,2564409,240,0,8
112889200,16109,2564641,2564641,240,0,0
112899035,16110,2564881,2564881,240,0,0
112909193,16112,2565121,2565121,240,0,0
112919041,16113,2565361,2565361,240,0,0
112929330,16115,2565606,2565606,240,5,0
112939085,16116,2565840,2565846,240,0,6
112949110,16118,2566080,2566080,240,0,0
112959040,16119,2566320,2566320,240,0,0
112969243,16121,2566564,2566564,240,4,0
112979042,16122,2566799,2566804,240,0,5
112989105,16124,2567039,2567039,240,0,0
112999069,16125,2567279,2567279,240,0,0
113009105,16127,2567519,2567519,240,0,0
113019108,16128,2567759,2567759,240,0,0
113029136,16130,2567999,2567999,240,0,0
113039074,16131,2568239,2568239,240,0,0
113049106,16133,2568479,2568479,240,0,0
113059049,16134,2568719,2568719,240,0,0
113069210,16136,2568963,2568963,240,4,0
113079073,16137,2569200,2569203,240,0,3
113089167,16139,2569440,2569440,240,0,0
113099079,16140,2569680,2569680,240,0,0
113109148,16142,2569920,2569920,240,0,0
113119087,16143,2570160,2570160,240,0,0
113129118,16145,2570400,2570400,240,0,0
113139091,16146,2570640,2570640,240,0,0
113149193,16148,2570883,2570883,240,3,0
113159086,16149,2571120,2571123,240,0,3
113169212,16151,2571363,2571363,240,3,0
113179078,16152,2571600,2571603,240,0,3
113189121,16154,2571840,2571840,240,0,0
113199103,16155,2572080,2572080,240,0,0
113209139,16157,2572320,2572320,240,0,0
113219120,16158,2572560,2572560,240,0,0
113229133,16160,2572800,2572800,240,0,0
113239074,16161,2573040,2573040,240,0,0
113249137,16163,2573280,2573280,240,0,0
113259043,16164,2573520,2573520,240,0,0
113269268,16166,2573764,2573764,240,4,0
113279057,16167,2573999,2574004,240,0,5
113289221,16169,2574243,2574243,240,4,0
113299078,16170,2574480,2574483,240,0,3
113309109,16172,2574720,2574720,240,0,0
113319065,16173,2574960,2574960,240,0,0
113329149,16175,2575200,2575200,240,0,0
113339093,16176,2575440,2575440,240,0,0
113349138,16178,2575680,2575680,240,0,0
113359064,16179,2575920,2575920,240,0,0
113369202,16181,2576163,2576163,240,3,0
113379111,16182,2576403,2576403,240,0,0
113389174,16184,2576643,2576643,240,0,0
113399055,16185,2576879,2576883,240,0,4
113409101,16187,2577119,2577119,240,0,0
113419540,16188,2577371,2577371,240,12,0
113429187,16190,2577602,2577611,240,0,9
113439103,16191,2577842,2577842,240,0,0
113449114,16193,2578082,2578082,240,0,0
113459059,16194,2578319,2578322,240,0,3
113469099,16196,2578559,2578559,240,0,0
113479210,16197,2578803,2578803,240,4,0
113489208,16199,2579043,2579043,240,0,0
113499054,16200,2579279,2579283,240,0,4
113509101,16202,2579519,2579519,240,0,0
113519056,16203,2579759,2579759,240,0,0
113529189,16205,2580003,2580003,240,4,0
113539024,16206,2580239,2580243,240,0,4
113549188,16208,2580483,2580483,240,4,0
113559050,16209,2580719,2580723,240,0,4
113569099,16211,2580959,2580959,240,0,0
113579147,16212,2581202,2581202,240,3,0
113589170,16214,2581442,2581442,240,0,0
113599080,16215,2581682,2581682,240,0,0
113609133,16217,2581922,2581922,240,0,0
113619042,16218,2582159,2582162,240,0,3
113629216,16220,2582403,2582403,240,4,0
113639070,16221,2582640,2582643,240,0,3
113649101,16223,2582880,2582880,240,0,0
113659127,16224,2583120,2583120,240,0,0
113669131,16226,2583360,2583360,240,0,0
113679149,16227,2583600,2583600,240,0,0
113689167,16229,2583840,2583840,240,0,0
113699029,16230,2584080,2584080,240,0,0
113709188,16232,2584323,2584323,240,3,0
113719068,16233,2584560,2584563,240,0,3
113729108,16235,2584800,2584800,240,0,0
113739075,16236,2585040,2585040,240,0,0
113749182,16238,2585280,2585280,240,0,0
113759064,16239,2585520,2585520,240,0,0
113769136,16241,2585760,2585760,240,0,0
113779081,16242,2586000,2586000,240,0,0
113789262,16244,2586244,2586244,240,4,0
113799039,16245,2586479,2586484,240,0,5
113809133,16247,2586719,2586719,240,0,0
113819051,16248,2586959,2586959,240,0,0
113829114,16250,2587199,2587199,240,0,0
113839050,16251,2587439,2587439,240,0,0
113849158,16253,2587682,2587682,240,3,0
113859103,16254,2587922,2587922,240,0,0
113869152,16256,2588162,2588162,240,0,0
113879060,16257,2588399,2588402,240,0,3
113889229,16260,2588644,2588644,240,5,0
113899136,16261,2588881,2588884,240,0,3
113909132,16263,2589121,2589121,240,0,0
113919120,16264,2589361,2589361,240,0,0
113929138,16266,2589601,2589601,240,0,0
113939153,16267,2589841,2589841,240,0,0
113949144,16269,2590081,2590081,240,0,0
113959063,16270,2590321,2590321,240,0,0
113969129,16272,2590561,2590561,240,0,0
113979070,16273,2590801,2590801,240,0,0
113989254,16275,2591044,2591044,240,3,0
113999416,16276,2591288,2591288,240,4,0
114009210,16278,2591523,2591528,240,0,5
114019088,16279,2591760,2591763,240,0,3
114029147,16281,2592000,2592000,240,0,0
114039112,16282,2592240,2592240,240,0,0
114049134,16284,2592480,2592480,240,0,0
114059100,16285,2592720,2592720,240,0,0
114069139,16287,2592960,2592960,240,0,0
114079049,16288,2593200,2593200,240,0,0
114089263,16290,2593444,2593444,240,4,0
114099088,16291,2593680,2593684,240,0,4
114109192,16293,2593923,2593923,240,3,0
114119063,16294,2594160,2594163,240,0,3
114129127,16296,2594400,2594400,240,0,0
114139048,16297,2594640,2594640,240,0,0
114149122,16299,2594880,2594880,240,0,0
114159033,16300,2595120,2595120,240,0,0
114169123,16302,2595360,2595360,240,0,0
114179066,16303,2595600,2595600,240,0,0
114189266,16305,2595844,2595844,240,4,0
114199230,16306,2596084,2596084,240,0,0
114209151,16308,2596324,2596324,240,0,0
114219068,16309,2596560,2596564,240,0,4
114229114,16311,2596800,2596800,240,0,0
114239058,16312,2597040,2597040,240,0,0
114249195,16314,2597283,2597283,240,3,0
114259047,16315,2597519,2597523,240,0,4
114269180,16317,2597762,2597762,240,3,0
114279045,16318,2597999,2598002,240,0,3
114289138,16320,2598239,2598239,240,0,0
114299040,16321,2598479,2598479,240,0,0
114309245,16323,2598724,2598724,240,5,0
114319046,16324,2598959,2598964,240,0,5
114329211,16326,2599203,2599203,240,4,0
114339066,16327,2599440,2599443,240,0,3
114349132,16329,2599680,2599680,240,0,0
114359102,16330,2599920,2599920,240,0,0
114369157,16332,2600160,2600160,240,0,0
114379058,16333,2600400,2600400,240,0,0
114389120,16335,2600640,2600640,240,0,0
114399174,16336,2600880,2600880,240,0,0
114409243,16338,2601124,2601124,240,4,0
114419125,16339,2601361,2601364,240,0,3
114429202,16341,2601601,2601601,240,0,0
114439017,16342,2601838,2601841,240,0,3
114449203,16344,2602083,2602083,240,5,0
114459057,16345,2602319,2602323,240,0,4
114469200,16347,2602563,2602563,240,4,0
114479056,16348,2602799,2602803,240,0,4
114489120,16350,2603039,2603039,240,0,0
114499138,16351,2603279,2603279,240,0,0
114509230,16353,2603524,2603524,240,5,0
114519048,16354,2603759,2603764,240,0,5
114529132,16356,2603999,2603999,240,0,0
114539082,16357,2604239,2604239,240,0,0
114549120,16359,2604479,2604479,240,0,0
114559067,16360,2604719,2604719,240,0,0
114569147,16362,2604962,2604962,240,3,0
114579046,16363,2605199,2605202,240,0,3
114589117,16365,2605439,2605439,240,0,0
114599272,16366,2605685,2605685,240,6,0
114609203,16368,2605925,2605925,240,0,0
114619067,16369,2606160,2606165,240,0,5
114629106,16371,2606400,2606400,240,0,0
114639113,16372,2606640,2606640,240,0,0
114649117,16374,2606880,2606880,240,0,0
114659082,16375,2607120,2607120,240,0,0
114669167,16377,2607360,2607360,240,0,0
114679109,16378,2607600,2607600,240,0,0
114689120,16380,2607840,2607840,240,0,0
114699058,16381,2608080,2608080,240,0,0
114709221,16383,2608323,2608323,240,3,0
114719119,16384,2608563,2608563,240,0,0
114729143,16386,2608803,2608803,240,0,0
114739098,16387,2609040,2609043,240,0,3
114749133,16389,2609280,2609280,240,0,0
114759039,16390,2609520,2609520,240,0,0
114769207,16392,2609763,2609763,240,3,0
114779035,16393,2609999,2610003,240,0,4
114789125,16395,2610239,2610239,240,0,0
114799044,16396,2610479,2610479,240,0,0
114809215,16398,2610723,2610723,240,4,0
114819102,16399,2610960,2610963,240,0,3
114829137,16401,2611200,2611200,240,0,0
114839038,16402,2611440,2611440,240,0,0
114849179,16404,2611680,2611680,240,0,0
114859086,16405,2611920,2611920,240,0,0
114869144,16407,2612160,2612160,240,0,0
114879060,16408,2612400,2612400,240,0,0
114889137,16410,2612640,2612640,240,0,0
114899027,16411,2612880,2612880,240,0,0
114909219,16413,2613123,2613123,240,3,0
114919076,16414,2613360,2613363,240,0,3
114929161,16416,2613600,2613600,240,0,0
114939263,16417,2613844,2613844,240,4,0
114949128,16419,2614081,2614084,240,0,3
114959092,16420,2614321,2614321,240,0,0
114969136,16422,2614561,2614561,240,0,0
114979107,16423,2614801,2614801,240,0,0
114989128,16425,2615041,2615041,240,0,0
114999053,16426,2615281,2615281,240,0,0
115009228,16428,2615521,2615521,240,0,0
115019098,16429,2615761,2615761,240,0,0
115029137,16431,2616001,2616001,240,0,0
115039070,16432,2616241,2616241,240,0,0
115049132,16434,2616481,2616481,240,0,0
115059048,16435,2616721,2616721,240,0,0
115069133,16437,2616961,2616961,240,0,0
115079098,16438,2617201,2617201,240,0,0
115089128,16440,2617441,2617441,240,0,0
115099131,16441,2617681,2617681,240,0,0
115109138,16443,2617921,2617921,240,0,0
115119016,16444,2618158,2618161,240,0,3
115129467,16446,2618409,2618409,240,11,0
115139167,16447,2618642,2618649,240,0,7
115149109,16449,2618882,2618882,240,0,0
115159086,16450,2619122,2619122,240,0,0
115169207,16452,2619362,2619362,240,0,0
115179115,16453,2619602,2619602,240,0,0
115189123,16455,2619842,2619842,240,0,0
115199062,16456,2620079,2620082,240,0,3
115209115,16458,2620319,2620319,240,0,0
115219173,16459,2620562,2620562,240,3,0
115229244,16461,2620802,2620802,240,0,0
115239113,16462,2621042,2621042,240,0,0
115249123,16464,2621282,2621282,240,0,0
115259148,16465,2621522,2621522,240,0,0
115269126,16467,2621762,2621762,240,0,0
115279089,16468,2622002,2622002,240,0,0
115289191,16470,2622242,2622242,240,0,0
115299158,16471,2622482,2622482,240,0,0
115309134,16473,2622722,2622722,240,0,0
115319140,16474,2622962,2622962,240,0,0
115329175,16476,2623202,2623202,240,0,0
115339081,16477,2623442,2623442,240,0,0
115349121,16479,2623682,2623682,240,0,0
115359063,16480,2623922,2623922,240,0,0
115369119,16482,2624162,2624162,240,0,0
115379068,16483,2624402,2624402,240,0,0
115389118,16485,2624642,2624642,240,0,0
115399069,16486,2624882,2624882,240,0,0
115409124,16488,2625122,2625122,240,0,0
115419133,16489,2625362,2625362,240,0,0
115429163,16491,2625602,2625602,240,0,0
115439071,16492,2625842,2625842,240,0,0
115449119,16494,2626082,2626082,240,0,0
115459073,16495,2626322,2626322,240,0,0
115469119,16497,2626562,2626562,240,0,0
115479093,16498,2626802,2626802,240,0,0
115489131,16500,2627042,2627042,240,0,0
115499091,16501,2627282,2627282,240,0,0
115509437,16503,2627528,2627528,240,6,0
115519148,16504,2627762,2627768,240,0,6
115529217,16506,2628002,2628002,240,0,0
115539059,16507,2628239,2628242,240,0,3
115549115,16509,2628479,2628479,240,0,0
115559060,16510,2628719,2628719,240,0,0
115569109,16512,2628959,2628959,240,0,0
115579088,16513,2629199,2629199,240,0,0
115589115,16515,2629439,2629439,240,0,0
115599057,16516,2629679,2629679,240,0,0
115609106,16518,2629919,2629919,240,0,0
115619064,16519,2630159,2630159,240,0,0
115629206,16521,2630403,2630403,240,4,0
115639106,16522,2630643,2630643,240,0,0
115649129,16524,2630883,2630883,240,0,0
115659077,16525,2631120,2631123,240,0,3
115669134,16527,2631360,2631360,240,0,0
115679108,16528,2631600,2631600,240,0,0
115689132,16530,2631840,2631840,240,0,0
115699076,16531,2632080,2632080,240,0,0
115709122,16533,2632320,2632320,240,0,0
115719098,16534,2632560,2632560,240,0,0
115729227,16536,2632803,2632803,240,3,0
115739083,16537,2633040,2633043,240,0,3
115749163,16539,2633280,2633280,240,0,0
115759052,16540,2633520,2633520,240,0,0
115769129,16542,2633760,2633760,240,0,0
115779114,16543,2634000,2634000,240,0,0
115789136,16545,2634240,2634240,240,0,0
115799117,16546,2634480,2634480,240,0,0
115809136,16548,2634720,2634720,240,0,0
115819093,16549,2634960,2634960,240,0,0
115829228,16551,2635203,2635203,240,3,0
115839066,16552,2635440,2635443,240,0,3
115849196,16554,2635683,2635683,240,3,0
115859085,16555,2635920,2635923,240,0,3
115869142,16557,2636160,2636160,240,0,0
115879031,16558,2636400,2636400,240,0,0
115889128,16561,2636640,2636640,240,0,0
115899116,16562,2636880,2636880,240,0,0
115909144,16564,2637120,2637120,240,0,0
115919048,16565,2637360,2637360,240,0,0
115929132,16567,2637600,2637600,240,0,0
115939051,16568,2637840,2637840,240,0,0
115949181,16570,2638080,2638080,240,0,0
115959082,16571,2638320,2638320,240,0,0
115969139,16573,2638560,2638560,240,0,0
115979086,16574,2638800,2638800,240,0,0
115989218,16576,2639043,2639043,240,3,0
115999072,16577,2639280,2639283,240,0,3
116009139,16579,2639520,2639520,240,0,0
116019076,16580,2639760,2639760,240,0,0
116029137,16582,2640000,2640000,240,0,0
116039040,16583,2640240,2640240,240,0,0
116049174,16585,2640480,2640480,240,0,0
116059099,16586,2640720,2640720,240,0,0
116069147,16588,2640960,2640960,240,0,0
116079073,16589,2641200,2641200,240,0,0
116089135,16591,2641440,2641440,240,0,0
116099085,16592,2641680,2641680,240,0,0
116109136,16594,2641920,2641920,240,0,0
116119035,16595,2642160,2642160,240,0,0
116129126,16597,2642400,2642400,240,0,0
116139149,16598,2642640,2642640,240,0,0
116149211,16600,2642883,2642883,240,3,0
116159046,16601,2643119,2643123,240,0,4
116169129,16603,2643359,2643359,240,0,0
116179070,16604,2643599,2643599,240,0,0
116189133,16606,2643839,2643839,240,0,0
116199039,16607,2644079,2644079,240,0,0
116209118,16609,2644319,2644319,240,0,0
116219070,16610,2644559,2644559,240,0,0
116229131,16612,2644799,2644799,240,0,0
116239136,16613,2645039,2645039,240,0,0
116249468,16615,2645289,2645289,240,10,0
116259068,16616,2645520,2645529,240,0,9
116269124,16618,2645760,2645760,240,0,0
116279083,16619,2646000,2646000,240,0,0
116289129,16621,2646240,2646240,240,0,0
116299049,16622,2646480,2646480,240,0,0
116309108,16624,2646720,2646720,240,0,0
116319073,16625,2646960,2646960,240,0,0
116329208,16627,2647203,2647203,240,3,0
116339070,16628,2647440,2647443,240,0,3
116349306,16630,2647685,2647685,240,5,0
116359107,16631,2647921,2647925,240,0,4
116369170,16633,2648161,2648161,240,0,0
116379074,16634,2648401,2648401,240,0,0
116389180,16636,2648641,2648641,240,0,0
116398994,16637,2648878,2648881,240,0,3
116409034,16639,2649118,2649118,240,0,0
116419099,16640,2649358,2649358,240,0,0
116429121,16642,2649601,2649601,240,3,0
116439122,16643,2649841,2649841,240,0,0
116449232,16645,2650084,2650084,240,3,0
116459094,16646,2650320,2650324,240,0,4
116469121,16648,2650560,2650560,240,0,0
116479094,16649,2650800,2650800,240,0,0
116489130,16651,2651040,2651040,240,0,0
116499014,16652,2651280,2651280,240,0,0
116509213,16654,2651523,2651523,240,3,0
116519059,16655,2651759,2651763,240,0,4
116529188,16657,2652003,2652003,240,4,0
116539027,16658,2652239,2652243,240,0,4
116549262,16660,2652484,2652484,240,5,0
116559127,16661,2652721,2652724,240,0,3
116569156,16663,2652961,2652961,240,0,0
116579043,16664,2653201,2653201,240,0,0
116589116,16666,2653441,2653441,240,0,0
116599041,16667,2653681,2653681,240,0,0
116609115,16669,2653921,2653921,240,0,0
116619037,16670,2654161,2654161,240,0,0
116629112,16672,2654401,2654401,240,0,0
116639093,16673,2654641,2654641,240,0,0
116649208,16675,2654881,2654881,240,0,0
116659112,16676,2655121,2655121,240,0,0
116669137,16678,2655361,2655361,240,0,0
116679130,16679,2655601,2655601,240,0,0
116689134,16681,2655841,2655841,240,0,0
116699046,16682,2656081,2656081,240,0,0
116709126,16684,2656321,2656321,240,0,0
116719089,16685,2656561,2656561,240,0,0
116729120,16687,2656801,2656801,240,0,0
116739046,16688,2657041,2657041,240,0,0
116749267,16690,2657284,2657284,240,3,0
116759260,16691,2657524,2657524,240,0,0
116769143,16693,2657761,2657764,240,0,3
116779090,16694,2658001,2658001,240,0,0
116789140,16696,2658241,2658241,240,0,0
116799061,16697,2658481,2658481,240,0,0
116809116,16699,2658721,2658721,240,0,0
116819066,16700,2658961,2658961,240,0,0
116829132,16702,2659201,2659201,240,0,0
116839059,16703,2659441,2659441,240,0,0
116849164,16705,2659681,2659681,240,0,0
116859221,16706,2659921,2659921,240,0,0
116869142,16708,2660161,2660161,240,0,0
116879133,16709,2660401,2660401,240,0,0
116889133,16711,2660641,2660641,240,0,0
116898982,16712,2660878,2660881,240,0,3
116909133,16714,2661121,2661121,240,3,0
116919057,16715,2661361,2661361,240,0,0
116929132,16717,2661601,2661601,240,0,0
116939296,16718,2661845,2661845,240,4,0
116949133,16720,2662081,2662085,240,0,4
116959144,16721,2662321,2662321,240,0,0
116969245,16723,2662564,2662564,240,3,0
116979090,16724,2662800,2662804,240,0,4
116989135,16726,2663040,2663040,240,0,0
116999121,16727,2663280,2663280,240,0,0
117009133,16729,2663520,2663520,240,0,0
117019104,16730,2663760,2663760,240,0,0
117029132,16732,2664000,2664000,240,0,0
117039081,16733,2664240,2664240,240,0,0
117049131,16735,2664480,2664480,240,0,0
117059126,16736,2664720,2664720,240,0,0
117069171,16738,2664960,2664960,240,0,0
117079111,16739,2665200,2665200,240,0,0
117089141,16741,2665440,2665440,240,0,0
117099050,16742,2665680,2665680,240,0,0
117109131,16744,2665920,2665920,240,0,0
117119136,16745,2666160,2666160,240,0,0
117129142,16747,2666400,2666400,240,0,0
117139066,16748,2666640,2666640,240,0,0
117149128,16750,2666880,2666880,240,0,0
117159422,16751,2667128,2667128,240,8,0
117169231,16753,2667364,2667368,240,0,4
117179054,16754,2667599,2667604,240,0,5
117189122,16756,2667839,2667839,240,0,0
117199046,16757,2668079,2668079,240,0,0
117209128,16759,2668319,2668319,240,0,0
117219046,16760,2668559,2668559,240,0,0
117229142,16762,2668799,2668799,240,0,0
117239034,16763,2669039,2669039,240,0,0
117249132,16765,2669279,2669279,240,0,0
117258951,16766,2669519,2669519,240,0,0
117269328,16768,2669766,2669766,240,7,0
117279121,16769,2670001,2670006,240,0,5
117289126,16771,2670241,2670241,240,0,0
117299104,16772,2670481,2670481,240,0,0
117309121,16774,2670721,2670721,240,0,0
117319110,16775,2670961,2670961,240,0,0
117329184,16777,2671201,2671201,240,0,0
117339076,16778,2671441,2671441,240,0,0
117349134,16780,2671681,2671681,240,0,0
117359095,16781,2671921,2671921,240,0,0
117369230,16783,2672164,2672164,240,3,0
117379419,16784,2672408,2672408,240,4,0
117389136,16786,2672641,2672648,240,0,7
117399108,16787,2672881,2672881,240,0,0
117409141,16789,2673121,2673121,240,0,0
117419076,16790,2673361,2673361,240,0,0
117429136,16792,2673601,2673601,240,0,0
117439069,16793,2673841,2673841,240,0,0
117449203,16795,2674081,2674081,240,0,0
117459055,16796,2674321,2674321,240,0,0
117469229,16798,2674564,2674564,240,3,0
117479107,16799,2674801,2674804,240,0,3
117489137,16801,2675041,2675041,240,0,0
117499061,16802,2675281,2675281,240,0,0
117509188,16804,2675521,2675521,240,0,0
117519070,16805,2675761,2675761,240,0,0
117529126,16807,2676001,2676001,240,0,0
117539092,16808,2676241,2676241,240,0,0
117549136,16810,2676481,2676481,240,0,0
117559026,16811,2676721,2676721,240,0,0
117569224,16813,2676961,2676961,240,0,0
117579152,16814,2677201,2677201,240,0,0
117589143,16816,2677441,2677441,240,0,0
117599094,16817,2677681,2677681,240,0,0
117609104,16819,2677921,2677921,240,0,0
117619039,16820,2678161,2678161,240,0,0
117629163,16822,2678401,2678401,240,0,0
117639029,16823,2678641,2678641,240,0,0
117649185,16825,2678881,2678881,240,0,0
117659013,16826,2679118,2679121,240,0,3
117669182,16828,2679362,2679362,240,4,0
117679059,16829,2679599,2679602,240,0,3
117689171,16831,2679842,2679842,240,3,0
117699103,16832,2680082,2680082,240,0,0
117709171,16834,2680322,2680322,240,0,0
117719024,16835,2680559,2680562,240,0,3
117729194,16837,2680803,2680803,240,4,0
117739101,16838,2681040,2681043,240,0,3
117749135,16840,2681280,2681280,240,0,0
117759030,16841,2681520,2681520,240,0,0
117769194,16843,2681763,2681763,240,3,0
117779062,16844,2681999,2682003,240,0,4
117789170,16846,2682242,2682242,240,3,0
117799036,16847,2682479,2682482,240,0,3
117809105,16849,2682719,2682719,240,0,0
117819036,16850,2682959,2682959,240,0,0
117829192,16852,2683203,2683203,240,4,0
117839008,16853,2683438,2683443,240,0,5
117849217,16855,2683683,2683683,240,5,0
117859064,16856,2683920,2683923,240,0,3
117869229,16858,2684164,2684164,240,4,0
117879118,16859,2684401,2684404,240,0,3
117889216,16862,2684641,2684641,240,0,0
117899069,16863,2684881,2684881,240,0,0
117909175,16865,2685121,2685121,240,0,0
117919026,16866,2685361,2685361,240,0,0
117929179,16868,2685601,2685601,240,0,0
117939046,16869,2685841,2685841,240,0,0
117949185,16871,2686081,2686081,240,0,0
117959042,16872,2686321,2686321,240,0,0
117969181,16874,2686561,2686561,240,0,0
117979152,16875,2686801,2686801,240,0,0
117989211,16877,2687041,2687041,240,0,0
117999022,16878,2687281,2687281,240,0,0
118009194,16880,2687521,2687521,240,0,0
118019049,16881,2687761,2687761,240,0,0
118029108,16883,2688001,2688001,240,0,0
118038967,16884,2688237,2688241,240,0,4
118049143,16886,2688481,2688481,240,4,0
118059082,16887,2688721,2688721,240,0,0
118069137,16889,2688961,2688961,240,0,0
118079052,16890,2689201,2689201,240,0,0
118089221,16892,2689441,2689441,240,0,0
118099075,16893,2689681,2689681,240,0,0
118109108,16895,2689921,2689921,240,0,0
118119051,16896,2690161,2690161,240,0,0
118129123,16898,2690401,2690401,240,0,0
118139072,16899,2690641,2690641,240,0,0
118149127,16901,2690881,2690881,240,0,0
118159044,16902,2691121,2691121,240,0,0
118169127,16904,2691361,2691361,240,0,0
118179058,16905,2691601,2691601,240,0,0
118189236,16907,2691844,2691844,240,3,0
118199075,16908,2692080,2692084,240,0,4
118209113,16910,2692320,2692320,240,0,0
118219053,16911,2692560,2692560,240,0,0
118229121,16913,2692800,2692800,240,0,0
118239084,16914,2693040,2693040,240,0,0
118249133,16916,2693280,2693280,240,0,0
118259040,16917,2693520,2693520,240,0,0
118269113,16919,2693760,2693760,240,0,0
118279046,16920,2694000,2694000,240,0,0
118289196,16922,2694243,2694243,240,3,0
118299087,16923,2694480,2694483,240,0,3
118309129,16925,2694720,2694720,240,0,0
118319052,16926,2694960,2694960,240,0,0
118329120,16928,2695200,2695200,240,0,0
118339048,16929,2695440,2695440,240,0,0
118349122,16931,2695680,2695680,240,0,0
118359042,16932,2695920,2695920,240,0,0
118369118,16934,2696160,2696160,240,0,0
118379059,16935,2696400,2696400,240,0,0
118389212,16937,2696643,2696643,240,3,0
118399103,16938,2696880,2696883,240,0,3
118409153,16940,2697120,2697120,240,0,0
118419111,16941,2697360,2697360,240,0,0
118429137,16943,2697600,2697600,240,0,0
118439047,16944,2697840,2697840,240,0,0
118449134,16946,2698080,2698080,240,0,0
118459104,16947,2698320,2698320,240,0,0
118469136,16949,2698560,2698560,240,0,0
118479055,16950,2698800,2698800,240,0,0
118489122,16952,2699040,2699040,240,0,0
118499031,16953,2699280,2699280,240,0,0
118509458,16955,2699529,2699529,240,9,0
118519119,16956,2699761,2699769,240,0,8
118529137,16958,2700001,2700001,240,0,0
118539054,16959,2700241,2700241,240,0,0
118549139,16961,2700481,2700481,240,0,0
118559054,16962,2700721,2700721,240,0,0
118569144,16964,2700961,2700961,240,0,0
118579097,16965,2701201,2701201,240,0,0
118589144,16967,2701441,2701441,240,0,0
118599021,16968,2701681,2701681,240,0,0
118609174,16970,2701921,2701921,240,0,0
118619063,16971,2702161,2702161,240,0,0
118629140,16973,2702401,2702401,240,0,0
118639048,16974,2702641,2702641,240,0,0
118649135,16976,2702881,2702881,240,0,0
118659064,16977,2703121,2703121,240,0,0
118669227,16979,2703361,2703361,240,0,0
118679057,16980,2703601,2703601,240,0,0
118689132,16982,2703841,2703841,240,0,0
118699154,16983,2704081,2704081,240,0,0
118709321,16985,2704326,2704326,240,5,0
118719093,16986,2704560,2704566,240,0,6
118729102,16988,2704800,2704800,240,0,0
118739083,16989,2705040,2705040,240,0,0
118749104,16991,2705280,2705280,240,0,0
118759071,16992,2705520,2705520,240,0,0
118769099,16994,2705760,2705760,240,0,0
118779070,16995,2706000,2706000,240,0,0
118789103,16997,2706240,2706240,240,0,0
118799146,16998,2706480,2706480,240,0,0
118809143,17000,2706720,2706720,240,0,0
118819054,17001,2706960,2706960,240,0,0
118829118,17003,2707200,2707200,240,0,0
118839095,17004,2707440,2707440,240,0,0
118849167,17006,2707680,2707680,240,0,0
118859092,17007,2707920,2707920,240,0,0
118869135,17009,2708160,2708160,240,0,0
118879073,17010,2708400,2708400,240,0,0
118889159,17012,2708640,2708640,240,0,0
118899060,17013,2708880,2708880,240,0,0
118909252,17015,2709124,2709124,240,4,0
118919045,17016,2709359,2709364,240,0,5
118929208,17018,2709603,2709603,240,4,0
118939316,17019,2709846,2709846,240,3,0
118949137,17021,2710081,2710086,240,0,5
118959090,17022,2710321,2710321,240,0,0
118969136,17024,2710561,2710561,240,0,0
118979107,17025,2710801,2710801,240,0,0
118989143,17027,2711041,2711041,240,0,0
118999089,17028,2711281,2711281,240,0,0
119009254,17030,2711524,2711524,240,3,0
119019119,17031,2711761,2711764,240,0,3
119029138,17033,2712001,2712001,240,0,0
119039061,17034,2712241,2712241,240,0,0
119049188,17036,2712481,2712481,240,0,0
119059003,17037,2712718,2712721,240,0,3
119069186,17039,2712962,2712962,240,4,0
119079059,17040,2713199,2713202,240,0,3
119089127,17042,2713439,2713439,240,0,0
119099108,17043,2713679,2713679,240,0,0
119109228,17045,2713923,2713923,240,4,0
119119069,17046,2714160,2714163,240,0,3
119129114,17048,2714400,2714400,240,0,0
119139069,17049,2714640,2714640,240,0,0
119149126,17051,2714880,2714880,240,0,0
119159061,17052,2715120,2715120,240,0,0
119169118,17054,2715360,2715360,240,0,0
119179120,17055,2715600,2715600,240,0,0
119189124,17057,2715840,2715840,240,0,0
119199081,17058,2716080,2716080,240,0,0
119209243,17060,2716324,2716324,240,4,0
119219062,17061,2716559,2716564,240,0,5
119229147,17063,2716802,2716802,240,3,0
119239069,17064,2717042,2717042,240,0,0
119249209,17066,2717282,2717282,240,0,0
119259055,17067,2717519,2717522,240,0,3
119269126,17069,2717759,2717759,240,0,0
119279080,17070,2717999,2717999,240,0,0
119289120,17072,2718239,2718239,240,0,0
119299076,17073,2718479,2718479,240,0,0
119309119,17075,2718719,2718719,240,0,0
119319188,17076,2718963,2718963,240,4,0
119329194,17078,2719203,2719203,240,0,0
119339067,17079,2719440,2719443,240,0,3
119349121,17081,2719680,2719680,240,0,0
119359062,17082,2719920,2719920,240,0,0
119369136,17084,2720160,2720160,240,0,0
119379076,17085,2720400,2720400,240,0,0
119389126,17087,2720640,2720640,240,0,0
119399089,17088,2720880,2720880,240,0,0
119409124,17090,2721120,2721120,240,0,0
119419096,17091,2721360,2721360,240,0,0
119429206,17093,2721603,2721603,240,3,0
119439084,17094,2721840,2721843,240,0,3
119449132,17096,2722080,2722080,240,0,0
119459101,17097,2722320,2722320,240,0,0
119469112,17099,2722560,2722560,240,0,0
119479071,17100,2722800,2722800,240,0,0
119489184,17102,2723040,2723040,240,0,0
119499084,17103,2723280,2723280,240,0,0
119509116,17105,2723520,2723520,240,0,0
119519117,17106,2723760,2723760,240,0,0
119529228,17108,2724003,2724003,240,3,0
119539125,17109,2724243,2724243,240,0,0
119549150,17111,2724483,2724483,240,0,0
119559091,17112,2724720,2724723,240,0,3
119569176,17114,2724960,2724960,240,0,0
119579038,17115,2725200,2725200,240,0,0
119589129,17117,2725440,2725440,240,0,0
119599080,17118,2725680,2725680,240,0,0
119609151,17120,2725920,2725920,240,0,0
119619121,17121,2726160,2726160,240,0,0
119629474,17123,2726409,2726409,240,9,0
119639087,17124,2726640,2726649,240,0,9
119649182,17126,2726880,2726880,240,0,0
119659004,17127,2727120,2727120,240,0,0
119669185,17129,2727360,2727360,240,0,0
119679022,17130,2727600,2727600,240,0,0
119689188,17132,2727843,2727843,240,3,0
119699007,17133,2728078,2728083,240,0,5
119709187,17135,2728322,2728322,240,4,0
119719364,17136,2728567,2728567,240,5,0
119729203,17138,2728803,2728807,240,0,4
119739045,17139,2729039,2729043,240,0,4
119749210,17141,2729283,2729283,240,4,0
119758964,17142,2729517,2729523,240,0,6
119769184,17144,2729762,2729762,240,5,0
119779057,17145,2729999,2730002,240,0,3
119789175,17147,2730242,2730242,240,3,0
119799028,17148,2730479,2730482,240,0,3
119809172,17150,2730722,2730722,240,3,0
119819035,17151,2730959,2730962,240,0,3
119829258,17153,2731204,2731204,240,5,0
119839017,17154,2731438,2731444,240,0,6
119849245,17156,2731684,2731684,240,6,0
119859115,17157,2731921,2731924,240,0,3
119869156,17159,2732161,2732161,240,0,0
119879036,17160,2732401,2732401,240,0,0
119889104,17163,2732641,2732641,240,0,0
119899090,17164,2732881,2732881,240,0,0
119909177,17166,2733121,2733121,240,0,0
119919047,17167,2733361,2733361,240,0,0
119929255,17169,2733604,2733604,240,3,0
119939077,17170,2733840,2733844,240,0,4
119949229,17172,2734084,2734084,240,4,0
119959072,17173,2734320,2734324,240,0,4
119969184,17175,2734560,2734560,240,0,0
119979049,17176,2734800,2734800,240,0,0
119989191,17178,2735043,2735043,240,3,0
119999045,17179,2735279,2735283,240,0,4
120009192,17181,2735523,2735523,240,4,0
120019067,17182,2735760,2735763,240,0,3
120029230,17184,2736004,2736004,240,4,0
120039106,17185,2736241,2736244,240,0,3
120049174,17187,2736481,2736481,240,0,0
120059086,17188,2736721,2736721,240,0,0
120069122,17190,2736961,2736961,240,0,0
120079054,17191,2737201,2737201,240,0,0
120089202,17193,2737441,2737441,240,0,0
120099075,17194,2737681,2737681,240,0,0
120109122,17196,2737921,2737921,240,0,0
120119040,17197,2738161,2738161,240,0,0
120129241,17199,2738404,2738404,240,3,0
120139139,17200,2738641,2738644,240,0,3
120149124,17202,2738881,2738881,240,0,0
120159105,17203,2739121,2739121,240,0,0
120169129,17205,2739361,2739361,240,0,0
120179027,17206,2739601,2739601,240,0,0
120189114,17208,2739841,2739841,240,0,0
120199028,17209,2740081,2740081,240,0,0
120209116,17211,2740321,2740321,240,0,0
120218998,17212,2740558,2740561,240,0,3
120229220,17214,2740803,2740803,240,5,0
120239056,17215,2741039,2741043,240,0,4
120249185,17217,2741282,2741282,240,3,0
120259043,17218,2741519,2741522,240,0,3
120269109,17220,2741759,2741759,240,0,0
120279054,17221,2741999,2741999,240,0,0
120289111,17223,2742239,2742239,240,0,0
120299132,17224,2742479,2742479,240,0,0
120309118,17226,2742719,2742719,240,0,0
120319085,17227,2742959,2742959,240,0,0
120329141,17229,2743199,2743199,240,0,0
120339213,17230,2743443,2743443,240,4,0
120349251,17232,2743683,2743683,240,0,0
120359078,17233,2743920,2743923,240,0,3
120369143,17235,2744160,2744160,240,0,0
120379100,17236,2744400,2744400,240,0,0
120389168,17238,2744640,2744640,240,0,0
120399067,17239,2744880,2744880,240,0,0
120409105,17241,2745120,2745120,240,0,0
120419062,17242,2745360,2745360,240,0,0
120429104,17244,2745600,2745600,240,0,0
120439133,17245,2745840,2745840,240,0,0
120449176,17247,2746080,2746080,240,0,0
120459048,17248,2746320,2746320,240,0,0
120469218,17250,2746563,2746563,240,3,0
120479128,17251,2746803,2746803,240,0,0
120489145,17253,2747043,2747043,240,0,0
120499121,17254,2747283,2747283,240,0,0
120509141,17256,2747523,2747523,240,0,0
120519050,17257,2747759,2747763,240,0,4
120529132,17259,2747999,2747999,240,0,0
120539146,17260,2748242,2748242,240,3,0
120549258,17262,2748482,2748482,240,0,0
120559066,17263,2748722,2748722,240,0,0
120569126,17265,2748962,2748962,240,0,0
120579077,17266,2749202,2749202,240,0,0
120589145,17268,2749442,2749442,240,0,0
120599109,17269,2749682,2749682,240,0,0
120609134,17271,2749922,2749922,240,0,0
120619084,17272,2750162,2750162,240,0,0
120629141,17274,2750402,2750402,240,0,0
120639051,17275,2750639,2750642,240,0,3
120649242,17277,2750884,2750884,240,5,0
120659071,17278,2751120,2751124,240,0,4
120669220,17280,2751363,2751363,240,3,0
120679058,17281,2751599,2751603,240,0,4
120689210,17283,2751843,2751843,240,4,0
120699038,17284,2752079,2752083,240,0,4
120709210,17286,2752323,2752323,240,4,0
120719071,17287,2752560,2752563,240,0,3
120729117,17289,2752800,2752800,240,0,0
120739093,17290,2753040,2753040,240,0,0
120749251,17292,2753284,2753284,240,4,0
120759330,17293,2753524,2753524,240,0,0
120769126,17295,2753761,2753764,240,0,3
120779036,17296,2754001,2754001,240,0,0
120789109,17298,2754241,2754241,240,0,0
120799027,17299,2754481,2754481,240,0,0
120809113,17301,2754721,2754721,240,0,0
120819088,17302,2754961,2754961,240,0,0
120829112,17304,2755201,2755201,240,0,0
120839035,17305,2755441,2755441,240,0,0
120849234,17307,2755684,2755684,240,3,0
120859112,17308,2755921,2755924,240,0,3
120869228,17310,2756161,2756161,240,0,0
120879064,17311,2756401,2756401,240,0,0
120889192,17313,2756641,2756641,240,0,0
120899043,17314,2756881,2756881,240,0,0
120909130,17316,2757121,2757121,240,0,0
120919116,17317,2757361,2757361,240,0,0
120929121,17319,2757601,2757601,240,0,0
120939044,17320,2757841,2757841,240,0,0
120949392,17322,2758087,2758087,240,6,0
120959116,17323,2758321,2758327,240,0,6
120969222,17325,2758561,2758561,240,0,0
120979091,17326,2758801,2758801,240,0,0
120989127,17328,2759041,2759041,240,0,0
120999034,17329,2759281,2759281,240,0,0
121009200,17331,2759521,2759521,240,0,0
121019114,17332,2759761,2759761,240,0,0
121029106,17334,2760001,2760001,240,0,0
121039045,17335,2760241,2760241,240,0,0
121049103,17337,2760481,2760481,240,0,0
121059024,17338,2760721,2760721,240,0,0
121069247,17340,2760964,2760964,240,3,0
121079075,17341,2761200,2761204,240,0,4
121089112,17343,2761440,2761440,240,0,0
121099112,17344,2761680,2761680,240,0,0
121109122,17346,2761920,2761920,240,0,0
121119064,17347,2762160,2762160,240,0,0
121129121,17349,2762400,2762400,240,0,0
121139048,17350,2762640,2762640,240,0,0
121149234,17352,2762884,2762884,240,4,0
121159031,17353,2763119,2763124,240,0,5
121169166,17355,2763362,2763362,240,3,0
121179057,17356,2763599,2763602,240,0,3
121189213,17358,2763843,2763843,240,4,0
121199122,17359,2764083,2764083,240,0,0
121209147,17361,2764323,2764323,240,0,0
121219043,17362,2764559,2764563,240,0,4
121229108,17364,2764799,2764799,240,0,0
121239115,17365,2765039,2765039,240,0,0
121249154,17367,2765282,2765282,240,3,0
121259161,17368,2765522,2765522,240,0,0
121269175,17370,2765762,2765762,240,0,0
121279046,17371,2765999,2766002,240,0,3
121289110,17373,2766239,2766239,240,0,0
121299108,17374,2766479,2766479,240,0,0
121309143,17376,2766719,2766719,240,0,0
121319099,17377,2766959,2766959,240,0,0
121329109,17379,2767199,2767199,240,0,0
121339105,17380,2767439,2767439,240,0,0
121349139,17382,2767679,2767679,240,0,0
121359119,17383,2767919,2767919,240,0,0
121369170,17385,2768162,2768162,240,3,0
121379040,17386,2768399,2768402,240,0,3
121389228,17388,2768643,2768643,240,4,0
121399067,17389,2768880,2768883,240,0,3
121409117,17391,2769120,2769120,240,0,0
121419083,17392,2769360,2769360,240,0,0
121429148,17394,2769600,2769600,240,0,0
121439097,17395,2769840,2769840,240,0,0
121449134,17397,2770080,2770080,240,0,0
121459128,17398,2770320,2770320,240,0,0
121469277,17400,2770565,2770565,240,5,0
121479076,17401,2770800,2770805,240,0,5
121489112,17403,2771040,2771040,240,0,0
121499067,17404,2771280,2771280,240,0,0
121509114,17406,2771520,2771520,240,0,0
121518987,17407,2771760,2771760,240,0,0
121529296,17409,2772005,2772005,240,5,0
121539074,17410,2772240,2772245,240,0,5
121549201,17412,2772483,2772483,240,3,0
121559119,17413,2772723,2772723,240,0,0
121569230,17415,2772963,2772963,240,0,0
121579089,17416,2773200,2773203,240,0,3
121589121,17418,2773440,2773440,240,0,0
121599084,17419,2773680,2773680,240,0,0
121609202,17421,2773923,2773923,240,3,0
121619085,17422,2774160,2774163,240,0,3
121629125,17424,2774400,2774400,240,0,0
121639059,17425,2774640,2774640,240,0,0
121649123,17427,2774880,2774880,240,0,0
121659142,17428,2775120,2775120,240,0,0
121669216,17430,2775363,2775363,240,3,0
121679148,17431,2775603,2775603,240,0,0
121689127,17433,2775843,2775843,240,0,0
121699075,17434,2776080,2776083,240,0,3
121709120,17436,2776320,2776320,240,0,0
121719064,17437,2776560,2776560,240,0,0
121729108,17439,2776800,2776800,240,0,0
121739095,17440,2777040,2777040,240,0,0
121749133,17442,2777280,2777280,240,0,0
121759071,17443,2777520,2777520,240,0,0
121769235,17445,2777764,2777764,240,4,0
121779088,17446,2778000,2778004,240,0,4
121789127,17448,2778240,2778240,240,0,0
121799056,17449,2778480,2778480,240,0,0
121809134,17451,2778720,2778720,240,0,0
121819107,17452,2778960,2778960,240,0,0
121829133,17454,2779200,2779200,240,0,0
121839042,17455,2779440,2779440,240,0,0
121849155,17457,2779680,2779680,240,0,0
121859064,17458,2779920,2779920,240,0,0
121869145,17460,2780160,2780160,240,0,0
121880118,17461,2780425,2780425,240,25,0
121889213,17464,2780643,2780665,240,0,22
121899143,17465,2780883,2780883,240,0,0
121909204,17467,2781123,2781123,240,0,0
121919090,17468,2781360,2781363,240,0,3
121929134,17470,2781600,2781600,240,0,0
121939053,17471,2781840,2781840,240,0,0
121949132,17473,2782080,2782080,240,0,0
121959043,17474,2782320,2782320,240,0,0
121969127,17476,2782560,2782560,240,0,0
121979082,17477,2782800,2782800,240,0,0
121989209,17479,2783043,2783043,240,3,0
121999075,17480,2783280,2783283,240,0,3
122009136,17482,2783520,2783520,240,0,0
122019025,17483,2783760,2783760,240,0,0
122029174,17485,2784000,2784000,240,0,0
122039046,17486,2784240,2784240,240,0,0
122049134,17488,2784480,2784480,240,0,0
122059065,17489,2784720,2784720,240,0,0
122069121,17491,2784960,2784960,240,0,0
122079141,17492,2785200,2785200,240,0,0
122089198,17494,2785443,2785443,240,3,0
122099105,17495,2785683,2785683,240,0,0
122109201,17497,2785923,2785923,240,0,0
122119044,17498,2786159,2786163,240,0,4
122129126,17500,2786399,2786399,240,0,0
122139047,17501,2786639,2786639,240,0,0
122149128,17503,2786879,2786879,240,0,0
122159037,17504,2787119,2787119,240,0,0
122169114,17506,2787359,2787359,240,0,0
122179134,17507,2787599,2787599,240,0,0
122189172,17509,2787842,2787842,240,3,0
122199044,17510,2788079,2788082,240,0,3
122209123,17512,2788319,2788319,240,0,0
122219058,17513,2788559,2788559,240,0,0
122229136,17515,2788799,2788799,240,0,0
122239054,17516,2789039,2789039,240,0,0
122249129,17518,2789279,2789279,240,0,0
122259082,17519,2789519,2789519,240,0,0
122269295,17521,2789765,2789765,240,6,0
122279248,17522,2790005,2790005,240,0,0
122289235,17524,2790245,2790245,240,0,0
122299060,17525,2790479,2790485,240,0,6
122309120,17527,2790719,2790719,240,0,0
122319039,17528,2790959,2790959,240,0,0
122329209,17530,2791203,2791203,240,4,0
122339052,17531,2791439,2791443,240,0,4
122349122,17533,2791679,2791679,240,0,0
122359110,17534,2791919,2791919,240,0,0
122369126,17536,2792159,2792159,240,0,0
122379059,17537,2792399,2792399,240,0,0
122389226,17539,2792643,2792643,240,4,0
122399078,17540,2792880,2792883,240,0,3
122409109,17542,2793120,2793120,240,0,0
122419059,17543,2793360,2793360,240,0,0
122429126,17545,2793600,2793600,240,0,0
122439056,17546,2793840,2793840,240,0,0
122449122,17548,2794080,2794080,240,0,0
122459051,17549,2794320,2794320,240,0,0
122469119,17551,2794560,2794560,240,0,0
122479136,17552,2794800,2794800,240,0,0
122489212,17554,2795043,2795043,240,3,0
122499041,17555,2795279,2795283,240,0,4
122509140,17557,2795519,2795519,240,0,0
122519064,17558,2795759,2795759,240,0,0
122529125,17560,2795999,2795999,240,0,0
122539062,17561,2796239,2796239,240,0,0
122549130,17563,2796479,2796479,240,0,0
122559124,17564,2796719,2796719,240,0,0
122569136,17566,2796959,2796959,240,0,0
122579062,17567,2797199,2797199,240,0,0
122589205,17569,2797443,2797443,240,4,0
122599087,17570,2797680,2797683,240,0,3
122609137,17572,2797920,2797920,240,0,0
122619102,17573,2798160,2798160,240,0,0
122629138,17575,2798400,2798400,240,0,0
122639057,17576,2798640,2798640,240,0,0
122649129,17578,2798880,2798880,240,0,0
122659062,17579,2799120,2799120,240,0,0
122669122,17581,2799360,2799360,240,0,0
122679089,17582,2799600,2799600,240,0,0
122689202,17584,2799843,2799843,240,3,0
122699119,17585,2800083,2800083,240,0,0
122709200,17587,2800323,2800323,240,0,0
122719062,17588,2800559,2800563,240,0,4
122729122,17590,2800799,2800799,240,0,0
122739047,17591,2801039,2801039,240,0,0
122749123,17593,2801279,2801279,240,0,0
122759058,17594,2801519,2801519,240,0,0
122769117,17596,2801759,2801759,240,0,0
122779081,17597,2801999,2801999,240,0,0
122789130,17599,2802239,2802239,240,0,0
122799024,17600,2802479,2802479,240,0,0
122809177,17602,2802722,2802722,240,3,0
122819113,17603,2802962,2802962,240,0,0
122829112,17605,2803202,2803202,240,0,0
122839089,17606,2803442,2803442,240,0,0
122849162,17608,2803682,2803682,240,0,0
122859096,17609,2803922,2803922,240,0,0
122869143,17611,2804162,2804162,240,0,0
122879057,17612,2804399,2804402,240,0,3
122889117,17614,2804639,2804639,240,0,0
122899032,17615,2804879,2804879,240,0,0
122909259,17617,2805124,2805124,240,5,0
122919050,17618,2805359,2805364,240,0,5
122929112,17620,2805599,2805599,240,0,0
122939049,17621,2805839,2805839,240,0,0
122949294,17623,2806085,2806085,240,6,0
122959099,17624,2806320,2806325,240,0,5
122969118,17626,2806560,2806560,240,0,0
122979071,17627,2806800,2806800,240,0,0
122989125,17629,2807040,2807040,240,0,0
122999148,17630,2807280,2807280,240,0,0
123009468,17632,2807529,2807529,240,9,0
123019084,17633,2807760,2807769,240,0,9
123029116,17635,2808000,2808000,240,0,0
123039082,17636,2808240,2808240,240,0,0
123049113,17638,2808480,2808480,240,0,0
123059099,17639,2808720,2808720,240,0,0
123069136,17641,2808960,2808960,240,0,0
123079094,17642,2809200,2809200,240,0,0
123089117,17644,2809440,2809440,240,0,0
123099208,17645,2809683,2809683,240,3,0
123109175,17647,2809923,2809923,240,0,0
123119098,17648,2810160,2810163,240,0,3
123129144,17650,2810400,2810400,240,0,0
123139102,17651,2810640,2810640,240,0,0
123149161,17653,2810880,2810880,240,0,0
123159075,17654,2811120,2811120,240,0,0
123169126,17656,2811360,2811360,240,0,0
123179089,17657,2811600,2811600,240,0,0
123189127,17659,2811840,2811840,240,0,0
123199068,17660,2812080,2812080,240,0,0
123209208,17662,2812323,2812323,240,3,0
123219087,17663,2812560,2812563,240,0,3
123229245,17665,2812804,2812804,240,4,0
123239084,17666,2813040,2813044,240,0,4
123249140,17668,2813280,2813280,240,0,0
123259095,17669,2813520,2813520,240,0,0
123269137,17671,2813760,2813760,240,0,0
123279085,17672,2814000,2814000,240,0,0
123289154,17674,2814240,2814240,240,0,0
123299078,17675,2814480,2814480,240,0,0
123309229,17677,2814724,2814724,240,4,0
123319064,17678,2814960,2814964,240,0,4
123329113,17680,2815200,2815200,240,0,0
123339072,17681,2815440,2815440,240,0,0
123349150,17683,2815680,2815680,240,0,0
123359070,17684,2815920,2815920,240,0,0
123369118,17686,2816160,2816160,240,0,0
123379109,17687,2816400,2816400,240,0,0
123389139,17689,2816640,2816640,240,0,0
123399060,17690,2816880,2816880,240,0,0
123409208,17692,2817123,2817123,240,3,0
123419101,17693,2817360,2817363,240,0,3
123429145,17695,2817600,2817600,240,0,0
123439056,17696,2817840,2817840,240,0,0
123449222,17698,2818083,2818083,240,3,0
123459063,17699,2818320,2818323,240,0,3
123469146,17701,2818560,2818560,240,0,0
123479077,17702,2818800,2818800,240,0,0
123489121,17704,2819040,2819040,240,0,0
123499083,17705,2819280,2819280,240,0,0
123509228,17707,2819523,2819523,240,3,0
123519145,17708,2819763,2819763,240,0,0
123529154,17710,2820003,2820003,240,0,0
123539059,17711,2820239,2820243,240,0,4
123549132,17713,2820479,2820479,240,0,0
123559093,17714,2820719,2820719,240,0,0
123569119,17716,2820959,2820959,240,0,0
123579049,17717,2821199,2821199,240,0,0
123589112,17719,2821439,2821439,240,0,0
123599088,17720,2821679,2821679,240,0,0
123609144,17722,2821919,2821919,240,0,0
123619016,17723,2822159,2822159,240,0,0
123629185,17725,2822402,2822402,240,3,0
123639055,17726,2822639,2822642,240,0,3
123649143,17728,2822879,2822879,240,0,0
123659065,17729,2823119,2823119,240,0,0
123669121,17731,2823359,2823359,240,0,0
123679047,17732,2823599,2823599,240,0,0
123689123,17734,2823839,2823839,240,0,0
123699054,17735,2824079,2824079,240,0,0
123709139,17737,2824319,2824319,240,0,0
123719012,17738,2824559,2824559,240,0,0
123729251,17740,2824804,2824804,240,5,0
123739082,17741,2825040,2825044,240,0,4
123749156,17743,2825280,2825280,240,0,0
123759061,17744,2825520,2825520,240,0,0
123769141,17746,2825760,2825760,240,0,0
123779074,17747,2826000,2826000,240,0,0
123789126,17749,2826240,2826240,240,0,0
123799044,17750,2826480,2826480,240,0,0
123809132,17752,2826720,2826720,240,0,0
123819146,17753,2826960,2826960,240,0,0
123829178,17755,2827200,2827200,240,0,0
123839094,17756,2827440,2827440,240,0,0
123849178,17758,2827680,2827680,240,0,0
123859084,17759,2827920,2827920,240,0,0
123869160,17761,2828160,2828160,240,0,0
123879041,17762,2828400,2828400,240,0,0
123889131,17765,2828640,2828640,240,0,0
123899146,17766,2828880,2828880,240,0,0
123909144,17768,2829120,2829120,240,0,0
123919136,17769,2829360,2829360,240,0,0
123929174,17771,2829600,2829600,240,0,0
123939086,17772,2829840,2829840,240,0,0
123949152,17774,2830080,2830080,240,0,0
123959044,17775,2830320,2830320,240,0,0
123969137,17777,2830560,2830560,240,0,0
123979061,17778,2830800,2830800,240,0,0
123989228,17780,2831043,2831043,240,3,0
123999055,17781,2831279,2831283,240,0,4
124009129,17783,2831519,2831519,240,0,0
124019115,17784,2831759,2831759,240,0,0
124029284,17786,2832005,2832005,240,6,0
124039065,17787,2832240,2832245,240,0,5
124049037,17789,2832480,2832480,240,0,0
124059094,17790,2832720,2832720,240,0,0
124069147,17792,2832960,2832960,240,0,0
124079051,17793,2833200,2833200,240,0,0
124089118,17795,2833440,2833440,240,0,0
124099080,17796,2833680,2833680,240,0,0
124109140,17798,2833920,2833920,240,0,0
124119074,17799,2834160,2834160,240,0,0
124129192,17801,2834403,2834403,240,3,0
124139382,17802,2834647,2834647,240,4,0
124149154,17804,2834882,2834887,240,0,5
124159064,17805,2835122,2835122,240,0,0
124169131,17807,2835362,2835362,240,0,0
124179060,17808,2835599,2835602,240,0,3
124189131,17810,2835839,2835839,240,0,0
124199060,17811,2836079,2836079,240,0,0
124209125,17813,2836319,2836319,240,0,0
124219075,17814,2836559,2836559,240,0,0
124229226,17816,2836803,2836803,240,4,0
124239105,17817,2837043,2837043,240,0,0
124249138,17819,2837283,2837283,240,0,0
124259063,17820,2837520,2837523,240,0,3
124269127,17822,2837760,2837760,240,0,0
124279115,17823,2838000,2838000,240,0,0
124289130,17825,2838240,2838240,240,0,0
124299048,17826,2838480,2838480,240,0,0
124309142,17828,2838720,2838720,240,0,0
124319069,17829,2838960,2838960,240,0,0
124329219,17831,2839203,2839203,240,3,0
124339085,17832,2839440,2839443,240,0,3
124349136,17834,2839680,2839680,240,0,0
124359066,17835,2839920,2839920,240,0,0
124369134,17837,2840160,2840160,240,0,0
124378954,17838,2840397,2840400,240,0,3
124389151,17840,2840642,2840642,240,5,0
124399057,17841,2840879,2840882,240,0,3
124409136,17843,2841119,2841119,240,0,0
124419083,17844,2841359,2841359,240,0,0
124429145,17846,2841599,2841599,240,0,0
124439183,17847,2841842,2841842,240,3,0
124449137,17849,2842082,2842082,240,0,0
124459109,17850,2842322,2842322,240,0,0
124469149,17852,2842562,2842562,240,0,0
124479072,17853,2842802,2842802,240,0,0
124489141,17855,2843042,2843042,240,0,0
124499127,17856,2843282,2843282,240,0,0
124509140,17858,2843522,2843522,240,0,0
124519135,17859,2843762,2843762,240,0,0
124529142,17861,2844002,2844002,240,0,0
124539137,17862,2844242,2844242,240,0,0
124549243,17864,2844482,2844482,240,0,0
124559066,17865,2844722,2844722,240,0,0
124569140,17867,2844962,2844962,240,0,0
124579072,17868,2845202,2845202,240,0,0
124589146,17870,2845442,2845442,240,0,0
124599041,17871,2845679,2845682,240,0,3
124609219,17873,2845923,2845923,240,4,0
124619087,17874,2846160,2846163,240,0,3
124629137,17876,2846400,2846400,240,0,0
124639024,17877,2846640,2846640,240,0,0
124649185,17879,2846880,2846880,240,0,0
124659091,17880,2847120,2847120,240,0,0
124669149,17882,2847360,2847360,240,0,0
124679098,17883,2847600,2847600,240,0,0
124689141,17885,2847840,2847840,240,0,0
124699106,17886,2848080,2848080,240,0,0
124709145,17888,2848320,2848320,240,0,0
124719083,17889,2848560,2848560,240,0,0
124729151,17891,2848800,2848800,240,0,0
124739134,17892,2849040,2849040,240,0,0
124749180,17894,2849280,2849280,240,0,0
124759051,17895,2849520,2849520,240,0,0
124769135,17897,2849760,2849760,240,0,0
124779064,17898,2850000,2850000,240,0,0
124789145,17900,2850240,2850240,240,0,0
124799088,17901,2850480,2850480,240,0,0
124809146,17903,2850720,2850720,240,0,0
124819078,17904,2850960,2850960,240,0,0
124829141,17906,2851200,2851200,240,0,0
124839227,17907,2851443,2851443,240,3,0
124849284,17909,2851683,2851683,240,0,0
124859111,17910,2851923,2851923,240,0,0
124869155,17912,2852163,2852163,240,0,0
124879048,17913,2852399,2852403,240,0,4
124889142,17915,2852639,2852639,240,0,0
124899034,17916,2852879,2852879,240,0,0
124909129,17918,2853119,2853119,240,0,0
124919046,17919,2853359,2853359,240,0,0
124929132,17921,2853599,2853599,240,0,0
124939041,17922,2853839,2853839,240,0,0
124949263,17924,2854084,2854084,240,5,0
124959308,17925,2854324,2854324,240,0,0
124969146,17927,2854564,2854564,240,0,0
124979091,17928,2854800,2854804,240,0,4
124989136,17930,2855040,2855040,240,0,0
124999062,17931,2855280,2855280,240,0,0
125009200,17933,2855523,2855523,240,3,0
125019112,17934,2855763,2855763,240,0,0
125029138,17936,2856003,2856003,240,0,0
125039061,17937,2856239,2856243,240,0,4
125049247,17939,2856484,2856484,240,5,0
125059092,17940,2856720,2856724,240,0,4
125069148,17942,2856960,2856960,240,0,0
125079064,17943,2857200,2857200,240,0,0
125089131,17945,2857440,2857440,240,0,0
125099053,17946,2857680,2857680,240,0,0
125109126,17948,2857920,2857920,240,0,0
125119092,17949,2858160,2858160,240,0,0
125129140,17951,2858400,2858400,240,0,0
125139073,17952,2858640,2858640,240,0,0
125149233,17954,2858884,2858884,240,4,0
125159093,17955,2859120,2859124,240,0,4
125169247,17957,2859364,2859364,240,4,0
125179065,17958,2859600,2859604,240,0,4
125189143,17960,2859840,2859840,240,0,0
125199096,17961,2860080,2860080,240,0,0
125209139,17963,2860320,2860320,240,0,0
125219116,17964,2860560,2860560,240,0,0
125229147,17966,2860800,2860800,240,0,0
125238959,17967,2861037,2861040,240,0,3
125249149,17969,2861282,2861282,240,5,0
125259238,17970,2861522,2861522,240,0,0
125269141,17972,2861762,2861762,240,0,0
125279065,17973,2862002,2862002,240,0,0
125289133,17975,2862242,2862242,240,0,0
125299122,17976,2862482,2862482,240,0,0
125309132,17978,2862722,2862722,240,0,0
125319058,17979,2862959,2862962,240,0,3
125329135,17981,2863199,2863199,240,0,0
125339127,17982,2863439,2863439,240,0,0
125349124,17984,2863679,2863679,240,0,0
125359045,17985,2863919,2863919,240,0,0
125369166,17987,2864162,2864162,240,3,0
125379100,17988,2864402,2864402,240,0,0
125389129,17990,2864642,2864642,240,0,0
125399065,17991,2864882,2864882,240,0,0
125409232,17993,2865122,2865122,240,0,0
125419076,17994,2865362,2865362,240,0,0
125429111,17996,2865602,2865602,240,0,0
125439069,17997,2865842,2865842,240,0,0
125449121,17999,2866082,2866082,240,0,0
125459023,18000,2866319,2866322,240,0,3
125469163,18002,2866562,2866562,240,3,0
125479084,18003,2866802,2866802,240,0,0
125489129,18005,2867042,2867042,240,0,0
125499044,18006,2867279,2867282,240,0,3
125509120,18008,2867519,2867519,240,0,0
125519108,18009,2867759,2867759,240,0,0
125529221,18011,2868003,2868003,240,4,0
125539068,18012,2868240,2868243,240,0,3
125549107,18014,2868480,2868480,240,0,0
125559138,18015,2868720,2868720,240,0,0
125569168,18017,2868960,2868960,240,0,0
125579095,18018,2869200,2869200,240,0,0
125589219,18020,2869443,2869443,240,3,0
125599073,18021,2869680,2869683,240,0,3
125609194,18023,2869923,2869923,240,3,0
125619106,18024,2870163,2870163,240,0,0
125629118,18026,2870403,2870403,240,0,0
125639058,18027,2870639,2870643,240,0,4
125649134,18029,2870879,2870879,240,0,0
125659117,18030,2871119,2871119,240,0,0
125669162,18032,2871362,2871362,240,3,0
125679061,18033,2871599,2871602,240,0,3
125689216,18035,2871843,2871843,240,4,0
125699055,18036,2872079,2872083,240,0,4
125709114,18038,2872319,2872319,240,0,0
125719086,18039,2872559,2872559,240,0,0
125729124,18041,2872799,2872799,240,0,0
125739147,18042,2873042,2873042,240,3,0
125749126,18044,2873282,2873282,240,0,0
125759068,18045,2873522,2873522,240,0,0
125769203,18047,2873762,2873762,240,0,0
125779104,18048,2874002,2874002,240,0,0
125789122,18050,2874242,2874242,240,0,0
125799093,18051,2874482,2874482,240,0,0
125809104,18053,2874722,2874722,240,0,0
125819064,18054,2874962,2874962,240,0,0
125829111,18056,2875202,2875202,240,0,0
125839051,18057,2875439,2875442,240,0,3
125849181,18059,2875682,2875682,240,3,0
125859193,18060,2875922,2875922,240,0,0
125869230,18062,2876162,2876162,240,0,0
125879074,18063,2876402,2876402,240,0,0
125889222,18066,2876642,2876642,240,0,0
125899140,18067,2876882,2876882,240,0,0
125909141,18069,2877122,2877122,240,0,0
125919048,18070,2877359,2877362,240,0,3
125929114,18072,2877599,2877599,240,0,0
125939043,18073,2877839,2877839,240,0,0
125949123,18075,2878079,2878079,240,0,0
125959074,18076,2878319,2878319,240,0,0
125969237,18078,2878564,2878564,240,5,0
125979062,18079,2878799,2878804,240,0,5
125989118,18081,2879039,2879039,240,0,0
125999137,18082,2879279,2879279,240,0,0
126009134,18084,2879519,2879519,240,0,0
126019035,18085,2879759,2879759,240,0,0
126029123,18087,2879999,2879999,240,0,0
126039051,18088,2880239,2880239,240,0,0
126049125,18090,2880479,2880479,240,0,0
126059121,18091,2880719,2880719,240,0,0
126069221,18093,2880963,2880963,240,4,0
126079077,18094,2881200,2881203,240,0,3
126089129,18096,2881440,2881440,240,0,0
126099100,18097,2881680,2881680,240,0,0
126109123,18099,2881920,2881920,240,0,0
126119103,18100,2882160,2882160,240,0,0
126129142,18102,2882400,2882400,240,0,0
126139052,18103,2882640,2882640,240,0,0
126149127,18105,2882880,2882880,240,0,0
126159138,18106,2883120,2883120,240,0,0
126169126,18108,2883360,2883360,240,0,0
126179021,18109,2883600,2883600,240,0,0
126189176,18111,2883840,2883840,240,0,0
126199066,18112,2884080,2884080,240,0,0
126209124,18114,2884320,2884320,240,0,0
126219112,18115,2884560,2884560,240,0,0
126229131,18117,2884800,2884800,240,0,0
126239050,18118,2885040,2885040,240,0,0
126249120,18120,2885280,2885280,240,0,0
126259085,18121,2885520,2885520,240,0,0
126269121,18123,2885760,2885760,240,0,0
126279142,18124,2886000,2886000,240,0,0
126289188,18126,2886243,2886243,240,3,0
126299061,18127,2886479,2886483,240,0,4
126309106,18129,2886719,2886719,240,0,0
126319076,18130,2886959,2886959,240,0,0
126329115,18132,2887199,2887199,240,0,0
126339057,18133,2887439,2887439,240,0,0
126349167,18135,2887682,2887682,240,3,0
126359046,18136,2887919,2887922,240,0,3
126369130,18138,2888159,2888159,240,0,0
126379134,18139,2888399,2888399,240,0,0
126389485,18141,2888650,2888650,240,11,0
126399059,18142,2888879,2888890,240,0,11
126409117,18144,2889119,2889119,240,0,0
126419085,18145,2889359,2889359,240,0,0
126429123,18147,2889599,2889599,240,0,0
126439119,18148,2889839,2889839,240,0,0
126449134,18150,2890079,2890079,240,0,0
126459096,18151,2890319,2890319,240,0,0
126469204,18153,2890563,2890563,240,4,0
126479152,18154,2890803,2890803,240,0,0
126489175,18156,2891043,2891043,240,0,0
126499131,18157,2891283,2891283,240,0,0
126509141,18159,2891523,2891523,240,0,0
126518989,18160,2891758,2891763,240,0,5
126529135,18162,2892001,2892001,240,3,0
126539074,18163,2892241,2892241,240,0,0
126549134,18165,2892481,2892481,240,0,0
126559090,18166,2892721,2892721,240,0,0
126569142,18168,2892961,2892961,240,0,0
126579050,18169,2893201,2893201,240,0,0
126589247,18171,2893444,2893444,240,3,0
126599077,18172,2893680,2893684,240,0,4
126609117,18174,2893920,2893920,240,0,0
126619092,18175,2894160,2894160,240,0,0
126629126,18177,2894400,2894400,240,0,0
126639074,18178,2894640,2894640,240,0,0
126649120,18180,2894880,2894880,240,0,0
126659053,18181,2895120,2895120,240,0,0
126669196,18183,2895363,2895363,240,3,0
126679095,18184,2895600,2895603,240,0,3
126689201,18186,2895843,2895843,240,3,0
126699053,18187,2896079,2896083,240,0,4
126709208,18189,2896323,2896323,240,4,0
126719106,18190,2896563,2896563,240,0,0
126729131,18192,2896803,2896803,240,0,0
126739057,18193,2897039,2897043,240,0,4
126749126,18195,2897279,2897279,240,0,0
126759087,18196,2897519,2897519,240,0,0
126769138,18198,2897759,2897759,240,0,0
126779122,18199,2897999,2897999,240,0,0
126789240,18201,2898244,2898244,240,5,0
126799065,18202,2898480,2898484,240,0,4
126809137,18204,2898720,2898720,240,0,0
126819067,18205,2898960,2898960,240,0,0
126829147,18207,2899200,2899200,240,0,0
126839061,18208,2899440,2899440,240,0,0
126849173,18210,2899680,2899680,240,0,0
126859136,18211,2899920,2899920,240,0,0
126869152,18213,2900160,2900160,240,0,0
126879056,18214,2900400,2900400,240,0,0
126889249,18216,2900644,2900644,240,4,0
126899056,18217,2900879,2900884,240,0,5
126909124,18219,2901119,2901119,240,0,0
126919062,18220,2901359,2901359,240,0,0
126929127,18222,2901599,2901599,240,0,0
126939063,18223,2901839,2901839,240,0,0
126949138,18225,2902079,2902079,240,0,0
126959061,18226,2902319,2902319,240,0,0
126969307,18228,2902565,2902565,240,6,0
126979088,18229,2902800,2902805,240,0,5
126989134,18231,2903040,2903040,240,0,0
126999226,18232,2903283,2903283,240,3,0
127009173,18234,2903523,2903523,240,0,0
127019113,18235,2903763,2903763,240,0,0
127029127,18237,2904003,2904003,240,0,0
127039107,18238,2904243,2904243,240,0,0
127049144,18240,2904483,2904483,240,0,0
127059124,18241,2904723,2904723,240,0,0
127069147,18243,2904963,2904963,240,0,0
127079138,18244,2905203,2905203,240,0,0
127089152,18246,2905443,2905443,240,0,0
127099042,18247,2905679,2905683,240,0,4
127109177,18249,2905922,2905922,240,3,0
127119080,18250,2906162,2906162,240,0,0
127129115,18252,2906402,2906402,240,0,0
127139056,18253,2906639,2906642,240,0,3
127149111,18255,2906879,2906879,240,0,0
127159058,18256,2907119,2907119,240,0,0
127169152,18258,2907362,2907362,240,3,0
127179051,18259,2907599,2907602,240,0,3
127189122,18261,2907839,2907839,240,0,0
127199118,18262,2908079,2908079,240,0,0
127209179,18264,2908322,2908322,240,3,0
127219049,18265,2908559,2908562,240,0,3
127229122,18267,2908799,2908799,240,0,0
127239058,18268,2909039,2909039,240,0,0
127249125,18270,2909279,2909279,240,0,0
127259072,18271,2909519,2909519,240,0,0
127269283,18273,2909765,2909765,240,6,0
127279082,18274,2910000,2910005,240,0,5
127289126,18276,2910240,2910240,240,0,0
127299161,18277,2910480,2910480,240,0,0
127309158,18279,2910720,2910720,240,0,0
127319111,18280,2910960,2910960,240,0,0
127329116,18282,2911200,2911200,240,0,0
127339089,18283,2911440,2911440,240,0,0
127349132,18285,2911680,2911680,240,0,0
127359096,18286,2911920,2911920,240,0,0
127369171,18288,2912160,2912160,240,0,0
127379075,18289,2912400,2912400,240,0,0
127389122,18291,2912640,2912640,240,0,0
127399215,18292,2912883,2912883,240,3,0
127409264,18294,2913123,2913123,240,0,0
127419052,18295,2913359,2913363,240,0,4
127429120,18297,2913599,2913599,240,0,0
127439051,18298,2913839,2913839,240,0,0
127449125,18300,2914079,2914079,240,0,0
127459126,18301,2914319,2914319,240,0,0
127469118,18303,2914559,2914559,240,0,0
127479064,18304,2914799,2914799,240,0,0
127489121,18306,2915039,2915039,240,0,0
127499040,18307,2915279,2915279,240,0,0
127509523,18309,2915531,2915531,240,12,0
127519072,18310,2915760,2915771,240,0,11
127529113,18312,2916000,2916000,240,0,0
127539091,18313,2916240,2916240,240,0,0
127549127,18315,2916480,2916480,240,0,0
127559116,18316,2916720,2916720,240,0,0
127569147,18318,2916960,2916960,240,0,0
127579112,18319,2917200,2917200,240,0,0
127589134,18321,2917440,2917440,240,0,0
127599046,18322,2917680,2917680,240,0,0
127609226,18324,2917923,2917923,240,3,0
127619106,18325,2918163,2918163,240,0,0
127629108,18327,2918403,2918403,240,0,0
127639057,18328,2918639,2918643,240,0,4
127649110,18330,2918879,2918879,240,0,0
127659058,18331,2919119,2919119,240,0,0
127669130,18333,2919359,2919359,240,0,0
127679029,18334,2919599,2919599,240,0,0
127689093,18336,2919839,2919839,240,0,0
127699070,18337,2920079,2920079,240,0,0
127709202,18339,2920323,2920323,240,4,0
127719080,18340,2920560,2920563,240,0,3
127729134,18342,2920800,2920800,240,0,0
127739077,18343,2921040,2921040,240,0,0
127749105,18345,2921280,2921280,240,0,0
127759064,18346,2921520,2921520,240,0,0
127769108,18348,2921760,2921760,240,0,0
127779042,18349,2922000,2922000,240,0,0
127789101,18351,2922240,2922240,240,0,0
127799046,18352,2922480,2922480,240,0,0
127809240,18354,2922724,2922724,240,4,0
127819114,18355,2922961,2922964,240,0,3
127829134,18357,2923201,2923201,240,0,0
127839101,18358,2923441,2923441,240,0,0
127849194,18360,2923681,2923681,240,0,0
127859093,18361,2923921,2923921,240,0,0
127869141,18363,2924161,2924161,240,0,0
127879080,18364,2924401,2924401,240,0,0
127889137,18367,2924641,2924641,240,0,0
127899145,18368,2924881,2924881,240,0,0
127909132,18370,2925121,2925121,240,0,0
127919045,18371,2925361,2925361,240,0,0
127929171,18373,2925601,2925601,240,0,0
127939121,18374,2925841,2925841,240,0,0
127949135,18376,2926081,2926081,240,0,0
127959097,18377,2926321,2926321,240,0,0
127969164,18379,2926561,2926561,240,0,0
127979071,18380,2926801,2926801,240,0,0
127989138,18382,2927041,2927041,240,0,0
127999043,18383,2927281,2927281,240,0,0
128009127,18385,2927521,2927521,240,0,0
128019137,18386,2927761,2927761,240,0,0
128029186,18388,2928001,2928001,240,0,0
128039112,18389,2928241,2928241,240,0,0
128049146,18391,2928481,2928481,240,0,0
128059082,18392,2928721,2928721,240,0,0
128069142,18394,2928961,2928961,240,0,0
128079003,18395,2929198,2929201,240,0,3
128089137,18397,2929441,2929441,240,3,0
128099052,18398,2929681,2929681,240,0,0
128109135,18400,2929921,2929921,240,0,0
128119131,18401,2930161,2930161,240,0,0
128129177,18403,2930401,2930401,240,0,0
128139064,18404,2930641,2930641,240,0,0
128149135,18406,2930881,2930881,240,0,0
128159112,18407,2931121,2931121,240,0,0
128169150,18409,2931361,2931361,240,0,0
128179084,18410,2931601,2931601,240,0,0
128189201,18412,2931841,2931841,240,0,0
128199068,18413,2932081,2932081,240,0,0
128209132,18415,2932321,2932321,240,0,0
128219124,18416,2932561,2932561,240,0,0
128229206,18418,2932801,2932801,240,0,0
128239075,18419,2933041,2933041,240,0,0
128249135,18421,2933281,2933281,240,0,0
128259087,18422,2933521,2933521,240,0,0
128269131,18424,2933761,2933761,240,0,0
128279131,18425,2934001,2934001,240,0,0
128289133,18427,2934241,2934241,240,0,0
128299098,18428,2934481,2934481,240,0,0
128309133,18430,2934721,2934721,240,0,0
128319080,18431,2934961,2934961,240,0,0
128329226,18433,2935201,2935201,240,0,0
128339082,18434,2935441,2935441,240,0,0
128349138,18436,2935681,2935681,240,0,0
128359053,18437,2935921,2935921,240,0,0
128369150,18439,2936161,2936161,240,0,0
128379102,18440,2936401,2936401,240,0,0
128389145,18442,2936641,2936641,240,0,0
128399127,18443,2936881,2936881,240,0,0
128409133,18445,2937121,2937121,240,0,0
128419054,18446,2937361,2937361,240,0,0
128429247,18448,2937604,2937604,240,3,0
128439107,18449,2937841,2937844,240,0,3
128449124,18451,2938081,2938081,240,0,0
128459055,18452,2938321,2938321,240,0,0
128469220,18454,2938561,2938561,240,0,0
128479106,18455,2938801,2938801,240,0,0
128489142,18457,2939041,2939041,240,0,0
128499093,18458,2939281,2939281,240,0,0
128509118,18460,2939521,2939521,240,0,0
128519057,18461,2939761,2939761,240,0,0
128529233,18463,2940004,2940004,240,3,0
128539080,18464,2940240,2940244,240,0,4
128549144,18466,2940480,2940480,240,0,0
128559074,18467,2940720,2940720,240,0,0
128569136,18469,2940960,2940960,240,0,0
128579078,18470,2941200,2941200,240,0,0
128589139,18472,2941440,2941440,240,0,0
128599056,18473,2941680,2941680,240,0,0
128609138,18475,2941920,2941920,240,0,0
128619138,18476,2942160,2942160,240,0,0
128629250,18478,2942404,2942404,240,4,0
128639539,18479,2942651,2942651,240,7,0
128649146,18481,2942882,2942891,240,0,9
128659061,18482,2943119,2943122,240,0,3
128669143,18484,2943359,2943359,240,0,0
128679083,18485,2943599,2943599,240,0,0
128689146,18487,2943842,2943842,240,3,0
128699093,18488,2944082,2944082,240,0,0
128709144,18490,2944322,2944322,240,0,0
128719132,18491,2944562,2944562,240,0,0
128729192,18493,2944802,2944802,240,0,0
128739044,18494,2945039,2945042,240,0,3
128749250,18496,2945284,2945284,240,5,0
128759076,18497,2945520,2945524,240,0,4
128769136,18499,2945760,2945760,240,0,0
128779063,18500,2946000,2946000,240,0,0
128789111,18502,2946240,2946240,240,0,0
128799053,18503,2946480,2946480,240,0,0
128809106,18505,2946720,2946720,240,0,0
128819066,18506,2946960,2946960,240,0,0
128829109,18508,2947200,2947200,240,0,0
128839026,18509,2947440,2947440,240,0,0
128849264,18511,2947684,2947684,240,4,0
128859101,18512,2947920,2947924,240,0,4
128869150,18514,2948160,2948160,240,0,0
128879054,18515,2948400,2948400,240,0,0
128889124,18517,2948640,2948640,240,0,0
128899071,18518,2948880,2948880,240,0,0
128909134,18520,2949120,2949120,240,0,0
128919035,18521,2949360,2949360,240,0,0
128929124,18523,2949600,2949600,240,0,0
128939193,18524,2949843,2949843,240,3,0
128949238,18526,2950083,2950083,240,0,0
128959124,18527,2950323,2950323,240,0,0
128969328,18529,2950566,2950566,240,3,0
128979069,18530,2950800,2950806,240,0,6
128989113,18532,2951040,2951040,240,0,0
128999072,18533,2951280,2951280,240,0,0
129009111,18535,2951520,2951520,240,0,0
129019084,18536,2951760,2951760,240,0,0
129029185,18538,2952000,2952000,240,0,0
129039166,18539,2952240,2952240,240,0,0
129049157,18541,2952480,2952480,240,0,0
129059066,18542,2952720,2952720,240,0,0
129069112,18544,2952960,2952960,240,0,0
129079070,18545,2953200,2953200,240,0,0
129089201,18547,2953443,2953443,240,3,0
129099101,18548,2953680,2953683,240,0,3
129109121,18550,2953920,2953920,240,0,0
129119055,18551,2954160,2954160,240,0,0
129129122,18553,2954400,2954400,240,0,0
129139052,18554,2954640,2954640,240,0,0
129149215,18556,2954883,2954883,240,3,0
129159157,18557,2955123,2955123,240,0,0
129169161,18559,2955363,2955363,240,0,0
129179099,18560,2955600,2955603,240,0,3
129189135,18562,2955840,2955840,240,0,0
129199049,18563,2956080,2956080,240,0,0
129209100,18565,2956320,2956320,240,0,0
129219073,18566,2956560,2956560,240,0,0
129229102,18568,2956800,2956800,240,0,0
129239108,18569,2957040,2957040,240,0,0
129249225,18571,2957283,2957283,240,3,0
129259120,18572,2957523,2957523,240,0,0
129269135,18574,2957763,2957763,240,0,0
129279080,18575,2958000,2958003,240,0,3
129289136,18577,2958240,2958240,240,0,0
129299060,18578,2958480,2958480,240,0,0
129309104,18580,2958720,2958720,240,0,0
129319037,18581,2958960,2958960,240,0,0
129329102,18583,2959200,2959200,240,0,0
129339042,18584,2959440,2959440,240,0,0
129349206,18586,2959683,2959683,240,3,0
129359087,18587,2959920,2959923,240,0,3
129369147,18589,2960160,2960160,240,0,0
129379103,18590,2960400,2960400,240,0,0
129389132,18592,2960640,2960640,240,0,0
129399137,18593,2960880,2960880,240,0,0
129409156,18595,2961120,2961120,240,0,0
129419036,18596,2961360,2961360,240,0,0
129429117,18598,2961600,2961600,240,0,0
129439040,18599,2961840,2961840,240,0,0
129449268,18601,2962084,2962084,240,4,0
129459082,18602,2962320,2962324,240,0,4
129469113,18604,2962560,2962560,240,0,0
129479025,18605,2962800,2962800,240,0,0
129489216,18607,2963043,2963043,240,3,0
129499054,18608,2963279,2963283,240,0,4
129509122,18610,2963519,2963519,240,0,0
129519061,18611,2963759,2963759,240,0,0
129529118,18613,2963999,2963999,240,0,0
129539061,18614,2964239,2964239,240,0,0
129549114,18616,2964479,2964479,240,0,0
129559102,18617,2964719,2964719,240,0,0
129569185,18619,2964962,2964962,240,3,0
129579042,18620,2965199,2965202,240,0,3
129589122,18622,2965439,2965439,240,0,0
129599098,18623,2965679,2965679,240,0,0
129609119,18625,2965919,2965919,240,0,0
129619107,18626,2966159,2966159,240,0,0
129629148,18628,2966402,2966402,240,3,0
129639063,18629,2966642,2966642,240,0,0
129649182,18631,2966882,2966882,240,0,0
129659041,18632,2967119,2967122,240,0,3
129669248,18634,2967364,2967364,240,5,0
129679135,18635,2967601,2967604,240,0,3
129689212,18637,2967841,2967841,240,0,0
129699049,18638,2968081,2968081,240,0,0
129709116,18640,2968321,2968321,240,0,0
129719044,18641,2968561,2968561,240,0,0
129729115,18643,2968801,2968801,240,0,0
129739051,18644,2969041,2969041,240,0,0
129749140,18646,2969281,2969281,240,0,0
129759157,18647,2969521,2969521,240,0,0
129769484,18649,2969770,2969770,240,9,0
129779083,18650,2970000,2970010,240,0,10
129789108,18652,2970240,2970240,240,0,0
129799091,18653,2970480,2970480,240,0,0
129809134,18655,2970720,2970720,240,0,0
129819097,18656,2970960,2970960,240,0,0
129829134,18658,2971200,2971200,240,0,0
129839071,18659,2971440,2971440,240,0,0
129849175,18661,2971680,2971680,240,0,0
129859170,18662,2971920,2971920,240,0,0
129869183,18664,2972160,2972160,240,0,0
129879089,18665,2972400,2972400,240,0,0
129889135,18668,2972640,2972640,240,0,0
129899155,18669,2972880,2972880,240,0,0
129909133,18671,2973120,2973120,240,0,0
129919087,18672,2973360,2973360,240,0,0
129929134,18674,2973600,2973600,240,0,0
129939093,18675,2973840,2973840,240,0,0
129949133,18677,2974080,2974080,240,0,0
129959057,18678,2974320,2974320,240,0,0
129969272,18680,2974565,2974565,240,5,0
129979155,18681,2974802,2974805,240,0,3
129989152,18683,2975042,2975042,240,0,0
129999144,18684,2975282,2975282,240,0,0
130009135,18686,2975522,2975522,240,0,0
130019111,18687,2975762,2975762,240,0,0
130029133,18689,2976002,2976002,240,0,0
130039083,18690,2976242,2976242,240,0,0
130049132,18692,2976482,2976482,240,0,0
130059088,18693,2976722,2976722,240,0,0
130069221,18695,2976962,2976962,240,0,0
130079121,18696,2977202,2977202,240,0,0
130089135,18698,2977442,2977442,240,0,0
130099123,18699,2977682,2977682,240,0,0
130109134,18701,2977922,2977922,240,0,0
130119006,18702,2978158,2978162,240,0,4
130129201,18704,2978403,2978403,240,5,0
130139097,18705,2978640,2978643,240,0,3
130149136,18707,2978880,2978880,240,0,0
130159119,18708,2979120,2979120,240,0,0
130169247,18710,2979364,2979364,240,4,0
130179126,18711,2979601,2979604,240,0,3
130189149,18713,2979841,2979841,240,0,0
130199084,18714,2980081,2980081,240,0,0
130209136,18716,2980321,2980321,240,0,0
130219082,18717,2980561,2980561,240,0,0
130229135,18719,2980801,2980801,240,0,0
130239056,18720,2981041,2981041,240,0,0
130249135,18722,2981281,2981281,240,0,0
130259061,18723,2981521,2981521,240,0,0
130269231,18725,2981764,2981764,240,3,0
130279090,18726,2982000,2982004,240,0,4
130289130,18728,2982240,2982240,240,0,0
130299105,18729,2982480,2982480,240,0,0
130309139,18731,2982720,2982720,240,0,0
130319057,18732,2982960,2982960,240,0,0
130329144,18734,2983200,2983200,240,0,0
130339032,18735,2983440,2983440,240,0,0
130349192,18737,2983683,2983683,240,3,0
130359034,18738,2983919,2983923,240,0,4
130369380,18740,2984167,2984167,240,8,0
130379114,18741,2984401,2984407,240,0,6
130389143,18743,2984641,2984641,240,0,0
130399063,18744,2984881,2984881,240,0,0
130409129,18746,2985121,2985121,240,0,0
130419120,18747,2985361,2985361,240,0,0
130429148,18749,2985601,2985601,240,0,0
130439071,18750,2985841,2985841,240,0,0
130449134,18752,2986081,2986081,240,0,0
130459125,18753,2986321,2986321,240,0,0
130469136,18755,2986561,2986561,240,0,0
130479122,18756,2986801,2986801,240,0,0
130489227,18758,2987041,2987041,240,0,0
130499064,18759,2987281,2987281,240,0,0
130509127,18761,2987521,2987521,240,0,0
130519070,18762,2987761,2987761,240,0,0
130529129,18764,2988001,2988001,240,0,0
130539092,18765,2988241,2988241,240,0,0
130549135,18767,2988481,2988481,240,0,0
130559125,18768,2988721,2988721,240,0,0
130569151,18770,2988961,2988961,240,0,0
130579036,18771,2989201,2989201,240,0,0
130589238,18773,2989444,2989444,240,3,0
130599068,18774,2989680,2989684,240,0,4
130609201,18776,2989923,2989923,240,3,0
130619041,18777,2990159,2990163,240,0,4
130629121,18779,2990399,2990399,240,0,0
130639051,18780,2990639,2990639,240,0,0
130649123,18782,2990879,2990879,240,0,0
130659031,18783,2991119,2991119,240,0,0
130669192,18785,2991363,2991363,240,4,0
130679143,18786,2991603,2991603,240,0,0
130689159,18788,2991843,2991843,240,0,0
130699078,18789,2992080,2992083,240,0,3
130709135,18791,2992320,2992320,240,0,0
130719037,18792,2992560,2992560,240,0,0
130729125,18794,2992800,2992800,240,0,0
130739049,18795,2993040,2993040,240,0,0
130749127,18797,2993280,2993280,240,0,0
130759069,18798,2993520,2993520,240,0,0
130769134,18800,2993760,2993760,240,0,0
130779189,18801,2994003,2994003,240,3,0
130789202,18803,2994243,2994243,240,0,0
130799029,18804,2994479,2994483,240,0,4
130809199,18806,2994723,2994723,240,4,0
130819116,18807,2994963,2994963,240,0,0
130829140,18809,2995203,2995203,240,0,0
130839054,18810,2995439,2995443,240,0,4
130849164,18812,2995682,2995682,240,3,0
130859093,18813,2995922,2995922,240,0,0
130869148,18815,2996162,2996162,240,0,0
130879031,18816,2996399,2996402,240,0,3
130889507,18818,2996650,2996650,240,11,0
130899083,18819,2996880,2996890,240,0,10
130909127,18821,2997120,2997120,240,0,0
130919047,18822,2997360,2997360,240,0,0
130929113,18824,2997600,2997600,240,0,0
130939041,18825,2997840,2997840,240,0,0
130949109,18827,2998080,2998080,240,0,0
130959052,18828,2998320,2998320,240,0,0
130969121,18830,2998560,2998560,240,0,0
130979265,18831,2998804,2998804,240,4,0
130989237,18833,2999044,2999044,240,0,0
130999091,18834,2999280,2999284,240,0,4
131009135,18836,2999520,2999520,240,0,0
131019032,18837,2999760,2999760,240,0,0
131029123,18839,3000000,3000000,240,0,0
131039063,18840,3000240,3000240,240,0,0
131049138,18842,3000480,3000480,240,0,0
131059067,18843,3000720,3000720,240,0,0
131069131,18845,3000960,3000960,240,0,0
131079073,18846,3001200,3001200,240,0,0
131089222,18848,3001443,3001443,240,3,0
131099068,18849,3001680,3001683,240,0,3
131109121,18851,3001920,3001920,240,0,0
131119079,18852,3002160,3002160,240,0,0
131129126,18854,3002400,3002400,240,0,0
131139097,18855,3002640,3002640,240,0,0
131149138,18857,3002880,3002880,240,0,0
131159080,18858,3003120,3003120,240,0,0
131169138,18860,3003360,3003360,240,0,0
131179102,18861,3003600,3003600,240,0,0
131189218,18863,3003843,3003843,240,3,0
131199167,18864,3004083,3004083,240,0,0
131209182,18866,3004323,3004323,240,0,0
131219079,18867,3004560,3004563,240,0,3
131229112,18869,3004800,3004800,240,0,0
131239087,18870,3005040,3005040,240,0,0
131249112,18872,3005280,3005280,240,0,0
131259069,18873,3005520,3005520,240,0,0
131269105,18875,3005760,3005760,240,0,0
131279093,18876,3006000,3006000,240,0,0
131289121,18878,3006240,3006240,240,0,0
131299145,18879,3006480,3006480,240,0,0
131309140,18881,3006720,3006720,240,0,0
131319124,18882,3006960,3006960,240,0,0
131329141,18884,3007200,3007200,240,0,0
131339108,18885,3007440,3007440,240,0,0
131349135,18887,3007680,3007680,240,0,0
131359050,18888,3007920,3007920,240,0,0
131369125,18890,3008160,3008160,240,0,0
131379068,18891,3008400,3008400,240,0,0
131389127,18893,3008640,3008640,240,0,0
131399009,18894,3008880,3008880,240,0,0
131409174,18896,3009120,3009120,240,0,0
131419056,18897,3009360,3009360,240,0,0
131429118,18899,3009600,3009600,240,0,0
131439043,18900,3009840,3009840,240,0,0
131449235,18902,3010084,3010084,240,4,0
131459048,18903,3010319,3010324,240,0,5
131469123,18905,3010559,3010559,240,0,0
131479042,18906,3010799,3010799,240,0,0
131489196,18908,3011043,3011043,240,4,0
131499136,18909,3011283,3011283,240,0,0
131509174,18911,3011523,3011523,240,0,0
131519067,18912,3011760,3011763,240,0,3
131529136,18914,3012000,3012000,240,0,0
131539098,18915,3012240,3012240,240,0,0
131549135,18917,3012480,3012480,240,0,0
131559031,18918,3012720,3012720,240,0,0
131569119,18920,3012960,3012960,240,0,0
131579063,18921,3013200,3013200,240,0,0
131589136,18923,3013440,3013440,240,0,0
131599130,18924,3013680,3013680,240,0,0
131609171,18926,3013920,3013920,240,0,0
131619508,18927,3014170,3014170,240,10,0
131629246,18929,3014404,3014410,240,0,6
131639117,18930,3014641,3014644,240,0,3
131649099,18932,3014881,3014881,240,0,0
131659092,18933,3015121,3015121,240,0,0
131669101,18935,3015361,3015361,240,0,0
131679068,18936,3015601,3015601,240,0,0
131689098,18938,3015841,3015841,240,0,0
131699111,18939,3016081,3016081,240,0,0
131709223,18941,3016321,3016321,240,0,0
131719048,18942,3016561,3016561,240,0,0
131729091,18944,3016801,3016801,240,0,0
131739063,18945,3017041,3017041,240,0,0
131749221,18947,3017281,3017281,240,0,0
131759045,18948,3017521,3017521,240,0,0
131769093,18950,3017761,3017761,240,0,0
131779054,18951,3018001,3018001,240,0,0
131789102,18953,3018241,3018241,240,0,0
131799064,18954,3018481,3018481,240,0,0
131809192,18956,3018721,3018721,240,0,0
131819081,18957,3018961,3018961,240,0,0
131829107,18959,3019201,3019201,240,0,0
131839047,18960,3019441,3019441,240,0,0
131849151,18962,3019681,3019681,240,0,0
131859103,18963,3019921,3019921,240,0,0
131869138,18965,3020161,3020161,240,0,0
131879109,18966,3020401,3020401,240,0,0
131889136,18969,3020641,3020641,240,0,0
131899099,18970,3020881,3020881,240,0,0
131909220,18972,3021121,3021121,240,0,0
131919085,18973,3021361,3021361,240,0,0
131929103,18975,3021601,3021601,240,0,0
131939067,18976,3021841,3021841,240,0,0
131949126,18978,3022081,3022081,240,0,0
131959093,18979,3022321,3022321,240,0,0
131969138,18981,3022561,3022561,240,0,0
131979088,18982,3022801,3022801,240,0,0
131989136,18984,3023041,3023041,240,0,0
131999125,18985,3023281,3023281,240,0,0
132009231,18987,3023524,3023524,240,3,0
132019448,18988,3023769,3023769,240,5,0
132029144,18990,3024001,3024009,240,0,8
132039060,18991,3024241,3024241,240,0,0
132049154,18993,3024481,3024481,240,0,0
132059206,18994,3024721,3024721,240,0,0
132069126,18996,3024961,3024961,240,0,0
132079072,18997,3025201,3025201,240,0,0
132089131,18999,3025441,3025441,240,0,0
132099048,19000,3025681,3025681,240,0,0
132109112,19002,3025921,3025921,240,0,0
132119201,19003,3026161,3026161,240,0,0
132129131,19005,3026401,3026401,240,0,0
132139108,19006,3026641,3026641,240,0,0
132149127,19008,3026881,3026881,240,0,0
132159111,19009,3027121,3027121,240,0,0
132169138,19011,3027361,3027361,240,0,0
132179086,19012,3027601,3027601,240,0,0
132189132,19014,3027841,3027841,240,0,0
132199068,19015,3028081,3028081,240,0,0
132209133,19017,3028321,3028321,240,0,0
132219042,19018,3028561,3028561,240,0,0
132229158,19020,3028801,3028801,240,0,0
132239058,19021,3029041,3029041,240,0,0
132249135,19023,3029281,3029281,240,0,0
132259073,19024,3029521,3029521,240,0,0
132269269,19026,3029764,3029764,240,3,0
132279079,19027,3030000,3030004,240,0,4
132289095,19029,3030240,3030240,240,0,0
132299054,19030,3030480,3030480,240,0,0
132309099,19032,3030720,3030720,240,0,0
132319048,19033,3030960,3030960,240,0,0
132329157,19035,3031200,3031200,240,0,0
132339091,19036,3031440,3031440,240,0,0
132349109,19038,3031680,3031680,240,0,0
132359100,19039,3031920,3031920,240,0,0
132369114,19041,3032160,3032160,240,0,0
132379042,19042,3032400,3032400,240,0,0
132389105,19044,3032640,3032640,240,0,0
132399088,19045,3032880,3032880,240,0,0
132409143,19047,3033120,3033120,240,0,0
132419152,19048,3033360,3033360,240,0,0
132429172,19050,3033600,3033600,240,0,0
132439034,19051,3033840,3033840,240,0,0
132449105,19053,3034080,3034080,240,0,0
132459070,19054,3034320,3034320,240,0,0
132469173,19056,3034560,3034560,240,0,0
132479046,19057,3034800,3034800,240,0,0
132489117,19059,3035040,3035040,240,0,0
132499049,19060,3035280,3035280,240,0,0
132509114,19062,3035520,3035520,240,0,0
132519113,19063,3035760,3035760,240,0,0
132529292,19065,3036005,3036005,240,5,0
132539115,19066,3036241,3036245,240,0,4
132549131,19068,3036481,3036481,240,0,0
132559028,19069,3036721,3036721,240,0,0
132569191,19071,3036961,3036961,240,0,0
132579084,19072,3037201,3037201,240,0,0
132589118,19074,3037441,3037441,240,0,0
132599068,19075,3037681,3037681,240,0,0
132609115,19077,3037921,3037921,240,0,0
132619086,19078,3038161,3038161,240,0,0
132629235,19080,3038404,3038404,240,3,0
132639061,19081,3038639,3038644,240,0,5
132649124,19083,3038879,3038879,240,0,0
132659094,19084,3039119,3039119,240,0,0
132669138,19086,3039359,3039359,240,0,0
132679054,19087,3039599,3039599,240,0,0
132689103,19089,3039839,3039839,240,0,0
132699043,19090,3040079,3040079,240,0,0
132709104,19092,3040319,3040319,240,0,0
132719039,19093,3040559,3040559,240,0,0
132729184,19095,3040802,3040802,240,3,0
132739086,19096,3041042,3041042,240,0,0
132749131,19098,3041282,3041282,240,0,0
132759047,19099,3041519,3041522,240,0,3
132769225,19101,3041763,3041763,240,4,0
132779059,19102,3041999,3042003,240,0,4
132789124,19104,3042239,3042239,240,0,0
132799061,19105,3042479,3042479,240,0,0
132809125,19107,3042719,3042719,240,0,0
132819088,19108,3042959,3042959,240,0,0
132829238,19110,3043204,3043204,240,5,0
132839090,19111,3043440,3043444,240,0,4
132849229,19113,3043684,3043684,240,4,0
132859093,19114,3043920,3043924,240,0,4
132869133,19116,3044160,3044160,240,0,0
132879053,19117,3044400,3044400,240,0,0
132889132,19119,3044640,3044640,240,0,0
132899048,19120,3044880,3044880,240,0,0
132909124,19122,3045120,3045120,240,0,0
132919050,19123,3045360,3045360,240,0,0
132929277,19125,3045605,3045605,240,5,0
132939095,19126,3045840,3045845,240,0,5
132949235,19128,3046084,3046084,240,4,0
132959110,19129,3046321,3046324,240,0,3
132969146,19131,3046561,3046561,240,0,0
132979097,19132,3046801,3046801,240,0,0
132989310,19134,3047045,3047045,240,4,0
132999115,19135,3047281,3047285,240,0,4
133009109,19137,3047521,3047521,240,0,0
133019049,19138,3047761,3047761,240,0,0
133029107,19140,3048001,3048001,240,0,0
133039227,19141,3048241,3048241,240,0,0
133049139,19143,3048481,3048481,240,0,0
133059097,19144,3048721,3048721,240,0,0
133069138,19146,3048961,3048961,240,0,0
133079142,19147,3049201,3049201,240,0,0
133089153,19149,3049441,3049441,240,0,0
133099058,19150,3049681,3049681,240,0,0
133109125,19152,3049921,3049921,240,0,0
133119039,19153,3050161,3050161,240,0,0
133129221,19155,3050401,3050401,240,0,0
133139014,19156,3050638,3050641,240,0,3
133149431,19158,3050888,3050888,240,10,0
133159096,19159,3051120,3051128,240,0,8
133169111,19161,3051360,3051360,240,0,0
133179094,19162,3051600,3051600,240,0,0
133189121,19164,3051840,3051840,240,0,0
133199093,19165,3052080,3052080,240,0,0
133209131,19167,3052320,3052320,240,0,0
133219076,19168,3052560,3052560,240,0,0
133229132,19170,3052800,3052800,240,0,0
133239138,19171,3053040,3053040,240,0,0
133249174,19173,3053280,3053280,240,0,0
133259129,19174,3053520,3053520,240,0,0
133269138,19176,3053760,3053760,240,0,0
133279125,19177,3054000,3054000,240,0,0
133289179,19179,3054240,3054240,240,0,0
133299127,19180,3054480,3054480,240,0,0
133309122,19182,3054720,3054720,240,0,0
133319070,19183,3054960,3054960,240,0,0
133329104,19185,3055200,3055200,240,0,0
133339246,19186,3055444,3055444,240,4,0
133349149,19188,3055684,3055684,240,0,0
133359079,19189,3055920,3055924,240,0,4
133369201,19191,3056163,3056163,240,3,0
133379118,19192,3056403,3056403,240,0,0
133389179,19194,3056643,3056643,240,0,0
133399092,19195,3056880,3056883,240,0,3
133409170,19197,3057120,3057120,240,0,0
133419145,19198,3057360,3057360,240,0,0
133429119,19200,3057600,3057600,240,0,0
133439106,19201,3057840,3057840,240,0,0
133449214,19203,3058083,3058083,240,3,0
133459086,19204,3058320,3058323,240,0,3
133469124,19206,3058560,3058560,240,0,0
133479104,19207,3058800,3058800,240,0,0
133489131,19209,3059040,3059040,240,0,0
133499092,19210,3059280,3059280,240,0,0
133509118,19212,3059520,3059520,240,0,0
133519091,19213,3059760,3059760,240,0,0
133529091,19215,3060000,3060000,240,0,0
133538993,19216,3060240,3060240,240,0,0
133549225,19218,3060483,3060483,240,3,0
133559078,19219,3060720,3060723,240,0,3
133569109,19221,3060960,3060960,240,0,0
133579072,19222,3061200,3061200,240,0,0
133589115,19224,3061440,3061440,240,0,0
133599076,19225,3061680,3061680,240,0,0
133609109,19227,3061920,3061920,240,0,0
133619100,19228,3062160,3062160,240,0,0
133629124,19230,3062400,3062400,240,0,0
133639076,19231,3062640,3062640,240,0,0
133649200,19233,3062883,3062883,240,3,0
133659101,19234,3063120,3063123,240,0,3
133669211,19236,3063363,3063363,240,3,0
133679092,19237,3063600,3063603,240,0,3
133689104,19239,3063840,3063840,240,0,0
133699090,19240,3064080,3064080,240,0,0
133709100,19242,3064320,3064320,240,0,0
133718969,19243,3064557,3064560,240,0,3
133729187,19245,3064802,3064802,240,5,0
133739105,19246,3065042,3065042,240,0,0
133749194,19248,3065282,3065282,240,0,0
133759157,19249,3065522,3065522,240,0,0
133769136,19251,3065762,3065762,240,0,0
133779080,19252,3066002,3066002,240,0,0
133789114,19254,3066242,3066242,240,0,0
133799064,19255,3066482,3066482,240,0,0
133809113,19257,3066722,3066722,240,0,0
133819063,19258,3066962,3066962,240,0,0
133829108,19260,3067202,3067202,240,0,0
133839071,19261,3067442,3067442,240,0,0
133849222,19263,3067682,3067682,240,0,0
133859049,19264,3067919,3067922,240,0,3
133869256,19266,3068164,3068164,240,5,0
133879102,19267,3068400,3068404,240,0,4
133889134,19270,3068640,3068640,240,0,0
133899160,19271,3068880,3068880,240,0,0
133909112,19273,3069120,3069120,240,0,0
133919045,19274,3069360,3069360,240,0,0
133929090,19276,3069600,3069600,240,0,0
133939125,19277,3069840,3069840,240,0,0
133949100,19279,3070080,3070080,240,0,0
133959158,19280,3070320,3070320,240,0,0
133969161,19282,3070560,3070560,240,0,0
133979036,19283,3070800,3070800,240,0,0
133989214,19285,3071043,3071043,240,3,0
133999082,19286,3071280,3071283,240,0,3
134009126,19288,3071520,3071520,240,0,0
134019110,19289,3071760,3071760,240,0,0
134029127,19291,3072000,3072000,240,0,0
134039092,19292,3072240,3072240,240,0,0
134049124,19294,3072480,3072480,240,0,0
134059137,19295,3072720,3072720,240,0,0
134069228,19297,3072963,3072963,240,3,0
134079133,19298,3073203,3073203,240,0,0
134089133,19300,3073443,3073443,240,0,0
134099108,19301,3073683,3073683,240,0,0
134109132,19303,3073923,3073923,240,0,0
134119112,19304,3074163,3074163,240,0,0
134129194,19306,3074403,3074403,240,0,0
134139059,19307,3074639,3074643,240,0,4
134149192,19309,3074883,3074883,240,4,0
134159171,19310,3075123,3075123,240,0,0
134169186,19312,3075363,3075363,240,0,0
134179089,19313,3075600,3075603,240,0,3
134189177,19315,3075840,3075840,240,0,0
134199122,19316,3076080,3076080,240,0,0
134209197,19318,3076323,3076323,240,3,0
134219074,19319,3076560,3076563,240,0,3
134229194,19321,3076803,3076803,240,3,0
134239052,19322,3077039,3077043,240,0,4
134249116,19324,3077279,3077279,240,0,0
134259102,19325,3077519,3077519,240,0,0
134269226,19327,3077763,3077763,240,4,0
134279208,19328,3078003,3078003,240,0,0
134289190,19330,3078243,3078243,240,0,0
134298973,19331,3078477,3078483,240,0,6
134309129,19333,3078721,3078721,240,4,0
134319032,19334,3078961,3078961,240,0,0
134329195,19336,3079201,3079201,240,0,0
134339049,19337,3079441,3079441,240,0,0
134349194,19339,3079681,3079681,240,0,0
134359058,19340,3079921,3079921,240,0,0
134369248,19342,3080164,3080164,240,3,0
134379110,19343,3080401,3080404,240,0,3
134389124,19345,3080641,3080641,240,0,0
134399116,19346,3080881,3080881,240,0,0
134409132,19348,3081121,3081121,240,0,0
134419079,19349,3081361,3081361,240,0,0
134429134,19351,3081601,3081601,240,0,0
134439076,19352,3081841,3081841,240,0,0
134449164,19354,3082081,3082081,240,0,0
134459108,19355,3082321,3082321,240,0,0
134469204,19357,3082561,3082561,240,0,0
134479084,19358,3082801,3082801,240,0,0
134489224,19360,3083041,3083041,240,0,0
134498970,19361,3083277,3083281,240,0,4
134509220,19363,3083523,3083523,240,6,0
134519052,19364,3083759,3083763,240,0,4
134529191,19366,3084003,3084003,240,4,0
134539054,19367,3084239,3084243,240,0,4
134549134,19369,3084479,3084479,240,0,0
134559035,19370,3084719,3084719,240,0,0
134569199,19372,3084963,3084963,240,4,0
134579095,19373,3085200,3085203,240,0,3
134589145,19375,3085440,3085440,240,0,0
134599035,19376,3085680,3085680,240,0,0
134609129,19378,3085920,3085920,240,0,0
134619122,19379,3086160,3086160,240,0,0
134629127,19381,3086400,3086400,240,0,0
134639058,19382,3086640,3086640,240,0,0
134649121,19384,3086880,3086880,240,0,0
134659115,19385,3087120,3087120,240,0,0
134669188,19387,3087363,3087363,240,3,0
134679008,19388,3087598,3087603,240,0,5
134689229,19390,3087844,3087844,240,6,0
134699106,19391,3088081,3088084,240,0,3
134709134,19393,3088321,3088321,240,0,0
134719101,19394,3088561,3088561,240,0,0
134729131,19396,3088801,3088801,240,0,0
134739078,19397,3089041,3089041,240,0,0
134749116,19399,3089281,3089281,240,0,0
134759051,19400,3089521,3089521,240,0,0
134769111,19402,3089761,3089761,240,0,0
134779188,19403,3090001,3090001,240,0,0
134789157,19405,3090241,3090241,240,0,0
134799050,19406,3090481,3090481,240,0,0
134809119,19408,3090721,3090721,240,0,0
134819089,19409,3090961,3090961,240,0,0
134829130,19411,3091201,3091201,240,0,0
134839049,19412,3091441,3091441,240,0,0
134849139,19414,3091681,3091681,240,0,0
134859003,19415,3091918,3091921,240,0,3
134869146,19417,3092162,3092162,240,4,0
134879157,19418,3092402,3092402,240,0,0
134889159,19420,3092642,3092642,240,0,0
134899059,19421,3092879,3092882,240,0,3
134909111,19423,3093119,3093119,240,0,0
134919055,19424,3093359,3093359,240,0,0
134929112,19426,3093599,3093599,240,0,0
134939060,19427,3093839,3093839,240,0,0
134949131,19429,3094079,3094079,240,0,0
134959077,19430,3094319,3094319,240,0,0
134969130,19432,3094559,3094559,240,0,0
134979128,19433,3094799,3094799,240,0,0
134989315,19435,3095046,3095046,240,7,0
134999191,19436,3095283,3095286,240,0,3
135009146,19438,3095523,3095523,240,0,0
135019047,19439,3095759,3095763,240,0,4
135029114,19441,3095999,3095999,240,0,0
135039054,19442,3096239,3096239,240,0,0
135049117,19444,3096479,3096479,240,0,0
135059102,19445,3096719,3096719,240,0,0
135069134,19447,3096959,3096959,240,0,0
135079063,19448,3097199,3097199,240,0,0
135089274,19450,3097445,3097445,240,6,0
135099059,19451,3097679,3097685,240,0,6
135109131,19453,3097919,3097919,240,0,0
135119077,19454,3098159,3098159,240,0,0
135129128,19456,3098399,3098399,240,0,0
135139061,19457,3098639,3098639,240,0,0
135149130,19459,3098879,3098879,240,0,0
135159079,19460,3099119,3099119,240,0,0
135169130,19462,3099359,3099359,240,0,0
135179055,19463,3099599,3099599,240,0,0
135189218,19465,3099843,3099843,240,4,0
135199123,19466,3100083,3100083,240,0,0
135209136,19468,3100323,3100323,240,0,0
135218983,19469,3100558,3100563,240,0,5
135229130,19471,3100801,3100801,240,3,0
135239064,19472,3101041,3101041,240,0,0
135249118,19474,3101281,3101281,240,0,0
135259080,19475,3101521,3101521,240,0,0
135269131,19477,3101761,3101761,240,0,0
135279055,19478,3102001,3102001,240,0,0
135289203,19480,3102241,3102241,240,0,0
135299097,19481,3102481,3102481,240,0,0
135309219,19483,3102721,3102721,240,0,0
135319062,19484,3102961,3102961,240,0,0
135329138,19486,3103201,3103201,240,0,0
135339069,19487,3103441,3103441,240,0,0
135349140,19489,3103681,3103681,240,0,0
135359041,19490,3103921,3103921,240,0,0
135369127,19492,3104161,3104161,240,0,0
135379098,19493,3104401,3104401,240,0,0
135389227,19495,3104641,3104641,240,0,0
135399244,19496,3104884,3104884,240,3,0
135409157,19498,3105124,3105124,240,0,0
135418963,19499,3105357,3105364,240,0,7
135429147,19501,3105602,3105602,240,5,0
135438963,19502,3105837,3105842,240,0,5
135449143,19504,3106081,3106081,240,4,0
135459072,19505,3106321,3106321,240,0,0
135469210,19507,3106561,3106561,240,0,0
135478983,19508,3106798,3106801,240,0,3
135489296,19510,3107045,3107045,240,7,0
135499137,19511,3107281,3107285,240,0,4
135509198,19513,3107521,3107521,240,0,0
135519194,19514,3107761,3107761,240,0,0
135529256,19516,3108004,3108004,240,3,0
135539116,19517,3108241,3108244,240,0,3
135549134,19519,3108481,3108481,240,0,0
135559063,19520,3108721,3108721,240,0,0
135569107,19522,3108961,3108961,240,0,0
135579113,19523,3109201,3109201,240,0,0
135589159,19525,3109441,3109441,240,0,0
135599160,19526,3109681,3109681,240,0,0
135609147,19528,3109921,3109921,240,0,0
135619070,19529,3110161,3110161,240,0,0
135629123,19531,3110401,3110401,240,0,0
135639083,19532,3110641,3110641,240,0,0
135649116,19534,3110881,3110881,240,0,0
135659107,19535,3111121,3111121,240,0,0
135669140,19537,3111361,3111361,240,0,0
135679081,19538,3111601,3111601,240,0,0
135689115,19540,3111841,3111841,240,0,0
135699013,19541,3112078,3112081,240,0,3
135709244,19543,3112324,3112324,240,6,0
135719088,19544,3112560,3112564,240,0,4
135729139,19546,3112800,3112800,240,0,0
135739061,19547,3113040,3113040,240,0,0
135749138,19549,3113280,3113280,240,0,0
135759054,19550,3113520,3113520,240,0,0
135769191,19552,3113763,3113763,240,3,0
135779054,19553,3113999,3114003,240,0,4
135789121,19555,3114239,3114239,240,0,0
135799155,19556,3114482,3114482,240,3,0
135809169,19558,3114722,3114722,240,0,0
135819061,19559,3114959,3114962,240,0,3
135829113,19561,3115199,3115199,240,0,0
135839071,19562,3115439,3115439,240,0,0
135849169,19564,3115682,3115682,240,3,0
135859098,19565,3115922,3115922,240,0,0
135869139,19567,3116162,3116162,240,0,0
135879069,19568,3116402,3116402,240,0,0
135889138,19571,3116642,3116642,240,0,0
135899298,19572,3116885,3116885,240,3,0
135909202,19574,3117125,3117125,240,0,0
135919058,19575,3117359,3117365,240,0,6
135929114,19577,3117599,3117599,240,0,0
135939092,19578,3117839,3117839,240,0,0
135949126,19580,3118079,3118079,240,0,0
135959067,19581,3118319,3118319,240,0,0
135969202,19583,3118563,3118563,240,4,0
135979063,19584,3118800,3118803,240,0,3
135989201,19586,3119043,3119043,240,3,0
135999078,19587,3119280,3119283,240,0,3
136009206,19589,3119523,3119523,240,3,0
136019079,19590,3119760,3119763,240,0,3
136029108,19592,3120000,3120000,240,0,0
136039082,19593,3120240,3120240,240,0,0
136049128,19595,3120480,3120480,240,0,0
136059042,19596,3120720,3120720,240,0,0
136069117,19598,3120960,3120960,240,0,0
136079059,19599,3121200,3121200,240,0,0
136089132,19601,3121440,3121440,240,0,0
136099049,19602,3121680,3121680,240,0,0
136109209,19604,3121923,3121923,240,3,0
136119106,19605,3122163,3122163,240,0,0
136129137,19607,3122403,3122403,240,0,0
136139076,19608,3122640,3122643,240,0,3
136149142,19610,3122880,3122880,240,0,0
136159050,19611,3123120,3123120,240,0,0
136169133,19613,3123360,3123360,240,0,0
136179056,19614,3123600,3123600,240,0,0
136189155,19616,3123840,3123840,240,0,0
136199084,19617,3124080,3124080,240,0,0
136209212,19619,3124323,3124323,240,3,0
136219059,19620,3124559,3124563,240,0,4
136229126,19622,3124799,3124799,240,0,0
136239059,19623,3125039,3125039,240,0,0
136249126,19625,3125279,3125279,240,0,0
136258966,19626,3125519,3125519,240,0,0
136269139,19628,3125759,3125759,240,0,0
136279075,19629,3125999,3125999,240,0,0
136289129,19631,3126239,3126239,240,0,0
136299048,19632,3126479,3126479,240,0,0
136309191,19634,3126723,3126723,240,4,0
136319096,19635,3126960,3126963,240,0,3
136329135,19637,3127200,3127200,240,0,0
136339057,19638,3127440,3127440,240,0,0
136349140,19640,3127680,3127680,240,0,0
136359054,19641,3127920,3127920,240,0,0
136369129,19643,3128160,3128160,240,0,0
136379070,19644,3128400,3128400,240,0,0
136389155,19646,3128640,3128640,240,0,0
136399054,19647,3128880,3128880,240,0,0
136409138,19649,3129120,3129120,240,0,0
136419142,19650,3129360,3129360,240,0,0
136429154,19652,3129600,3129600,240,0,0
136439109,19653,3129840,3129840,240,0,0
136449143,19655,3130080,3130080,240,0,0
136459091,19656,3130320,3130320,240,0,0
136469143,19658,3130560,3130560,240,0,0
136479118,19659,3130800,3130800,240,0,0
136489143,19661,3131040,3131040,240,0,0
136499089,19662,3131280,3131280,240,0,0
136509140,19664,3131520,3131520,240,0,0
136519158,19665,3131760,3131760,240,0,0
136529477,19667,3132009,3132009,240,9,0
136539060,19668,3132239,3132249,240,0,10
136549152,19670,3132482,3132482,240,3,0
136559060,19671,3132719,3132722,240,0,3
136569133,19673,3132959,3132959,240,0,0
136579112,19674,3133199,3133199,240,0,0
136589146,19676,3133442,3133442,240,3,0
136599062,19677,3133679,3133682,240,0,3
136609130,19679,3133919,3133919,240,0,0
136619141,19680,3134159,3134159,240,0,0
136629192,19682,3134403,3134403,240,4,0
136639078,19683,3134640,3134643,240,0,3
136649149,19685,3134880,3134880,240,0,0
136659073,19686,3135120,3135120,240,0,0
136669140,19688,3135360,3135360,240,0,0
136679096,19689,3135600,3135600,240,0,0
136689128,19691,3135840,3135840,240,0,0
136699095,19692,3136080,3136080,240,0,0
136709134,19694,3136320,3136320,240,0,0
136719129,19695,3136560,3136560,240,0,0
136729178,19697,3136800,3136800,240,0,0
136739066,19698,3137040,3137040,240,0,0
136749136,19700,3137280,3137280,240,0,0
136759085,19701,3137520,3137520,240,0,0
136769133,19703,3137760,3137760,240,0,0
136779115,19704,3138000,3138000,240,0,0
136789147,19706,3138240,3138240,240,0,0
136799083,19707,3138480,3138480,240,0,0
136809130,19709,3138720,3138720,240,0,0
136819067,19710,3138960,3138960,240,0,0
136829254,19712,3139204,3139204,240,4,0
136839060,19713,3139439,3139444,240,0,5
136849160,19715,3139682,3139682,240,3,0
136859093,19716,3139922,3139922,240,0,0
136869150,19718,3140162,3140162,240,0,0
136879081,19719,3140402,3140402,240,0,0
136889141,19721,3140642,3140642,240,0,0
136899099,19722,3140882,3140882,240,0,0
136909147,19724,3141122,3141122,240,0,0
136918961,19725,3141357,3141362,240,0,5
136929231,19727,3141604,3141604,240,7,0
136939091,19728,3141840,3141844,240,0,4
136949130,19730,3142080,3142080,240,0,0
136958960,19731,3142317,3142320,240,0,3
136969144,19733,3142561,3142561,240,4,0
136979075,19734,3142801,3142801,240,0,0
136989141,19736,3143041,3143041,240,0,0
136999243,19737,3143284,3143284,240,3,0
137009168,19739,3143524,3143524,240,0,0
137019069,19740,3143760,3143764,240,0,4
137029232,19742,3144004,3144004,240,4,0
137039067,19743,3144240,3144244,240,0,4
137049137,19745,3144480,3144480,240,0,0
137059054,19746,3144720,3144720,240,0,0
137069133,19748,3144960,3144960,240,0,0
137079096,19749,3145200,3145200,240,0,0
137089145,19751,3145440,3145440,240,0,0
137099066,19752,3145680,3145680,240,0,0
137109127,19754,3145920,3145920,240,0,0
137119099,19755,3146160,3146160,240,0,0
137129234,19757,3146404,3146404,240,4,0
137139064,19758,3146640,3146644,240,0,4
137149137,19760,3146880,3146880,240,0,0
137158969,19761,3147117,3147120,240,0,3
137169136,19763,3147361,3147361,240,4,0
137178952,19764,3147597,3147601,240,0,4
137189135,19766,3147841,3147841,240,4,0
137199198,19767,3148081,3148081,240,0,0
137209138,19769,3148321,3148321,240,0,0
137219062,19770,3148561,3148561,240,0,0
137229139,19772,3148801,3148801,240,0,0
137239143,19773,3149041,3149041,240,0,0
137249144,19775,3149281,3149281,240,0,0
137259103,19776,3149521,3149521,240,0,0
137269270,19778,3149764,3149764,240,3,0
137279053,19779,3149999,3150004,240,0,5
137289109,19781,3150239,3150239,240,0,0
137299069,19782,3150479,3150479,240,0,0
137309124,19784,3150719,3150719,240,0,0
137319062,19785,3150959,3150959,240,0,0
137329100,19787,3151199,3151199,240,0,0
137339180,19788,3151442,3151442,240,3,0
137349155,19790,3151682,3151682,240,0,0
137359129,19791,3151922,3151922,240,0,0
137369110,19793,3152162,3152162,240,0,0
137379082,19794,3152402,3152402,240,0,0
137389113,19796,3152642,3152642,240,0,0
137399048,19797,3152879,3152882,240,0,3
137409106,19799,3153119,3153119,240,0,0
137419143,19800,3153359,3153359,240,0,0
137429142,19802,3153599,3153599,240,0,0
137439143,19803,3153839,3153839,240,0,0
137449159,19805,3154082,3154082,240,3,0
137459079,19806,3154322,3154322,240,0,0
137469105,19808,3154562,3154562,240,0,0
137479072,19809,3154802,3154802,240,0,0
137489142,19811,3155042,3155042,240,0,0
137498969,19812,3155277,3155282,240,0,5
137509127,19814,3155521,3155521,240,4,0
137519084,19815,3155761,3155761,240,0,0
137529101,19817,3156001,3156001,240,0,0
137539142,19818,3156241,3156241,240,0,0
137549136,19820,3156481,3156481,240,0,0
137559112,19821,3156721,3156721,240,0,0
137569160,19823,3156961,3156961,240,0,0
137579038,19824,3157201,3157201,240,0,0
137589106,19826,3157441,3157441,240,0,0
137599048,19827,3157681,3157681,240,0,0
137609114,19829,3157921,3157921,240,0,0
137619026,19830,3158161,3158161,240,0,0
137629108,19832,3158401,3158401,240,0,0
137639254,19833,3158644,3158644,240,3,0
137649312,19835,3158884,3158884,240,0,0
137659045,19836,3159119,3159124,240,0,5
137669120,19838,3159359,3159359,240,0,0
137679056,19839,3159599,3159599,240,0,0
137689121,19841,3159839,3159839,240,0,0
137699080,19842,3160079,3160079,240,0,0
137709129,19844,3160319,3160319,240,0,0
137719052,19845,3160559,3160559,240,0,0
137729133,19847,3160799,3160799,240,0,0
137738965,19848,3161039,3161039,240,0,0
137749213,19850,3161283,3161283,240,4,0
137759234,19851,3161523,3161523,240,0,0
137769144,19853,3161763,3161763,240,0,0
137779056,19854,3161999,3162003,240,0,4
137789142,19856,3162239,3162239,240,0,0
137799085,19857,3162479,3162479,240,0,0
137809133,19859,3162719,3162719,240,0,0
137818963,19860,3162959,3162959,240,0,0
137829219,19862,3163203,3163203,240,4,0
137839074,19863,3163440,3163443,240,0,3
137849257,19865,3163684,3163684,240,4,0
137859127,19866,3163921,3163924,240,0,3
137869132,19868,3164161,3164161,240,0,0
137879041,19869,3164401,3164401,240,0,0
137889225,19872,3164641,3164641,240,0,0
137899148,19873,3164881,3164881,240,0,0
137909137,19875,3165121,3165121,240,0,0
137919009,19876,3165358,3165361,240,0,3
137929201,19878,3165603,3165603,240,5,0
137939056,19879,3165839,3165843,240,0,4
137949199,19881,3166083,3166083,240,4,0
137959080,19882,3166320,3166323,240,0,3
137969099,19884,3166560,3166560,240,0,0
137979089,19885,3166800,3166800,240,0,0
137989113,19887,3167040,3167040,240,0,0
137999046,19888,3167280,3167280,240,0,0
138009098,19890,3167520,3167520,240,0,0
138019116,19891,3167760,3167760,240,0,0
138029113,19893,3168000,3168000,240,0,0
138039085,19894,3168240,3168240,240,0,0
138049246,19896,3168484,3168484,240,4,0
138059231,19897,3168724,3168724,240,0,0
138069192,19899,3168964,3168964,240,0,0
138079090,19900,3169200,3169204,240,0,4
138089179,19902,3169440,3169440,240,0,0
138099039,19903,3169680,3169680,240,0,0
138109189,19905,3169923,3169923,240,3,0
138119067,19906,3170160,3170163,240,0,3
138129114,19908,3170400,3170400,240,0,0
138139035,19909,3170640,3170640,240,0,0
138149182,19911,3170880,3170880,240,0,0
138159117,19912,3171120,3171120,240,0,0
138169192,19914,3171363,3171363,240,3,0
138179085,19915,3171600,3171603,240,0,3
138189174,19917,3171840,3171840,240,0,0
138199049,19918,3172080,3172080,240,0,0
138209199,19920,3172323,3172323,240,3,0
138219052,19921,3172559,3172563,240,0,4
138229175,19923,3172802,3172802,240,3,0
138239065,19924,3173042,3173042,240,0,0
138249120,19926,3173282,3173282,240,0,0
138259026,19927,3173519,3173522,240,0,3
138269237,19929,3173764,3173764,240,5,0
138279056,19930,3173999,3174004,240,0,5
138289126,19932,3174239,3174239,240,0,0
138299053,19933,3174479,3174479,240,0,0
138309136,19935,3174719,3174719,240,0,0
138319104,19936,3174959,3174959,240,0,0
138329170,19938,3175202,3175202,240,3,0
138339112,19939,3175442,3175442,240,0,0
138349138,19941,3175682,3175682,240,0,0
138359108,19942,3175922,3175922,240,0,0
138369235,19944,3176162,3176162,240,0,0
138379095,19945,3176402,3176402,240,0,0
138389118,19947,3176642,3176642,240,0,0
138399047,19948,3176879,3176882,240,0,3
138409181,19950,3177122,3177122,240,3,0
138419064,19951,3177362,3177362,240,0,0
138429198,19953,3177602,3177602,240,0,0
138439053,19954,3177839,3177842,240,0,3
138449165,19956,3178082,3178082,240,3,0
138459334,19957,3178326,3178326,240,4,0
138469263,19959,3178566,3178566,240,0,0
138479088,19960,3178800,3178806,240,0,6
138489197,19962,3179043,3179043,240,3,0
138499050,19963,3179279,3179283,240,0,4
138509106,19965,3179519,3179519,240,0,0
138519065,19966,3179759,3179759,240,0,0
138529119,19968,3179999,3179999,240,0,0
138539122,19969,3180239,3180239,240,0,0
138549136,19971,3180479,3180479,240,0,0
138559081,19972,3180719,3180719,240,0,0
138569209,19974,3180963,3180963,240,4,0
138579035,19975,3181199,3181203,240,0,4
138589146,19977,3181442,3181442,240,3,0
138599146,19978,3181682,3181682,240,0,0
138609126,19980,3181922,3181922,240,0,0
138619041,19981,3182159,3182162,240,0,3
138629204,19983,3182403,3182403,240,4,0
138639052,19984,3182639,3182643,240,0,4
138649144,19986,3182879,3182879,240,0,0
138659042,19987,3183119,3183119,240,0,0
138669221,19989,3183363,3183363,240,4,0
138679075,19990,3183600,3183603,240,0,3
138689216,19992,3183843,3183843,240,3,0
138699040,19993,3184079,3184083,240,0,4
138709244,19995,3184324,3184324,240,5,0
138719080,19996,3184560,3184564,240,0,4
138729111,19998,3184800,3184800,240,0,0
138739069,19999,3185040,3185040,240,0,0
138749132,20001,3185280,3185280,240,0,0
138759074,20002,3185520,3185520,240,0,0
138769240,20004,3185764,3185764,240,4,0
138779092,20005,3186000,3186004,240,0,4
138789113,20007,3186240,3186240,240,0,0
138799133,20008,3186480,3186480,240,0,0
138809123,20010,3186720,3186720,240,0,0
138819077,20011,3186960,3186960,240,0,0
138829141,20013,3187200,3187200,240,0,0
138839058,20014,3187440,3187440,240,0,0
138849201,20016,3187683,3187683,240,3,0
138859088,20017,3187920,3187923,240,0,3
138869244,20019,3188164,3188164,240,4,0
138879399,20020,3188408,3188408,240,4,0
138889185,20022,3188642,3188648,240,0,6
138899055,20023,3188879,3188882,240,0,3
138909190,20025,3189123,3189123,240,4,0
138919057,20026,3189359,3189363,240,0,4
138929127,20028,3189599,3189599,240,0,0
138939069,20029,3189839,3189839,240,0,0
138949133,20031,3190079,3190079,240,0,0
138959027,20032,3190319,3190319,240,0,0
138969201,20034,3190563,3190563,240,4,0
138979183,20035,3190803,3190803,240,0,0
138989140,20037,3191043,3191043,240,0,0
138999049,20038,3191279,3191283,240,0,4
139009310,20040,3191525,3191525,240,6,0
139019086,20041,3191760,3191765,240,0,5
139029103,20043,3192000,3192000,240,0,0
139039065,20044,3192240,3192240,240,0,0
139049108,20046,3192480,3192480,240,0,0
139058968,20047,3192717,3192720,240,0,3
139069138,20049,3192961,3192961,240,4,0
139079043,20050,3193201,3193201,240,0,0
139089129,20052,3193441,3193441,240,0,0
139099065,20053,3193681,3193681,240,0,0
139109116,20055,3193921,3193921,240,0,0
139119083,20056,3194161,3194161,240,0,0
139129115,20058,3194401,3194401,240,0,0
139139075,20059,3194641,3194641,240,0,0
139149186,20061,3194881,3194881,240,0,0
139159098,20062,3195121,3195121,240,0,0
139169182,20064,3195361,3195361,240,0,0
139179143,20065,3195601,3195601,240,0,0
139189206,20067,3195841,3195841,240,0,0
139199028,20068,3196081,3196081,240,0,0
139209217,20070,3196321,3196321,240,0,0
139219088,20071,3196561,3196561,240,0,0
139229120,20073,3196801,3196801,240,0,0
139239103,20074,3197041,3197041,240,0,0
139249132,20076,3197281,3197281,240,0,0
139259082,20077,3197521,3197521,240,0,0
139269127,20079,3197761,3197761,240,0,0
139279183,20080,3198001,3198001,240,0,0
139289154,20082,3198241,3198241,240,0,0
139299054,20083,3198481,3198481,240,0,0
139309121,20085,3198721,3198721,240,0,0
139319103,20086,3198961,3198961,240,0,0
139329136,20088,3199201,3199201,240,0,0
139339080,20089,3199441,3199441,240,0,0
139349138,20091,3199681,3199681,240,0,0
139359056,20092,3199921,3199921,240,0,0
139369126,20094,3200161,3200161,240,0,0
139379050,20095,3200401,3200401,240,0,0
139389212,20097,3200641,3200641,240,0,0
139399041,20098,3200881,3200881,240,0,0
139409133,20100,3201121,3201121,240,0,0
139419097,20101,3201361,3201361,240,0,0
139429112,20103,3201601,3201601,240,0,0
139439105,20104,3201841,3201841,240,0,0
139449135,20106,3202081,3202081,240,0,0
139459065,20107,3202321,3202321,240,0,0
139469128,20109,3202561,3202561,240,0,0
139479056,20110,3202801,3202801,240,0,0
139489211,20112,3203041,3203041,240,0,0
139499140,20113,3203281,3203281,240,0,0
139509142,20115,3203521,3203521,240,0,0
139519076,20116,3203761,3203761,240,0,0
139529106,20118,3204001,3204001,240,0,0
139539040,20119,3204241,3204241,240,0,0
139549208,20121,3204481,3204481,240,0,0
139559053,20122,3204721,3204721,240,0,0
139569117,20124,3204961,3204961,240,0,0
139579048,20125,3205201,3205201,240,0,0
139589202,20127,3205441,3205441,240,0,0
139599131,20128,3205681,3205681,240,0,0
139609183,20130,3205921,3205921,240,0,0
139619045,20131,3206161,3206161,240,0,0
139629112,20133,3206401,3206401,240,0,0
139639117,20134,3206641,3206641,240,0,0
139649118,20136,3206881,3206881,240,0,0
139659093,20137,3207121,3207121,240,0,0
139669130,20139,3207361,3207361,240,0,0
139679068,20140,3207601,3207601,240,0,0
139689217,20142,3207841,3207841,240,0,0
139699043,20143,3208081,3208081,240,0,0
139709113,20145,3208321,3208321,240,0,0
139719118,20146,3208561,3208561,240,0,0
139729118,20148,3208801,3208801,240,0,0
139739058,20149,3209041,3209041,240,0,0
139749111,20151,3209281,3209281,240,0,0
139759086,20152,3209521,3209521,240,0,0
139769116,20154,3209761,3209761,240,0,0
139779064,20155,3210001,3210001,240,0,0
139789113,20157,3210241,3210241,240,0,0
139799007,20158,3210478,3210481,240,0,3
139809175,20160,3210722,3210722,240,4,0
139819113,20161,3210962,3210962,240,0,0
139829132,20163,3211202,3211202,240,0,0
139839084,20164,3211442,3211442,240,0,0
139849176,20166,3211682,3211682,240,0,0
139859089,20167,3211922,3211922,240,0,0
139869252,20169,3212162,3212162,240,0,0
139879062,20170,3212399,3212402,240,0,3
139889203,20173,3212643,3212643,240,4,0
139898996,20174,3212878,3212883,240,0,5
139909163,20176,3213122,3213122,240,4,0
139919103,20177,3213362,3213362,240,0,0
139929122,20179,3213602,3213602,240,0,0
139939054,20180,3213839,3213842,240,0,3
139949098,20182,3214079,3214079,240,0,0
139959125,20183,3214319,3214319,240,0,0
139969120,20185,3214559,3214559,240,0,0
139979097,20186,3214799,3214799,240,0,0
139989117,20188,3215039,3215039,240,0,0
139999028,20189,3215279,3215279,240,0,0
140009461,20191,3215529,3215529,240,10,0
140019082,20192,3215760,3215769,240,0,9
140029088,20194,3216000,3216000,240,0,0
140039156,20195,3216240,3216240,240,0,0
140049120,20197,3216480,3216480,240,0,0
140059124,20198,3216720,3216720,240,0,0
140069120,20200,3216960,3216960,240,0,0
140079149,20201,3217200,3217200,240,0,0
140089128,20203,3217440,3217440,240,0,0
140099132,20204,3217680,3217680,240,0,0
140109168,20206,3217920,3217920,240,0,0
140119083,20207,3218160,3218160,240,0,0
140129130,20209,3218400,3218400,240,0,0
140139111,20210,3218640,3218640,240,0,0
140149128,20212,3218880,3218880,240,0,0
140159086,20213,3219120,3219120,240,0,0
140169122,20215,3219360,3219360,240,0,0
140179085,20216,3219600,3219600,240,0,0
140189121,20218,3219840,3219840,240,0,0
140199078,20219,3220080,3220080,240,0,0
140209395,20221,3220327,3220327,240,7,0
140219079,20222,3220560,3220567,240,0,7
140229137,20224,3220800,3220800,240,0,0
140239086,20225,3221040,3221040,240,0,0
140249240,20227,3221284,3221284,240,4,0
140259118,20228,3221521,3221524,240,0,3
140269089,20230,3221761,3221761,240,0,0
140279083,20231,3222001,3222001,240,0,0
140289169,20233,3222241,3222241,240,0,0
140299057,20234,3222481,3222481,240,0,0
140309190,20236,3222721,3222721,240,0,0
140319078,20237,3222961,3222961,240,0,0
140329098,20239,3223201,3223201,240,0,0
140339075,20240,3223441,3223441,240,0,0
140349099,20242,3223681,3223681,240,0,0
140359035,20243,3223921,3223921,240,0,0
140369097,20245,3224161,3224161,240,0,0
140379042,20246,3224401,3224401,240,0,0
140389096,20248,3224641,3224641,240,0,0
140399041,20249,3224881,3224881,240,0,0
140409180,20251,3225121,3225121,240,0,0
140419073,20252,3225361,3225361,240,0,0
140429203,20254,3225601,3225601,240,0,0
140439089,20255,3225841,3225841,240,0,0
140449127,20257,3226081,3226081,240,0,0
140459077,20258,3226321,3226321,240,0,0
140469105,20260,3226561,3226561,240,0,0
140479048,20261,3226801,3226801,240,0,0
140489109,20263,3227041,3227041,240,0,0
140499060,20264,3227281,3227281,240,0,0
140509193,20266,3227521,3227521,240,0,0
140519088,20267,3227761,3227761,240,0,0
140529114,20269,3228001,3228001,240,0,0
140539058,20270,3228241,3228241,240,0,0
140549114,20272,3228481,3228481,240,0,0
140559034,20273,3228721,3228721,240,0,0
140569102,20275,3228961,3228961,240,0,0
140579061,20276,3229201,3229201,240,0,0
140589103,20278,3229441,3229441,240,0,0
140599025,20279,3229681,3229681,240,0,0
140609254,20281,3229924,3229924,240,3,0
140619208,20282,3230164,3230164,240,0,0
140629155,20284,3230404,3230404,240,0,0
140639111,20285,3230641,3230644,240,0,3
140649120,20287,3230881,3230881,240,0,0
140659071,20288,3231121,3231121,240,0,0
140669108,20290,3231361,3231361,240,0,0
140679047,20291,3231601,3231601,240,0,0
140689108,20293,3231841,3231841,240,0,0
140699042,20294,3232081,3232081,240,0,0
140709100,20296,3232321,3232321,240,0,0
140719009,20297,3232558,3232561,240,0,3
140729168,20299,3232802,3232802,240,4,0
140739092,20300,3233042,3233042,240,0,0
140749135,20302,3233282,3233282,240,0,0
140759051,20303,3233519,3233522,240,0,3
140769126,20305,3233759,3233759,240,0,0
140779063,20306,3233999,3233999,240,0,0
140789109,20308,3234239,3234239,240,0,0
140799034,20309,3234479,3234479,240,0,0
140809116,20311,3234719,3234719,240,0,0
140819115,20312,3234959,3234959,240,0,0
140829177,20314,3235202,3235202,240,3,0
140839066,20315,3235442,3235442,240,0,0
140849154,20317,3235682,3235682,240,0,0
140859102,20318,3235922,3235922,240,0,0
140869142,20320,3236162,3236162,240,0,0
140879102,20321,3236402,3236402,240,0,0
140889214,20323,3236642,3236642,240,0,0
140899093,20324,3236882,3236882,240,0,0
140909125,20326,3237122,3237122,240,0,0
140919120,20327,3237362,3237362,240,0,0
140929171,20329,3237602,3237602,240,0,0
140939061,20330,3237839,3237842,240,0,3
140949127,20332,3238079,3238079,240,0,0
140959152,20333,3238322,3238322,240,3,0
140969139,20335,3238562,3238562,240,0,0
140979071,20336,3238802,3238802,240,0,0
140989129,20338,3239042,3239042,240,0,0
140999065,20339,3239282,3239282,240,0,0
141009316,20341,3239526,3239526,240,4,0
141019441,20342,3239769,3239769,240,3,0
141029210,20344,3240003,3240009,240,0,6
141039057,20345,3240239,3240243,240,0,4
141049113,20347,3240479,3240479,240,0,0
141059083,20348,3240719,3240719,240,0,0
141069135,20350,3240959,3240959,240,0,0
141079092,20351,3241199,3241199,240,0,0
141089137,20353,3241439,3241439,240,0,0
141099106,20354,3241679,3241679,240,0,0
141109136,20356,3241919,3241919,240,0,0
141119106,20357,3242159,3242159,240,0,0
141129491,20359,3242410,3242410,240,11,0
141139101,20360,3242640,3242650,240,0,10
141149223,20362,3242883,3242883,240,3,0
141159112,20363,3243123,3243123,240,0,0
141169110,20365,3243363,3243363,240,0,0
141179037,20366,3243599,3243603,240,0,4
141189106,20368,3243839,3243839,240,0,0
141199051,20369,3244079,3244079,240,0,0
141209115,20371,3244319,3244319,240,0,0
141219065,20372,3244559,3244559,240,0,0
141229255,20374,3244804,3244804,240,5,0
141239074,20375,3245040,3245044,240,0,4
141249122,20377,3245280,3245280,240,0,0
141259061,20378,3245520,3245520,240,0,0
141269104,20380,3245760,3245760,240,0,0
141279057,20381,3246000,3246000,240,0,0
141289107,20383,3246240,3246240,240,0,0
141299087,20384,3246480,3246480,240,0,0
141309201,20386,3246723,3246723,240,3,0
141319040,20387,3246959,3246963,240,0,4
141329227,20389,3247203,3247203,240,4,0
141339096,20390,3247440,3247443,240,0,3
141349117,20392,3247680,3247680,240,0,0
141359048,20393,3247920,3247920,240,0,0
141369113,20395,3248160,3248160,240,0,0
141379045,20396,3248400,3248400,240,0,0
141389116,20398,3248640,3248640,240,0,0
141399045,20399,3248880,3248880,240,0,0
141409119,20401,3249120,3249120,240,0,0
141419058,20402,3249360,3249360,240,0,0
141429212,20404,3249603,3249603,240,3,0
141439106,20405,3249843,3249843,240,0,0
141449211,20407,3250083,3250083,240,0,0
141459076,20408,3250320,3250323,240,0,3
141469122,20410,3250560,3250560,240,0,0
141479067,20411,3250800,3250800,240,0,0
141489119,20413,3251040,3251040,240,0,0
141499066,20414,3251280,3251280,240,0,0
141509119,20416,3251520,3251520,240,0,0
141519066,20417,3251760,3251760,240,0,0
141529119,20419,3252000,3252000,240,0,0
141539191,20420,3252243,3252243,240,3,0
141549138,20422,3252483,3252483,240,0,0
141559066,20423,3252720,3252723,240,0,3
141569124,20425,3252960,3252960,240,0,0
141579055,20426,3253200,3253200,240,0,0
141589120,20428,3253440,3253440,240,0,0
141599056,20429,3253680,3253680,240,0,0
141609126,20431,3253920,3253920,240,0,0
141619076,20432,3254160,3254160,240,0,0
141629139,20434,3254400,3254400,240,0,0
141639026,20435,3254640,3254640,240,0,0
141649191,20437,3254883,3254883,240,3,0
141659056,20438,3255119,3255123,240,0,4
141669120,20440,3255359,3255359,240,0,0
141679068,20441,3255599,3255599,240,0,0
141689115,20443,3255839,3255839,240,0,0
141699041,20444,3256079,3256079,240,0,0
141709112,20446,3256319,3256319,240,0,0
141719066,20447,3256559,3256559,240,0,0
141729118,20449,3256799,3256799,240,0,0
141739166,20450,3257042,3257042,240,3,0
141749244,20452,3257282,3257282,240,0,0
141759066,20453,3257522,3257522,240,0,0
141769125,20455,3257762,3257762,240,0,0
141779093,20456,3258002,3258002,240,0,0
141789125,20458,3258242,3258242,240,0,0
141799038,20459,3258479,3258482,240,0,3
141809106,20461,3258719,3258719,240,0,0
141819045,20462,3258959,3258959,240,0,0
141829096,20464,3259199,3259199,240,0,0
141839164,20465,3259442,3259442,240,3,0
141849221,20467,3259682,3259682,240,0,0
141859106,20468,3259922,3259922,240,0,0
141869167,20470,3260162,3260162,240,0,0
141879047,20471,3260399,3260402,240,0,3
141889127,20474,3260639,3260639,240,0,0
141899163,20475,3260882,3260882,240,3,0
141909139,20477,3261122,3261122,240,0,0
141919061,20478,3261359,3261362,240,0,3
141929130,20480,3261599,3261599,240,0,0
141939082,20481,3261839,3261839,240,0,0
141949255,20483,3262084,3262084,240,5,0
141958984,20484,3262318,3262324,240,0,6
141969134,20486,3262561,3262561,240,3,0
141979108,20487,3262801,3262801,240,0,0
141989134,20489,3263041,3263041,240,0,0
141999057,20490,3263281,3263281,240,0,0
142009125,20492,3263521,3263521,240,0,0
142019070,20493,3263761,3263761,240,0,0
142029130,20495,3264001,3264001,240,0,0
142039063,20496,3264241,3264241,240,0,0
142049219,20498,3264481,3264481,240,0,0
142059084,20499,3264721,3264721,240,0,0
142069134,20501,3264961,3264961,240,0,0
142079075,20502,3265201,3265201,240,0,0
142089134,20504,3265441,3265441,240,0,0
142099058,20505,3265681,3265681,240,0,0
142109126,20507,3265921,3265921,240,0,0
142119082,20508,3266161,3266161,240,0,0
142129117,20510,3266401,3266401,240,0,0
142139068,20511,3266641,3266641,240,0,0
142149207,20513,3266881,3266881,240,0,0
142159105,20514,3267121,3267121,240,0,0
142169209,20516,3267361,3267361,240,0,0
142179067,20517,3267601,3267601,240,0,0
142189110,20519,3267841,3267841,240,0,0
142199051,20520,3268081,3268081,240,0,0
142209118,20522,3268321,3268321,240,0,0
142219064,20523,3268561,3268561,240,0,0
142229113,20525,3268801,3268801,240,0,0
142239059,20526,3269041,3269041,240,0,0
142249207,20528,3269281,3269281,240,0,0
142259433,20529,3269528,3269528,240,7,0
142269250,20531,3269764,3269768,240,0,4
142279108,20532,3270001,3270004,240,0,3
142289103,20534,3270241,3270241,240,0,0
142299065,20535,3270481,3270481,240,0,0
142309091,20537,3270721,3270721,240,0,0
142319057,20538,3270961,3270961,240,0,0
142329095,20540,3271201,3271201,240,0,0
142339069,20541,3271441,3271441,240,0,0
142349091,20543,3271681,3271681,240,0,0
142359070,20544,3271921,3271921,240,0,0
142369174,20546,3272161,3272161,240,0,0
142379062,20547,3272401,3272401,240,0,0
142389121,20549,3272641,3272641,240,0,0
142399055,20550,3272881,3272881,240,0,0
142409137,20552,3273121,3273121,240,0,0
142419071,20553,3273361,3273361,240,0,0
142429108,20555,3273601,3273601,240,0,0
142439133,20556,3273841,3273841,240,0,0
142449138,20558,3274081,3274081,240,0,0
142459034,20559,3274321,3274321,240,0,0
142469258,20561,3274564,3274564,240,3,0
142479108,20562,3274801,3274804,240,0,3
142489141,20564,3275041,3275041,240,0,0
142499043,20565,3275281,3275281,240,0,0
142509107,20567,3275521,3275521,240,0,0
142519107,20568,3275761,3275761,240,0,0
142529127,20570,3276001,3276001,240,0,0
142539116,20571,3276241,3276241,240,0,0
142549118,20573,3276481,3276481,240,0,0
142559145,20574,3276721,3276721,240,0,0
142569176,20576,3276961,3276961,240,0,0
142579071,20577,3277201,3277201,240,0,0
142589126,20579,3277441,3277441,240,0,0
142599126,20580,3277681,3277681,240,0,0
142609197,20582,3277921,3277921,240,0,0
142619060,20583,3278161,3278161,240,0,0
142629124,20585,3278401,3278401,240,0,0
142639047,20586,3278641,3278641,240,0,0
142649103,20588,3278881,3278881,240,0,0
142659165,20589,3279121,3279121,240,0,0
142669211,20591,3279361,3279361,240,0,0
142679043,20592,3279601,3279601,240,0,0
142689116,20594,3279841,3279841,240,0,0
142699094,20595,3280081,3280081,240,0,0
142709134,20597,3280321,3280321,240,0,0
142719047,20598,3280561,3280561,240,0,0
142729108,20600,3280801,3280801,240,0,0
142739055,20601,3281041,3281041,240,0,0
142749135,20603,3281281,3281281,240,0,0
142759065,20604,3281521,3281521,240,0,0
142769234,20606,3281764,3281764,240,3,0
142779045,20607,3281999,3282004,240,0,5
142789207,20609,3282243,3282243,240,4,0
142799043,20610,3282479,3282483,240,0,4
142809122,20612,3282719,3282719,240,0,0
142819045,20613,3282959,3282959,240,0,0
142829107,20615,3283199,3283199,240,0,0
142839050,20616,3283439,3283439,240,0,0
142849197,20618,3283683,3283683,240,4,0
142859118,20619,3283923,3283923,240,0,0
142869248,20621,3284163,3284163,240,0,0
142879089,20622,3284400,3284403,240,0,3
142889115,20624,3284640,3284640,240,0,0
142899060,20625,3284880,3284880,240,0,0
142909155,20627,3285120,3285120,240,0,0
142919052,20628,3285360,3285360,240,0,0
142929118,20630,3285600,3285600,240,0,0
142939061,20631,3285840,3285840,240,0,0
142949125,20633,3286080,3286080,240,0,0
142959041,20634,3286320,3286320,240,0,0
142969215,20636,3286563,3286563,240,3,0
142979088,20637,3286800,3286803,240,0,3
142989145,20639,3287040,3287040,240,0,0
142999071,20640,3287280,3287280,240,0,0
143009150,20642,3287520,3287520,240,0,0
143019262,20643,3287764,3287764,240,4,0
143029135,20645,3288001,3288004,240,0,3
143039095,20646,3288241,3288241,240,0,0
143049137,20648,3288481,3288481,240,0,0
143059091,20649,3288721,3288721,240,0,0
143069290,20651,3288965,3288965,240,4,0
143079113,20652,3289201,3289205,240,0,4
143089131,20654,3289441,3289441,240,0,0
143099107,20655,3289681,3289681,240,0,0
143109133,20657,3289921,3289921,240,0,0
143119053,20658,3290161,3290161,240,0,0
143129113,20660,3290401,3290401,240,0,0
143139061,20661,3290641,3290641,240,0,0
143149115,20663,3290881,3290881,240,0,0
143159101,20664,3291121,3291121,240,0,0
143169121,20666,3291361,3291361,240,0,0
143179229,20667,3291604,3291604,240,3,0
143189161,20669,3291844,3291844,240,0,0
143198963,20670,3292077,3292084,240,0,7
143209130,20672,3292321,3292321,240,4,0
143219080,20673,3292561,3292561,240,0,0
143229128,20675,3292801,3292801,240,0,0
143239135,20676,3293041,3293041,240,0,0
143249134,20678,3293281,3293281,240,0,0
143259141,20679,3293521,3293521,240,0,0
143269134,20681,3293761,3293761,240,0,0
143279029,20682,3294001,3294001,240,0,0
143289179,20684,3294241,3294241,240,0,0
143299068,20685,3294481,3294481,240,0,0
143309122,20687,3294721,3294721,240,0,0
143319058,20688,3294961,3294961,240,0,0
143329135,20690,3295201,3295201,240,0,0
143339065,20691,3295441,3295441,240,0,0
143349124,20693,3295681,3295681,240,0,0
143359038,20694,3295921,3295921,240,0,0
143369121,20696,3296161,3296161,240,0,0
143379029,20697,3296401,3296401,240,0,0
143389435,20699,3296648,3296648,240,7,0
143399101,20700,3296880,3296888,240,0,8
143409125,20702,3297120,3297120,240,0,0
143419113,20703,3297360,3297360,240,0,0
143429129,20705,3297600,3297600,240,0,0
143439085,20706,3297840,3297840,240,0,0
143449122,20708,3298080,3298080,240,0,0
143459100,20709,3298320,3298320,240,0,0
143469131,20711,3298560,3298560,240,0,0
143479163,20712,3298800,3298800,240,0,0
143489173,20714,3299040,3299040,240,0,0
143499071,20715,3299280,3299280,240,0,0
143509140,20717,3299520,3299520,240,0,0
143519133,20718,3299760,3299760,240,0,0
143529144,20720,3300000,3300000,240,0,0
143539074,20721,3300240,3300240,240,0,0
143549110,20723,3300480,3300480,240,0,0
143559090,20724,3300720,3300720,240,0,0
143569523,20726,3300971,3300971,240,11,0
143590792,20728,3301481,3301481,240,270,0
143600013,20729,3301702,3301721,240,0,19
143610243,20731,3301948,3301948,240,6,0
143620124,20732,3302185,3302188,240,0,3
143630189,20734,3302425,3302425,240,0,0
143640039,20735,3302665,3302665,240,0,0
143650168,20737,3302905,3302905,240,0,0
143660194,20738,3303145,3303145,240,0,0
143670182,20740,3303385,3303385,240,0,0
143680182,20741,3303625,3303625,240,0,0
143690173,20743,3303865,3303865,240,0,0
143700214,20744,3304105,3304105,240,0,0
143710197,20746,3304345,3304345,240,0,0
143720117,20747,3304585,3304585,240,0,0
143730187,20749,3304825,3304825,240,0,0
143740093,20750,3305065,3305065,240,0,0
143750182,20752,3305305,3305305,240,0,0
143760506,20753,3305554,3305554,240,9,0
143770190,20755,3305787,3305794,240,0,7
143780096,20756,3306024,3306027,240,0,3
143790095,20758,3306264,3306264,240,0,0
143800102,20759,3306504,3306504,240,0,0
143810211,20761,3306747,3306747,240,3,0
143820152,20762,3306987,3306987,240,0,0
143830194,20764,3307227,3307227,240,0,0
143840053,20765,3307463,3307467,240,0,4
143850219,20767,3307707,3307707,240,4,0
143860095,20768,3307944,3307947,240,0,3
143870193,20770,3308187,3308187,240,3,0
143880069,20771,3308424,3308427,240,0,3
143890251,20774,3308668,3308668,240,4,0
143900075,20775,3308904,3308908,240,0,4
143910047,20777,3309144,3309144,240,0,0
143920107,20778,3309384,3309384,240,0,0
143930165,20780,3309624,3309624,240,0,0
143940081,20781,3309864,3309864,240,0,0
143950171,20783,3310104,3310104,240,0,0
143960084,20784,3310344,3310344,240,0,0
143970175,20786,3310584,3310584,240,0,0
143980075,20787,3310824,3310824,240,0,0
143990217,20789,3311067,3311067,240,3,0
144000110,20790,3311307,3311307,240,0,0
144010193,20792,3311547,3311547,240,0,0
144020069,20793,3311784,3311787,240,0,3
144030184,20795,3312024,3312024,240,0,0
144040065,20796,3312264,3312264,240,0,0
144050190,20798,3312507,3312507,240,3,0
144060064,20799,3312744,3312747,240,0,3
144070511,20801,3312994,3312994,240,10,0
144080051,20802,3313223,3313234,240,0,11
144090188,20804,3313467,3313467,240,4,0
144100032,20805,3313703,3313707,240,0,4
144110196,20807,3313947,3313947,240,4,0
144120645,20808,3314197,3314197,240,10,0
144130169,20810,3314426,3314437,240,0,11
144140079,20811,3314666,3314666,240,0,0
144150185,20813,3314906,3314906,240,0,0
144160071,20814,3315146,3315146,240,0,0
144170182,20816,3315386,3315386,240,0,0
144180081,20817,3315626,3315626,240,0,0
144190190,20819,3315866,3315866,240,0,0
144200073,20820,3316106,3316106,240,0,0
144210193,20822,3316346,3316346,240,0,0
144220086,20823,3316586,3316586,240,0,0
144230228,20825,3316826,3316826,240,0,0
144240072,20826,3317066,3317066,240,0,0
144250191,20828,3317306,3317306,240,0,0
144260064,20829,3317546,3317546,240,0,0
144270197,20831,3317786,3317786,240,0,0
144280074,20832,3318026,3318026,240,0,0
144290066,20834,3318266,3318266,240,0,0
144300096,20835,3318506,3318506,240,0,0
144310195,20837,3318746,3318746,240,0,0
144320059,20838,3318983,3318986,240,0,3
144330220,20840,3319227,3319227,240,4,0
144340044,20841,3319463,3319467,240,0,4
144350213,20843,3319707,3319707,240,4,0
144360006,20844,3319942,3319947,240,0,5
144370203,20846,3320187,3320187,240,5,0
144380166,20847,3320427,3320427,240,0,0
144390208,20849,3320667,3320667,240,0,0
144400023,20850,3320903,3320907,240,0,4
144410224,20852,3321147,3321147,240,4,0
144420065,20853,3321384,3321387,240,0,3
144430060,20855,3321624,3321624,240,0,0
144440050,20856,3321864,3321864,240,0,0
144450212,20858,3322107,3322107,240,3,0
144460056,20859,3322343,3322347,240,0,4
144470192,20861,3322587,3322587,240,4,0
144480060,20862,3322823,3322827,240,0,4
144490187,20864,3323066,3323066,240,3,0
144500075,20865,3323306,3323306,240,0,0
144510755,20867,3323560,3323560,240,14,0
144520092,20868,3323784,3323800,240,0,16
144530190,20870,3324027,3324027,240,3,0
144540076,20871,3324264,3324267,240,0,3
144550200,20873,3324507,3324507,240,3,0
144560099,20874,3324744,3324747,240,0,3
144570176,20876,3324984,3324984,240,0,0
144580012,20877,3325224,3325224,240,0,0
144590247,20879,3325468,3325468,240,4,0
144600151,20880,3325708,3325708,240,0,0
144610410,20882,3325952,3325952,240,4,0
144620053,20883,3326183,3326192,240,0,9
144630191,20885,3326427,3326427,240,4,0
144640056,20886,3326663,3326667,240,0,4
144650171,20888,3326906,3326906,240,3,0
144660079,20889,3327146,3327146,240,0,0
144670290,20891,3327389,3327389,240,3,0
144680062,20892,3327623,3327629,240,0,6
144690172,20894,3327866,3327866,240,3,0
144700201,20895,3328106,3328106,240,0,0
144710238,20897,3328346,3328346,240,0,0
144720084,20898,3328586,3328586,240,0,0
144730059,20900,3328823,3328826,240,0,3
144740063,20901,3329063,3329063,240,0,0
144750192,20903,3329307,3329307,240,4,0
144760082,20904,3329544,3329547,240,0,3
144770189,20906,3329787,3329787,240,3,0
144780077,20907,3330024,3330027,240,0,3
144790198,20909,3330267,3330267,240,3,0
144800080,20910,3330504,3330507,240,0,3
144810223,20912,3330747,3330747,240,3,0
144820084,20913,3330984,3330987,240,0,3
144830206,20915,3331227,3331227,240,3,0
144840061,20916,3331463,3331467,240,0,4
144850215,20918,3331707,3331707,240,4,0
144860195,20919,3331947,3331947,240,0,0
144870209,20921,3332187,3332187,240,0,0
144880055,20922,3332423,3332427,240,0,4
144890207,20924,3332667,3332667,240,4,0
144900066,20925,3332904,3332907,240,0,3
144910411,20927,3333152,3333152,240,8,0
144919949,20928,3333381,3333392,240,0,11
144930200,20930,3333627,3333627,240,6,0
144940053,20931,3333863,3333867,240,0,4
144950180,20933,3334106,3334106,240,3,0
144960054,20934,3334343,3334346,240,0,3
144970289,20936,3334589,3334589,240,6,0
144980019,20937,3334822,3334829,240,0,7
144990088,20939,3335062,3335062,240,0,0
145000087,20940,3335302,3335302,240,0,0
145010165,20942,3335546,3335546,240,4,0
145019964,20943,3335781,3335786,240,0,5
145030204,20945,3336027,3336027,240,6,0
145040087,20946,3336264,3336267,240,0,3
145050185,20948,3336504,3336504,240,0,0
145060073,20949,3336744,3336744,240,0,0
145070186,20951,3336984,3336984,240,0,0
145080074,20952,3337224,3337224,240,0,0
145090184,20954,3337464,3337464,240,0,0
145100073,20955,3337704,3337704,240,0,0
145110199,20957,3337947,3337947,240,3,0
145120086,20958,3338184,3338187,240,0,3
145130202,20960,3338427,3338427,240,3,0
145140688,20961,3338679,3338679,240,12,0
145150184,20963,3338906,3338919,240,0,13
145160074,20964,3339146,3339146,240,0,0
145170169,20966,3339386,3339386,240,0,0
145180082,20967,3339626,3339626,240,0,0
145190166,20969,3339866,3339866,240,0,0
145200073,20970,3340106,3340106,240,0,0
145210159,20972,3340346,3340346,240,0,0
145220113,20973,3340586,3340586,240,0,0
145230201,20975,3340826,3340826,240,0,0
145240079,20976,3341066,3341066,240,0,0
145250177,20978,3341306,3341306,240,0,0
145260084,20979,3341546,3341546,240,0,0
145270180,20981,3341786,3341786,240,0,0
145280081,20982,3342026,3342026,240,0,0
145290172,20984,3342266,3342266,240,0,0
145300065,20985,3342506,3342506,240,0,0
145310175,20987,3342746,3342746,240,0,0
145320258,20988,3342986,3342986,240,0,0
145330662,20990,3343238,3343238,240,12,0
145340038,20991,3343463,3343478,240,0,15
145350160,20993,3343706,3343706,240,3,0
145360069,20994,3343946,3343946,240,0,0
145370058,20996,3344183,3344186,240,0,3
145380062,20997,3344423,3344423,240,0,0
145390167,20999,3344666,3344666,240,3,0
145400083,21000,3344906,3344906,240,0,0
145410179,21002,3345146,3345146,240,0,0
145420070,21003,3345386,3345386,240,0,0
145430541,21005,3345635,3345635,240,9,0
145440051,21006,3345863,3345875,240,0,12
145450169,21008,3346106,3346106,240,3,0
145460103,21009,3346346,3346346,240,0,0
145470182,21011,3346586,3346586,240,0,0
145480076,21012,3346826,3346826,240,0,0
145490181,21014,3347066,3347066,240,0,0
145500080,21015,3347306,3347306,240,0,0
145510180,21017,3347546,3347546,240,0,0
145520119,21018,3347786,3347786,240,0,0
145530209,21020,3348026,3348026,240,0,0
145540694,21021,3348279,3348279,240,13,0
145550258,21023,3348508,3348519,240,0,11
145560023,21024,3348743,3348748,240,0,5
145570211,21026,3348987,3348987,240,4,0
145580264,21027,3349227,3349227,240,0,0
145590165,21029,3349467,3349467,240,0,0
145600095,21030,3349704,3349707,240,0,3
145610183,21032,3349944,3349944,240,0,0
145620054,21033,3350184,3350184,240,0,0
145630223,21035,3350427,3350427,240,3,0
145640402,21036,3350672,3350672,240,5,0
145650190,21038,3350907,3350912,240,0,5
145660063,21039,3351144,3351147,240,0,3
145670191,21041,3351387,3351387,240,3,0
145680068,21042,3351624,3351627,240,0,3
145690302,21044,3351869,3351869,240,5,0
145700056,21045,3352103,3352109,240,0,6
145710201,21047,3352347,3352347,240,4,0
145720063,21048,3352584,3352587,240,0,3
145730239,21050,3352828,3352828,240,4,0
145740106,21051,3353065,3353068,240,0,3
145750210,21053,3353305,3353305,240,0,0
145760087,21054,3353545,3353545,240,0,0
145770204,21056,3353785,3353785,240,0,0
145780205,21057,3354025,3354025,240,0,0
145790180,21059,3354265,3354265,240,0,0
145800027,21060,3354505,3354505,240,0,0
145810238,21062,3354748,3354748,240,3,0
145820082,21063,3354984,3354988,240,0,4
145830202,21065,3355227,3355227,240,3,0
145839959,21066,3355461,3355467,240,0,6
145850554,21068,3355715,3355715,240,14,0
145860088,21069,3355944,3355955,240,0,11
145870174,21071,3356184,3356184,240,0,0
145880083,21072,3356424,3356424,240,0,0
145890173,21075,3356664,3356664,240,0,0
145900223,21076,3356907,3356907,240,3,0
145910161,21078,3357147,3357147,240,0,0
145920082,21079,3357384,3357387,240,0,3
145930179,21081,3357624,3357624,240,0,0
145939974,21082,3357861,3357864,240,0,3
145950198,21084,3358107,3358107,240,6,0
145960067,21085,3358344,3358347,240,0,3
145970184,21087,3358584,3358584,240,0,0
145980079,21088,3358824,3358824,240,0,0
145990214,21090,3359067,3359067,240,3,0
146000063,21091,3359304,3359307,240,0,3
146010174,21093,3359544,3359544,240,0,0
146020085,21094,3359784,3359784,240,0,0
146030175,21096,3360024,3360024,240,0,0
146040098,21097,3360264,3360264,240,0,0
146050356,21099,3360511,3360511,240,7,0
146060068,21100,3360744,3360751,240,0,7
146070172,21102,3360984,3360984,240,0,0
146080086,21103,3361224,3361224,240,0,0
146090178,21105,3361464,3361464,240,0,0
146100074,21106,3361704,3361704,240,0,0
146110180,21108,3361944,3361944,240,0,0
146120225,21109,3362187,3362187,240,3,0
146130187,21111,3362427,3362427,240,0,0
146140192,21112,3362667,3362667,240,0,0
146150207,21114,3362907,3362907,240,0,0
146160079,21115,3363144,3363147,240,0,3
146170183,21117,3363384,3363384,240,0,0
146180090,21118,3363624,3363624,240,0,0
146190185,21120,3363864,3363864,240,0,0
146200083,21121,3364104,3364104,240,0,0
146210190,21123,3364347,3364347,240,3,0
146220210,21124,3364587,3364587,240,0,0
146230306,21126,3364827,3364827,240,0,0
146240067,21127,3365064,3365067,240,0,3
146250120,21129,3365304,3365304,240,0,0
146260095,21130,3365544,3365544,240,0,0
146270242,21132,3365788,3365788,240,4,0
146280188,21133,3366028,3366028,240,0,0
146290200,21135,3366268,3366268,240,0,0
146300169,21136,3366508,3366508,240,0,0
146310042,21138,3366743,3366748,240,0,5
146320067,21139,3366983,3366983,240,0,0
146330238,21141,3367228,3367228,240,5,0
146340202,21142,3367468,3367468,240,0,0
146350139,21144,3367705,3367708,240,0,3
146360082,21145,3367945,3367945,240,0,0
146370204,21147,3368185,3368185,240,0,0
146380115,21148,3368425,3368425,240,0,0
146390184,21150,3368665,3368665,240,0,0
146400076,21151,3368905,3368905,240,0,0
146410261,21153,3369148,3369148,240,3,0
146420070,21154,3369384,3369388,240,0,4
146430199,21156,3369627,3369627,240,3,0
146440261,21157,3369867,3369867,240,0,0
146450234,21159,3370107,3370107,240,0,0
146460078,21160,3370344,3370347,240,0,3
146470066,21162,3370584,3370584,240,0,0
146480081,21163,3370824,3370824,240,0,0
146490194,21165,3371067,3371067,240,3,0
146500068,21166,3371304,3371307,240,0,3
146510195,21168,3371547,3371547,240,3,0
146520057,21169,3371783,3371787,240,0,4
146530248,21171,3372028,3372028,240,5,0
146540073,21172,3372264,3372268,240,0,4
146550229,21174,3372508,3372508,240,4,0
146560106,21175,3372745,3372748,240,0,3
146570212,21177,3372985,3372985,240,0,0
146580122,21178,3373225,3373225,240,0,0
146590194,21180,3373465,3373465,240,0,0
146600080,21181,3373705,3373705,240,0,0
146610202,21183,3373945,3373945,240,0,0
146620096,21184,3374185,3374185,240,0,0
146630202,21186,3374425,3374425,240,0,0
146640093,21187,3374665,3374665,240,0,0
146650196,21189,3374905,3374905,240,0,0
146660207,21190,3375145,3375145,240,0,0
146670196,21192,3375385,3375385,240,0,0
146680074,21193,3375625,3375625,240,0,0
146690205,21195,3375865,3375865,240,0,0
146700060,21196,3376105,3376105,240,0,0
146710298,21198,3376349,3376349,240,4,0
146720054,21199,3376583,3376589,240,0,6
146730195,21201,3376827,3376827,240,4,0
146740076,21202,3377064,3377067,240,0,3
146750207,21204,3377307,3377307,240,3,0
146761097,21205,3377568,3377568,240,21,0
146770280,21207,3377789,3377808,240,0,19
146780161,21208,3378026,3378029,240,0,3
146790179,21210,3378266,3378266,240,0,0
146800067,21211,3378506,3378506,240,0,0
146810186,21213,3378746,3378746,240,0,0
146820078,21214,3378986,3378986,240,0,0
146830207,21216,3379226,3379226,240,0,0
146840155,21217,3379466,3379466,240,0,0
146850215,21219,3379706,3379706,240,0,0
146860081,21220,3379946,3379946,240,0,0
146870212,21222,3380186,3380186,240,0,0
146880052,21223,3380423,3380426,240,0,3
146890175,21225,3380666,3380666,240,3,0
146900084,21226,3380906,3380906,240,0,0
146910185,21228,3381146,3381146,240,0,0
146920082,21229,3381386,3381386,240,0,0
146930188,21231,3381626,3381626,240,0,0
146940025,21232,3381863,3381866,240,0,3
146950218,21234,3382107,3382107,240,4,0
146960092,21235,3382344,3382347,240,0,3
146970231,21237,3382588,3382588,240,4,0
146980086,21238,3382824,3382828,240,0,4
146990197,21240,3383067,3383067,240,3,0
147000073,21241,3383304,3383307,240,0,3
147010197,21243,3383547,3383547,240,3,0
147020077,21244,3383784,3383787,240,0,3
147030190,21246,3384027,3384027,240,3,0
147040554,21247,3384275,3384275,240,8,0
147050187,21249,3384506,3384515,240,0,9
147060075,21250,3384746,3384746,240,0,0
147070261,21252,3384986,3384986,240,0,0
147080088,21253,3385226,3385226,240,0,0
147090191,21255,3385466,3385466,240,0,0
147100078,21256,3385706,3385706,240,0,0
147110190,21258,3385946,3385946,240,0,0
147120080,21259,3386186,3386186,240,0,0
147130189,21261,3386426,3386426,240,0,0
147140077,21262,3386666,3386666,240,0,0
147150183,21264,3386906,3386906,240,0,0
147160073,21265,3387146,3387146,240,0,0
147170132,21267,3387386,3387386,240,0,0
147180102,21268,3387626,3387626,240,0,0
147190183,21270,3387866,3387866,240,0,0
147200012,21271,3388102,3388106,240,0,4
147210215,21273,3388347,3388347,240,5,0
147220080,21274,3388584,3388587,240,0,3
147230200,21276,3388827,3388827,240,3,0
147240015,21277,3389062,3389067,240,0,5
147250212,21279,3389307,3389307,240,5,0
147260085,21280,3389544,3389547,240,0,3
147270253,21282,3389788,3389788,240,4,0
147280080,21283,3390024,3390028,240,0,4
147290062,21285,3390264,3390264,240,0,0
147300018,21286,3390504,3390504,240,0,0
147310206,21288,3390747,3390747,240,3,0
147320065,21289,3390984,3390987,240,0,3
147330046,21291,3391224,3391224,240,0,0
147340067,21292,3391464,3391464,240,0,0
147350224,21294,3391707,3391707,240,3,0
147360129,21295,3391947,3391947,240,0,0
147370145,21297,3392187,3392187,240,0,0
147380227,21298,3392427,3392427,240,0,0
147390186,21300,3392667,3392667,240,0,0
147400072,21301,3392904,3392907,240,0,3
147410227,21303,3393147,3393147,240,3,0
147420301,21304,3393387,3393387,240,0,0
147430220,21306,3393627,3393627,240,0,0
147440006,21307,3393862,3393867,240,0,5
147450267,21309,3394108,3394108,240,6,0
147460014,21310,3394342,3394348,240,0,6
147470379,21312,3394591,3394591,240,9,0
147480024,21313,3394823,3394831,240,0,8
147490200,21315,3395067,3395067,240,4,0
147500082,21316,3395304,3395307,240,0,3
147510179,21318,3395544,3395544,240,0,0
147520105,21319,3395784,3395784,240,0,0
147530215,21321,3396027,3396027,240,3,0
147540082,21322,3396264,3396267,240,0,3
147550182,21324,3396504,3396504,240,0,0
147560078,21325,3396744,3396744,240,0,0
147570176,21327,3396984,3396984,240,0,0
147579972,21328,3397221,3397224,240,0,3
147590258,21330,3397468,3397468,240,7,0
147600074,21331,3397704,3397708,240,0,4
147610223,21333,3397947,3397947,240,3,0
147620075,21334,3398184,3398187,240,0,3
147630197,21336,3398427,3398427,240,3,0
147640071,21337,3398664,3398667,240,0,3
147650198,21339,3398907,3398907,240,3,0
147660081,21340,3399144,3399147,240,0,3
147670224,21342,3399387,3399387,240,3,0
147679991,21343,3399622,3399627,240,0,5
147690208,21345,3399867,3399867,240,5,0
147700409,21346,3400112,3400112,240,5,0
147710184,21348,3400346,3400352,240,0,6
147720276,21349,3400589,3400589,240,3,0
147730177,21351,3400826,3400829,240,0,3
147740286,21352,3401069,3401069,240,3,0
147750171,21354,3401306,3401309,240,0,3
147760096,21355,3401546,3401546,240,0,0
147770189,21357,3401786,3401786,240,0,0
147780094,21358,3402026,3402026,240,0,0
147790223,21360,3402266,3402266,240,0,0
147800069,21361,3402506,3402506,240,0,0
147810227,21363,3402746,3402746,240,0,0
147820075,21364,3402986,3402986,240,0,0
147830221,21366,3403226,3403226,240,0,0
147840073,21367,3403466,3403466,240,0,0
147850200,21369,3403706,3403706,240,0,0
147860335,21370,3403950,3403950,240,4,0
147870171,21372,3404186,3404190,240,0,4
147880259,21373,3404426,3404426,240,0,0
147890835,21376,3404682,3404682,240,16,0
147900202,21377,3404907,3404922,240,0,15
147910160,21379,3405147,3405147,240,0,0
147920059,21380,3405383,3405387,240,0,4
147930158,21382,3405626,3405626,240,3,0
147940068,21383,3405866,3405866,240,0,0
147950156,21385,3406106,3406106,240,0,0
147959939,21386,3406341,3406346,240,0,5
147970155,21388,3406586,3406586,240,5,0
147980187,21389,3406826,3406826,240,0,0
147990138,21391,3407066,3407066,240,0,0
148000085,21392,3407306,3407306,240,0,0
148010173,21394,3407546,3407546,240,0,0
148020069,21395,3407786,3407786,240,0,0
148030171,21397,3408026,3408026,240,0,0
148040076,21398,3408266,3408266,240,0,0
148050192,21400,3408506,3408506,240,0,0
148060060,21401,3408743,3408746,240,0,3
148070178,21403,3408986,3408986,240,3,0
148080251,21404,3409226,3409226,240,0,0
148090185,21406,3409466,3409466,240,0,0
148100168,21407,3409706,3409706,240,0,0
148110351,21409,3409950,3409950,240,4,0
148120055,21410,3410183,3410190,240,0,7
148130170,21412,3410426,3410426,240,3,0
148140088,21413,3410666,3410666,240,0,0
148150192,21415,3410906,3410906,240,0,0
148160055,21416,3411143,3411146,240,0,3
148170169,21418,3411386,3411386,240,3,0
148179999,21419,3411622,3411626,240,0,4
148190240,21421,3411868,3411868,240,6,0
148200082,21422,3412104,3412108,240,0,4
148210208,21424,3412347,3412347,240,3,0
148220011,21425,3412582,3412587,240,0,5
148230220,21427,3412827,3412827,240,5,0
148240076,21428,3413064,3413067,240,0,3
148250199,21430,3413307,3413307,240,3,0
148260015,21431,3413542,3413547,240,0,5
148270089,21433,3413782,3413782,240,0,0
148280100,21434,3414022,3414022,240,0,0
148290070,21436,3414262,3414262,240,0,0
148300117,21437,3414505,3414505,240,3,0
148310230,21439,3414748,3414748,240,3,0
148320186,21440,3414988,3414988,240,0,0
148330224,21442,3415228,3415228,240,0,0
148340125,21443,3415465,3415468,240,0,3
148350200,21445,3415705,3415705,240,0,0
148360061,21446,3415945,3415945,240,0,0
148370014,21448,3416182,3416185,240,0,3
148380069,21449,3416422,3416422,240,0,0
148390188,21451,3416667,3416667,240,5,0
148399977,21452,3416901,3416907,240,0,6
148410212,21454,3417147,3417147,240,6,0
148420086,21455,3417384,3417387,240,0,3
148430213,21457,3417627,3417627,240,3,0
148440093,21458,3417864,3417867,240,0,3
148450193,21460,3418107,3418107,240,3,0
148460094,21461,3418344,3418347,240,0,3
148470190,21463,3418587,3418587,240,3,0
148480079,21464,3418824,3418827,240,0,3
148490222,21466,3419067,3419067,240,3,0
148499980,21467,3419302,3419307,240,0,5
148510194,21469,3419547,3419547,240,5,0
148520129,21470,3419787,3419787,240,0,0
148530198,21472,3420027,3420027,240,0,0
148540065,21473,3420264,3420267,240,0,3
148550190,21475,3420507,3420507,240,3,0
148560061,21476,3420743,3420747,240,0,4
148570190,21478,3420987,3420987,240,4,0
148580066,21479,3421224,3421227,240,0,3
148590057,21481,3421464,3421464,240,0,0
148600089,21482,3421704,3421704,240,0,0
148610199,21484,3421947,3421947,240,3,0
148620575,21485,3422196,3422196,240,9,0
148630172,21487,3422426,3422436,240,0,10
148640067,21488,3422666,3422666,240,0,0
148650182,21490,3422906,3422906,240,0,0
148660068,21491,3423146,3423146,240,0,0
148670213,21493,3423386,3423386,240,0,0
148680078,21494,3423626,3423626,240,0,0
148690188,21496,3423866,3423866,240,0,0
148700166,21497,3424106,3424106,240,0,0
148710229,21499,3424346,3424346,240,0,0
148720089,21500,3424586,3424586,240,0,0
148730199,21502,3424826,3424826,240,0,0
148740251,21503,3425066,3425066,240,0,0
148750212,21505,3425306,3425306,240,0,0
148760185,21506,3425546,3425546,240,0,0
148770192,21508,3425786,3425786,240,0,0
148780074,21509,3426026,3426026,240,0,0
148790223,21511,3426266,3426266,240,0,0
148800085,21512,3426506,3426506,240,0,0
148810265,21514,3426746,3426746,240,0,0
148820097,21515,3426986,3426986,240,0,0
148830195,21517,3427226,3427226,240,0,0
148840086,21518,3427466,3427466,240,0,0
148850219,21520,3427706,3427706,240,0,0
148860108,21521,3427946,3427946,240,0,0
148870208,21523,3428186,3428186,240,0,0
148880014,21524,3428422,3428426,240,0,4
148890217,21526,3428667,3428667,240,5,0
148900139,21527,3428907,3428907,240,0,0
148910143,21529,3429147,3429147,240,0,0
148920113,21530,3429387,3429387,240,0,0
148930187,21532,3429627,3429627,240,0,0
148940065,21533,3429864,3429867,240,0,3
148950173,21535,3430104,3430104,240,0,0
148960078,21536,3430344,3430344,240,0,0
148970171,21538,3430584,3430584,240,0,0
148980068,21539,3430824,3430824,240,0,0
148990189,21541,3431067,3431067,240,3,0
149000206,21542,3431307,3431307,240,0,0
149010207,21544,3431547,3431547,240,0,0
149020100,21545,3431784,3431787,240,0,3
149030198,21547,3432027,3432027,240,3,0
149040069,21548,3432264,3432267,240,0,3
149050194,21550,3432507,3432507,240,3,0
149060079,21551,3432744,3432747,240,0,3
149070197,21553,3432987,3432987,240,3,0
149080069,21554,3433224,3433227,240,0,3
149090194,21556,3433467,3433467,240,3,0
149100076,21557,3433704,3433707,240,0,3
149110221,21559,3433947,3433947,240,3,0
149120641,21560,3434197,3434197,240,10,0
149130206,21562,3434427,3434437,240,0,10
149140077,21563,3434664,3434667,240,0,3
149150183,21565,3434904,3434904,240,0,0
149160071,21566,3435144,3435144,240,0,0
149170183,21568,3435384,3435384,240,0,0
149180027,21569,3435624,3435624,240,0,0
149190089,21571,3435864,3435864,240,0,0
149200061,21572,3436104,3436104,240,0,0
149210224,21574,3436347,3436347,240,3,0
149219969,21575,3436581,3436587,240,0,6
149230246,21577,3436828,3436828,240,7,0
149240079,21578,3437064,3437068,240,0,4
149250201,21580,3437307,3437307,240,3,0
149260073,21581,3437544,3437547,240,0,3
149270197,21583,3437787,3437787,240,3,0
149280069,21584,3438024,3438027,240,0,3
149290194,21586,3438267,3438267,240,3,0
149300075,21587,3438504,3438507,240,0,3
149310194,21589,3438747,3438747,240,3,0
149320079,21590,3438984,3438987,240,0,3
149330207,21592,3439227,3439227,240,3,0
149340142,21593,3439467,3439467,240,0,0
149350170,21595,3439707,3439707,240,0,0
149360079,21596,3439944,3439947,240,0,3
149370176,21598,3440184,3440184,240,0,0
149380069,21599,3440424,3440424,240,0,0
149390175,21601,3440664,3440664,240,0,0
149400064,21602,3440904,3440904,240,0,0
149410177,21604,3441144,3441144,240,0,0
149420098,21605,3441384,3441384,240,0,0
149430203,21607,3441627,3441627,240,3,0
149440036,21608,3441863,3441867,240,0,4
149450198,21610,3442107,3442107,240,4,0
149460109,21611,3442347,3442347,240,0,0
149470172,21613,3442587,3442587,240,0,0
149480197,21614,3442827,3442827,240,0,0
149490161,21616,3443067,3443067,240,0,0
149500274,21617,3443307,3443307,240,0,0
149510164,21619,3443547,3443547,240,0,0
149520055,21620,3443783,3443787,240,0,4
149530234,21622,3444028,3444028,240,5,0
149540068,21623,3444264,3444268,240,0,4
149550192,21625,3444507,3444507,240,3,0
149560059,21626,3444743,3444747,240,0,4
149570204,21628,3444987,3444987,240,4,0
149580015,21629,3445222,3445227,240,0,5
149590223,21631,3445467,3445467,240,5,0
149600241,21632,3445707,3445707,240,0,0
149610189,21634,3445947,3445947,240,0,0
149620072,21635,3446184,3446187,240,0,3
149630278,21637,3446429,3446429,240,5,0
149640088,21638,3446664,3446669,240,0,5
149650241,21640,3446908,3446908,240,4,0
149660061,21641,3447143,3447148,240,0,5
149670209,21643,3447387,3447387,240,4,0
149680082,21644,3447624,3447627,240,0,3
149690204,21646,3447867,3447867,240,3,0
149700086,21647,3448104,3448107,240,0,3
149710207,21649,3448347,3448347,240,3,0
149720085,21650,3448584,3448587,240,0,3
149730270,21652,3448828,3448828,240,4,0
149740091,21653,3449064,3449068,240,0,4
149750202,21655,3449307,3449307,240,3,0
149760085,21656,3449544,3449547,240,0,3
149770214,21658,3449787,3449787,240,3,0
149780073,21659,3450024,3450027,240,0,3
149790220,21661,3450267,3450267,240,3,0
149800057,21662,3450503,3450507,240,0,4
149810203,21664,3450747,3450747,240,4,0
149820160,21665,3450987,3450987,240,0,0
149830247,21667,3451227,3451227,240,0,0
149840008,21668,3451462,3451467,240,0,5
149850218,21670,3451707,3451707,240,5,0
149860074,21671,3451944,3451947,240,0,3
149870186,21673,3452184,3452184,240,0,0
149880069,21674,3452424,3452424,240,0,0
149890227,21677,3452667,3452667,240,3,0
149900066,21678,3452904,3452907,240,0,3
149910202,21680,3453147,3453147,240,3,0
149920073,21681,3453384,3453387,240,0,3
149930219,21683,3453627,3453627,240,3,0
149940051,21684,3453863,3453867,240,0,4
149950179,21686,3454106,3454106,240,3,0
149960081,21687,3454346,3454346,240,0,0
149970180,21689,3454586,3454586,240,0,0
149980515,21690,3454834,3454834,240,8,0
149990173,21692,3455066,3455074,240,0,8
150000066,21693,3455306,3455306,240,0,0
150010626,21695,3455557,3455557,240,11,0
150019999,21696,3455782,3455797,240,0,15
150030826,21698,3456042,3456042,240,20,0
150040009,21699,3456262,3456282,240,0,20
150050179,21701,3456506,3456506,240,4,0
150060071,21702,3456746,3456746,240,0,0
150070185,21704,3456986,3456986,240,0,0
150080072,21705,3457226,3457226,240,0,0
150090186,21707,3457466,3457466,240,0,0
150100155,21708,3457706,3457706,240,0,0
150110194,21710,3457946,3457946,240,0,0
150120060,21711,3458183,3458186,240,0,3
150130184,21713,3458426,3458426,240,3,0
150140091,21714,3458666,3458666,240,0,0
150150223,21716,3458906,3458906,240,0,0
150160073,21717,3459146,3459146,240,0,0
150170203,21719,3459386,3459386,240,0,0
150180064,21720,3459626,3459626,240,0,0
150190194,21722,3459866,3459866,240,0,0
150200084,21723,3460106,3460106,240,0,0
150210191,21725,3460346,3460346,240,0,0
150220073,21726,3460586,3460586,240,0,0
150230197,21728,3460826,3460826,240,0,0
150239954,21729,3461061,3461066,240,0,5
150250287,21731,3461309,3461309,240,8,0
150260412,21732,3461552,3461552,240,3,0
150270203,21734,3461787,3461792,240,0,5
150280088,21735,3462024,3462027,240,0,3
150290180,21737,3462264,3462264,240,0,0
150300106,21738,3462504,3462504,240,0,0
150310175,21740,3462744,3462744,240,0,0
150320199,21741,3462987,3462987,240,3,0
150330178,21743,3463227,3463227,240,0,0
150340096,21744,3463464,3463467,240,0,3
150350205,21746,3463707,3463707,240,3,0
150360080,21747,3463944,3463947,240,0,3
150370245,21749,3464188,3464188,240,4,0
150380065,21750,3464424,3464428,240,0,4
150390197,21752,3464667,3464667,240,3,0
150400071,21753,3464904,3464907,240,0,3
150410197,21755,3465147,3465147,240,3,0
150420055,21756,3465383,3465387,240,0,4
150430198,21758,3465627,3465627,240,4,0
150440237,21759,3465867,3465867,240,0,0
150450696,21761,3466119,3466119,240,12,0
150460015,21762,3466342,3466359,240,0,17
150470207,21764,3466587,3466587,240,5,0
150480053,21765,3466823,3466827,240,0,4
150490181,21767,3467066,3467066,240,3,0
150500074,21768,3467306,3467306,240,0,0
150510191,21770,3467546,3467546,240,0,0
150520143,21771,3467786,3467786,240,0,0
150530231,21773,3468026,3468026,240,0,0
150540055,21774,3468263,3468266,240,0,3
150550556,21776,3468515,3468515,240,12,0
150560079,21777,3468744,3468755,240,0,11
150570162,21779,3468984,3468984,240,0,0
150580069,21780,3469224,3469224,240,0,0
150590232,21782,3469468,3469468,240,4,0
150600117,21783,3469705,3469708,240,0,3
150610204,21785,3469945,3469945,240,0,0
150620059,21786,3470185,3470185,240,0,0
150630180,21788,3470425,3470425,240,0,0
150640034,21789,3470665,3470665,240,0,0
150650247,21791,3470908,3470908,240,3,0
150660075,21792,3471144,3471148,240,0,4
150670419,21794,3471392,3471392,240,8,0
150680060,21795,3471623,3471632,240,0,9
150690185,21797,3471866,3471866,240,3,0
150700070,21798,3472106,3472106,240,0,0
150710194,21800,3472346,3472346,240,0,0
150720073,21801,3472586,3472586,240,0,0
150730210,21803,3472826,3472826,240,0,0
150740072,21804,3473066,3473066,240,0,0
150750228,21806,3473306,3473306,240,0,0
150760093,21807,3473546,3473546,240,0,0
150770254,21809,3473786,3473786,240,0,0
150780087,21810,3474026,3474026,240,0,0
150790206,21812,3474266,3474266,240,0,0
150800070,21813,3474506,3474506,240,0,0
150810416,21815,3474752,3474752,240,6,0
150820034,21816,3474983,3474992,240,0,9
150830232,21818,3475228,3475228,240,5,0
150840064,21819,3475464,3475468,240,0,4
150850240,21821,3475708,3475708,240,4,0
150860024,21822,3475943,3475948,240,0,5
150870241,21824,3476188,3476188,240,5,0
150880015,21825,3476422,3476428,240,0,6
150890222,21827,3476667,3476667,240,5,0
150900069,21828,3476904,3476907,240,0,3
150910197,21830,3477147,3477147,240,3,0
150920079,21831,3477384,3477387,240,0,3
150930195,21833,3477627,3477627,240,3,0
150940080,21834,3477864,3477867,240,0,3
150950233,21836,3478108,3478108,240,4,0
150959983,21837,3478342,3478348,240,0,6
150970214,21839,3478587,3478587,240,5,0
150980089,21840,3478824,3478827,240,0,3
150990204,21842,3479067,3479067,240,3,0
151000089,21843,3479304,3479307,240,0,3
151010197,21845,3479547,3479547,240,3,0
151020156,21846,3479787,3479787,240,0,0
151030218,21848,3480027,3480027,240,0,0
151040061,21849,3480263,3480267,240,0,4
151050223,21851,3480507,3480507,240,4,0
151059969,21852,3480741,3480747,240,0,6
151070221,21854,3480987,3480987,240,6,0
151080244,21855,3481227,3481227,240,0,0
151090181,21857,3481467,3481467,240,0,0
151100081,21858,3481704,3481707,240,0,3
151110510,21860,3481954,3481954,240,10,0
151120054,21861,3482183,3482194,240,0,11
151130203,21863,3482427,3482427,240,4,0
151140146,21864,3482667,3482667,240,0,0
151150187,21866,3482907,3482907,240,0,0
151160085,21867,3483144,3483147,240,0,3
151170720,21869,3483399,3483399,240,15,0
151180013,21870,3483622,3483639,240,0,17
151190173,21872,3483866,3483866,240,4,0
151200083,21873,3484106,3484106,240,0,0
151210214,21875,3484346,3484346,240,0,0
151220062,21876,3484583,3484586,240,0,3
151230186,21878,3484826,3484826,240,3,0
151240081,21879,3485066,3485066,240,0,0
151250220,21881,3485306,3485306,240,0,0
151260162,21882,3485546,3485546,240,0,0
151270492,21884,3485794,3485794,240,8,0
151280060,21885,3486023,3486034,240,0,11
151290181,21887,3486266,3486266,240,3,0
151300084,21888,3486506,3486506,240,0,0
151310200,21890,3486746,3486746,240,0,0
151320073,21891,3486986,3486986,240,0,0
151330191,21893,3487226,3487226,240,0,0
151340063,21894,3487466,3487466,240,0,0
151350194,21896,3487706,3487706,240,0,0
151360079,21897,3487946,3487946,240,0,0
151370131,21899,3488186,3488186,240,0,0
151380083,21900,3488426,3488426,240,0,0
151390173,21902,3488666,3488666,240,0,0
151400068,21903,3488906,3488906,240,0,0
151410170,21905,3489146,3489146,240,0,0
151420068,21906,3489386,3489386,240,0,0
151430216,21908,3489626,3489626,240,0,0
151439951,21909,3489861,3489866,240,0,5
151450183,21911,3490106,3490106,240,5,0
151460053,21912,3490343,3490346,240,0,3
151470118,21914,3490583,3490583,240,0,0
151480073,21915,3490823,3490823,240,0,0
151490209,21917,3491067,3491067,240,4,0
151500074,21918,3491304,3491307,240,0,3
151510194,21920,3491547,3491547,240,3,0
151520165,21921,3491787,3491787,240,0,0
151530656,21923,3492038,3492038,240,11,0
151540039,21924,3492263,3492278,240,0,15
151550180,21926,3492506,3492506,240,3,0
151560068,21927,3492746,3492746,240,0,0
151570237,21929,3492986,3492986,240,0,0
151580079,21930,3493226,3493226,240,0,0
151590208,21932,3493466,3493466,240,0,0
151600079,21933,3493706,3493706,240,0,0
151610199,21935,3493946,3493946,240,0,0
151620068,21936,3494186,3494186,240,0,0
151630201,21938,3494426,3494426,240,0,0
151640074,21939,3494666,3494666,240,0,0
151650226,21941,3494906,3494906,240,0,0
151660062,21942,3495143,3495146,240,0,3
151670223,21944,3495387,3495387,240,4,0
151680286,21945,3495627,3495627,240,0,0
151690086,21947,3495864,3495867,240,0,3
151700083,21948,3496104,3496104,240,0,0
151710204,21950,3496347,3496347,240,3,0
151720079,21951,3496584,3496587,240,0,3
151730199,21953,3496827,3496827,240,3,0
151740065,21954,3497064,3497067,240,0,3
151750221,21956,3497307,3497307,240,3,0
151760063,21957,3497544,3497547,240,0,3
151770209,21959,3497787,3497787,240,3,0
151779974,21960,3498021,3498027,240,0,6
151790219,21962,3498267,3498267,240,6,0
151800075,21963,3498504,3498507,240,0,3
151810185,21965,3498744,3498744,240,0,0
151820070,21966,3498984,3498984,240,0,0
151830345,21968,3499230,3499230,240,6,0
151840053,21969,3499463,3499470,240,0,7
151850206,21971,3499707,3499707,240,4,0
151860092,21972,3499944,3499947,240,0,3
151870204,21974,3500187,3500187,240,3,0
151880049,21975,3500423,3500427,240,0,4
151890206,21978,3500667,3500667,240,4,0
151900124,21979,3500907,3500907,240,0,0
151910211,21981,3501147,3501147,240,0,0
151920082,21982,3501384,3501387,240,0,3
151930225,21984,3501627,3501627,240,3,0
151940081,21985,3501864,3501867,240,0,3
151950198,21987,3502107,3502107,240,3,0
151960067,21988,3502344,3502347,240,0,3
151970099,21990,3502584,3502584,240,0,0
151980086,21991,3502824,3502824,240,0,0
151990227,21993,3503067,3503067,240,3,0
152000061,21994,3503303,3503307,240,0,4
152010060,21996,3503543,3503543,240,0,0
152020032,21997,3503783,3503783,240,0,0
152030181,21999,3504026,3504026,240,3,0
152040007,22000,3504262,3504266,240,0,4
152050223,22002,3504507,3504507,240,5,0
152060059,22003,3504743,3504747,240,0,4
152070204,22005,3504987,3504987,240,4,0
152080090,22006,3505224,3505227,240,0,3
152090231,22008,3505468,3505468,240,4,0
152100072,22009,3505704,3505708,240,0,4
152110186,22011,3505944,3505944,240,0,0
152120070,22012,3506184,3506184,240,0,0
152130192,22014,3506427,3506427,240,3,0
152140061,22015,3506663,3506667,240,0,4
152150192,22017,3506907,3506907,240,4,0
152160009,22018,3507142,3507147,240,0,5
152170212,22020,3507387,3507387,240,5,0
152180047,22021,3507623,3507627,240,0,4
152190119,22023,3507863,3507863,240,0,0
152200067,22024,3508103,3508103,240,0,0
152210193,22026,3508347,3508347,240,4,0
152220079,22027,3508584,3508587,240,0,3
152230197,22029,3508827,3508827,240,3,0
152240070,22030,3509064,3509067,240,0,3
152250199,22032,3509307,3509307,240,3,0
152260070,22033,3509544,3509547,240,0,3
152270219,22035,3509787,3509787,240,3,0
152280074,22036,3510024,3510027,240,0,3
152290137,22038,3510264,3510264,240,0,0
152300076,22039,3510504,3510504,240,0,0
152310205,22041,3510747,3510747,240,3,0
152320078,22042,3510984,3510987,240,0,3
152330198,22044,3511227,3511227,240,3,0
152340105,22045,3511467,3511467,240,0,0
152350193,22047,3511707,3511707,240,0,0
152360066,22048,3511944,3511947,240,0,3
152370219,22050,3512187,3512187,240,3,0
152380562,22051,3512435,3512435,240,8,0
152390227,22053,3512667,3512675,240,0,8
152400074,22054,3512904,3512907,240,0,3
152410052,22056,3513144,3513144,240,0,0
152420052,22057,3513384,3513384,240,0,0
152430185,22059,3513624,3513624,240,0,0
152440081,22060,3513864,3513864,240,0,0
152450190,22062,3514107,3514107,240,3,0
152460015,22063,3514342,3514347,240,0,5
152470217,22065,3514587,3514587,240,5,0
152480077,22066,3514824,3514827,240,0,3
152490240,22068,3515068,3515068,240,4,0
152500093,22069,3515304,3515308,240,0,4
152510199,22071,3515547,3515547,240,3,0
152520072,22072,3515784,3515787,240,0,3
152530196,22074,3516027,3516027,240,3,0
152540076,22075,3516264,3516267,240,0,3
152550506,22077,3516514,3516514,240,10,0
152560039,22078,3516743,3516754,240,0,11
152570192,22080,3516987,3516987,240,4,0
152580069,22081,3517224,3517227,240,0,3
152590206,22083,3517467,3517467,240,3,0
152600004,22084,3517702,3517707,240,0,5
152610213,22086,3517947,3517947,240,5,0
152620075,22087,3518184,3518187,240,0,3
152630193,22089,3518427,3518427,240,3,0
152640087,22090,3518664,3518667,240,0,3
152650201,22092,3518907,3518907,240,3,0
152660082,22093,3519144,3519147,240,0,3
152670193,22095,3519387,3519387,240,3,0
152680089,22096,3519624,3519627,240,0,3
152690250,22098,3519868,3519868,240,4,0
152700407,22099,3520112,3520112,240,4,0
152710208,22101,3520347,3520352,240,0,5
152720074,22102,3520584,3520587,240,0,3
152730193,22104,3520827,3520827,240,3,0
152740077,22105,3521064,3521067,240,0,3
152750208,22107,3521307,3521307,240,3,0
152760068,22108,3521544,3521547,240,0,3
152770199,22110,3521787,3521787,240,3,0
152780078,22111,3522024,3522027,240,0,3
152790217,22113,3522267,3522267,240,3,0
152800086,22114,3522504,3522507,240,0,3
152810223,22116,3522747,3522747,240,3,0
152820193,22117,3522987,3522987,240,0,0
152830205,22119,3523227,3523227,240,0,0
152840084,22120,3523464,3523467,240,0,3
152850210,22122,3523707,3523707,240,3,0
152860094,22123,3523944,3523947,240,0,3
152870210,22125,3524187,3524187,240,3,0
152880063,22126,3524424,3524427,240,0,3
152890196,22128,3524667,3524667,240,3,0
152900091,22129,3524904,3524907,240,0,3
152910217,22131,3525147,3525147,240,3,0
152920179,22132,3525387,3525387,240,0,0
152930200,22134,3525627,3525627,240,0,0
152940063,22135,3525864,3525867,240,0,3
152950216,22137,3526107,3526107,240,3,0
152960069,22138,3526344,3526347,240,0,3
152970198,22140,3526587,3526587,240,3,0
152980195,22141,3526827,3526827,240,0,0
152990200,22143,3527067,3527067,240,0,0
153000204,22144,3527307,3527307,240,0,0
153010394,22146,3527551,3527551,240,4,0
153020032,22147,3527783,3527791,240,0,8
153030167,22149,3528026,3528026,240,3,0
153040076,22150,3528266,3528266,240,0,0
153050051,22152,3528503,3528506,240,0,3
153060067,22153,3528743,3528743,240,0,0
153070182,22155,3528986,3528986,240,3,0
153079943,22156,3529221,3529226,240,0,5
153090222,22158,3529467,3529467,240,6,0
153100078,22159,3529704,3529707,240,0,3
153110696,22161,3529959,3529959,240,15,0
153120084,22162,3530184,3530199,240,0,15
153130185,22164,3530424,3530424,240,0,0
153140077,22165,3530664,3530664,240,0,0
153150187,22167,3530904,3530904,240,0,0
153160083,22168,3531144,3531144,240,0,0
153170223,22170,3531387,3531387,240,3,0
153180072,22171,3531624,3531627,240,0,3
153190200,22173,3531867,3531867,240,3,0
153200012,22174,3532102,3532107,240,0,5
153210246,22176,3532348,3532348,240,6,0
153220083,22177,3532584,3532588,240,0,4
153230525,22179,3532835,3532835,240,11,0
153240007,22180,3533062,3533075,240,0,13
153250224,22182,3533307,3533307,240,5,0
153260085,22183,3533544,3533547,240,0,3
153270202,22185,3533787,3533787,240,3,0
153280017,22186,3534022,3534027,240,0,5
153290215,22188,3534267,3534267,240,5,0
153300061,22189,3534503,3534507,240,0,4
153310242,22191,3534748,3534748,240,5,0
153320070,22192,3534984,3534988,240,0,4
153330202,22194,3535227,3535227,240,3,0
153340066,22195,3535464,3535467,240,0,3
153350199,22197,3535707,3535707,240,3,0
153360060,22198,3535943,3535947,240,0,4
153370198,22200,3536187,3536187,240,4,0
153380071,22201,3536424,3536427,240,0,3
153390061,22203,3536664,3536664,240,0,0
153400032,22204,3536904,3536904,240,0,0
153410271,22206,3537149,3537149,240,5,0
153420078,22207,3537384,3537389,240,0,5
153430198,22209,3537627,3537627,240,3,0
153440068,22210,3537864,3537867,240,0,3
153450186,22212,3538104,3538104,240,0,0
153460184,22213,3538344,3538344,240,0,0
153470180,22215,3538584,3538584,240,0,0
153480087,22216,3538824,3538824,240,0,0
153490184,22218,3539064,3539064,240,0,0
153500074,22219,3539304,3539304,240,0,0
153510188,22221,3539547,3539547,240,3,0
153519982,22222,3539782,3539787,240,0,5
153530255,22224,3540028,3540028,240,6,0
153540077,22225,3540264,3540268,240,0,4
153550186,22227,3540504,3540504,240,0,0
153560085,22228,3540744,3540744,240,0,0
153570221,22230,3540987,3540987,240,3,0
153580070,22231,3541224,3541227,240,0,3
153590230,22233,3541468,3541468,240,4,0
153600066,22234,3541704,3541708,240,0,4
153610250,22236,3541948,3541948,240,4,0
153619957,22237,3542181,3542188,240,0,7
153630303,22239,3542429,3542429,240,8,0
153640567,22240,3542676,3542676,240,7,0
153650177,22242,3542906,3542916,240,0,10
153660080,22243,3543146,3543146,240,0,0
153670220,22245,3543386,3543386,240,0,0
153680063,22246,3543626,3543626,240,0,0
153690195,22248,3543866,3543866,240,0,0
153700061,22249,3544103,3544106,240,0,3
153710050,22251,3544343,3544343,240,0,0
153720097,22252,3544583,3544583,240,0,0
153730256,22254,3544828,3544828,240,5,0
153740013,22255,3545062,3545068,240,0,6
153750216,22257,3545307,3545307,240,5,0
153760063,22258,3545544,3545547,240,0,3
153770199,22260,3545787,3545787,240,3,0
153780066,22261,3546024,3546027,240,0,3
153790226,22263,3546267,3546267,240,3,0
153800113,22264,3546507,3546507,240,0,0
153810230,22266,3546747,3546747,240,0,0
153820180,22267,3546987,3546987,240,0,0
153830266,22269,3547227,3547227,240,0,0
153840023,22270,3547463,3547467,240,0,4
153850220,22272,3547707,3547707,240,4,0
153860098,22273,3547944,3547947,240,0,3
153870207,22275,3548187,3548187,240,3,0
153880055,22276,3548423,3548427,240,0,4
153890222,22279,3548667,3548667,240,4,0
153900005,22280,3548902,3548907,240,0,5
153910223,22282,3549147,3549147,240,5,0
153920069,22283,3549384,3549387,240,0,3
153930145,22285,3549624,3549624,240,0,0
153940006,22286,3549864,3549864,240,0,0
153950211,22288,3550107,3550107,240,3,0
153960070,22289,3550344,3550347,240,0,3
153970218,22291,3550587,3550587,240,3,0
153980078,22292,3550824,3550827,240,0,3
153990209,22294,3551067,3551067,240,3,0
153999956,22295,3551301,3551307,240,0,6
154010213,22297,3551547,3551547,240,6,0
154020081,22298,3551784,3551787,240,0,3
154030178,22300,3552024,3552024,240,0,0
154040075,22301,3552264,3552264,240,0,0
154050209,22303,3552507,3552507,240,3,0
154059999,22304,3552742,3552747,240,0,5
154070215,22306,3552987,3552987,240,5,0
154080076,22307,3553224,3553227,240,0,3
154090216,22309,3553467,3553467,240,3,0
154100012,22310,3553702,3553707,240,0,5
154110226,22312,3553947,3553947,240,5,0
154120068,22313,3554184,3554187,240,0,3
154130221,22315,3554427,3554427,240,3,0
154140088,22316,3554664,3554667,240,0,3
154150177,22318,3554904,3554904,240,0,0
154160074,22319,3555144,3555144,240,0,0
154170205,22321,3555387,3555387,240,3,0
154180024,22322,3555623,3555627,240,0,4
154190206,22324,3555867,3555867,240,4,0
154200069,22325,3556104,3556107,240,0,3
154210217,22327,3556347,3556347,240,3,0
154220061,22328,3556583,3556587,240,0,4
154230242,22330,3556828,3556828,240,5,0
154240033,22331,3557063,3557068,240,0,5
154250213,22333,3557307,3557307,240,4,0
154260158,22334,3557547,3557547,240,0,0
154270169,22336,3557787,3557787,240,0,0
154280083,22337,3558024,3558027,240,0,3
154290179,22339,3558264,3558264,240,0,0
154300084,22340,3558504,3558504,240,0,0
154310544,22342,3558755,3558755,240,11,0
154320087,22343,3558984,3558995,240,0,11
154330199,22345,3559227,3559227,240,3,0
154339983,22346,3559462,3559467,240,0,5
154350215,22348,3559707,3559707,240,5,0
154360071,22349,3559944,3559947,240,0,3
154370187,22351,3560184,3560184,240,0,0
154380074,22352,3560424,3560424,240,0,0
154390186,22354,3560664,3560664,240,0,0
154400080,22355,3560904,3560904,240,0,0
154410185,22357,3561144,3561144,240,0,0
154420082,22358,3561384,3561384,240,0,0
154430197,22360,3561627,3561627,240,3,0
154439979,22361,3561862,3561867,240,0,5
154450213,22363,3562107,3562107,240,5,0
154460189,22364,3562347,3562347,240,0,0
154470189,22366,3562587,3562587,240,0,0
154480240,22367,3562827,3562827,240,0,0
154490207,22369,3563067,3563067,240,0,0
154500092,22370,3563304,3563307,240,0,3
154510179,22372,3563544,3563544,240,0,0
154520089,22373,3563784,3563784,240,0,0
154530223,22375,3564027,3564027,240,3,0
154540073,22376,3564264,3564267,240,0,3
154550243,22378,3564508,3564508,240,4,0
154560057,22379,3564743,3564748,240,0,5
154570220,22381,3564987,3564987,240,4,0
154580004,22382,3565222,3565227,240,0,5
154590213,22384,3565467,3565467,240,5,0
154600015,22385,3565702,3565707,240,0,5
154610203,22387,3565947,3565947,240,5,0
154619989,22388,3566182,3566187,240,0,5
154630215,22390,3566427,3566427,240,5,0
154640025,22391,3566663,3566667,240,0,4
154650415,22393,3566912,3566912,240,9,0
154660071,22394,3567144,3567152,240,0,8
154670213,22396,3567387,3567387,240,3,0
154680076,22397,3567624,3567627,240,0,3
154690197,22399,3567867,3567867,240,3,0
154700070,22400,3568104,3568107,240,0,3
154710184,22402,3568344,3568344,240,0,0
154720079,22403,3568584,3568584,240,0,0
154730218,22405,3568827,3568827,240,3,0
154740064,22406,3569064,3569067,240,0,3
154750328,22408,3569310,3569310,240,6,0
154760056,22409,3569543,3569550,240,0,7
154770382,22411,3569791,3569791,240,8,0
154780056,22412,3570023,3570031,240,0,8
154790174,22414,3570266,3570266,240,3,0
154800067,22415,3570506,3570506,240,0,0
154810182,22417,3570746,3570746,240,0,0
154820062,22418,3570983,3570986,240,0,3
154830190,22420,3571227,3571227,240,4,0
154840070,22421,3571464,3571467,240,0,3
154850153,22423,3571704,3571704,240,0,0
154860090,22424,3571944,3571944,240,0,0
154870188,22426,3572187,3572187,240,3,0
154880077,22427,3572424,3572427,240,0,3
154890189,22429,3572667,3572667,240,3,0
154900084,22430,3572904,3572907,240,0,3
154910209,22432,3573147,3573147,240,3,0
154920066,22433,3573384,3573387,240,0,3
154930198,22435,3573627,3573627,240,3,0
154940122,22436,3573867,3573867,240,0,0
154950242,22438,3574107,3574107,240,0,0
154960033,22439,3574343,3574347,240,0,4
154970204,22441,3574587,3574587,240,4,0
154980091,22442,3574824,3574827,240,0,3
154990200,22444,3575067,3575067,240,3,0
155000069,22445,3575304,3575307,240,0,3
155010191,22447,3575547,3575547,240,3,0
155020076,22448,3575784,3575787,240,0,3
155030209,22450,3576027,3576027,240,3,0
155040066,22451,3576264,3576267,240,0,3
155050229,22453,3576508,3576508,240,4,0
155060086,22454,3576744,3576748,240,0,4
155070202,22456,3576987,3576987,240,3,0
155080069,22457,3577224,3577227,240,0,3
155090202,22459,3577467,3577467,240,3,0
155100224,22460,3577707,3577707,240,0,0
155110186,22462,3577947,3577947,240,0,0
155120072,22463,3578184,3578187,240,0,3
155130053,22465,3578424,3578424,240,0,0
155140020,22466,3578664,3578664,240,0,0
155150785,22468,3578921,3578921,240,17,0
155160045,22469,3579143,3579161,240,0,18
155170244,22471,3579388,3579388,240,5,0
155180036,22472,3579623,3579628,240,0,5
155190220,22474,3579867,3579867,240,4,0
155200071,22475,3580104,3580107,240,0,3
155210188,22477,3580347,3580347,240,3,0
155220052,22478,3580583,3580587,240,0,4
155230195,22480,3580827,3580827,240,4,0
155240081,22481,3581064,3581067,240,0,3
155250194,22483,3581307,3581307,240,3,0
155260155,22484,3581547,3581547,240,0,0
155270198,22486,3581787,3581787,240,0,0
155280292,22487,3582027,3582027,240,0,0
155290174,22489,3582267,3582267,240,0,0
155300069,22490,3582504,3582507,240,0,3
155310222,22492,3582747,3582747,240,3,0
155320059,22493,3582983,3582987,240,0,4
155330224,22495,3583227,3583227,240,4,0
155340064,22496,3583464,3583467,240,0,3
155350242,22498,3583708,3583708,240,4,0
155359962,22499,3583941,3583948,240,0,7
155370251,22501,3584188,3584188,240,7,0
155379998,22502,3584422,3584428,240,0,6
155390205,22504,3584667,3584667,240,5,0
155400012,22505,3584902,3584907,240,0,5
155410225,22507,3585147,3585147,240,5,0
155420082,22508,3585384,3585387,240,0,3
155430228,22510,3585627,3585627,240,3,0
155440094,22511,3585864,3585867,240,0,3
155450223,22513,3586107,3586107,240,3,0
155460100,22514,3586344,3586347,240,0,3
155470265,22516,3586588,3586588,240,4,0
155480062,22517,3586823,3586828,240,0,5
155490221,22519,3587067,3587067,240,4,0
155500067,22520,3587304,3587307,240,0,3
155510148,22522,3587544,3587544,240,0,0
155520097,22523,3587784,3587784,240,0,0
155530249,22525,3588028,3588028,240,4,0
155540050,22526,3588263,3588268,240,0,5
155550226,22528,3588507,3588507,240,4,0
155560237,22529,3588747,3588747,240,0,0
155570242,22531,3588987,3588987,240,0,0
155580115,22532,3589227,3589227,240,0,0
155590184,22534,3589467,3589467,240,0,0
155600079,22535,3589704,3589707,240,0,3
155610229,22537,3589948,3589948,240,4,0
155620016,22538,3590182,3590188,240,0,6
155630178,22540,3590426,3590426,240,4,0
155639947,22541,3590661,3590666,240,0,5
155650195,22543,3590907,3590907,240,6,0
155660125,22544,3591147,3591147,240,0,0
155670721,22546,3591399,3591399,240,12,0
155680183,22547,3591626,3591639,240,0,13
155690171,22549,3591866,3591866,240,0,0
155700083,22550,3592106,3592106,240,0,0
155710156,22552,3592346,3592346,240,0,0
155720074,22553,3592586,3592586,240,0,0
155730154,22555,3592826,3592826,240,0,0
155740078,22556,3593066,3593066,240,0,0
155750150,22558,3593306,3593306,240,0,0
155760130,22559,3593546,3593546,240,0,0
155770220,22561,3593786,3593786,240,0,0
155780084,22562,3594026,3594026,240,0,0
155790565,22564,3594276,3594276,240,10,0
155800067,22565,3594504,3594516,240,0,12
155810175,22567,3594744,3594744,240,0,0
155820063,22568,3594984,3594984,240,0,0
155830179,22570,3595224,3595224,240,0,0
155840072,22571,3595464,3595464,240,0,0
155850207,22573,3595707,3595707,240,3,0
155860075,22574,3595944,3595947,240,0,3
155870251,22576,3596188,3596188,240,4,0
155880089,22577,3596424,3596428,240,0,4
155890195,22580,3596667,3596667,240,3,0
155900058,22581,3596903,3596907,240,0,4
155910185,22583,3597146,3597146,240,3,0
155920113,22584,3597386,3597386,240,0,0
155930190,22586,3597626,3597626,240,0,0
155940064,22587,3597866,3597866,240,0,0
155950186,22589,3598106,3598106,240,0,0
155960085,22590,3598346,3598346,240,0,0
155970332,22592,3598590,3598590,240,4,0
155980113,22593,3598825,3598830,240,0,5
155990193,22595,3599065,3599065,240,0,0
156000109,22596,3599305,3599305,240,0,0
156010203,22598,3599545,3599545,240,0,0
156020100,22599,3599785,3599785,240,0,0
156030189,22601,3600025,3600025,240,0,0
156040082,22602,3600265,3600265,240,0,0
156050206,22604,3600505,3600505,240,0,0
156060081,22605,3600745,3600745,240,0,0
156070189,22607,3600985,3600985,240,0,0
156080344,22608,3601230,3601230,240,5,0
156090191,22610,3601467,3601470,240,0,3
156100083,22611,3601704,3601707,240,0,3
156110171,22613,3601944,3601944,240,0,0
156120086,22614,3602184,3602184,240,0,0
156130184,22616,3602424,3602424,240,0,0
156140062,22617,3602664,3602664,240,0,0
156150178,22619,3602904,3602904,240,0,0
156160149,22620,3603144,3603144,240,0,0
156170174,22622,3603384,3603384,240,0,0
156179966,22623,3603621,3603624,240,0,3
156190204,22625,3603867,3603867,240,6,0
156200260,22626,3604107,3604107,240,0,0
156210179,22628,3604347,3604347,240,0,0
156220106,22629,3604587,3604587,240,0,0
156230175,22631,3604827,3604827,240,0,0
156240076,22632,3605064,3605067,240,0,3
156250173,22634,3605304,3605304,240,0,0
156260090,22635,3605544,3605544,240,0,0
156270060,22637,3605784,3605784,240,0,0
156280089,22638,3606024,3606024,240,0,0
156290182,22640,3606264,3606264,240,0,0
156300061,22641,3606504,3606504,240,0,0
156310168,22643,3606744,3606744,240,0,0
156320065,22644,3606984,3606984,240,0,0
156330193,22646,3607227,3607227,240,3,0
156340067,22647,3607464,3607467,240,0,3
156350178,22649,3607704,3607704,240,0,0
156360103,22650,3607944,3607944,240,0,0
156370176,22652,3608184,3608184,240,0,0
156380148,22653,3608424,3608424,240,0,0
156390571,22655,3608676,3608676,240,12,0
156400079,22656,3608904,3608916,240,0,12
156410172,22658,3609144,3609144,240,0,0
156420277,22659,3609389,3609389,240,5,0
156430212,22661,3609629,3609629,240,0,0
156440073,22662,3609864,3609869,240,0,5
156450202,22664,3610107,3610107,240,3,0
156459942,22665,3610341,3610347,240,0,6
156470164,22667,3610586,3610586,240,5,0
156480081,22668,3610826,3610826,240,0,0
156490110,22670,3611066,3611066,240,0,0
156500122,22671,3611306,3611306,240,0,0
156510203,22673,3611546,3611546,240,0,0
156520062,22674,3611783,3611786,240,0,3
156530250,22676,3612028,3612028,240,5,0
156540051,22677,3612263,3612268,240,0,5
156550199,22679,3612507,3612507,240,4,0
156559956,22680,3612741,3612747,240,0,6
156570280,22682,3612989,3612989,240,8,0
156580133,22683,3613225,3613229,240,0,4
156590099,22685,3613465,3613465,240,0,0
156600155,22686,3613705,3613705,240,0,0
156610212,22688,3613945,3613945,240,0,0
156620161,22689,3614185,3614185,240,0,0
156630201,22691,3614425,3614425,240,0,0
156640166,22692,3614665,3614665,240,0,0
156650567,22694,3614916,3614916,240,11,0
156660037,22695,3615143,3615156,240,0,13
156670168,22697,3615386,3615386,240,3,0
156680165,22698,3615626,3615626,240,0,0
156690242,22700,3615866,3615866,240,0,0
156700008,22701,3616102,3616106,240,0,4
156710231,22703,3616348,3616348,240,6,0
156720049,22704,3616583,3616588,240,0,5
156730196,22706,3616827,3616827,240,4,0
156740103,22707,3617064,3617067,240,0,3
156750222,22709,3617307,3617307,240,3,0
156760049,22710,3617543,3617547,240,0,4
156770208,22712,3617787,3617787,240,4,0
156780070,22713,3618024,3618027,240,0,3
156790238,22715,3618268,3618268,240,4,0
156800034,22716,3618503,3618508,240,0,5
156810242,22718,3618748,3618748,240,5,0
156820179,22719,3618988,3618988,240,0,0
156830177,22721,3619228,3619228,240,0,0
156840195,22722,3619468,3619468,240,0,0
156850210,22724,3619708,3619708,240,0,0
156860064,22725,3619944,3619948,240,0,4
156870203,22727,3620187,3620187,240,3,0
156880069,22728,3620424,3620427,240,0,3
156890192,22730,3620667,3620667,240,3,0
156899975,22731,3620901,3620907,240,0,6
156910216,22733,3621147,3621147,240,6,0
156920265,22734,3621387,3621387,240,0,0
156930237,22736,3621627,3621627,240,0,0
156940119,22737,3621867,3621867,240,0,0
156950274,22739,3622107,3622107,240,0,0
156960051,22740,3622343,3622347,240,0,4
156970171,22742,3622586,3622586,240,3,0
156980079,22743,3622826,3622826,240,0,0
156990190,22745,3623066,3623066,240,0,0
156999963,22746,3623301,3623306,240,0,5
157010273,22748,3623549,3623549,240,8,0
157020152,22749,3623786,3623789,240,0,3
157030187,22751,3624026,3624026,240,0,0
157040063,22752,3624266,3624266,240,0,0
157050208,22754,3624506,3624506,240,0,0
157060071,22755,3624746,3624746,240,0,0
157070206,22757,3624986,3624986,240,0,0
157080078,22758,3625226,3625226,240,0,0
157090223,22760,3625466,3625466,240,0,0
157100086,22761,3625706,3625706,240,0,0
157110201,22763,3625946,3625946,240,0,0
157120013,22764,3626182,3626186,240,0,4
157130208,22766,3626427,3626427,240,5,0
157140081,22767,3626664,3626667,240,0,3
157150220,22769,3626907,3626907,240,3,0
157160076,22770,3627144,3627147,240,0,3
157170238,22772,3627388,3627388,240,4,0
157180066,22773,3627624,3627628,240,0,4
157190190,22775,3627867,3627867,240,3,0
157200020,22776,3628102,3628107,240,0,5
157210255,22778,3628348,3628348,240,6,0
157220006,22779,3628582,3628588,240,0,6
157230210,22781,3628827,3628827,240,5,0
157240079,22782,3629064,3629067,240,0,3
157250210,22784,3629307,3629307,240,3,0
157260081,22785,3629544,3629547,240,0,3
157270217,22787,3629787,3629787,240,3,0
157279974,22788,3630021,3630027,240,0,6
157290215,22790,3630267,3630267,240,6,0
157300076,22791,3630504,3630507,240,0,3
157310622,22793,3630757,3630757,240,13,0
157320031,22794,3630983,3630997,240,0,14
157330193,22796,3631227,3631227,240,4,0
157340056,22797,3631463,3631467,240,0,4
157350199,22799,3631707,3631707,240,4,0
157360060,22800,3631943,3631947,240,0,4
157370215,22802,3632187,3632187,240,4,0
157380065,22803,3632424,3632427,240,0,3
157390204,22805,3632667,3632667,240,3,0
157400197,22806,3632907,3632907,240,0,0
157410148,22808,3633147,3633147,240,0,0
157420070,22809,3633384,3633387,240,0,3
157430188,22811,3633627,3633627,240,3,0
157440004,22812,3633862,3633867,240,0,5
157450207,22814,3634107,3634107,240,5,0
157460239,22815,3634347,3634347,240,0,0
157470192,22817,3634587,3634587,240,0,0
157480126,22818,3634827,3634827,240,0,0
157490209,22820,3635067,3635067,240,0,0
157500056,22821,3635303,3635307,240,0,4
157510199,22823,3635547,3635547,240,4,0
157520705,22824,3635799,3635799,240,12,0
157530286,22826,3636029,3636039,240,0,10
157540091,22827,3636264,3636269,240,0,5
157550212,22829,3636507,3636507,240,3,0
157560158,22830,3636747,3636747,240,0,0
157570182,22832,3636987,3636987,240,0,0
157579972,22833,3637221,3637227,240,0,6
157590200,22835,3637467,3637467,240,6,0
157600083,22836,3637704,3637707,240,0,3
157610237,22838,3637948,3637948,240,4,0
157620069,22839,3638184,3638188,240,0,4
157630174,22841,3638424,3638424,240,0,0
157640075,22842,3638664,3638664,240,0,0
157650179,22844,3638904,3638904,240,0,0
157660077,22845,3639144,3639144,240,0,0
157670341,22847,3639390,3639390,240,6,0
157680060,22848,3639623,3639630,240,0,7
157690200,22850,3639867,3639867,240,4,0
157700077,22851,3640104,3640107,240,0,3
157710200,22853,3640347,3640347,240,3,0
157720081,22854,3640584,3640587,240,0,3
157730205,22856,3640827,3640827,240,3,0
157740181,22857,3641067,3641067,240,0,0
157750247,22859,3641307,3641307,240,0,0
157760068,22860,3641544,3641547,240,0,3
157770199,22862,3641787,3641787,240,3,0
157780048,22863,3642023,3642027,240,0,4
157790210,22865,3642267,3642267,240,4,0
157800262,22866,3642507,3642507,240,0,0
157810183,22868,3642747,3642747,240,0,0
157820101,22869,3642984,3642987,240,0,3
157830234,22871,3643228,3643228,240,4,0
157840170,22872,3643468,3643468,240,0,0
157850211,22874,3643708,3643708,240,0,0
157860095,22875,3643944,3643948,240,0,4
157870184,22877,3644184,3644184,240,0,0
157880057,22878,3644424,3644424,240,0,0
157890180,22881,3644664,3644664,240,0,0
157900153,22882,3644904,3644904,240,0,0
157910180,22884,3645144,3645144,240,0,0
157919976,22885,3645381,3645384,240,0,3
157930235,22887,3645628,3645628,240,7,0
157940062,22888,3645863,3645868,240,0,5
157950205,22890,3646107,3646107,240,4,0
157960010,22891,3646342,3646347,240,0,5
157970393,22893,3646591,3646591,240,9,0
157980064,22894,3646824,3646831,240,0,7
157990212,22896,3647067,3647067,240,3,0
158000158,22897,3647307,3647307,240,0,0
158010212,22899,3647547,3647547,240,0,0
158020084,22900,3647784,3647787,240,0,3
158030222,22902,3648027,3648027,240,3,0
158040097,22903,3648264,3648267,240,0,3
158050214,22905,3648507,3648507,240,3,0
158060063,22906,3648744,3648747,240,0,3
158070226,22908,3648987,3648987,240,3,0
158080074,22909,3649224,3649227,240,0,3
158090197,22911,3649467,3649467,240,3,0
158100073,22912,3649704,3649707,240,0,3
158110189,22914,3649947,3649947,240,3,0
158120349,22915,3650190,3650190,240,3,0
158131070,22917,3650448,3650448,240,18,0
158140114,22918,3650665,3650688,240,0,23
158150114,22920,3650905,3650905,240,0,0
158160217,22921,3651145,3651145,240,0,0
158170207,22923,3651385,3651385,240,0,0
158180073,22924,3651625,3651625,240,0,0
158190185,22926,3651865,3651865,240,0,0
158200094,22927,3652105,3652105,240,0,0
158210160,22929,3652345,3652345,240,0,0
158220070,22930,3652585,3652585,240,0,0
158230549,22932,3652835,3652835,240,10,0
158240055,22933,3653063,3653075,240,0,12
158250197,22935,3653307,3653307,240,4,0
158260067,22936,3653544,3653547,240,0,3
158270177,22938,3653784,3653784,240,0,0
158280060,22939,3654024,3654024,240,0,0
158290179,22941,3654264,3654264,240,0,0
158300064,22942,3654504,3654504,240,0,0
158310182,22944,3654744,3654744,240,0,0
158320050,22945,3654984,3654984,240,0,0
158330263,22947,3655228,3655228,240,4,0
158340074,22948,3655464,3655468,240,0,4
158350513,22950,3655714,3655714,240,10,0
158359988,22951,3655942,3655954,240,0,12
158370200,22953,3656187,3656187,240,5,0
158380052,22954,3656423,3656427,240,0,4
158390505,22956,3656674,3656674,240,11,0
158400014,22957,3656902,3656914,240,0,12
158410198,22959,3657147,3657147,240,5,0
158420063,22960,3657384,3657387,240,0,3
158430251,22962,3657628,3657628,240,4,0
158440082,22963,3657864,3657868,240,0,4
158450238,22965,3658108,3658108,240,4,0
158460095,22966,3658344,3658348,240,0,4
158470227,22968,3658587,3658587,240,3,0
158480074,22969,3658824,3658827,240,0,3
158490226,22971,3659067,3659067,240,3,0
158500060,22972,3659303,3659307,240,0,4
158510228,22974,3659547,3659547,240,4,0
158520062,22975,3659783,3659787,240,0,4
158530353,22977,3660030,3660030,240,7,0
158540141,22978,3660265,3660270,240,0,5
158550224,22980,3660505,3660505,240,0,0
158560075,22981,3660745,3660745,240,0,0
158570205,22983,3660985,3660985,240,0,0
158580156,22984,3661225,3661225,240,0,0
158590192,22986,3661465,3661465,240,0,0
158600062,22987,3661705,3661705,240,0,0
158610208,22989,3661945,3661945,240,0,0
158620079,22990,3662185,3662185,240,0,0
158630216,22992,3662425,3662425,240,0,0
158639999,22993,3662662,3662665,240,0,3
158650204,22995,3662907,3662907,240,5,0
158660090,22996,3663144,3663147,240,0,3
158670191,22998,3663387,3663387,240,3,0
158680014,22999,3663622,3663627,240,0,5
158690333,23001,3663870,3663870,240,8,0
158700073,23002,3664104,3664110,240,0,6
158710214,23004,3664347,3664347,240,3,0
158720083,23005,3664584,3664587,240,0,3
158730210,23007,3664827,3664827,240,3,0
158739988,23008,3665062,3665067,240,0,5
158750208,23010,3665307,3665307,240,5,0
158760365,23011,3665551,3665551,240,4,0
158770209,23013,3665787,3665791,240,0,4
158780088,23014,3666024,3666027,240,0,3
158790175,23016,3666264,3666264,240,0,0
158800072,23017,3666504,3666504,240,0,0
158810177,23019,3666744,3666744,240,0,0
158820053,23020,3666984,3666984,240,0,0
158830174,23022,3667224,3667224,240,0,0
158840117,23023,3667464,3667464,240,0,0
158850252,23025,3667708,3667708,240,4,0
158860066,23026,3667944,3667948,240,0,4
158870197,23028,3668187,3668187,240,3,0
158880067,23029,3668424,3668427,240,0,3
158890205,23031,3668667,3668667,240,3,0
158900067,23032,3668904,3668907,240,0,3
158910194,23034,3669147,3669147,240,3,0
158920016,23035,3669382,3669387,240,0,5
158930215,23037,3669627,3669627,240,5,0
158940167,23038,3669867,3669867,240,0,0
158950117,23040,3670107,3670107,240,0,0
158960044,23041,3670343,3670347,240,0,4
158970185,23043,3670586,3670586,240,3,0
158980074,23044,3670826,3670826,240,0,0
158990230,23046,3671066,3671066,240,0,0
159000074,23047,3671306,3671306,240,0,0
159010198,23049,3671546,3671546,240,0,0
159020021,23050,3671783,3671786,240,0,3
159030213,23052,3672027,3672027,240,4,0
159040043,23053,3672263,3672267,240,0,4
159050129,23055,3672503,3672503,240,0,0
159060296,23056,3672749,3672749,240,6,0
159070190,23058,3672989,3672989,240,0,0
159080084,23059,3673224,3673229,240,0,5
159090191,23061,3673467,3673467,240,3,0
159100078,23062,3673704,3673707,240,0,3
159110228,23064,3673947,3673947,240,3,0
159120071,23065,3674184,3674187,240,0,3
159130192,23067,3674427,3674427,240,3,0
159140064,23068,3674664,3674667,240,0,3
159150169,23070,3674904,3674904,240,0,0
159160130,23071,3675144,3675144,240,0,0
159170252,23073,3675388,3675388,240,4,0
159180069,23074,3675624,3675628,240,0,4
159190200,23076,3675867,3675867,240,3,0
159200079,23077,3676104,3676107,240,0,3
159210184,23079,3676344,3676344,240,0,0
159220075,23080,3676584,3676584,240,0,0
159230183,23082,3676824,3676824,240,0,0
159240333,23083,3677070,3677070,240,6,0
159250243,23085,3677310,3677310,240,0,0
159260086,23086,3677544,3677550,240,0,6
159270189,23088,3677787,3677787,240,3,0
159280015,23089,3678022,3678027,240,0,5
159290211,23091,3678267,3678267,240,5,0
159300072,23092,3678504,3678507,240,0,3
159310225,23094,3678747,3678747,240,3,0
159320070,23095,3678984,3678987,240,0,3
159330365,23097,3679231,3679231,240,7,0
159340026,23098,3679463,3679471,240,0,8
159350218,23100,3679707,3679707,240,4,0
159360158,23101,3679947,3679947,240,0,0
159370175,23103,3680187,3680187,240,0,0
159380074,23104,3680424,3680427,240,0,3
159390184,23106,3680664,3680664,240,0,0
159400078,23107,3680904,3680904,240,0,0
159410225,23109,3681147,3681147,240,3,0
159420019,23110,3681382,3681387,240,0,5
159430216,23112,3681627,3681627,240,5,0
159440141,23113,3681867,3681867,240,0,0
159450223,23115,3682107,3682107,240,0,0
159460232,23116,3682347,3682347,240,0,0
159470223,23118,3682587,3682587,240,0,0
159480223,23119,3682827,3682827,240,0,0
159490182,23121,3683067,3683067,240,0,0
159500062,23122,3683303,3683307,240,0,4
159510222,23124,3683547,3683547,240,4,0
159520069,23125,3683784,3683787,240,0,3
159530241,23127,3684028,3684028,240,4,0
159540069,23128,3684264,3684268,240,0,4
159550239,23130,3684508,3684508,240,4,0
159559985,23131,3684742,3684748,240,0,6
159570235,23133,3684988,3684988,240,6,0
159580265,23134,3685228,3685228,240,0,0
159590214,23136,3685468,3685468,240,0,0
159600086,23137,3685704,3685708,240,0,4
159610204,23139,3685947,3685947,240,3,0
159620089,23140,3686184,3686187,240,0,3
159630199,23142,3686427,3686427,240,3,0
159640095,23143,3686664,3686667,240,0,3
159650066,23145,3686904,3686904,240,0,0
159660058,23146,3687144,3687144,240,0,0
159670222,23148,3687387,3687387,240,3,0
159680073,23149,3687624,3687627,240,0,3
159690208,23151,3687867,3687867,240,3,0
159700068,23152,3688104,3688107,240,0,3
159710213,23154,3688347,3688347,240,3,0
159720057,23155,3688583,3688587,240,0,4
159730177,23157,3688826,3688826,240,3,0
159740064,23158,3689066,3689066,240,0,0
159750181,23160,3689306,3689306,240,0,0
159760092,23161,3689546,3689546,240,0,0
159770215,23163,3689786,3689786,240,0,0
159780088,23164,3690026,3690026,240,0,0
159790219,23166,3690266,3690266,240,0,0
159800076,23167,3690506,3690506,240,0,0
159810206,23169,3690746,3690746,240,0,0
159820068,23170,3690986,3690986,240,0,0
159830206,23172,3691226,3691226,240,0,0
159840045,23173,3691463,3691466,240,0,3
159850216,23175,3691707,3691707,240,4,0
159860085,23176,3691944,3691947,240,0,3
159870272,23178,3692189,3692189,240,5,0
159880040,23179,3692423,3692429,240,0,6
159890238,23182,3692668,3692668,240,5,0
159900037,23183,3692903,3692908,240,0,5
159910211,23185,3693147,3693147,240,4,0
159920072,23186,3693384,3693387,240,0,3
159930180,23188,3693624,3693624,240,0,0
159940079,23189,3693864,3693864,240,0,0
159950219,23191,3694107,3694107,240,3,0
159960111,23192,3694347,3694347,240,0,0
159970093,23194,3694584,3694587,240,0,3
159980024,23195,3694824,3694824,240,0,0
159990231,23197,3695068,3695068,240,4,0
160000053,23198,3695303,3695308,240,0,5
160010226,23200,3695547,3695547,240,4,0
160020070,23201,3695784,3695787,240,0,3
160030209,23203,3696027,3696027,240,3,0
160040070,23204,3696264,3696267,240,0,3
160050211,23206,3696507,3696507,240,3,0
160060015,23207,3696742,3696747,240,0,5
160070252,23209,3696988,3696988,240,6,0
160080223,23210,3697228,3697228,240,0,0
160090217,23212,3697468,3697468,240,0,0
160100071,23213,3697704,3697708,240,0,4
160110204,23215,3697947,3697947,240,3,0
160120094,23216,3698184,3698187,240,0,3
160130201,23218,3698427,3698427,240,3,0
160140083,23219,3698664,3698667,240,0,3
160150265,23221,3698908,3698908,240,4,0
160160074,23222,3699144,3699148,240,0,4
160170228,23224,3699387,3699387,240,3,0
160180104,23225,3699627,3699627,240,0,0
160190183,23227,3699867,3699867,240,0,0
160200053,23228,3700103,3700107,240,0,4
160210188,23230,3700347,3700347,240,4,0
160220055,23231,3700583,3700587,240,0,4
160230192,23233,3700827,3700827,240,4,0
160240068,23234,3701064,3701067,240,0,3
160250232,23236,3701308,3701308,240,4,0
160260074,23237,3701544,3701548,240,0,4
160270199,23239,3701787,3701787,240,3,0
160280049,23240,3702023,3702027,240,0,4
160290200,23242,3702267,3702267,240,4,0
160300074,23243,3702504,3702507,240,0,3
160310190,23245,3702747,3702747,240,3,0
160320572,23246,3702996,3702996,240,9,0
160330184,23248,3703226,3703236,240,0,10
160340157,23249,3703466,3703466,240,0,0
160350164,23251,3703706,3703706,240,0,0
160360054,23252,3703943,3703946,240,0,3
160370170,23254,3704186,3704186,240,3,0
160380096,23255,3704426,3704426,240,0,0
160390319,23257,3704670,3704670,240,4,0
160400575,23258,3704916,3704916,240,6,0
160410181,23260,3705146,3705156,240,0,10
160420050,23261,3705383,3705386,240,0,3
160430185,23263,3705626,3705626,240,3,0
160440061,23264,3705863,3705866,240,0,3
160450193,23266,3706107,3706107,240,4,0
160460205,23267,3706347,3706347,240,0,0
160470064,23269,3706584,3706587,240,0,3
160480047,23270,3706824,3706824,240,0,0
160490245,23272,3707068,3707068,240,4,0
160500005,23273,3707302,3707308,240,0,6
160510190,23275,3707547,3707547,240,5,0
160520095,23276,3707784,3707787,240,0,3
160530180,23278,3708024,3708024,240,0,0
160540009,23279,3708264,3708264,240,0,0
160550242,23281,3708508,3708508,240,4,0
160560168,23282,3708748,3708748,240,0,0
160570189,23284,3708988,3708988,240,0,0
160580091,23285,3709224,3709228,240,0,4
160590224,23287,3709467,3709467,240,3,0
160600055,23288,3709703,3709707,240,0,4
160610207,23290,3709947,3709947,240,4,0
160620167,23291,3710187,3710187,240,0,0
160630199,23293,3710427,3710427,240,0,0
160640068,23294,3710664,3710667,240,0,3
160650213,23296,3710907,3710907,240,3,0
160660068,23297,3711144,3711147,240,0,3
160670201,23299,3711387,3711387,240,3,0
160680068,23300,3711624,3711627,240,0,3
160690241,23302,3711868,3711868,240,4,0
160700081,23303,3712104,3712108,240,0,4
160710192,23305,3712347,3712347,240,3,0
160720074,23306,3712584,3712587,240,0,3
160730249,23308,3712828,3712828,240,4,0
160740181,23309,3713068,3713068,240,0,0
160750205,23311,3713308,3713308,240,0,0
160760038,23312,3713543,3713548,240,0,5
160770158,23314,3713786,3713786,240,3,0
160780063,23315,3714026,3714026,240,0,0
160790732,23317,3714280,3714280,240,14,0
160800292,23318,3714509,3714520,240,0,11
160810163,23320,3714746,3714749,240,0,3
160820080,23321,3714986,3714986,240,0,0
160830160,23323,3715226,3715226,240,0,0
160840073,23324,3715466,3715466,240,0,0
160850200,23326,3715706,3715706,240,0,0
160860072,23327,3715946,3715946,240,0,0
160870180,23329,3716186,3716186,240,0,0
160880064,23330,3716426,3716426,240,0,0
160890223,23332,3716666,3716666,240,0,0
160900085,23333,3716906,3716906,240,0,0
160910658,23335,3717158,3717158,240,12,0
160920029,23336,3717383,3717398,240,0,15
160930173,23338,3717626,3717626,240,3,0
160940064,23339,3717866,3717866,240,0,0
160950224,23341,3718106,3718106,240,0,0
160960075,23342,3718346,3718346,240,0,0
160970270,23344,3718586,3718586,240,0,0
160980052,23345,3718823,3718826,240,0,3
160990239,23347,3719068,3719068,240,5,0
161000067,23348,3719304,3719308,240,0,4
161010197,23350,3719547,3719547,240,3,0
161020064,23351,3719784,3719787,240,0,3
161030216,23353,3720027,3720027,240,3,0
161040057,23354,3720263,3720267,240,0,4
161050195,23356,3720507,3720507,240,4,0
161060075,23357,3720744,3720747,240,0,3
161070193,23359,3720987,3720987,240,3,0
161080053,23360,3721223,3721227,240,0,4
161090348,23362,3721470,3721470,240,7,0
161100127,23363,3721705,3721710,240,0,5
161110198,23365,3721945,3721945,240,0,0
161120068,23366,3722185,3722185,240,0,0
161130186,23368,3722425,3722425,240,0,0
161140105,23369,3722665,3722665,240,0,0
161150216,23371,3722905,3722905,240,0,0
161160067,23372,3723145,3723145,240,0,0
161170194,23374,3723385,3723385,240,0,0
161180067,23375,3723625,3723625,240,0,0
161190228,23377,3723865,3723865,240,0,0
161200525,23378,3724115,3724115,240,10,0
161210186,23380,3724346,3724355,240,0,9
161220033,23381,3724583,3724586,240,0,3
161230194,23383,3724827,3724827,240,4,0
161240005,23384,3725062,3725067,240,0,5
161250192,23386,3725307,3725307,240,5,0
161260020,23387,3725542,3725547,240,0,5
161270206,23389,3725787,3725787,240,5,0
161280076,23390,3726024,3726027,240,0,3
161290217,23392,3726267,3726267,240,3,0
161299972,23393,3726501,3726507,240,0,6
161310203,23395,3726747,3726747,240,6,0
161320685,23396,3726998,3726998,240,11,0
161330225,23398,3727227,3727238,240,0,11
161340074,23399,3727464,3727467,240,0,3
161350220,23401,3727707,3727707,240,3,0
161360064,23402,3727944,3727947,240,0,3
161370198,23404,3728187,3728187,240,3,0
161380080,23405,3728424,3728427,240,0,3
161390185,23407,3728664,3728664,240,0,0
161400099,23408,3728904,3728904,240,0,0
161410204,23410,3729147,3729147,240,3,0
161420090,23411,3729384,3729387,240,0,3
161430187,23413,3729624,3729624,240,0,0
161440086,23414,3729864,3729864,240,0,0
161450190,23416,3730107,3730107,240,3,0
161460050,23417,3730343,3730347,240,0,4
161470172,23419,3730586,3730586,240,3,0
161480074,23420,3730826,3730826,240,0,0
161490192,23422,3731066,3731066,240,0,0
161500102,23423,3731306,3731306,240,0,0
161510703,23425,3731559,3731559,240,13,0
161520134,23426,3731785,3731799,240,0,14
161530172,23428,3732025,3732025,240,0,0
161540074,23429,3732265,3732265,240,0,0
161550500,23431,3732514,3732514,240,9,0
161560051,23432,3732743,3732754,240,0,11
161570151,23434,3732986,3732986,240,3,0
161580041,23435,3733223,3733226,240,0,3
161590191,23437,3733467,3733467,240,4,0
161600035,23438,3733703,3733707,240,0,4
161610368,23440,3733951,3733951,240,8,0
161620043,23441,3734183,3734191,240,0,8
161630170,23443,3734426,3734426,240,3,0
161640159,23444,3734666,3734666,240,0,0
161650173,23446,3734906,3734906,240,0,0
161660039,23447,3735143,3735146,240,0,3
161670181,23449,3735386,3735386,240,3,0
161680064,23450,3735626,3735626,240,0,0
161690174,23452,3735866,3735866,240,0,0
161700036,23453,3736103,3736106,240,0,3
161710131,23455,3736343,3736343,240,0,0
161720079,23456,3736583,3736583,240,0,0
161730296,23458,3736829,3736829,240,6,0
161740045,23459,3737063,3737069,240,0,6
161750179,23461,3737306,3737306,240,3,0
161760053,23462,3737543,3737546,240,0,3
161770180,23464,3737786,3737786,240,3,0
161780072,23465,3738026,3738026,240,0,0
161790191,23467,3738266,3738266,240,0,0
161800045,23468,3738503,3738506,240,0,3
161810242,23470,3738748,3738748,240,5,0
161820051,23471,3738983,3738988,240,0,5
161830209,23473,3739227,3739227,240,4,0
161840072,23474,3739464,3739467,240,0,3
161850231,23476,3739708,3739708,240,4,0
161860083,23477,3739944,3739948,240,0,4
161870207,23479,3740187,3740187,240,3,0
161880080,23480,3740424,3740427,240,0,3
161890212,23483,3740667,3740667,240,3,0
161900158,23484,3740907,3740907,240,0,0
161910244,23486,3741147,3741147,240,0,0
161920026,23487,3741383,3741387,240,0,4
161930208,23489,3741627,3741627,240,4,0
161940057,23490,3741863,3741867,240,0,4
161950205,23492,3742107,3742107,240,4,0
161960218,23493,3742347,3742347,240,0,0
161970197,23495,3742587,3742587,240,0,0
161980062,23496,3742823,3742827,240,0,4
161990207,23498,3743067,3743067,240,4,0
162000093,23499,3743304,3743307,240,0,3
162010199,23501,3743547,3743547,240,3,0
162020244,23502,3743787,3743787,240,0,0
162030197,23504,3744027,3744027,240,0,0
162040048,23505,3744263,3744267,240,0,4
162050234,23507,3744508,3744508,240,5,0
162060199,23508,3744748,3744748,240,0,0
162070199,23510,3744988,3744988,240,0,0
162080078,23511,3745224,3745228,240,0,4
162090213,23513,3745467,3745467,240,3,0
162100079,23514,3745704,3745707,240,0,3
162110212,23516,3745947,3745947,240,3,0
162119990,23517,3746182,3746187,240,0,5
162130249,23519,3746428,3746428,240,6,0
162140081,23520,3746664,3746668,240,0,4
162150230,23522,3746908,3746908,240,4,0
162160070,23523,3747144,3747148,240,0,4
162170198,23525,3747387,3747387,240,3,0
162180073,23526,3747624,3747627,240,0,3
162190191,23528,3747867,3747867,240,3,0
162200205,23529,3748107,3748107,240,0,0
162210066,23531,3748344,3748347,240,0,3
162220055,23532,3748584,3748584,240,0,0
162230216,23534,3748827,3748827,240,3,0
162240084,23535,3749064,3749067,240,0,3
162250197,23537,3749307,3749307,240,3,0
162260068,23538,3749544,3749547,240,0,3
162270219,23540,3749787,3749787,240,3,0
162280068,23541,3750024,3750027,240,0,3
162290200,23543,3750267,3750267,240,3,0
162300057,23544,3750503,3750507,240,0,4
162310193,23546,3750747,3750747,240,4,0
162320124,23547,3750987,3750987,240,0,0
162330053,23549,3751223,3751227,240,0,4
162340109,23550,3751463,3751463,240,0,0
162350174,23552,3751706,3751706,240,3,0
162360095,23553,3751946,3751946,240,0,0
162370191,23555,3752186,3752186,240,0,0
162380064,23556,3752426,3752426,240,0,0
162390169,23558,3752666,3752666,240,0,0
162400079,23559,3752906,3752906,240,0,0
162410171,23561,3753146,3753146,240,0,0
162420177,23562,3753386,3753386,240,0,0
162430118,23564,3753626,3753626,240,0,0
162440106,23565,3753866,3753866,240,0,0
162450183,23567,3754106,3754106,240,0,0
162460058,23568,3754343,3754346,240,0,3
162470175,23570,3754586,3754586,240,3,0
162480060,23571,3754823,3754826,240,0,3
162490176,23573,3755066,3755066,240,3,0
162500210,23574,3755306,3755306,240,0,0
162510178,23576,3755546,3755546,240,0,0
162520067,23577,3755786,3755786,240,0,0
162530168,23579,3756026,3756026,240,0,0
162540109,23580,3756266,3756266,240,0,0
162550194,23582,3756506,3756506,240,0,0
162560085,23583,3756746,3756746,240,0,0
162570181,23585,3756986,3756986,240,0,0
162580080,23586,3757226,3757226,240,0,0
162590177,23588,3757466,3757466,240,0,0
162600072,23589,3757706,3757706,240,0,0
162610177,23591,3757946,3757946,240,0,0
162620073,23592,3758186,3758186,240,0,0
162630226,23594,3758426,3758426,240,0,0
162640025,23595,3758663,3758666,240,0,3
162650058,23597,3758903,3758903,240,0,0
162660077,23598,3759143,3759143,240,0,0
162670179,23600,3759386,3759386,240,3,0
162680049,23601,3759623,3759626,240,0,3
162690180,23603,3759866,3759866,240,3,0
162700059,23604,3760103,3760106,240,0,3
162710187,23606,3760346,3760346,240,3,0
162720068,23607,3760586,3760586,240,0,0
162730223,23609,3760826,3760826,240,0,0
162740098,23610,3761066,3761066,240,0,0
162750194,23612,3761306,3761306,240,0,0
162760069,23613,3761546,3761546,240,0,0
162770218,23615,3761786,3761786,240,0,0
162780370,23616,3762031,3762031,240,5,0
162790051,23618,3762263,3762271,240,0,8
162800076,23619,3762503,3762503,240,0,0
162810522,23621,3762755,3762755,240,12,0
162820065,23622,3762984,3762995,240,0,11
162830200,23624,3763227,3763227,240,3,0
162840050,23625,3763463,3763467,240,0,4
162850218,23627,3763707,3763707,240,4,0
162860025,23628,3763943,3763947,240,0,4
162870508,23630,3764194,3764194,240,11,0
162880068,23631,3764424,3764434,240,0,10
162890175,23633,3764664,3764664,240,0,0
162900084,23634,3764904,3764904,240,0,0
162910203,23636,3765147,3765147,240,3,0
162920088,23637,3765384,3765387,240,0,3
162930246,23639,3765628,3765628,240,4,0
162940062,23640,3765863,3765868,240,0,5
162950219,23642,3766107,3766107,240,4,0
162960187,23643,3766347,3766347,240,0,0
162970188,23645,3766587,3766587,240,0,0
162980101,23646,3766824,3766827,240,0,3
162990204,23648,3767067,3767067,240,3,0
163000077,23649,3767304,3767307,240,0,3
163010192,23651,3767547,3767547,240,3,0
163020077,23652,3767784,3767787,240,0,3
163030068,23654,3768024,3768024,240,0,0
163040091,23655,3768264,3768264,240,0,0
163050202,23657,3768507,3768507,240,3,0
163060144,23658,3768747,3768747,240,0,0
163070233,23660,3768987,3768987,240,0,0
163080070,23661,3769224,3769227,240,0,3
163090186,23663,3769464,3769464,240,0,0
163100086,23664,3769704,3769704,240,0,0
163110204,23666,3769947,3769947,240,3,0
163120559,23667,3770195,3770195,240,8,0
163130186,23669,3770426,3770435,240,0,9
163140055,23670,3770663,3770666,240,0,3
163150634,23672,3770917,3770917,240,14,0
163160067,23673,3771144,3771157,240,0,13
163170184,23675,3771384,3771384,240,0,0
163180071,23676,3771624,3771624,240,0,0
163190192,23678,3771867,3771867,240,3,0
163200086,23679,3772104,3772107,240,0,3
163210193,23681,3772347,3772347,240,3,0
163220178,23682,3772587,3772587,240,0,0
163230182,23684,3772827,3772827,240,0,0
163240068,23685,3773064,3773067,240,0,3
163250210,23687,3773307,3773307,240,3,0
163260089,23688,3773544,3773547,240,0,3
163270186,23690,3773784,3773784,240,0,0
163280041,23691,3774024,3774024,240,0,0
163290196,23693,3774267,3774267,240,3,0
163300076,23694,3774504,3774507,240,0,3
163310196,23696,3774747,3774747,240,3,0
163320189,23697,3774987,3774987,240,0,0
163330177,23699,3775227,3775227,240,0,0
163340116,23700,3775467,3775467,240,0,0
163350702,23702,3775719,3775719,240,12,0
163360063,23703,3775944,3775959,240,0,15
163370169,23705,3776184,3776184,240,0,0
163380078,23706,3776424,3776424,240,0,0
163390171,23708,3776664,3776664,240,0,0
163400081,23709,3776904,3776904,240,0,0
163410254,23711,3777148,3777148,240,4,0
163420068,23712,3777384,3777388,240,0,4
163430166,23714,3777624,3777624,240,0,0
163440059,23715,3777864,3777864,240,0,0
163450226,23717,3778107,3778107,240,3,0
163460086,23718,3778344,3778347,240,0,3
163470060,23720,3778584,3778584,240,0,0
163480126,23721,3778824,3778824,240,0,0
163490185,23723,3779064,3779064,240,0,0
163500057,23724,3779304,3779304,240,0,0
163510414,23726,3779552,3779552,240,8,0
163520087,23727,3779784,3779792,240,0,8
163530229,23729,3780028,3780028,240,4,0
163540076,23730,3780264,3780268,240,0,4
163550239,23732,3780508,3780508,240,4,0
163560089,23733,3780744,3780748,240,0,4
163570197,23735,3780987,3780987,240,3,0
163580074,23736,3781224,3781227,240,0,3
163590202,23738,3781467,3781467,240,3,0
163600094,23739,3781704,3781707,240,0,3
163610203,23741,3781947,3781947,240,3,0
163620080,23742,3782184,3782187,240,0,3
163630196,23744,3782427,3782427,240,3,0
163640032,23745,3782663,3782667,240,0,4
163650368,23747,3782911,3782911,240,8,0
163659943,23748,3783141,3783151,240,0,10
163670216,23750,3783387,3783387,240,6,0
163680047,23751,3783623,3783627,240,0,4
163690197,23753,3783867,3783867,240,4,0
163700068,23754,3784104,3784107,240,0,3
163710192,23756,3784347,3784347,240,3,0
163720042,23757,3784583,3784587,240,0,4
163730192,23759,3784827,3784827,240,4,0
163740085,23760,3785064,3785067,240,0,3
163750204,23762,3785307,3785307,240,3,0
163759982,23763,3785542,3785547,240,0,5
163770299,23765,3785789,3785789,240,7,0
163780050,23766,3786023,3786029,240,0,6
163790198,23768,3786267,3786267,240,4,0
163800030,23769,3786503,3786507,240,0,4
163810391,23771,3786751,3786751,240,8,0
163820046,23772,3786983,3786991,240,0,8
163830238,23774,3787228,3787228,240,5,0
163840082,23775,3787464,3787468,240,0,4
163850230,23777,3787708,3787708,240,4,0
163859998,23778,3787942,3787948,240,0,6
163870209,23780,3788187,3788187,240,5,0
163880534,23781,3788435,3788435,240,8,0
163890182,23784,3788666,3788675,240,0,9
163900032,23785,3788903,3788906,240,0,3
163910183,23787,3789146,3789146,240,3,0
163920064,23788,3789386,3789386,240,0,0
163930190,23790,3789626,3789626,240,0,0
163940072,23791,3789866,3789866,240,0,0
163950056,23793,3790103,3790106,240,0,3
163960089,23794,3790343,3790343,240,0,0
163970200,23796,3790587,3790587,240,4,0
163980054,23797,3790823,3790827,240,0,4
163990126,23799,3791063,3791063,240,0,0
164000108,23800,3791303,3791303,240,0,0
164010182,23802,3791546,3791546,240,3,0
164020059,23803,3791783,3791786,240,0,3
164030043,23805,3792023,3792023,240,0,0
164040077,23806,3792263,3792263,240,0,0
164050185,23808,3792506,3792506,240,3,0
164060144,23809,3792746,3792746,240,0,0
164070097,23811,3792986,3792986,240,0,0
164080107,23812,3793226,3793226,240,0,0
164090512,23814,3793474,3793474,240,8,0
164100084,23815,3793704,3793714,240,0,10
164110175,23817,3793944,3793944,240,0,0
164120053,23818,3794184,3794184,240,0,0
164130190,23820,3794427,3794427,240,3,0
164140043,23821,3794663,3794667,240,0,4
164150187,23823,3794906,3794906,240,3,0
164160058,23824,3795143,3795146,240,0,3
164170125,23826,3795383,3795383,240,0,0
164180100,23827,3795623,3795623,240,0,0
164190245,23829,3795868,3795868,240,5,0
164200059,23830,3796103,3796108,240,0,5
164210200,23832,3796347,3796347,240,4,0
164220063,23833,3796584,3796587,240,0,3
164230201,23835,3796827,3796827,240,3,0
164240061,23836,3797063,3797067,240,0,4
164250204,23838,3797307,3797307,240,4,0
164260074,23839,3797544,3797547,240,0,3
164270139,23841,3797784,3797784,240,0,0
164280089,23842,3798024,3798024,240,0,0
164290049,23844,3798264,3798264,240,0,0
164300078,23845,3798504,3798504,240,0,0
164310192,23847,3798747,3798747,240,3,0
164320088,23848,3798984,3798987,240,0,3
164330196,23850,3799227,3799227,240,3,0
164340080,23851,3799464,3799467,240,0,3
164350192,23853,3799707,3799707,240,3,0
164360106,23854,3799947,3799947,240,0,0
164370246,23856,3800187,3800187,240,0,0
164380078,23857,3800424,3800427,240,0,3
164390214,23859,3800667,3800667,240,3,0
164400081,23860,3800904,3800907,240,0,3
164410213,23862,3801147,3801147,240,3,0
164420085,23863,3801384,3801387,240,0,3
164430208,23865,3801627,3801627,240,3,0
164440073,23866,3801864,3801867,240,0,3
164450056,23868,3802104,3802104,240,0,0
164460144,23869,3802344,3802344,240,0,0
164470378,23871,3802591,3802591,240,7,0
164480646,23872,3802838,3802838,240,7,0
164490173,23874,3803066,3803078,240,0,12
164500070,23875,3803306,3803306,240,0,0
164510187,23877,3803546,3803546,240,0,0
164520058,23878,3803783,3803786,240,0,3
164530562,23880,3804035,3804035,240,12,0
164540045,23881,3804263,3804275,240,0,12
164550227,23883,3804507,3804507,240,4,0
164560059,23884,3804743,3804747,240,0,4
164570208,23886,3804987,3804987,240,4,0
164580395,23887,3805231,3805231,240,4,0
164590185,23889,3805466,3805471,240,0,5
164600044,23890,3805703,3805706,240,0,3
164610218,23892,3805947,3805947,240,4,0
164620061,23893,3806183,3806187,240,0,4
164630188,23895,3806427,3806427,240,4,0
164640064,23896,3806664,3806667,240,0,3
164650232,23898,3806908,3806908,240,4,0
164660067,23899,3807144,3807148,240,0,4
164670191,23901,3807387,3807387,240,3,0
164679979,23902,3807622,3807627,240,0,5
164690238,23904,3807868,3807868,240,6,0
164700226,23905,3808108,3808108,240,0,0
164710199,23907,3808348,3808348,240,0,0
164720062,23908,3808583,3808588,240,0,5
164730215,23910,3808827,3808827,240,4,0
164740064,23911,3809064,3809067,240,0,3
164750214,23913,3809307,3809307,240,3,0
164760071,23914,3809544,3809547,240,0,3
164770207,23916,3809787,3809787,240,3,0
164780078,23917,3810024,3810027,240,0,3
164790206,23919,3810267,3810267,240,3,0
164800082,23920,3810504,3810507,240,0,3
164810062,23922,3810744,3810744,240,0,0
164820067,23923,3810984,3810984,240,0,0
164830197,23925,3811227,3811227,240,3,0
164840047,23926,3811463,3811467,240,0,4
164850224,23928,3811707,3811707,240,4,0
164860258,23929,3811947,3811947,240,0,0
164870187,23931,3812187,3812187,240,0,0
164880189,23932,3812427,3812427,240,0,0
164890320,23934,3812670,3812670,240,3,0
164900070,23935,3812904,3812910,240,0,6
164910211,23937,3813147,3813147,240,3,0
164920064,23938,3813384,3813387,240,0,3
164930201,23940,3813627,3813627,240,3,0
164940015,23941,3813862,3813867,240,0,5
164950203,23943,3814107,3814107,240,5,0
164960180,23944,3814347,3814347,240,0,0
164970200,23946,3814587,3814587,240,0,0
164980078,23947,3814824,3814827,240,0,3
164990276,23949,3815069,3815069,240,5,0
165000003,23950,3815302,3815309,240,0,7
165010222,23952,3815547,3815547,240,5,0
165020082,23953,3815784,3815787,240,0,3
165030209,23955,3816027,3816027,240,3,0
165040070,23956,3816264,3816267,240,0,3
165050215,23958,3816507,3816507,240,3,0
165060192,23959,3816747,3816747,240,0,0
165070229,23961,3816987,3816987,240,0,0
165080202,23962,3817227,3817227,240,0,0
165090145,23964,3817467,3817467,240,0,0
165100105,23965,3817707,3817707,240,0,0
165110078,23967,3817944,3817947,240,0,3
165120076,23968,3818184,3818184,240,0,0
165130195,23970,3818427,3818427,240,3,0
165140087,23971,3818664,3818667,240,0,3
165150008,23973,3818904,3818904,240,0,0
165160073,23974,3819144,3819144,240,0,0
165170196,23976,3819387,3819387,240,3,0
165180246,23977,3819627,3819627,240,0,0
165190257,23979,3819867,3819867,240,0,0
165200048,23980,3820103,3820107,240,0,4
165210222,23982,3820347,3820347,240,4,0
165220183,23983,3820587,3820587,240,0,0
165230204,23985,3820827,3820827,240,0,0
165240566,23986,3821076,3821076,240,9,0
165250222,23988,3821307,3821316,240,0,9
165260185,23989,3821547,3821547,240,0,0
165270213,23991,3821787,3821787,240,0,0
165280202,23992,3822027,3822027,240,0,0
165290222,23994,3822267,3822267,240,0,0
165300094,23995,3822504,3822507,240,0,3
165310188,23997,3822747,3822747,240,3,0
165320167,23998,3822987,3822987,240,0,0
165330187,24000,3823227,3823227,240,0,0
165340191,24001,3823467,3823467,240,0,0
165350188,24003,3823707,3823707,240,0,0
165360106,24004,3823947,3823947,240,0,0
165370189,24006,3824187,3824187,240,0,0
165380084,24007,3824424,3824427,240,0,3
165390187,24009,3824664,3824664,240,0,0
165399988,24010,3824904,3824904,240,0,0
165410205,24012,3825147,3825147,240,3,0
165420067,24013,3825384,3825387,240,0,3
165430181,24015,3825624,3825624,240,0,0
165440083,24016,3825864,3825864,240,0,0
165450183,24018,3826104,3826104,240,0,0
165460187,24019,3826344,3826344,240,0,0
165470197,24021,3826587,3826587,240,3,0
165480185,24022,3826827,3826827,240,0,0
165490181,24024,3827067,3827067,240,0,0
165500105,24025,3827307,3827307,240,0,0
165510217,24027,3827547,3827547,240,0,0
165520181,24028,3827787,3827787,240,0,0
165530258,24030,3828027,3828027,240,0,0
165540091,24031,3828264,3828267,240,0,3
165550174,24033,3828504,3828504,240,0,0
165560077,24034,3828744,3828744,240,0,0
165570186,24036,3828984,3828984,240,0,0
165580179,24037,3829224,3829224,240,0,0
165590184,24039,3829464,3829464,240,0,0
165600023,24040,3829704,3829704,240,0,0
165610182,24042,3829944,3829944,240,0,0
165620067,24043,3830184,3830184,240,0,0
165630527,24045,3830435,3830435,240,11,0
165640061,24046,3830663,3830675,240,0,12
165650154,24048,3830906,3830906,240,3,0
165660061,24049,3831143,3831146,240,0,3
165670171,24051,3831386,3831386,240,3,0
165680049,24052,3831623,3831626,240,0,3
165690170,24054,3831866,3831866,240,3,0
165700061,24055,3832103,3832106,240,0,3
165710281,24057,3832349,3832349,240,6,0
165720037,24058,3832583,3832589,240,0,6
165730162,24060,3832826,3832826,240,3,0
165740492,24061,3833074,3833074,240,8,0
165750173,24063,3833306,3833314,240,0,8
165759996,24064,3833542,3833546,240,0,4
165770190,24066,3833787,3833787,240,5,0
165780084,24067,3834024,3834027,240,0,3
165790172,24069,3834264,3834264,240,0,0
165800054,24070,3834504,3834504,240,0,0
165810218,24072,3834747,3834747,240,3,0
165820068,24073,3834984,3834987,240,0,3
165830253,24075,3835228,3835228,240,4,0
165840041,24076,3835463,3835468,240,0,5
165850208,24078,3835707,3835707,240,4,0
165860064,24079,3835944,3835947,240,0,3
165870185,24081,3836184,3836184,240,0,0
165880203,24082,3836427,3836427,240,3,0
165890189,24085,3836667,3836667,240,0,0
165899947,24086,3836901,3836907,240,0,6
165910121,24088,3837145,3837145,240,4,0
165920113,24089,3837385,3837385,240,0,0
165930190,24091,3837625,3837625,240,0,0
165940015,24092,3837862,3837865,240,0,3
165950180,24094,3838106,3838106,240,4,0
165960060,24095,3838343,3838346,240,0,3
165970184,24097,3838586,3838586,240,3,0
165980142,24098,3838826,3838826,240,0,0
165990189,24100,3839066,3839066,240,0,0
166000044,24101,3839303,3839306,240,0,3
166010213,24103,3839547,3839547,240,4,0
166020089,24104,3839784,3839787,240,0,3
166030054,24106,3840024,3840024,240,0,0
166040008,24107,3840264,3840264,240,0,0
166050204,24109,3840507,3840507,240,3,0
166060165,24110,3840747,3840747,240,0,0
166070186,24112,3840987,3840987,240,0,0
166080150,24113,3841227,3841227,240,0,0
166090200,24115,3841467,3841467,240,0,0
166100045,24116,3841703,3841707,240,0,4
166110250,24118,3841948,3841948,240,5,0
166120067,24119,3842184,3842188,240,0,4
166130216,24121,3842427,3842427,240,3,0
166140039,24122,3842663,3842667,240,0,4
166150200,24124,3842907,3842907,240,4,0
166160081,24125,3843144,3843147,240,0,3
166170189,24127,3843387,3843387,240,3,0
166180106,24128,3843627,3843627,240,0,0
166190029,24130,3843863,3843867,240,0,4
166200068,24131,3844103,3844103,240,0,0
166210348,24133,3844350,3844350,240,7,0
166220013,24134,3844582,3844590,240,0,8
166230187,24136,3844826,3844826,240,4,0
166240254,24137,3845066,3845066,240,0,0
166250181,24139,3845306,3845306,240,0,0
166260178,24140,3845546,3845546,240,0,0
166270186,24142,3845786,3845786,240,0,0
166280177,24143,3846026,3846026,240,0,0
166290031,24145,3846263,3846266,240,0,3
166300085,24146,3846503,3846503,240,0,0
166310183,24148,3846746,3846746,240,3,0
166320680,24149,3846998,3846998,240,12,0
166330185,24151,3847226,3847238,240,0,12
166340212,24152,3847466,3847466,240,0,0
166350175,24154,3847706,3847706,240,0,0
166360178,24155,3847946,3847946,240,0,0
166370238,24157,3848186,3848186,240,0,0
166380049,24158,3848423,3848426,240,0,3
166390220,24160,3848667,3848667,240,4,0
166400032,24161,3848903,3848907,240,0,4
166410716,24163,3849159,3849159,240,16,0
166419965,24164,3849381,3849399,240,0,18
166430052,24166,3849621,3849621,240,0,0
166440521,24167,3849875,3849875,240,14,0
166450194,24169,3850107,3850115,240,0,8
166460078,24170,3850344,3850347,240,0,3
166470191,24172,3850587,3850587,240,3,0
166480074,24173,3850824,3850827,240,0,3
166490201,24175,3851067,3851067,240,3,0
166500022,24176,3851303,3851307,240,0,4
166510208,24178,3851547,3851547,240,4,0
166520101,24179,3851784,3851787,240,0,3
166530231,24181,3852028,3852028,240,4,0
166540077,24182,3852264,3852268,240,0,4
166550229,24184,3852508,3852508,240,4,0
166560195,24185,3852748,3852748,240,0,0
166570202,24187,3852988,3852988,240,0,0
166580068,24188,3853224,3853228,240,0,4
166590202,24190,3853467,3853467,240,3,0
166600044,24191,3853703,3853707,240,0,4
166610207,24193,3853947,3853947,240,4,0
166620242,24194,3854187,3854187,240,0,0
166630668,24196,3854438,3854438,240,11,0
166640562,24197,3854675,3854678,240,0,3
166650196,24199,3854907,3854915,240,0,8
166660060,24200,3855143,3855147,240,0,4
166670031,24202,3855383,3855383,240,0,0
166680089,24203,3855623,3855623,240,0,0
166690199,24205,3855867,3855867,240,4,0
166700241,24206,3856107,3856107,240,0,0
166710184,24208,3856347,3856347,240,0,0
166720406,24209,3856592,3856592,240,5,0
166730223,24211,3856827,3856832,240,0,5
166740089,24212,3857064,3857067,240,0,3
166750204,24214,3857307,3857307,240,3,0
166760262,24215,3857547,3857547,240,0,0
166770181,24217,3857787,3857787,240,0,0
166780072,24218,3858024,3858027,240,0,3
166790191,24220,3858267,3858267,240,3,0
166800056,24221,3858503,3858507,240,0,4
166810192,24223,3858747,3858747,240,4,0
166820203,24224,3858987,3858987,240,0,0
166830135,24226,3859227,3859227,240,0,0
166840094,24227,3859464,3859467,240,0,3
166850080,24229,3859704,3859704,240,0,0
166860083,24230,3859944,3859944,240,0,0
166870165,24232,3860184,3860184,240,0,0
166880046,24233,3860424,3860424,240,0,0
166890188,24235,3860667,3860667,240,3,0
166900172,24236,3860907,3860907,240,0,0
166910180,24238,3861147,3861147,240,0,0
166920190,24239,3861387,3861387,240,0,0
166930228,24241,3861627,3861627,240,0,0
166940067,24242,3861864,3861867,240,0,3
166950203,24244,3862107,3862107,240,3,0
166960065,24245,3862344,3862347,240,0,3
166970197,24247,3862587,3862587,240,3,0
166980055,24248,3862823,3862827,240,0,4
166990198,24250,3863067,3863067,240,4,0
167000074,24251,3863304,3863307,240,0,3
167010195,24253,3863547,3863547,240,3,0
167020168,24254,3863787,3863787,240,0,0
167030221,24256,3864027,3864027,240,0,0
167040575,24257,3864276,3864276,240,9,0
167050168,24259,3864506,3864516,240,0,10
167060048,24260,3864743,3864746,240,0,3
167070203,24262,3864987,3864987,240,4,0
167080302,24263,3865227,3865227,240,0,0
167090197,24265,3865467,3865467,240,0,0
167100113,24266,3865707,3865707,240,0,0
167110406,24268,3865952,3865952,240,5,0
167120060,24269,3866183,3866192,240,0,9
167130162,24271,3866426,3866426,240,3,0
167139990,24272,3866662,3866666,240,0,4
167150307,24274,3866909,3866909,240,7,0
167160056,24275,3867143,3867149,240,0,6
167170186,24277,3867386,3867386,240,3,0
167180058,24278,3867623,3867626,240,0,3
167190187,24280,3867866,3867866,240,3,0
167200046,24281,3868103,3868106,240,0,3
167210183,24283,3868346,3868346,240,3,0
167220048,24284,3868583,3868586,240,0,3
167230195,24286,3868827,3868827,240,4,0
167240103,24287,3869064,3869067,240,0,3
167250212,24289,3869307,3869307,240,3,0
167260160,24290,3869547,3869547,240,0,0
167270201,24292,3869787,3869787,240,0,0
167280060,24293,3870023,3870027,240,0,4
167290178,24295,3870266,3870266,240,3,0
167300037,24296,3870503,3870506,240,0,3
167310170,24298,3870746,3870746,240,3,0
167320068,24299,3870986,3870986,240,0,0
167330042,24301,3871223,3871226,240,0,3
167340099,24302,3871463,3871463,240,0,0
167350189,24304,3871707,3871707,240,4,0
167360062,24305,3871943,3871947,240,0,4
167370169,24307,3872186,3872186,240,3,0
167380074,24308,3872426,3872426,240,0,0
167390192,24310,3872666,3872666,240,0,0
167400060,24311,3872903,3872906,240,0,3
167410192,24313,3873147,3873147,240,4,0
167420056,24314,3873383,3873387,240,0,4
167430179,24316,3873626,3873626,240,3,0
167440215,24317,3873866,3873866,240,0,0
167450210,24319,3874106,3874106,240,0,0
167460061,24320,3874343,3874346,240,0,3
167470197,24322,3874587,3874587,240,4,0
167480053,24323,3874823,3874827,240,0,4
167490200,24325,3875067,3875067,240,4,0
167500111,24326,3875307,3875307,240,0,0
167510198,24328,3875547,3875547,240,0,0
167520135,24329,3875787,3875787,240,0,0
167530217,24331,3876027,3876027,240,0,0
167540171,24332,3876267,3876267,240,0,0
167550105,24334,3876507,3876507,240,0,0
167560104,24335,3876747,3876747,240,0,0
167570172,24337,3876987,3876987,240,0,0
167580068,24338,3877224,3877227,240,0,3
167590202,24340,3877467,3877467,240,3,0
167600046,24341,3877703,3877707,240,0,4
167610181,24343,3877946,3877946,240,3,0
167620050,24344,3878183,3878186,240,0,3
167630191,24346,3878427,3878427,240,4,0
167640184,24347,3878667,3878667,240,0,0
167650190,24349,3878907,3878907,240,0,0
167660048,24350,3879143,3879147,240,0,4
167670206,24352,3879387,3879387,240,4,0
167680190,24353,3879627,3879627,240,0,0
167690188,24355,3879867,3879867,240,0,0
167700058,24356,3880103,3880107,240,0,4
167710182,24358,3880346,3880346,240,3,0
167720230,24359,3880586,3880586,240,0,0
167730186,24361,3880826,3880826,240,0,0
167740089,24362,3881066,3881066,240,0,0
167750251,24364,3881306,3881306,240,0,0
167760064,24365,3881546,3881546,240,0,0
167770215,24367,3881786,3881786,240,0,0
167780077,24368,3882026,3882026,240,0,0
167790200,24370,3882266,3882266,240,0,0
167800043,24371,3882503,3882506,240,0,3
167810199,24373,3882747,3882747,240,4,0
167820046,24374,3882983,3882987,240,0,4
167830566,24376,3883236,3883236,240,13,0
167840060,24377,3883463,3883476,240,0,13
167850248,24379,3883708,3883708,240,5,0
167860095,24380,3883944,3883948,240,0,4
167870193,24382,3884187,3884187,240,3,0
167880063,24383,3884424,3884427,240,0,3
167890256,24386,3884668,3884668,240,4,0
167900144,24387,3884905,3884908,240,0,3
167910193,24389,3885145,3885145,240,0,0
167920059,24390,3885385,3885385,240,0,0
167930191,24392,3885625,3885625,240,0,0
167940242,24393,3885868,3885868,240,3,0
167950235,24395,3886108,3886108,240,0,0
167960123,24396,3886345,3886348,240,0,3
167970166,24398,3886585,3886585,240,0,0
167980054,24399,3886825,3886825,240,0,0
167990173,24401,3887065,3887065,240,0,0
168000167,24402,3887305,3887305,240,0,0
168010192,24404,3887545,3887545,240,0,0
168020145,24405,3887785,3887785,240,0,0
168030033,24407,3888025,3888025,240,0,0
168040076,24408,3888265,3888265,240,0,0
168050170,24410,3888505,3888505,240,0,0
168060081,24411,3888745,3888745,240,0,0
168070217,24413,3888985,3888985,240,0,0
168080379,24414,3889231,3889231,240,6,0
168090209,24416,3889467,3889471,240,0,4
168100048,24417,3889703,3889707,240,0,4
168110205,24419,3889947,3889947,240,4,0
168120056,24420,3890183,3890187,240,0,4
168130201,24422,3890427,3890427,240,4,0
168140051,24423,3890663,3890667,240,0,4
168150199,24425,3890907,3890907,240,4,0
168160213,24426,3891147,3891147,240,0,0
168170217,24428,3891387,3891387,240,0,0
168180543,24429,3891635,3891635,240,8,0
168190191,24431,3891867,3891875,240,0,8
168200063,24432,3892104,3892107,240,0,3
168210202,24434,3892347,3892347,240,3,0
168220063,24435,3892584,3892587,240,0,3
168230191,24437,3892827,3892827,240,3,0
168240166,24438,3893067,3893067,240,0,0
168250187,24440,3893307,3893307,240,0,0
168260051,24441,3893543,3893547,240,0,4
168270358,24443,3893791,3893791,240,8,0
168280064,24444,3894024,3894031,240,0,7
168290482,24446,3894274,3894274,240,10,0
168300045,24447,3894503,3894514,240,0,11
168310032,24449,3894743,3894743,240,0,0
168320114,24450,3894983,3894983,240,0,0
168330178,24452,3895226,3895226,240,3,0
168340176,24453,3895466,3895466,240,0,0
168350191,24455,3895706,3895706,240,0,0
168360069,24456,3895946,3895946,240,0,0
168370196,24458,3896186,3896186,240,0,0
168380079,24459,3896426,3896426,240,0,0
168390206,24461,3896666,3896666,240,0,0
168400049,24462,3896903,3896906,240,0,3
168410196,24464,3897147,3897147,240,4,0
168420096,24465,3897384,3897387,240,0,3
168430198,24467,3897627,3897627,240,3,0
168440250,24468,3897867,3897867,240,0,0
168450184,24470,3898107,3898107,240,0,0
168460063,24471,3898344,3898347,240,0,3
168470148,24473,3898584,3898584,240,0,0
168480240,24474,3898828,3898828,240,4,0
168490227,24476,3899068,3899068,240,0,0
168500060,24477,3899303,3899308,240,0,5
168510212,24479,3899547,3899547,240,4,0
168520069,24480,3899784,3899787,240,0,3
168530688,24482,3900039,3900039,240,15,0
168540067,24483,3900264,3900279,240,0,15
168550197,24485,3900507,3900507,240,3,0
168560041,24486,3900743,3900747,240,0,4
168570229,24488,3900988,3900988,240,5,0
168580138,24489,3901225,3901228,240,0,3
168590042,24491,3901465,3901465,240,0,0
168600103,24492,3901705,3901705,240,0,0
168610195,24494,3901945,3901945,240,0,0
168620055,24495,3902185,3902185,240,0,0
168630560,24497,3902435,3902435,240,10,0
168640148,24498,3902666,3902675,240,0,9
168650183,24500,3902906,3902906,240,0,0
168660042,24501,3903143,3903146,240,0,3
168670246,24503,3903388,3903388,240,5,0
168680048,24504,3903623,3903628,240,0,5
168690211,24506,3903867,3903867,240,4,0
168700056,24507,3904103,3904107,240,0,4
168710295,24509,3904349,3904349,240,6,0
168720033,24510,3904583,3904589,240,0,6
168730204,24512,3904827,3904827,240,4,0
168740211,24513,3905067,3905067,240,0,0
168750204,24515,3905307,3905307,240,0,0
168760050,24516,3905543,3905547,240,0,4
168770358,24518,3905791,3905791,240,8,0
168780074,24519,3906024,3906031,240,0,7
168790185,24521,3906264,3906264,240,0,0
168800051,24522,3906504,3906504,240,0,0
168810169,24524,3906744,3906744,240,0,0
168820037,24525,3906984,3906984,240,0,0
168830181,24527,3907224,3907224,240,0,0
168840071,24528,3907464,3907464,240,0,0
168850199,24530,3907707,3907707,240,3,0
168860061,24531,3907943,3907947,240,0,4
168870172,24533,3908186,3908186,240,3,0
168880083,24534,3908426,3908426,240,0,0
168890213,24536,3908666,3908666,240,0,0
168900055,24537,3908903,3908906,240,0,3
168910233,24539,3909148,3909148,240,5,0
168920100,24540,3909384,3909388,240,0,4
168930026,24542,3909624,3909624,240,0,0
168940071,24543,3909864,3909864,240,0,0
168950190,24545,3910107,3910107,240,3,0
168960049,24546,3910343,3910347,240,0,4
168970190,24548,3910587,3910587,240,4,0
168979983,24549,3910822,3910827,240,0,5
168990211,24551,3911067,3911067,240,5,0
169000418,24552,3911312,3911312,240,5,0
169010191,24554,3911547,3911552,240,0,5
169020166,24555,3911787,3911787,240,0,0
169030200,24557,3912027,3912027,240,0,0
169040061,24558,3912263,3912267,240,0,4
169050188,24560,3912507,3912507,240,4,0
169060052,24561,3912743,3912747,240,0,4
169070185,24563,3912986,3912986,240,3,0
169080105,24564,3913226,3913226,240,0,0
169090202,24566,3913466,3913466,240,0,0
169100053,24567,3913703,3913706,240,0,3
169110219,24569,3913947,3913947,240,4,0
169120036,24570,3914183,3914187,240,0,4
169130193,24572,3914427,3914427,240,4,0
169140043,24573,3914663,3914667,240,0,4
169150052,24575,3914903,3914903,240,0,0
169160066,24576,3915143,3915143,240,0,0
169170180,24578,3915386,3915386,240,3,0
169180249,24579,3915626,3915626,240,0,0
169190249,24581,3915866,3915866,240,0,0
169200037,24582,3916103,3916106,240,0,3
169210190,24584,3916347,3916347,240,4,0
169220061,24585,3916583,3916587,240,0,4
169230050,24587,3916823,3916823,240,0,0
169240090,24588,3917063,3917063,240,0,0
169250195,24590,3917307,3917307,240,4,0
169260494,24591,3917554,3917554,240,7,0
169270187,24593,3917786,3917794,240,0,8
169280009,24594,3918022,3918026,240,0,4
169290121,24596,3918265,3918265,240,3,0
169300086,24597,3918505,3918505,240,0,0
169310197,24599,3918745,3918745,240,0,0
169320334,24600,3918990,3918990,240,5,0
169330184,24602,3919226,3919230,240,0,4
169340178,24603,3919466,3919466,240,0,0
169350661,24605,3919718,3919718,240,12,0
169360079,24606,3919944,3919958,240,0,14
169370186,24608,3920184,3920184,240,0,0
169380198,24609,3920427,3920427,240,3,0
169390156,24611,3920667,3920667,240,0,0
169400050,24612,3920903,3920907,240,0,4
169410333,24614,3921150,3921150,240,7,0
169420173,24615,3921386,3921390,240,0,4
169430320,24617,3921630,3921630,240,4,0
169440001,24618,3921862,3921870,240,0,8
169450185,24620,3922106,3922106,240,4,0
169460264,24621,3922346,3922346,240,0,0
169470170,24623,3922586,3922586,240,0,0
169480138,24624,3922826,3922826,240,0,0
169490238,24626,3923066,3923066,240,0,0
169500075,24627,3923306,3923306,240,0,0
169510204,24629,3923546,3923546,240,0,0
169520171,24630,3923786,3923786,240,0,0
169530220,24632,3924026,3924026,240,0,0
169540126,24633,3924266,3924266,240,0,0
169550195,24635,3924506,3924506,240,0,0
169560162,24636,3924746,3924746,240,0,0
169570206,24638,3924986,3924986,240,0,0
169580069,24639,3925226,3925226,240,0,0
169590255,24641,3925466,3925466,240,0,0
169600093,24642,3925706,3925706,240,0,0
169610210,24644,3925946,3925946,240,0,0
169620190,24645,3926186,3926186,240,0,0
169630220,24647,3926426,3926426,240,0,0
169640071,24648,3926666,3926666,240,0,0
169650049,24650,3926903,3926906,240,0,3
169660089,24651,3927143,3927143,240,0,0
169670206,24653,3927387,3927387,240,4,0
169680073,24654,3927624,3927627,240,0,3
169690334,24656,3927870,3927870,240,6,0
169700275,24657,3928110,3928110,240,0,0
169710128,24659,3928345,3928350,240,0,5
169720118,24660,3928585,3928585,240,0,0
169730211,24662,3928825,3928825,240,0,0
169740232,24663,3929068,3929068,240,3,0
169750180,24665,3929308,3929308,240,0,0
169760072,24666,3929544,3929548,240,0,4
169770197,24668,3929787,3929787,240,3,0
169780125,24669,3930027,3930027,240,0,0
169790191,24671,3930267,3930267,240,0,0
169800086,24672,3930504,3930507,240,0,3
169810219,24674,3930747,3930747,240,3,0
169820281,24675,3930987,3930987,240,0,0
169830209,24677,3931227,3931227,240,0,0
169840098,24678,3931464,3931467,240,0,3
169850216,24680,3931707,3931707,240,3,0
169860614,24681,3931957,3931957,240,10,0
169870200,24683,3932187,3932197,240,0,10
169880367,24684,3932431,3932431,240,4,0
169890180,24687,3932666,3932671,240,0,5
169900277,24688,3932909,3932909,240,3,0
169910221,24690,3933149,3933149,240,0,0
169920051,24691,3933383,3933389,240,0,6
169930171,24693,3933626,3933626,240,3,0
169940164,24694,3933866,3933866,240,0,0
169950251,24696,3934106,3934106,240,0,0
169960087,24697,3934346,3934346,240,0,0
169970175,24699,3934586,3934586,240,0,0
169980060,24700,3934823,3934826,240,0,3
169990184,24702,3935066,3935066,240,3,0
170000175,24703,3935306,3935306,240,0,0
170010098,24705,3935546,3935546,240,0,0
170020057,24706,3935783,3935786,240,0,3
170030192,24708,3936027,3936027,240,4,0
170040069,24709,3936264,3936267,240,0,3
170050183,24711,3936504,3936504,240,0,0
170060076,24712,3936744,3936744,240,0,0
170070173,24714,3936984,3936984,240,0,0
170080182,24715,3937224,3937224,240,0,0
170090185,24717,3937464,3937464,240,0,0
170100056,24718,3937704,3937704,240,0,0
170110125,24720,3937944,3937944,240,0,0
170120097,24721,3938184,3938184,240,0,0
170130333,24723,3938430,3938430,240,6,0
170140062,24724,3938663,3938670,240,0,7
170150178,24726,3938906,3938906,240,3,0
170160077,24727,3939146,3939146,240,0,0
170170243,24729,3939386,3939386,240,0,0
170180068,24730,3939626,3939626,240,0,0
170190195,24732,3939866,3939866,240,0,0
170200187,24733,3940106,3940106,240,0,0
170210164,24735,3940346,3940346,240,0,0
170220106,24736,3940586,3940586,240,0,0
170230284,24738,3940829,3940829,240,3,0
170240090,24739,3941064,3941069,240,0,5
170250199,24741,3941307,3941307,240,3,0
170260062,24742,3941543,3941547,240,0,4
170270190,24744,3941787,3941787,240,4,0
170280071,24745,3942024,3942027,240,0,3
170290186,24747,3942264,3942264,240,0,0
170300059,24748,3942504,3942504,240,0,0
170310215,24750,3942747,3942747,240,3,0
170320064,24751,3942984,3942987,240,0,3
170330208,24753,3943227,3943227,240,3,0
170340053,24754,3943463,3943467,240,0,4
170350201,24756,3943707,3943707,240,4,0
170360007,24757,3943942,3943947,240,0,5
170370044,24759,3944182,3944182,240,0,0
170380056,24760,3944422,3944422,240,0,0
170390209,24762,3944667,3944667,240,5,0
170400053,24763,3944903,3944907,240,0,4
170410234,24765,3945148,3945148,240,5,0
170420070,24766,3945384,3945388,240,0,4
170430207,24768,3945627,3945627,240,3,0
170440208,24769,3945867,3945867,240,0,0
170450200,24771,3946107,3946107,240,0,0
170460190,24772,3946347,3946347,240,0,0
170470208,24774,3946587,3946587,240,0,0
170480058,24775,3946823,3946827,240,0,4
170490231,24777,3947068,3947068,240,5,0
170500048,24778,3947303,3947308,240,0,5
170510209,24780,3947547,3947547,240,4,0
170519980,24781,3947782,3947787,240,0,5
170530291,24783,3948029,3948029,240,7,0
170540146,24784,3948266,3948269,240,0,3
170550187,24786,3948506,3948506,240,0,0
170560083,24787,3948746,3948746,240,0,0
170570181,24789,3948986,3948986,240,0,0
170580017,24790,3949222,3949226,240,0,4
170590228,24792,3949467,3949467,240,5,0
170600048,24793,3949703,3949707,240,0,4
170610186,24795,3949946,3949946,240,3,0
170620065,24796,3950186,3950186,240,0,0
170630187,24798,3950426,3950426,240,0,0
170639957,24799,3950661,3950666,240,0,5
170650158,24801,3950906,3950906,240,5,0
170659948,24802,3951141,3951146,240,0,5
170670037,24804,3951381,3951381,240,0,0
170680114,24805,3951625,3951625,240,4,0
170690178,24807,3951865,3951865,240,0,0
170700073,24808,3952105,3952105,240,0,0
170710178,24810,3952345,3952345,240,0,0
170720068,24811,3952585,3952585,240,0,0
170730050,24813,3952825,3952825,240,0,0
170740181,24814,3953065,3953065,240,0,0
170750177,24816,3953305,3953305,240,0,0
170760042,24817,3953545,3953545,240,0,0
170770189,24819,3953785,3953785,240,0,0
170780052,24820,3954025,3954025,240,0,0
170790184,24822,3954265,3954265,240,0,0
170800044,24823,3954505,3954505,240,0,0
170810185,24825,3954745,3954745,240,0,0
170820060,24826,3954985,3954985,240,0,0
170830217,24828,3955225,3955225,240,0,0
170840162,24829,3955465,3955465,240,0,0
170850203,24831,3955705,3955705,240,0,0
170860066,24832,3955945,3955945,240,0,0
170870222,24834,3956185,3956185,240,0,0
170880063,24835,3956425,3956425,240,0,0
170890174,24837,3956665,3956665,240,0,0
170900159,24838,3956905,3956905,240,0,0
170910179,24840,3957145,3957145,240,0,0
170920925,24841,3957404,3957404,240,19,0
170930148,24843,3957626,3957644,240,0,18
170940074,24844,3957866,3957866,240,0,0
170950193,24846,3958106,3958106,240,0,0
170960146,24847,3958346,3958346,240,0,0
170970185,24849,3958586,3958586,240,0,0
170980070,24850,3958826,3958826,240,0,0
170990198,24852,3959066,3959066,240,0,0
171000190,24853,3959306,3959306,240,0,0
171010221,24855,3959546,3959546,240,0,0
171020067,24856,3959786,3959786,240,0,0
171030118,24858,3960026,3960026,240,0,0
171040089,24859,3960266,3960266,240,0,0
171050186,24861,3960506,3960506,240,0,0
171060070,24862,3960746,3960746,240,0,0
171070177,24864,3960986,3960986,240,0,0
171080097,24865,3961226,3961226,240,0,0
171090178,24867,3961466,3961466,240,0,0
171100107,24868,3961706,3961706,240,0,0
171110195,24870,3961946,3961946,240,0,0
171120049,24871,3962183,3962186,240,0,3
171130225,24873,3962427,3962427,240,4,0
171140035,24874,3962663,3962667,240,0,4
171150032,24876,3962903,3962903,240,0,0
171160048,24877,3963143,3963143,240,0,0
171170183,24879,3963386,3963386,240,3,0
171180047,24880,3963623,3963626,240,0,3
171190184,24882,3963866,3963866,240,3,0
171200081,24883,3964106,3964106,240,0,0
171210186,24885,3964346,3964346,240,0,0
171220056,24886,3964583,3964586,240,0,3
171230257,24888,3964828,3964828,240,5,0
171240049,24889,3965063,3965068,240,0,5
171250212,24891,3965307,3965307,240,4,0
171260060,24892,3965543,3965547,240,0,4
171270209,24894,3965787,3965787,240,4,0
171280057,24895,3966023,3966027,240,0,4
171290212,24897,3966267,3966267,240,4,0
171300179,24898,3966507,3966507,240,0,0
171310218,24900,3966747,3966747,240,0,0
171320052,24901,3966983,3966987,240,0,4
171330369,24903,3967231,3967231,240,8,0
171340055,24904,3967463,3967471,240,0,8
171350210,24906,3967707,3967707,240,4,0
171360041,24907,3967943,3967947,240,0,4
171370193,24909,3968187,3968187,240,4,0
171380088,24910,3968424,3968427,240,0,3
171390202,24912,3968667,3968667,240,3,0
171400045,24913,3968903,3968907,240,0,4
171410206,24915,3969147,3969147,240,4,0
171420048,24916,3969383,3969387,240,0,4
171430209,24918,3969627,3969627,240,4,0
171440572,24919,3969876,3969876,240,9,0
171450200,24921,3970107,3970116,240,0,9
171460181,24922,3970347,3970347,240,0,0
171470199,24924,3970587,3970587,240,0,0
171480194,24925,3970827,3970827,240,0,0
171490201,24927,3971067,3971067,240,0,0
171500019,24928,3971302,3971307,240,0,5
171510189,24930,3971547,3971547,240,5,0
171520157,24931,3971787,3971787,240,0,0
171530627,24933,3972037,3972037,240,10,0
171540083,24934,3972264,3972277,240,0,13
171550201,24936,3972507,3972507,240,3,0
171560038,24937,3972743,3972747,240,0,4
171570180,24939,3972986,3972986,240,3,0
171580053,24940,3973223,3973226,240,0,3
171590198,24942,3973467,3973467,240,4,0
171600060,24943,3973703,3973707,240,0,4
171610192,24945,3973947,3973947,240,4,0
171620043,24946,3974183,3974187,240,0,4
171630042,24948,3974423,3974423,240,0,0
171640036,24949,3974663,3974663,240,0,0
171650313,24951,3974910,3974910,240,7,0
171660058,24952,3975143,3975150,240,0,7
171670225,24954,3975387,3975387,240,4,0
171680052,24955,3975623,3975627,240,0,4
171690213,24957,3975867,3975867,240,4,0
171700052,24958,3976103,3976107,240,0,4
171710180,24960,3976346,3976346,240,3,0
171720002,24961,3976582,3976586,240,0,4
171730214,24963,3976827,3976827,240,5,0
171740186,24964,3977067,3977067,240,0,0
171750253,24966,3977307,3977307,240,0,0
171760166,24967,3977547,3977547,240,0,0
171770212,24969,3977787,3977787,240,0,0
171780064,24970,3978024,3978027,240,0,3
171790195,24972,3978267,3978267,240,3,0
171800078,24973,3978504,3978507,240,0,3
171810200,24975,3978747,3978747,240,3,0
171820113,24976,3978987,3978987,240,0,0
171830194,24978,3979227,3979227,240,0,0
171840058,24979,3979463,3979467,240,0,4
171850134,24981,3979703,3979703,240,0,0
171860057,24982,3979943,3979943,240,0,0
171870199,24984,3980187,3980187,240,4,0
171880026,24985,3980423,3980427,240,0,4
171890207,24988,3980667,3980667,240,4,0
171900065,24989,3980904,3980907,240,0,3
171910211,24991,3981147,3981147,240,3,0
171919972,24992,3981381,3981387,240,0,6
171930207,24994,3981627,3981627,240,6,0
171940179,24995,3981867,3981867,240,0,0
171950238,24997,3982107,3982107,240,0,0
171960027,24998,3982343,3982347,240,0,4
171970582,25000,3982596,3982596,240,13,0
171979947,25001,3982821,3982836,240,0,15
171990220,25003,3983067,3983067,240,6,0
172000032,25004,3983303,3983307,240,0,4
172010210,25006,3983547,3983547,240,4,0
172020087,25007,3983784,3983787,240,0,3
172030222,25009,3984027,3984027,240,3,0
172040034,25010,3984263,3984267,240,0,4
172050243,25012,3984508,3984508,240,5,0
172060011,25013,3984742,3984748,240,0,6
172070554,25015,3984995,3984995,240,13,0
172080271,25016,3985229,3985235,240,0,6
172090184,25018,3985466,3985469,240,0,3
172100114,25019,3985706,3985706,240,0,0
172110193,25021,3985946,3985946,240,0,0
172120325,25022,3986190,3986190,240,4,0
172130264,25024,3986430,3986430,240,0,0
172140058,25025,3986663,3986670,240,0,7
172150241,25027,3986908,3986908,240,5,0
172159996,25028,3987142,3987148,240,0,6
172170233,25030,3987388,3987388,240,6,0
172180315,25031,3987628,3987628,240,0,0
172190222,25033,3987868,3987868,240,0,0
172200341,25034,3988108,3988108,240,0,0
172210193,25036,3988348,3988348,240,0,0
172220054,25037,3988583,3988588,240,0,5
172230203,25039,3988827,3988827,240,4,0
172240076,25040,3989064,3989067,240,0,3
172250220,25042,3989307,3989307,240,3,0
172260639,25043,3989557,3989557,240,10,0
172270163,25045,3989786,3989797,240,0,11
172280257,25046,3990026,3990026,240,0,0
172290329,25048,3990270,3990270,240,4,0
172300158,25049,3990506,3990510,240,0,4
172310161,25051,3990746,3990746,240,0,0
172320062,25052,3990983,3990986,240,0,3
172330178,25054,3991226,3991226,240,3,0
172340174,25055,3991466,3991466,240,0,0
172350184,25057,3991706,3991706,240,0,0
172359991,25058,3991942,3991946,240,0,4
172370207,25060,3992187,3992187,240,5,0
172380709,25061,3992439,3992439,240,12,0
172390230,25063,3992668,3992679,240,0,11
172400084,25064,3992904,3992908,240,0,4
172410184,25066,3993144,3993144,240,0,0
172420068,25067,3993384,3993384,240,0,0
172430186,25069,3993624,3993624,240,0,0
172440179,25070,3993864,3993864,240,0,0
172450056,25072,3994104,3994104,240,0,0
172460103,25073,3994344,3994344,240,0,0
172470304,25075,3994589,3994589,240,5,0
172480169,25076,3994826,3994829,240,0,3
172490225,25078,3995066,3995066,240,0,0
172500047,25079,3995303,3995306,240,0,3
172510213,25081,3995547,3995547,240,4,0
172520047,25082,3995783,3995787,240,0,4
172530182,25084,3996026,3996026,240,3,0
172540296,25085,3996269,3996269,240,3,0
172550191,25087,3996509,3996509,240,0,0
172560149,25088,3996746,3996749,240,0,3
172570208,25090,3996986,3996986,240,0,0
172580068,25091,3997226,3997226,240,0,0
172590182,25093,3997466,3997466,240,0,0
172600195,25094,3997706,3997706,240,0,0
172610177,25096,3997946,3997946,240,0,0
172620112,25097,3998186,3998186,240,0,0
172630174,25099,3998426,3998426,240,0,0
172640076,25100,3998666,3998666,240,0,0
172650155,25102,3998906,3998906,240,0,0
172660052,25103,3999143,3999146,240,0,3
172670241,25105,3999388,3999388,240,5,0
172680200,25106,3999628,3999628,240,0,0
172690213,25108,3999868,3999868,240,0,0
172700210,25109,4000108,4000108,240,0,0
172710208,25111,4000348,4000348,240,0,0
172720153,25112,4000588,4000588,240,0,0
172730219,25114,4000828,4000828,240,0,0
172740179,25115,4001068,4001068,240,0,0
172750199,25117,4001308,4001308,240,0,0
172760120,25118,4001545,4001548,240,0,3
172770095,25120,4001785,4001785,240,0,0
172780089,25121,4002025,4002025,240,0,0
172790216,25123,4002265,4002265,240,0,0
172800109,25124,4002505,4002505,240,0,0
172810010,25126,4002742,4002745,240,0,3
172820078,25127,4002982,4002982,240,0,0
172830189,25129,4003227,4003227,240,5,0
172840153,25130,4003467,4003467,240,0,0
172850221,25132,4003707,4003707,240,0,0
172860212,25133,4003947,4003947,240,0,0
172870263,25135,4004187,4004187,240,0,0
172880063,25136,4004424,4004427,240,0,3
172890041,25138,4004664,4004664,240,0,0
172900370,25139,4004911,4004911,240,7,0
172910198,25141,4005147,4005151,240,0,4
172920094,25142,4005384,4005387,240,0,3
172930019,25144,4005624,4005624,240,0,0
172940045,25145,4005864,4005864,240,0,0
172950535,25147,4006115,4006115,240,11,0
172960087,25148,4006344,4006355,240,0,11
172970272,25150,4006589,4006589,240,5,0
172980182,25151,4006826,4006829,240,0,3
172990201,25153,4007066,4007066,240,0,0
173000200,25154,4007306,4007306,240,0,0
173010194,25156,4007546,4007546,240,0,0
173020177,25157,4007786,4007786,240,0,0
173030201,25159,4008026,4008026,240,0,0
173039996,25160,4008262,4008266,240,0,4
173050191,25162,4008507,4008507,240,5,0
173060115,25163,4008747,4008747,240,0,0
173070198,25165,4008987,4008987,240,0,0
173079972,25166,4009221,4009227,240,0,6
173090211,25168,4009467,4009467,240,6,0
173100076,25169,4009704,4009707,240,0,3
173110208,25171,4009947,4009947,240,3,0
173120177,25172,4010187,4010187,240,0,0
173130197,25174,4010427,4010427,240,0,0
173140178,25175,4010667,4010667,240,0,0
173150200,25177,4010907,4010907,240,0,0
173160106,25178,4011147,4011147,240,0,0
173170189,25180,4011387,4011387,240,0,0
173180071,25181,4011624,4011627,240,0,3
173190201,25183,4011867,4011867,240,3,0
173200226,25184,4012107,4012107,240,0,0
173210203,25186,4012347,4012347,240,0,0
173220190,25187,4012587,4012587,240,0,0
173230199,25189,4012827,4012827,240,0,0
173240175,25190,4013067,4013067,240,0,0
173250216,25192,4013307,4013307,240,0,0
173260174,25193,4013547,4013547,240,0,0
173270213,25195,4013787,4013787,240,0,0
173280193,25196,4014027,4014027,240,0,0
173290206,25198,4014267,4014267,240,0,0
173300055,25199,4014503,4014507,240,0,4
173310173,25201,4014746,4014746,240,3,0
173320166,25202,4014986,4014986,240,0,0
173330192,25204,4015226,4015226,240,0,0
173340112,25205,4015466,4015466,240,0,0
173350188,25207,4015706,4015706,240,0,0
173360157,25208,4015946,4015946,240,0,0
173370200,25210,4016186,4016186,240,0,0
173380201,25211,4016426,4016426,240,0,0
173390214,25213,4016666,4016666,240,0,0
173400104,25214,4016906,4016906,240,0,0
173410023,25216,4017143,4017146,240,0,3
173420021,25217,4017383,4017383,240,0,0
173430035,25219,4017623,4017623,240,0,0
173440116,25220,4017863,4017863,240,0,0
173450150,25222,4018106,4018106,240,3,0
173460046,25223,4018343,4018346,240,0,3
173470160,25225,4018586,4018586,240,3,0
173480137,25226,4018826,4018826,240,0,0
173490256,25228,4019066,4019066,240,0,0
173500185,25229,4019306,4019306,240,0,0
173510208,25231,4019546,4019546,240,0,0
173520215,25232,4019786,4019786,240,0,0
173530227,25234,4020026,4020026,240,0,0
173540175,25235,4020266,4020266,240,0,0
173550198,25237,4020506,4020506,240,0,0
173560190,25238,4020746,4020746,240,0,0
173570202,25240,4020986,4020986,240,0,0
173580126,25241,4021226,4021226,240,0,0
173590129,25243,4021466,4021466,240,0,0
173600096,25244,4021706,4021706,240,0,0
173610189,25246,4021946,4021946,240,0,0
173620161,25247,4022186,4022186,240,0,0
173630189,25249,4022426,4022426,240,0,0
173640134,25250,4022666,4022666,240,0,0
173650187,25252,4022906,4022906,240,0,0
173660191,25253,4023146,4023146,240,0,0
173670190,25255,4023386,4023386,240,0,0
173680207,25256,4023626,4023626,240,0,0
173690240,25258,4023866,4023866,240,0,0
173700064,25259,4024106,4024106,240,0,0
173710055,25261,4024343,4024346,240,0,3
173720084,25262,4024583,4024583,240,0,0
173730194,25264,4024827,4024827,240,4,0
173740188,25265,4025067,4025067,240,0,0
173750194,25267,4025307,4025307,240,0,0
173760207,25268,4025547,4025547,240,0,0
173770197,25270,4025787,4025787,240,0,0
173780113,25271,4026027,4026027,240,0,0
173790224,25273,4026267,4026267,240,0,0
173800241,25274,4026507,4026507,240,0,0
173810218,25276,4026747,4026747,240,0,0
173820195,25277,4026987,4026987,240,0,0
173830202,25279,4027227,4027227,240,0,0
173840200,25280,4027467,4027467,240,0,0
173850228,25282,4027707,4027707,240,0,0
173860176,25283,4027947,4027947,240,0,0
173870193,25285,4028187,4028187,240,0,0
173880170,25286,4028427,4028427,240,0,0
173890365,25288,4028671,4028671,240,4,0
173900301,25290,4028911,4028911,240,0,0
173910195,25292,4029147,4029151,240,0,4
173920171,25293,4029387,4029387,240,0,0
173930233,25295,4029627,4029627,240,0,0
173940146,25296,4029867,4029867,240,0,0
173950180,25298,4030107,4030107,240,0,0
173960058,25299,4030343,4030347,240,0,4
173970309,25301,4030589,4030589,240,6,0
173980139,25302,4030825,4030829,240,0,4
173990179,25304,4031065,4031065,240,0,0
174000669,25305,4031318,4031318,240,13,0
174010178,25307,4031546,4031558,240,0,12
174020136,25308,4031786,4031786,240,0,0
174030220,25310,4032026,4032026,240,0,0
174040172,25311,4032266,4032266,240,0,0
174050193,25313,4032506,4032506,240,0,0
174060152,25314,4032746,4032746,240,0,0
174070192,25316,4032986,4032986,240,0,0
174080161,25317,4033226,4033226,240,0,0
174090196,25319,4033466,4033466,240,0,0
174099951,25320,4033701,4033706,240,0,5
174110197,25322,4033947,4033947,240,6,0
174120028,25323,4034183,4034187,240,0,4
174130221,25325,4034427,4034427,240,4,0
174140165,25326,4034667,4034667,240,0,0
174150205,25328,4034907,4034907,240,0,0
174160128,25329,4035147,4035147,240,0,0
174170200,25331,4035387,4035387,240,0,0
174180153,25332,4035627,4035627,240,0,0
174190211,25334,4035867,4035867,240,0,0
174200103,25335,4036104,4036107,240,0,3
174210192,25337,4036347,4036347,240,3,0
174220085,25338,4036584,4036587,240,0,3
174230231,25340,4036828,4036828,240,4,0
174240146,25341,4037068,4037068,240,0,0
174250212,25343,4037308,4037308,240,0,0
174260101,25344,4037544,4037548,240,0,4
174270202,25346,4037787,4037787,240,3,0
174280081,25347,4038024,4038027,240,0,3
174290222,25349,4038267,4038267,240,3,0
174300254,25350,4038507,4038507,240,0,0
174310248,25352,4038747,4038747,240,0,0
174320178,25353,4038987,4038987,240,0,0
174330206,25355,4039227,4039227,240,0,0
174340202,25356,4039467,4039467,240,0,0
174350055,25358,4039703,4039707,240,0,4
174360065,25359,4039943,4039943,240,0,0
174370209,25361,4040187,4040187,240,4,0
174380199,25362,4040427,4040427,240,0,0
174390190,25364,4040667,4040667,240,0,0
174400174,25365,4040907,4040907,240,0,0
174410704,25367,4041159,4041159,240,12,0
174420056,25368,4041383,4041399,240,0,16
174430196,25370,4041627,4041627,240,4,0
174440251,25371,4041867,4041867,240,0,0
174450169,25373,4042107,4042107,240,0,0
174460114,25374,4042347,4042347,240,0,0
174470380,25376,4042591,4042591,240,4,0
174480093,25377,4042824,4042831,240,0,7
174490187,25379,4043064,4043064,240,0,0
174500177,25380,4043304,4043304,240,0,0
174510131,25382,4043544,4043544,240,0,0
174520073,25383,4043784,4043784,240,0,0
174530547,25385,4044035,4044035,240,11,0
174540136,25386,4044265,4044275,240,0,10
174550185,25388,4044505,4044505,240,0,0
174560158,25389,4044745,4044745,240,0,0
174570199,25391,4044985,4044985,240,0,0
174580127,25392,4045225,4045225,240,0,0
174590199,25394,4045465,4045465,240,0,0
174600250,25395,4045708,4045708,240,3,0
174610237,25397,4045948,4045948,240,0,0
174620098,25398,4046184,4046188,240,0,4
174630193,25400,4046427,4046427,240,3,0
174640175,25401,4046667,4046667,240,0,0
174650188,25403,4046907,4046907,240,0,0
174660182,25404,4047147,4047147,240,0,0
174670193,25406,4047387,4047387,240,0,0
174680183,25407,4047627,4047627,240,0,0
174690194,25409,4047867,4047867,240,0,0
174700155,25410,4048107,4048107,240,0,0
174710225,25412,4048347,4048347,240,0,0
174720667,25413,4048598,4048598,240,11,0
174730203,25415,4048827,4048838,240,0,11
174740167,25416,4049067,4049067,240,0,0
174750203,25418,4049307,4049307,240,0,0
174760275,25419,4049547,4049547,240,0,0
174770637,25421,4049797,4049797,240,10,0
174780062,25422,4050023,4050037,240,0,14
174790507,25424,4050274,4050274,240,11,0
174800029,25425,4050503,4050514,240,0,11
174810222,25427,4050747,4050747,240,4,0
174820361,25428,4050991,4050991,240,4,0
174830196,25430,4051227,4051231,240,0,4
174840141,25431,4051467,4051467,240,0,0
174850233,25433,4051707,4051707,240,0,0
174860167,25434,4051947,4051947,240,0,0
174870195,25436,4052187,4052187,240,0,0
174880156,25437,4052427,4052427,240,0,0
174890191,25439,4052667,4052667,240,0,0
174900158,25440,4052907,4052907,240,0,0
174910187,25442,4053147,4053147,240,0,0
174919966,25443,4053381,4053387,240,0,6
174930209,25445,4053627,4053627,240,6,0
174940263,25446,4053867,4053867,240,0,0
174950233,25448,4054107,4054107,240,0,0
174960103,25449,4054344,4054347,240,0,3
174970203,25451,4054587,4054587,240,3,0
174980135,25452,4054827,4054827,240,0,0
174990186,25454,4055067,4055067,240,0,0
175000093,25455,4055304,4055307,240,0,3
175010036,25457,4055544,4055544,240,0,0
175020009,25458,4055784,4055784,240,0,0
175030315,25460,4056030,4056030,240,6,0
175040166,25461,4056266,4056270,240,0,4
175050200,25463,4056506,4056506,240,0,0
175060162,25464,4056746,4056746,240,0,0
175070200,25466,4056986,4056986,240,0,0
175080161,25467,4057226,4057226,240,0,0
175090203,25469,4057466,4057466,240,0,0
175100534,25470,4057715,4057715,240,9,0
175110177,25472,4057946,4057955,240,0,9
175120187,25473,4058186,4058186,240,0,0
175130663,25475,4058438,4058438,240,12,0
175140098,25476,4058664,4058678,240,0,14
175150184,25478,4058904,4058904,240,0,0
175160161,25479,4059144,4059144,240,0,0
175170186,25481,4059384,4059384,240,0,0
175180164,25482,4059624,4059624,240,0,0
175190197,25484,4059867,4059867,240,3,0
175200188,25485,4060107,4060107,240,0,0
175210194,25487,4060347,4060347,240,0,0
175220169,25488,4060587,4060587,240,0,0
175230530,25490,4060835,4060835,240,8,0
175240168,25491,4061066,4061075,240,0,9
175250191,25493,4061306,4061306,240,0,0
175260194,25494,4061546,4061546,240,0,0
175270238,25496,4061786,4061786,240,0,0
175280160,25497,4062026,4062026,240,0,0
175290210,25499,4062266,4062266,240,0,0
175300151,25500,4062506,4062506,240,0,0
175310215,25502,4062746,4062746,240,0,0
175320157,25503,4062986,4062986,240,0,0
175330133,25505,4063226,4063226,240,0,0
175340090,25506,4063466,4063466,240,0,0
175350486,25508,4063714,4063714,240,8,0
175360176,25509,4063946,4063954,240,0,8
175370204,25511,4064186,4064186,240,0,0
175380187,25512,4064426,4064426,240,0,0
175390198,25514,4064666,4064666,240,0,0
175400187,25515,4064906,4064906,240,0,0
175410198,25517,4065146,4065146,240,0,0
175420209,25518,4065386,4065386,240,0,0
175430249,25520,4065626,4065626,240,0,0
175440081,25521,4065866,4065866,240,0,0
175450032,25523,4066103,4066106,240,0,3
175460088,25524,4066343,4066343,240,0,0
175470200,25526,4066587,4066587,240,4,0
175480202,25527,4066827,4066827,240,0,0
175490060,25529,4067063,4067067,240,0,4
175500068,25530,4067303,4067303,240,0,0
175510536,25532,4067555,4067555,240,12,0
175520247,25533,4067788,4067795,240,0,7
175530267,25535,4068028,4068028,240,0,0
175540085,25536,4068264,4068268,240,0,4
175550187,25538,4068504,4068504,240,0,0
175560212,25539,4068747,4068747,240,3,0
175570248,25541,4068987,4068987,240,0,0
175580181,25542,4069227,4069227,240,0,0
175590187,25544,4069467,4069467,240,0,0
175600193,25545,4069707,4069707,240,0,0
175610188,25547,4069947,4069947,240,0,0
175620188,25548,4070187,4070187,240,0,0
175630188,25550,4070427,4070427,240,0,0
175639973,25551,4070661,4070667,240,0,6
175650209,25553,4070907,4070907,240,6,0
175660101,25554,4071144,4071147,240,0,3
175670152,25556,4071384,4071384,240,0,0
175680145,25557,4071624,4071624,240,0,0
175690189,25559,4071867,4071867,240,3,0
175700196,25560,4072107,4072107,240,0,0
175710183,25562,4072347,4072347,240,0,0
175720266,25563,4072587,4072587,240,0,0
175730226,25565,4072827,4072827,240,0,0
175740090,25566,4073064,4073067,240,0,3
175750199,25568,4073307,4073307,240,3,0
175760229,25569,4073547,4073547,240,0,0
175770200,25571,4073787,4073787,240,0,0
175780084,25572,4074024,4074027,240,0,3
175790371,25574,4074271,4074271,240,7,0
175800049,25575,4074503,4074511,240,0,8
175810182,25577,4074746,4074746,240,3,0
175820149,25578,4074986,4074986,240,0,0
175830192,25580,4075226,4075226,240,0,0
175840199,25581,4075466,4075466,240,0,0
175850576,25583,4075716,4075716,240,10,0
175860149,25584,4075946,4075956,240,0,10
175870222,25586,4076186,4076186,240,0,0
175880142,25587,4076426,4076426,240,0,0
175890212,25589,4076666,4076666,240,0,0
175900146,25591,4076906,4076906,240,0,0
175910191,25593,4077146,4077146,240,0,0
175920144,25594,4077386,4077386,240,0,0
175930200,25596,4077626,4077626,240,0,0
175940154,25597,4077866,4077866,240,0,0
175950222,25599,4078106,4078106,240,0,0
175960081,25600,4078346,4078346,240,0,0
175970237,25602,4078586,4078586,240,0,0
175980196,25603,4078826,4078826,240,0,0
175990198,25605,4079066,4079066,240,0,0
176000168,25606,4079306,4079306,240,0,0
176010209,25608,4079546,4079546,240,0,0
176020166,25609,4079786,4079786,240,0,0
176030212,25611,4080026,4080026,240,0,0
176040190,25612,4080266,4080266,240,0,0
176050270,25614,4080506,4080506,240,0,0
176060239,25615,4080746,4080746,240,0,0
176070204,25617,4080986,4080986,240,0,0
176080227,25618,4081226,4081226,240,0,0
176090203,25620,4081466,4081466,240,0,0
176100151,25621,4081706,4081706,240,0,0
176110202,25623,4081946,4081946,240,0,0
176120190,25624,4082186,4082186,240,0,0
176130197,25626,4082426,4082426,240,0,0
176140155,25627,4082666,4082666,240,0,0
176151087,25629,4082928,4082928,240,22,0
176160130,25630,4083145,4083168,240,0,23
176170175,25632,4083385,4083385,240,0,0
176180154,25633,4083625,4083625,240,0,0
176190177,25635,4083865,4083865,240,0,0
176200171,25636,4084105,4084105,240,0,0
176210481,25638,4084354,4084354,240,9,0
176220106,25639,4084585,4084594,240,0,9
176230202,25641,4084825,4084825,240,0,0
176240046,25642,4085065,4085065,240,0,0
176250225,25644,4085305,4085305,240,0,0
176260113,25645,4085545,4085545,240,0,0
176270041,25647,4085785,4085785,240,0,0
176280076,25648,4086025,4086025,240,0,0
176290191,25650,4086265,4086265,240,0,0
176300179,25651,4086505,4086505,240,0,0
176310201,25653,4086745,4086745,240,0,0
176320207,25654,4086985,4086985,240,0,0
176330216,25656,4087225,4087225,240,0,0
176340150,25657,4087465,4087465,240,0,0
176350230,25659,4087708,4087708,240,3,0
176360209,25660,4087948,4087948,240,0,0
176370204,25662,4088188,4088188,240,0,0
176380133,25663,4088425,4088428,240,0,3
176390191,25665,4088665,4088665,240,0,0
176400189,25666,4088905,4088905,240,0,0
176410190,25668,4089145,4089145,240,0,0
176420179,25669,4089385,4089385,240,0,0
176430039,25671,4089625,4089625,240,0,0
176440072,25672,4089865,4089865,240,0,0
176450178,25674,4090105,4090105,240,0,0
176460118,25675,4090345,4090345,240,0,0
176470221,25677,4090585,4090585,240,0,0
176480156,25678,4090825,4090825,240,0,0
176490199,25680,4091065,4091065,240,0,0
176500142,25681,4091305,4091305,240,0,0
176510027,25683,4091545,4091545,240,0,0
176520078,25684,4091785,4091785,240,0,0
176530179,25686,4092025,4092025,240,0,0
176540108,25687,4092265,4092265,240,0,0
176550184,25689,4092505,4092505,240,0,0
176560070,25690,4092745,4092745,240,0,0
176570209,25692,4092985,4092985,240,0,0
176580098,25693,4093225,4093225,240,0,0
176590204,25695,4093465,4093465,240,0,0
176600183,25696,4093705,4093705,240,0,0
176610198,25698,4093945,4093945,240,0,0
176620152,25699,4094185,4094185,240,0,0
176630201,25701,4094425,4094425,240,0,0
176640156,25702,4094665,4094665,240,0,0
176650286,25704,4094909,4094909,240,4,0
176660065,25705,4095144,4095149,240,0,5
176670214,25707,4095387,4095387,240,3,0
176680222,25708,4095627,4095627,240,0,0
176690192,25710,4095867,4095867,240,0,0
176700057,25711,4096103,4096107,240,0,4
176710187,25713,4096346,4096346,240,3,0
176720216,25714,4096586,4096586,240,0,0
176730466,25716,4096833,4096833,240,7,0
176740000,25717,4097062,4097073,240,0,11
176750168,25719,4097306,4097306,240,4,0
176760513,25720,4097554,4097554,240,8,0
176770215,25722,4097787,4097794,240,0,7
176780198,25723,4098027,4098027,240,0,0
176790200,25725,4098267,4098267,240,0,0
176800087,25726,4098504,4098507,240,0,3
176810195,25728,4098747,4098747,240,3,0
176820125,25729,4098987,4098987,240,0,0
176830191,25731,4099227,4099227,240,0,0
176840136,25732,4099467,4099467,240,0,0
176850226,25734,4099707,4099707,240,0,0
176860290,25735,4099947,4099947,240,0,0
176870140,25737,4100187,4100187,240,0,0
176880116,25738,4100427,4100427,240,0,0
176890177,25740,4100667,4100667,240,0,0
176900170,25741,4100907,4100907,240,0,0
176910187,25743,4101147,4101147,240,0,0
176920183,25744,4101387,4101387,240,0,0
176930178,25746,4101627,4101627,240,0,0
176940270,25747,4101867,4101867,240,0,0
176950221,25749,4102107,4102107,240,0,0
176960172,25750,4102347,4102347,240,0,0
176970147,25752,4102587,4102587,240,0,0
176980093,25753,4102824,4102827,240,0,3
176990032,25755,4103064,4103064,240,0,0
177000080,25756,4103304,4103304,240,0,0
177010048,25758,4103544,4103544,240,0,0
177020091,25759,4103784,4103784,240,0,0
177030192,25761,4104027,4104027,240,3,0
177040164,25762,4104267,4104267,240,0,0
177050199,25764,4104507,4104507,240,0,0
177060214,25765,4104747,4104747,240,0,0
177070184,25767,4104987,4104987,240,0,0
177080066,25768,4105224,4105227,240,0,3
177090258,25770,4105468,4105468,240,4,0
177100345,25771,4105708,4105708,240,0,0
177110178,25773,4105948,4105948,240,0,0
177120123,25774,4106185,4106188,240,0,3
177130172,25776,4106425,4106425,240,0,0
177140160,25777,4106665,4106665,240,0,0
177150210,25779,4106905,4106905,240,0,0
177160158,25780,4107145,4107145,240,0,0
177170242,25782,4107388,4107388,240,3,0
177180108,25783,4107625,4107628,240,0,3
177190190,25785,4107865,4107865,240,0,0
177200096,25786,4108105,4108105,240,0,0
177210189,25788,4108345,4108345,240,0,0
177220112,25789,4108585,4108585,240,0,0
177230186,25791,4108825,4108825,240,0,0
177240115,25792,4109065,4109065,240,0,0
177250188,25794,4109305,4109305,240,0,0
177260149,25795,4109545,4109545,240,0,0
177270628,25797,4109797,4109797,240,12,0
177281312,25798,4110053,4110053,240,16,0
177290185,25800,4110266,4110293,240,0,27
177300142,25801,4110506,4110506,240,0,0
177310171,25803,4110746,4110746,240,0,0
177320050,25804,4110983,4110986,240,0,3
177330178,25806,4111226,4111226,240,3,0
177340111,25807,4111466,4111466,240,0,0
177350184,25809,4111706,4111706,240,0,0
177360073,25810,4111946,4111946,240,0,0
177370174,25812,4112186,4112186,240,0,0
177379960,25813,4112421,4112426,240,0,5
177390200,25815,4112667,4112667,240,6,0
177400179,25816,4112907,4112907,240,0,0
177410191,25818,4113147,4113147,240,0,0
177420157,25819,4113387,4113387,240,0,0
177430187,25821,4113627,4113627,240,0,0
177440112,25822,4113867,4113867,240,0,0
177450185,25824,4114107,4114107,240,0,0
177460160,25825,4114347,4114347,240,0,0
177470190,25827,4114587,4114587,240,0,0
177479960,25828,4114821,4114827,240,0,6
177490209,25830,4115067,4115067,240,6,0
177500335,25831,4115310,4115310,240,3,0
177510166,25833,4115546,4115550,240,0,4
177520261,25834,4115786,4115786,240,0,0
177530238,25836,4116026,4116026,240,0,0
177540112,25837,4116266,4116266,240,0,0
177550197,25839,4116506,4116506,240,0,0
177560151,25840,4116746,4116746,240,0,0
177570194,25842,4116986,4116986,240,0,0
177580188,25843,4117226,4117226,240,0,0
177590203,25845,4117466,4117466,240,0,0
177600151,25846,4117706,4117706,240,0,0
177610187,25848,4117946,4117946,240,0,0
177620160,25849,4118186,4118186,240,0,0
177630190,25851,4118426,4118426,240,0,0
177640174,25852,4118666,4118666,240,0,0
177650191,25854,4118906,4118906,240,0,0
177660173,25855,4119146,4119146,240,0,0
177670189,25857,4119386,4119386,240,0,0
177680162,25858,4119626,4119626,240,0,0
177690210,25860,4119866,4119866,240,0,0
177700176,25861,4120106,4120106,240,0,0
177710193,25863,4120346,4120346,240,0,0
177720170,25864,4120586,4120586,240,0,0
177730193,25866,4120826,4120826,240,0,0
177740174,25867,4121066,4121066,240,0,0
177750191,25869,4121306,4121306,240,0,0
177760188,25870,4121546,4121546,240,0,0
177770197,25872,4121786,4121786,240,0,0
177780172,25873,4122026,4122026,240,0,0
177790246,25875,4122266,4122266,240,0,0
177800187,25876,4122506,4122506,240,0,0
177810208,25878,4122746,4122746,240,0,0
177820163,25879,4122986,4122986,240,0,0
177830190,25881,4123226,4123226,240,0,0
177840062,25882,4123463,4123466,240,0,3
177850198,25884,4123707,4123707,240,4,0
177860183,25885,4123947,4123947,240,0,0
177870237,25887,4124187,4124187,240,0,0
177880257,25888,4124427,4124427,240,0,0
177890133,25890,4124667,4124667,240,0,0
177900101,25892,4124904,4124907,240,0,3
177910183,25894,4125144,4125144,240,0,0
177920191,25895,4125387,4125387,240,3,0
177930201,25897,4125627,4125627,240,0,0
177940195,25898,4125867,4125867,240,0,0
177950211,25900,4126107,4126107,240,0,0
177960100,25901,4126344,4126347,240,0,3
177970197,25903,4126587,4126587,240,3,0
177980123,25904,4126827,4126827,240,0,0
177990248,25906,4127067,4127067,240,0,0
178000190,25907,4127307,4127307,240,0,0
178010046,25909,4127543,4127547,240,0,4
178020081,25910,4127783,4127783,240,0,0
178030201,25912,4128027,4128027,240,4,0
178040087,25913,4128264,4128267,240,0,3
178050195,25915,4128507,4128507,240,3,0
178060212,25916,4128747,4128747,240,0,0
178070209,25918,4128987,4128987,240,0,0
178080200,25919,4129227,4129227,240,0,0
178090231,25921,4129467,4129467,240,0,0
178100092,25922,4129704,4129707,240,0,3
178110204,25924,4129947,4129947,240,3,0
178120213,25925,4130187,4130187,240,0,0
178130198,25927,4130427,4130427,240,0,0
178140251,25928,4130667,4130667,240,0,0
178150200,25930,4130907,4130907,240,0,0
178160188,25931,4131147,4131147,240,0,0
178170201,25933,4131387,4131387,240,0,0
178180211,25934,4131627,4131627,240,0,0
178190203,25936,4131867,4131867,240,0,0
178200121,25937,4132107,4132107,240,0,0
178210216,25939,4132347,4132347,240,0,0
178220189,25940,4132587,4132587,240,0,0
178230213,25942,4132827,4132827,240,0,0
178240112,25943,4133067,4133067,240,0,0
178250211,25945,4133307,4133307,240,0,0
178260155,25946,4133547,4133547,240,0,0
178270211,25948,4133787,4133787,240,0,0
178280156,25949,4134027,4134027,240,0,0
178290209,25951,4134267,4134267,240,0,0
178300095,25952,4134504,4134507,240,0,3
178310222,25954,4134747,4134747,240,3,0
178320416,25955,4134992,4134992,240,5,0
178330208,25957,4135227,4135232,240,0,5
178340108,25958,4135467,4135467,240,0,0
178350217,25960,4135707,4135707,240,0,0
178360291,25961,4135947,4135947,240,0,0
178370227,25963,4136187,4136187,240,0,0
178380074,25964,4136424,4136427,240,0,3
178390200,25966,4136667,4136667,240,3,0
178400100,25967,4136904,4136907,240,0,3
178410346,25969,4137150,4137150,240,6,0
178420051,25970,4137383,4137390,240,0,7
178430364,25972,4137631,4137631,240,8,0
178440137,25973,4137865,4137871,240,0,6
178450212,25975,4138105,4138105,240,0,0
178460139,25976,4138345,4138345,240,0,0
178470206,25978,4138585,4138585,240,0,0
178480181,25979,4138825,4138825,240,0,0
178490211,25981,4139065,4139065,240,0,0
178500182,25982,4139305,4139305,240,0,0
178510207,25984,4139545,4139545,240,0,0
178520111,25985,4139785,4139785,240,0,0
178530190,25987,4140025,4140025,240,0,0
178540124,25988,4140265,4140265,240,0,0
178550198,25990,4140505,4140505,240,0,0
178560038,25991,4140745,4140745,240,0,0
178570246,25993,4140988,4140988,240,3,0
178580195,25994,4141228,4141228,240,0,0
178590220,25996,4141468,4141468,240,0,0
178600160,25997,4141708,4141708,240,0,0
178610121,25999,4141945,4141948,240,0,3
178620092,26000,4142185,4142185,240,0,0
178630207,26002,4142425,4142425,240,0,0
178640171,26003,4142665,4142665,240,0,0
178650209,26005,4142905,4142905,240,0,0
178660182,26006,4143145,4143145,240,0,0
178670207,26008,4143385,4143385,240,0,0
178680181,26009,4143625,4143625,240,0,0
178690203,26011,4143865,4143865,240,0,0
178700134,26012,4144105,4144105,240,0,0
178710103,26014,4144345,4144345,240,0,0
178720073,26015,4144585,4144585,240,0,0
178730186,26017,4144825,4144825,240,0,0
178740085,26018,4145065,4145065,240,0,0
178750189,26020,4145305,4145305,240,0,0
178760061,26021,4145545,4145545,240,0,0
178770195,26023,4145785,4145785,240,0,0
178780150,26024,4146025,4146025,240,0,0
178790263,26026,4146268,4146268,240,3,0
178800177,26027,4146508,4146508,240,0,0
178810239,26029,4146748,4146748,240,0,0
178820103,26030,4146984,4146988,240,0,4
178830012,26032,4147224,4147224,240,0,0
178840079,26033,4147464,4147464,240,0,0
178850220,26035,4147707,4147707,240,3,0
178860162,26036,4147947,4147947,240,0,0
178870212,26038,4148187,4148187,240,0,0
178880165,26039,4148427,4148427,240,0,0
178890209,26041,4148667,4148667,240,0,0
178900154,26042,4148907,4148907,240,0,0
178910263,26044,4149147,4149147,240,0,0
178920050,26045,4149383,4149387,240,0,4
178930207,26047,4149627,4149627,240,4,0
178940149,26048,4149867,4149867,240,0,0
178950214,26050,4150107,4150107,240,0,0
178960168,26051,4150347,4150347,240,0,0
178970207,26053,4150587,4150587,240,0,0
178980144,26054,4150827,4150827,240,0,0
178990038,26056,4151063,4151067,240,0,4
179000100,26057,4151303,4151303,240,0,0
179010202,26059,4151547,4151547,240,4,0
179019956,26060,4151781,4151787,240,0,6
179030220,26062,4152027,4152027,240,6,0
179040102,26063,4152264,4152267,240,0,3
179050203,26065,4152507,4152507,240,3,0
179060165,26066,4152747,4152747,240,0,0
179070208,26068,4152987,4152987,240,0,0
179080189,26069,4153227,4153227,240,0,0
179090213,26071,4153467,4153467,240,0,0
179100158,26072,4153707,4153707,240,0,0
179110202,26074,4153947,4153947,240,0,0
179119982,26075,4154182,4154187,240,0,5
179130218,26077,4154427,4154427,240,5,0
179140187,26078,4154667,4154667,240,0,0
179150208,26080,4154907,4154907,240,0,0
179160167,26081,4155147,4155147,240,0,0
179170221,26083,4155387,4155387,240,0,0
179180163,26084,4155627,4155627,240,0,0
179190217,26086,4155867,4155867,240,0,0
179200184,26087,4156107,4156107,240,0,0
179210072,26089,4156344,4156347,240,0,3
179219942,26090,4156581,4156584,240,0,3
179230215,26092,4156827,4156827,240,6,0
179240040,26093,4157063,4157067,240,0,4
179250197,26095,4157307,4157307,240,4,0
179260074,26096,4157544,4157547,240,0,3
179270203,26098,4157787,4157787,240,3,0
179280271,26099,4158027,4158027,240,0,0
179290227,26101,4158267,4158267,240,0,0
179300006,26102,4158502,4158507,240,0,5
179310210,26104,4158747,4158747,240,5,0
179320064,26105,4158984,4158987,240,0,3
179330210,26107,4159227,4159227,240,3,0
179340165,26108,4159467,4159467,240,0,0
179350190,26110,4159707,4159707,240,0,0
179360162,26111,4159947,4159947,240,0,0
179370180,26113,4160187,4160187,240,0,0
179380189,26114,4160427,4160427,240,0,0
179390212,26116,4160667,4160667,240,0,0
179400073,26117,4160904,4160907,240,0,3
179410185,26119,4161144,4161144,240,0,0
179420349,26120,4161390,4161390,240,6,0
179430213,26122,4161627,4161630,240,0,3
179440146,26123,4161867,4161867,240,0,0
179450184,26125,4162107,4162107,240,0,0
179460163,26126,4162347,4162347,240,0,0
179470175,26128,4162587,4162587,240,0,0
179480115,26129,4162827,4162827,240,0,0
179490172,26131,4163067,4163067,240,0,0
179500187,26132,4163307,4163307,240,0,0
179510237,26134,4163547,4163547,240,0,0
179520284,26135,4163787,4163787,240,0,0
179530136,26137,4164027,4164027,240,0,0
179540096,26138,4164264,4164267,240,0,3
179550237,26140,4164508,4164508,240,4,0
179560056,26141,4164743,4164748,240,0,5
179570207,26143,4164987,4164987,240,4,0
179580195,26144,4165227,4165227,240,0,0
179590200,26146,4165467,4165467,240,0,0
179600181,26147,4165707,4165707,240,0,0
179610196,26149,4165947,4165947,240,0,0
179620194,26150,4166187,4166187,240,0,0
179630161,26152,4166427,4166427,240,0,0
179640101,26153,4166664,4166667,240,0,3
179650208,26155,4166907,4166907,240,3,0
179660109,26156,4167147,4167147,240,0,0
179670211,26158,4167387,4167387,240,0,0
179680123,26159,4167627,4167627,240,0,0
179690208,26161,4167867,4167867,240,0,0
179700117,26162,4168107,4168107,240,0,0
179710202,26164,4168347,4168347,240,0,0
179720392,26165,4168591,4168591,240,4,0
179730235,26167,4168828,4168831,240,0,3
179740053,26168,4169063,4169068,240,0,5
179750216,26170,4169307,4169307,240,4,0
179760069,26171,4169544,4169547,240,0,3
179770196,26173,4169787,4169787,240,3,0
179780226,26174,4170027,4170027,240,0,0
179790198,26176,4170267,4170267,240,0,0
179800154,26177,4170507,4170507,240,0,0
179810247,26179,4170747,4170747,240,0,0
179820096,26180,4170984,4170987,240,0,3
179830350,26182,4171230,4171230,240,6,0
179840389,26183,4171470,4171470,240,0,0
179850258,26185,4171710,4171710,240,0,0
179860214,26186,4171947,4171950,240,0,3
179870345,26188,4172190,4172190,240,3,0
179879990,26189,4172422,4172430,240,0,8
179890211,26191,4172667,4172667,240,5,0
179900177,26193,4172907,4172907,240,0,0
179910198,26195,4173147,4173147,240,0,0
179920238,26196,4173387,4173387,240,0,0
179930194,26198,4173627,4173627,240,0,0
179940091,26199,4173864,4173867,240,0,3
179950238,26201,4174108,4174108,240,4,0
179960275,26202,4174348,4174348,240,0,0
179970511,26204,4174594,4174594,240,6,0
179980215,26205,4174827,4174834,240,0,7
179990186,26207,4175067,4175067,240,0,0
180000194,26208,4175307,4175307,240,0,0
180010202,26210,4175547,4175547,240,0,0
180020198,26211,4175787,4175787,240,0,0
180030198,26213,4176027,4176027,240,0,0
180039961,26214,4176261,4176267,240,0,6
180050230,26216,4176508,4176508,240,7,0
180060393,26217,4176751,4176751,240,3,0
180070187,26219,4176986,4176991,240,0,5
180080163,26220,4177226,4177226,240,0,0
180090214,26222,4177466,4177466,240,0,0
180100179,26223,4177706,4177706,240,0,0
180110214,26225,4177946,4177946,240,0,0
180120107,26226,4178186,4178186,240,0,0
180130021,26228,4178423,4178426,240,0,3
180140063,26229,4178663,4178663,240,0,0
180150215,26231,4178907,4178907,240,4,0
180160090,26232,4179144,4179147,240,0,3
180170193,26234,4179387,4179387,240,3,0
180180186,26235,4179627,4179627,240,0,0
180190206,26237,4179867,4179867,240,0,0
180200187,26238,4180107,4180107,240,0,0
180210200,26240,4180347,4180347,240,0,0
180220053,26241,4180583,4180587,240,0,4
180230189,26243,4180827,4180827,240,4,0
180240230,26244,4181067,4181067,240,0,0
180250560,26246,4181315,4181315,240,8,0
180260177,26247,4181546,4181555,240,0,9
180270186,26249,4181786,4181786,240,0,0
180280178,26250,4182026,4182026,240,0,0
180290038,26252,4182263,4182266,240,0,3
180300130,26253,4182503,4182503,240,0,0
180310190,26255,4182747,4182747,240,4,0
180320046,26256,4182983,4182987,240,0,4
180330172,26258,4183226,4183226,240,3,0
180340202,26259,4183466,4183466,240,0,0
180350259,26261,4183706,4183706,240,0,0
180360188,26262,4183946,4183946,240,0,0
180370221,26264,4184186,4184186,240,0,0
180380191,26265,4184426,4184426,240,0,0
180390216,26267,4184666,4184666,240,0,0
180400187,26268,4184906,4184906,240,0,0
180410232,26270,4185146,4185146,240,0,0
180420193,26271,4185386,4185386,240,0,0
180430204,26273,4185626,4185626,240,0,0
180440186,26274,4185866,4185866,240,0,0
180450175,26276,4186106,4186106,240,0,0
180460136,26277,4186346,4186346,240,0,0
180470210,26279,4186586,4186586,240,0,0
180480189,26280,4186826,4186826,240,0,0
180490194,26282,4187066,4187066,240,0,0
180500208,26283,4187306,4187306,240,0,0
180510191,26285,4187546,4187546,240,0,0
180520179,26286,4187786,4187786,240,0,0
180530192,26288,4188026,4188026,240,0,0
180540116,26289,4188266,4188266,240,0,0
180550259,26291,4188506,4188506,240,0,0
180560199,26292,4188746,4188746,240,0,0
180570049,26294,4188983,4188986,240,0,3
180580192,26295,4189227,4189227,240,4,0
180590207,26297,4189467,4189467,240,0,0
180600181,26298,4189707,4189707,240,0,0
180610059,26300,4189943,4189947,240,0,4
180620055,26301,4190183,4190183,240,0,0
180630684,26303,4190438,4190438,240,15,0
180640095,26304,4190664,4190678,240,0,14
180650242,26306,4190908,4190908,240,4,0
180660906,26307,4191164,4191164,240,16,0
180670231,26309,4191388,4191404,240,0,16
180680148,26310,4191628,4191628,240,0,0
180690200,26312,4191868,4191868,240,0,0
180700184,26313,4192108,4192108,240,0,0
180710203,26315,4192348,4192348,240,0,0
180720137,26316,4192585,4192588,240,0,3
180730010,26318,4192822,4192825,240,0,3
180740118,26319,4193065,4193065,240,3,0
180750196,26321,4193305,4193305,240,0,0
180759974,26322,4193541,4193545,240,0,4
180770202,26324,4193787,4193787,240,6,0
180780055,26325,4194023,4194027,240,0,4
180790172,26327,4194266,4194266,240,3,0
180800170,26328,4194506,4194506,240,0,0
180810192,26330,4194746,4194746,240,0,0
180820182,26331,4194986,4194986,240,0,0
180830093,26333,4195226,4195226,240,0,0
180840083,26334,4195466,4195466,240,0,0
180850549,26336,4195715,4195715,240,9,0
180860067,26337,4195944,4195955,240,0,11
180870229,26339,4196188,4196188,240,4,0
180880241,26340,4196428,4196428,240,0,0
180890173,26342,4196668,4196668,240,0,0
180900164,26343,4196908,4196908,240,0,0
180910127,26345,4197145,4197148,240,0,3
180920115,26346,4197385,4197385,240,0,0
180930184,26348,4197625,4197625,240,0,0
180940109,26349,4197865,4197865,240,0,0
180950187,26351,4198105,4198105,240,0,0
180960200,26352,4198345,4198345,240,0,0
180970056,26354,4198585,4198585,240,0,0
180980105,26355,4198825,4198825,240,0,0
180990197,26357,4199065,4199065,240,0,0
181000157,26358,4199305,4199305,240,0,0
181010234,26360,4199548,4199548,240,3,0
181020209,26361,4199788,4199788,240,0,0
181030204,26363,4200028,4200028,240,0,0
181040069,26364,4200264,4200268,240,0,4
181050231,26366,4200508,4200508,240,4,0
181060139,26367,4200745,4200748,240,0,3
181070301,26369,4200989,4200989,240,4,0
181080192,26370,4201229,4201229,240,0,0
181090182,26372,4201466,4201469,240,0,3
181100175,26373,4201706,4201706,240,0,0
181110190,26375,4201946,4201946,240,0,0
181120110,26376,4202186,4202186,240,0,0
181130196,26378,4202426,4202426,240,0,0
181140004,26379,4202662,4202666,240,0,4
181150183,26381,4202906,4202906,240,4,0
181160165,26382,4203146,4203146,240,0,0
181170129,26384,4203386,4203386,240,0,0
181180107,26385,4203626,4203626,240,0,0
181190203,26387,4203866,4203866,240,0,0
181200196,26388,4204106,4204106,240,0,0
181210201,26390,4204346,4204346,240,0,0
181220193,26391,4204586,4204586,240,0,0
181230199,26393,4204826,4204826,240,0,0
181240058,26394,4205063,4205066,240,0,3
181250202,26396,4205307,4205307,240,4,0
181260331,26397,4205550,4205550,240,3,0
181270216,26399,4205787,4205790,240,0,3
181280129,26400,4206027,4206027,240,0,0
181290038,26402,4206263,4206267,240,0,4
181300109,26403,4206503,4206503,240,0,0
181310207,26405,4206747,4206747,240,4,0
181320186,26406,4206987,4206987,240,0,0
181330483,26408,4207234,4207234,240,7,0
181340113,26409,4207465,4207474,240,0,9
181350212,26411,4207705,4207705,240,0,0
181360243,26412,4207948,4207948,240,3,0
181370257,26414,4208188,4208188,240,0,0
181380204,26415,4208428,4208428,240,0,0
181390055,26417,4208663,4208668,240,0,5
181400231,26418,4208908,4208908,240,5,0
181410191,26420,4209148,4209148,240,0,0
181420211,26421,4209388,4209388,240,0,0
181430220,26423,4209628,4209628,240,0,0
181440211,26424,4209868,4209868,240,0,0
181450266,26426,4210108,4210108,240,0,0
181460171,26427,4210348,4210348,240,0,0
181470252,26429,4210588,4210588,240,0,0
181480293,26430,4210828,4210828,240,0,0
181490205,26432,4211068,4211068,240,0,0
181500170,26433,4211308,4211308,240,0,0
181510198,26435,4211548,4211548,240,0,0
181520293,26436,4211788,4211788,240,0,0
181530222,26438,4212028,4212028,240,0,0
181540184,26439,4212268,4212268,240,0,0
181550055,26441,4212503,4212508,240,0,5
181560111,26442,4212743,4212743,240,0,0
181570195,26444,4212987,4212987,240,4,0
181579956,26445,4213221,4213227,240,0,6
181590216,26447,4213467,4213467,240,6,0
181600096,26448,4213704,4213707,240,0,3
181610191,26450,4213947,4213947,240,3,0
181620157,26451,4214187,4214187,240,0,0
181630043,26453,4214423,4214427,240,0,4
181640133,26454,4214663,4214663,240,0,0
181650186,26456,4214906,4214906,240,3,0
181660173,26457,4215146,4215146,240,0,0
181670186,26459,4215386,4215386,240,0,0
181680095,26460,4215626,4215626,240,0,0
181690207,26462,4215866,4215866,240,0,0
181700190,26463,4216106,4216106,240,0,0
181710191,26465,4216346,4216346,240,0,0
181720195,26466,4216586,4216586,240,0,0
181730192,26468,4216826,4216826,240,0,0
181740178,26469,4217066,4217066,240,0,0
181750197,26471,4217306,4217306,240,0,0
181760171,26472,4217546,4217546,240,0,0
181770203,26474,4217786,4217786,240,0,0
181779975,26475,4218021,4218026,240,0,5
181790281,26477,4218269,4218269,240,8,0
181800022,26478,4218503,4218509,240,0,6
181810176,26480,4218746,4218746,240,3,0
181820162,26481,4218986,4218986,240,0,0
181830189,26483,4219226,4219226,240,0,0
181840175,26484,4219466,4219466,240,0,0
181850198,26486,4219706,4219706,240,0,0
181860190,26487,4219946,4219946,240,0,0
181870196,26489,4220186,4220186,240,0,0
181880155,26490,4220426,4220426,240,0,0
181890210,26492,4220666,4220666,240,0,0
181900160,26494,4220906,4220906,240,0,0
181910054,26496,4221143,4221146,240,0,3
181920203,26497,4221387,4221387,240,4,0
181930217,26499,4221627,4221627,240,0,0
181940187,26500,4221867,4221867,240,0,0
181950202,26502,4222107,4222107,240,0,0
181960186,26503,4222347,4222347,240,0,0
181970192,26505,4222587,4222587,240,0,0
181980401,26506,4222832,4222832,240,5,0
181990142,26508,4223065,4223072,240,0,7
182000155,26509,4223305,4223305,240,0,0
182010191,26511,4223545,4223545,240,0,0
182020169,26512,4223785,4223785,240,0,0
182030078,26514,4224025,4224025,240,0,0
182040112,26515,4224265,4224265,240,0,0
182050189,26517,4224505,4224505,240,0,0
182060155,26518,4224745,4224745,240,0,0
182070190,26520,4224985,4224985,240,0,0
182080177,26521,4225225,4225225,240,0,0
182090143,26523,4225465,4225465,240,0,0
182100157,26524,4225705,4225705,240,0,0
182110197,26526,4225945,4225945,240,0,0
182120190,26527,4226185,4226185,240,0,0
182130193,26529,4226425,4226425,240,0,0
182140187,26530,4226665,4226665,240,0,0
182150192,26532,4226905,4226905,240,0,0
182160192,26533,4227145,4227145,240,0,0
182170198,26535,4227385,4227385,240,0,0
182180219,26536,4227625,4227625,240,0,0
182190143,26538,4227865,4227865,240,0,0
182200127,26539,4228105,4228105,240,0,0
182210043,26541,4228345,4228345,240,0,0
182220241,26542,4228588,4228588,240,3,0
182230188,26544,4228828,4228828,240,0,0
182240181,26545,4229068,4229068,240,0,0
182250194,26547,4229308,4229308,240,0,0
182260122,26548,4229545,4229548,240,0,3
182270122,26550,4229785,4229785,240,0,0
182280077,26551,4230025,4230025,240,0,0
182290229,26553,4230268,4230268,240,3,0
182300106,26554,4230505,4230508,240,0,3
182310197,26556,4230745,4230745,240,0,0
182320111,26557,4230985,4230985,240,0,0
182330207,26559,4231225,4231225,240,0,0
182340188,26560,4231465,4231465,240,0,0
182350061,26562,4231705,4231705,240,0,0
182360134,26563,4231945,4231945,240,0,0
182370194,26565,4232185,4232185,240,0,0
182380197,26566,4232425,4232425,240,0,0
182390337,26568,4232670,4232670,240,5,0
182400209,26569,4232907,4232910,240,0,3
182410201,26571,4233147,4233147,240,0,0
182420096,26572,4233384,4233387,240,0,3
182430227,26574,4233627,4233627,240,3,0
182440196,26575,4233867,4233867,240,0,0
182450188,26577,4234107,4234107,240,0,0
182460209,26578,4234347,4234347,240,0,0
182470078,26580,4234584,4234587,240,0,3
182480093,26581,4234824,4234824,240,0,0
182490201,26583,4235067,4235067,240,3,0
182500502,26584,4235314,4235314,240,7,0
182510188,26586,4235547,4235554,240,0,7
182520135,26587,4235787,4235787,240,0,0
182530168,26589,4236027,4236027,240,0,0
182540143,26590,4236267,4236267,240,0,0
182550169,26592,4236507,4236507,240,0,0
182560167,26593,4236747,4236747,240,0,0
182570173,26595,4236987,4236987,240,0,0
182580107,26596,4237227,4237227,240,0,0
182590185,26598,4237467,4237467,240,0,0
182600091,26599,4237704,4237707,240,0,3
182610205,26601,4237947,4237947,240,3,0
182620512,26602,4238194,4238194,240,7,0
182630185,26604,4238426,4238434,240,0,8
182640166,26605,4238666,4238666,240,0,0
182650073,26607,4238906,4238906,240,0,0
182660116,26608,4239146,4239146,240,0,0
182670184,26610,4239386,4239386,240,0,0
182680263,26611,4239626,4239626,240,0,0
182690161,26613,4239866,4239866,240,0,0
182700208,26614,4240106,4240106,240,0,0
182710066,26616,4240346,4240346,240,0,0
182720118,26617,4240586,4240586,240,0,0
182730197,26619,4240826,4240826,240,0,0
182740170,26620,4241066,4241066,240,0,0
182750203,26622,4241306,4241306,240,0,0
182760157,26623,4241546,4241546,240,0,0
182770194,26625,4241786,4241786,240,0,0
182780571,26626,4242036,4242036,240,10,0
182790174,26628,4242266,4242276,240,0,10
182800226,26629,4242506,4242506,240,0,0
182810236,26631,4242746,4242746,240,0,0
182820209,26632,4242986,4242986,240,0,0
182830196,26634,4243226,4243226,240,0,0
182840137,26635,4243466,4243466,240,0,0
182850225,26637,4243706,4243706,240,0,0
182860208,26638,4243946,4243946,240,0,0
182870222,26640,4244186,4244186,240,0,0
182880212,26641,4244426,4244426,240,0,0
182890211,26643,4244666,4244666,240,0,0
182900209,26644,4244906,4244906,240,0,0
182910648,26646,4245158,4245158,240,12,0
182920194,26647,4245387,4245398,240,0,11
182930177,26649,4245627,4245627,240,0,0
182940173,26650,4245867,4245867,240,0,0
182950178,26652,4246107,4246107,240,0,0
182960191,26653,4246347,4246347,240,0,0
182970181,26655,4246587,4246587,240,0,0
182980173,26656,4246827,4246827,240,0,0
182990188,26658,4247067,4247067,240,0,0
183000178,26659,4247307,4247307,240,0,0
183010139,26661,4247547,4247547,240,0,0
183020073,26662,4247784,4247787,240,0,3
183030184,26664,4248024,4248024,240,0,0
183040190,26665,4248267,4248267,240,3,0
183050189,26667,4248507,4248507,240,0,0
183060197,26668,4248747,4248747,240,0,0
183070191,26670,4248987,4248987,240,0,0
183080195,26671,4249227,4249227,240,0,0
183090053,26673,4249463,4249467,240,0,4
183100234,26674,4249708,4249708,240,5,0
183110251,26676,4249948,4249948,240,0,0
183120073,26677,4250184,4250188,240,0,4
183130017,26679,4250424,4250424,240,0,0
183140088,26680,4250664,4250664,240,0,0
183150194,26682,4250907,4250907,240,3,0
183160177,26683,4251147,4251147,240,0,0
183170200,26685,4251387,4251387,240,0,0
183180170,26686,4251627,4251627,240,0,0
183190379,26688,4251871,4251871,240,4,0
183200145,26689,4252105,4252111,240,0,6
183210251,26691,4252348,4252348,240,3,0
183220417,26692,4252592,4252592,240,4,0
183230174,26694,4252826,4252832,240,0,6
183240158,26695,4253066,4253066,240,0,0
183250196,26697,4253306,4253306,240,0,0
183260159,26698,4253546,4253546,240,0,0
183270183,26700,4253786,4253786,240,0,0
183280176,26701,4254026,4254026,240,0,0
183290037,26703,4254263,4254266,240,0,3
183300107,26704,4254503,4254503,240,0,0
183310195,26706,4254747,4254747,240,4,0
183320225,26707,4254987,4254987,240,0,0
183330205,26709,4255227,4255227,240,0,0
183340196,26710,4255467,4255467,240,0,0
183350198,26712,4255707,4255707,240,0,0
183360188,26713,4255947,4255947,240,0,0
183370200,26715,4256187,4256187,240,0,0
183380188,26716,4256427,4256427,240,0,0
183390201,26718,4256667,4256667,240,0,0
183400189,26719,4256907,4256907,240,0,0
183410201,26721,4257147,4257147,240,0,0
183420098,26722,4257384,4257387,240,0,3
183430209,26724,4257627,4257627,240,3,0
183440289,26725,4257867,4257867,240,0,0
183450190,26727,4258107,4258107,240,0,0
183460201,26728,4258347,4258347,240,0,0
183470201,26730,4258587,4258587,240,0,0
183480196,26731,4258827,4258827,240,0,0
183490285,26733,4259067,4259067,240,0,0
183500173,26734,4259307,4259307,240,0,0
183510086,26736,4259544,4259547,240,0,3
183520049,26737,4259784,4259784,240,0,0
183530288,26739,4260029,4260029,240,5,0
183540068,26740,4260264,4260269,240,0,5
183550470,26742,4260513,4260513,240,9,0
183560152,26743,4260746,4260753,240,0,7
183570207,26745,4260986,4260986,240,0,0
183580159,26746,4261226,4261226,240,0,0
183590204,26748,4261466,4261466,240,0,0
183600202,26749,4261706,4261706,240,0,0
183610201,26751,4261946,4261946,240,0,0
183620274,26752,4262189,4262189,240,3,0
183630215,26754,4262429,4262429,240,0,0
183640192,26755,4262669,4262669,240,0,0
183650205,26757,4262909,4262909,240,0,0
183660176,26758,4263146,4263149,240,0,3
183670209,26760,4263386,4263386,240,0,0
183680041,26761,4263623,4263626,240,0,3
183690196,26763,4263867,4263867,240,4,0
183700194,26764,4264107,4264107,240,0,0
183710265,26766,4264347,4264347,240,0,0
183720207,26767,4264587,4264587,240,0,0
183730200,26769,4264827,4264827,240,0,0
183740093,26770,4265064,4265067,240,0,3
183750200,26772,4265307,4265307,240,3,0
183760182,26773,4265547,4265547,240,0,0
183770206,26775,4265787,4265787,240,0,0
183780194,26776,4266027,4266027,240,0,0
183790202,26778,4266267,4266267,240,0,0
183800197,26779,4266507,4266507,240,0,0
183810203,26781,4266747,4266747,240,0,0
183820192,26782,4266987,4266987,240,0,0
183830128,26784,4267227,4267227,240,0,0
183840041,26785,4267463,4267467,240,0,4
183850214,26787,4267707,4267707,240,4,0
183860177,26788,4267947,4267947,240,0,0
183870215,26790,4268187,4268187,240,0,0
183880090,26791,4268424,4268427,240,0,3
183890216,26793,4268667,4268667,240,3,0
183900175,26795,4268907,4268907,240,0,0
183910237,26797,4269147,4269147,240,0,0
183920173,26798,4269387,4269387,240,0,0
183930265,26800,4269627,4269627,240,0,0
183940180,26801,4269867,4269867,240,0,0
183950047,26803,4270103,4270107,240,0,4
183960093,26804,4270343,4270343,240,0,0
183970205,26806,4270587,4270587,240,4,0
183980211,26807,4270827,4270827,240,0,0
183990208,26809,4271067,4271067,240,0,0
184000165,26810,4271307,4271307,240,0,0
184010522,26812,4271555,4271555,240,8,0
184020126,26813,4271785,4271795,240,0,10
184030252,26815,4272028,4272028,240,3,0
184040106,26816,4272265,4272268,240,0,3
184050237,26818,4272508,4272508,240,3,0
184060192,26819,4272748,4272748,240,0,0
184070222,26821,4272988,4272988,240,0,0
184080207,26822,4273228,4273228,240,0,0
184090219,26824,4273468,4273468,240,0,0
184100203,26825,4273708,4273708,240,0,0
184110219,26827,4273948,4273948,240,0,0
184120201,26828,4274188,4274188,240,0,0
184130219,26830,4274428,4274428,240,0,0
184139945,26831,4274661,4274668,240,0,7
184150244,26833,4274908,4274908,240,7,0
184160204,26834,4275148,4275148,240,0,0
184170207,26836,4275388,4275388,240,0,0
184180195,26837,4275628,4275628,240,0,0
184190216,26839,4275868,4275868,240,0,0
184200204,26840,4276108,4276108,240,0,0
184210211,26842,4276348,4276348,240,0,0
184220200,26843,4276588,4276588,240,0,0
184230217,26845,4276828,4276828,240,0,0
184240097,26846,4277064,4277068,240,0,4
184250228,26848,4277307,4277307,240,3,0
184260208,26849,4277547,4277547,240,0,0
184270211,26851,4277787,4277787,240,0,0
184280204,26852,4278027,4278027,240,0,0
184290223,26854,4278267,4278267,240,0,0
184300206,26855,4278507,4278507,240,0,0
184310224,26857,4278747,4278747,240,0,0
184320204,26858,4278987,4278987,240,0,0
184330521,26860,4279235,4279235,240,8,0
184339970,26861,4279461,4279475,240,0,14
184350213,26863,4279707,4279707,240,6,0
184360022,26864,4279943,4279947,240,0,4
184370188,26866,4280187,4280187,240,4,0
184380186,26867,4280427,4280427,240,0,0
184390217,26869,4280667,4280667,240,0,0
184400188,26870,4280907,4280907,240,0,0
184410219,26872,4281147,4281147,240,0,0
184420189,26873,4281387,4281387,240,0,0
184430219,26875,4281627,4281627,240,0,0
184440206,26876,4281867,4281867,240,0,0
184450239,26878,4282107,4282107,240,0,0
184460191,26879,4282347,4282347,240,0,0
184470213,26881,4282587,4282587,240,0,0
184480198,26882,4282827,4282827,240,0,0
184490235,26884,4283067,4283067,240,0,0
184500195,26885,4283307,4283307,240,0,0
184510218,26887,4283547,4283547,240,0,0
184520204,26888,4283787,4283787,240,0,0
184530217,26890,4284027,4284027,240,0,0
184540358,26891,4284271,4284271,240,4,0
184550205,26893,4284507,4284511,240,0,4
184560107,26894,4284747,4284747,240,0,0
184570207,26896,4284987,4284987,240,0,0
184580212,26897,4285227,4285227,240,0,0
184590180,26899,4285467,4285467,240,0,0
184600106,26900,4285707,4285707,240,0,0
184610199,26902,4285947,4285947,240,0,0
184620037,26903,4286183,4286187,240,0,4
184630170,26905,4286426,4286426,240,3,0
184640112,26906,4286666,4286666,240,0,0
184650089,26908,4286906,4286906,240,0,0
184660123,26909,4287146,4287146,240,0,0
184670207,26911,4287386,4287386,240,0,0
184680164,26912,4287626,4287626,240,0,0
184690216,26914,4287866,4287866,240,0,0
184700058,26915,4288103,4288106,240,0,3
184710201,26917,4288347,4288347,240,4,0
184720110,26918,4288587,4288587,240,0,0
184730209,26920,4288827,4288827,240,0,0
184740212,26921,4289067,4289067,240,0,0
184750141,26923,4289307,4289307,240,0,0
184760088,26924,4289544,4289547,240,0,3
184770178,26926,4289784,4289784,240,0,0
184780360,26927,4290031,4290031,240,7,0
184790188,26929,4290267,4290271,240,0,4
184800196,26930,4290507,4290507,240,0,0
184810277,26932,4290747,4290747,240,0,0
184820190,26933,4290987,4290987,240,0,0
184830193,26935,4291227,4291227,240,0,0
184840196,26936,4291467,4291467,240,0,0
184850272,26938,4291707,4291707,240,0,0
184860194,26939,4291947,4291947,240,0,0
184870232,26941,4292187,4292187,240,0,0
184880177,26942,4292427,4292427,240,0,0
184890219,26944,4292667,4292667,240,0,0
184900183,26945,4292907,4292907,240,0,0
184910224,26947,4293147,4293147,240,0,0
184920162,26948,4293387,4293387,240,0,0
184930039,26950,4293623,4293627,240,0,4
184940121,26951,4293863,4293863,240,0,0
184950346,26953,4294110,4294110,240,7,0
184960147,26954,4294346,4294350,240,0,4
184970215,26956,4294586,4294586,240,0,0
184980187,26957,4294826,4294826,240,0,0
184990188,26959,4295066,4295066,240,0,0
185000196,26960,4295306,4295306,240,0,0
185010256,26962,4295546,4295546,240,0,0
185020180,26963,4295786,4295786,240,0,0
185030058,26965,4296023,4296026,240,0,3
185040222,26966,4296267,4296267,240,4,0
185050184,26968,4296507,4296507,240,0,0
185060116,26969,4296747,4296747,240,0,0
185070208,26971,4296987,4296987,240,0,0
185080190,26972,4297227,4297227,240,0,0
185090203,26974,4297467,4297467,240,0,0
185100141,26975,4297707,4297707,240,0,0
185110196,26977,4297947,4297947,240,0,0
185120174,26978,4298187,4298187,240,0,0
185130186,26980,4298427,4298427,240,0,0
185140173,26981,4298667,4298667,240,0,0
185150200,26983,4298907,4298907,240,0,0
185160108,26984,4299147,4299147,240,0,0
185170327,26986,4299390,4299390,240,3,0
185180042,26987,4299623,4299630,240,0,7
185190197,26989,4299867,4299867,240,4,0
185200133,26990,4300107,4300107,240,0,0
185210203,26992,4300347,4300347,240,0,0
185220060,26993,4300583,4300587,240,0,4
185230197,26995,4300827,4300827,240,4,0
185240153,26996,4301067,4301067,240,0,0
185250044,26998,4301303,4301307,240,0,4
185260150,26999,4301546,4301546,240,3,0
185270217,27001,4301786,4301786,240,0,0
185280186,27002,4302026,4302026,240,0,0
185290213,27004,4302266,4302266,240,0,0
185300070,27005,4302506,4302506,240,0,0
185310192,27007,4302746,4302746,240,0,0
185320174,27008,4302986,4302986,240,0,0
185330208,27010,4303226,4303226,240,0,0
185340071,27011,4303466,4303466,240,0,0
185350193,27013,4303706,4303706,240,0,0
185360209,27014,4303946,4303946,240,0,0
185370088,27016,4304186,4304186,240,0,0
185380096,27017,4304426,4304426,240,0,0
185390189,27019,4304666,4304666,240,0,0
185400191,27020,4304906,4304906,240,0,0
185410273,27022,4305149,4305149,240,3,0
185420001,27023,4305382,4305389,240,0,7
185430203,27025,4305627,4305627,240,5,0
185440037,27026,4305863,4305867,240,0,4
185450191,27028,4306107,4306107,240,4,0
185460169,27029,4306347,4306347,240,0,0
185470127,27031,4306587,4306587,240,0,0
185480128,27032,4306827,4306827,240,0,0
185490202,27034,4307067,4307067,240,0,0
185500179,27035,4307307,4307307,240,0,0
185510218,27037,4307547,4307547,240,0,0
185520236,27038,4307787,4307787,240,0,0
185530230,27040,4308027,4308027,240,0,0
185540187,27041,4308267,4308267,240,0,0
185550212,27043,4308507,4308507,240,0,0
185560193,27044,4308747,4308747,240,0,0
185570121,27046,4308987,4308987,240,0,0
185580128,27047,4309227,4309227,240,0,0
185590244,27049,4309467,4309467,240,0,0
185600154,27050,4309707,4309707,240,0,0
185610169,27052,4309947,4309947,240,0,0
185620200,27053,4310187,4310187,240,0,0
185630187,27055,4310427,4310427,240,0,0
185640094,27056,4310664,4310667,240,0,3
185650195,27058,4310907,4310907,240,3,0
185660194,27059,4311147,4311147,240,0,0
185670246,27061,4311387,4311387,240,0,0
185680172,27062,4311627,4311627,240,0,0
185690046,27064,4311863,4311867,240,0,4
185700108,27065,4312103,4312103,240,0,0
185710211,27067,4312347,4312347,240,4,0
185720184,27068,4312587,4312587,240,0,0
185730216,27070,4312827,4312827,240,0,0
185740191,27071,4313067,4313067,240,0,0
185750075,27073,4313304,4313307,240,0,3
185760095,27074,4313544,4313544,240,0,0
185770239,27076,4313788,4313788,240,4,0
185780057,27077,4314023,4314028,240,0,5
185790226,27079,4314267,4314267,240,4,0
185800198,27080,4314507,4314507,240,0,0
185810206,27082,4314747,4314747,240,0,0
185820196,27083,4314987,4314987,240,0,0
185830208,27085,4315227,4315227,240,0,0
185840197,27086,4315467,4315467,240,0,0
185850099,27088,4315704,4315707,240,0,3
185860088,27089,4315944,4315944,240,0,0
185870026,27091,4316184,4316184,240,0,0
185879981,27092,4316424,4316424,240,0,0
185890227,27094,4316667,4316667,240,3,0
185900164,27096,4316907,4316907,240,0,0
185910207,27098,4317147,4317147,240,0,0
185920182,27099,4317387,4317387,240,0,0
185930214,27101,4317627,4317627,240,0,0
185940185,27102,4317867,4317867,240,0,0
185950062,27104,4318103,4318107,240,0,4
185960021,27105,4318343,4318343,240,0,0
185970193,27107,4318587,4318587,240,4,0
185980091,27108,4318824,4318827,240,0,3
185990230,27110,4319068,4319068,240,4,0
186000489,27111,4319314,4319314,240,6,0
186010203,27113,4319547,4319554,240,0,7
186020195,27114,4319787,4319787,240,0,0
186030220,27116,4320027,4320027,240,0,0
186040186,27117,4320267,4320267,240,0,0
186050220,27119,4320507,4320507,240,0,0
186060175,27120,4320747,4320747,240,0,0
186070044,27122,4320983,4320987,240,0,4
186080136,27123,4321223,4321223,240,0,0
186090218,27125,4321467,4321467,240,4,0
186100071,27126,4321704,4321707,240,0,3
186110202,27128,4321947,4321947,240,3,0
186120174,27129,4322187,4322187,240,0,0
186130208,27131,4322427,4322427,240,0,0
186140177,27132,4322667,4322667,240,0,0
186150209,27134,4322907,4322907,240,0,0
186160250,27135,4323147,4323147,240,0,0
186170284,27137,4323387,4323387,240,0,0
186180144,27138,4323627,4323627,240,0,0
186190260,27140,4323867,4323867,240,0,0
186200190,27141,4324107,4324107,240,0,0
186210206,27143,4324347,4324347,240,0,0
186220200,27144,4324587,4324587,240,0,0
186230244,27146,4324827,4324827,240,0,0
186240196,27147,4325067,4325067,240,0,0
186250206,27149,4325307,4325307,240,0,0
186260056,27150,4325543,4325547,240,0,4
186270189,27152,4325787,4325787,240,4,0
186280191,27153,4326027,4326027,240,0,0
186290142,27155,4326267,4326267,240,0,0
186300163,27156,4326507,4326507,240,0,0
186310196,27158,4326747,4326747,240,0,0
186320174,27159,4326987,4326987,240,0,0
186330193,27161,4327227,4327227,240,0,0
186340173,27162,4327467,4327467,240,0,0
186350065,27164,4327704,4327707,240,0,3
186360059,27165,4327944,4327944,240,0,0
186370183,27167,4328184,4328184,240,0,0
186380183,27168,4328424,4328424,240,0,0
186390133,27170,4328664,4328664,240,0,0
186400135,27171,4328904,4328904,240,0,0
186410213,27173,4329147,4329147,240,3,0
186420169,27174,4329387,4329387,240,0,0
186430200,27176,4329627,4329627,240,0,0
186440197,27177,4329867,4329867,240,0,0
186450211,27179,4330107,4330107,240,0,0
186460170,27180,4330347,4330347,240,0,0
186470213,27182,4330587,4330587,240,0,0
186480315,27183,4330830,4330830,240,3,0
186490181,27185,4331066,4331070,240,0,4
186500120,27186,4331306,4331306,240,0,0
186510045,27188,4331543,4331546,240,0,3
186520202,27189,4331787,4331787,240,4,0
186530239,27191,4332027,4332027,240,0,0
186540184,27192,4332267,4332267,240,0,0
186550211,27194,4332507,4332507,240,0,0
186560186,27195,4332747,4332747,240,0,0
186570208,27197,4332987,4332987,240,0,0
186580185,27198,4333227,4333227,240,0,0
186590274,27200,4333467,4333467,240,0,0
186600213,27201,4333707,4333707,240,0,0
186610227,27203,4333947,4333947,240,0,0
186620190,27204,4334187,4334187,240,0,0
186630231,27206,4334427,4334427,240,0,0
186640170,27207,4334667,4334667,240,0,0
186650215,27209,4334907,4334907,240,0,0
186660201,27210,4335147,4335147,240,0,0
186670042,27212,4335383,4335387,240,0,4
186680137,27213,4335623,4335623,240,0,0
186690044,27215,4335863,4335863,240,0,0
186700234,27216,4336108,4336108,240,5,0
186710193,27218,4336348,4336348,240,0,0
186720207,27219,4336588,4336588,240,0,0
186730187,27221,4336828,4336828,240,0,0
186740200,27222,4337068,4337068,240,0,0
186750191,27224,4337308,4337308,240,0,0
186760223,27225,4337548,4337548,240,0,0
186770073,27227,4337784,4337788,240,0,4
186780111,27228,4338024,4338024,240,0,0
186790212,27230,4338267,4338267,240,3,0
186800091,27231,4338504,4338507,240,0,3
186810240,27233,4338748,4338748,240,4,0
186820198,27234,4338988,4338988,240,0,0
186830217,27236,4339228,4339228,240,0,0
186840212,27237,4339468,4339468,240,0,0
186850238,27239,4339708,4339708,240,0,0
186860233,27240,4339948,4339948,240,0,0
186870221,27242,4340188,4340188,240,0,0
186880213,27243,4340428,4340428,240,0,0
186890219,27245,4340668,4340668,240,0,0
186900128,27246,4340905,4340908,240,0,3
186910220,27248,4341145,4341145,240,0,0
186920020,27249,4341382,4341385,240,0,3
186930194,27251,4341627,4341627,240,5,0
186940192,27252,4341867,4341867,240,0,0
186950203,27254,4342107,4342107,240,0,0
186960193,27255,4342347,4342347,240,0,0
186970209,27257,4342587,4342587,240,0,0
186980187,27258,4342827,4342827,240,0,0
186990078,27260,4343064,4343067,240,0,3
187000175,27261,4343304,4343304,240,0,0
187010210,27263,4343547,4343547,240,3,0
187020048,27264,4343783,4343787,240,0,4
187030175,27266,4344026,4344026,240,3,0
187040178,27267,4344266,4344266,240,0,0
187050220,27269,4344506,4344506,240,0,0
187060166,27270,4344746,4344746,240,0,0
187070217,27272,4344986,4344986,240,0,0
187080147,27273,4345226,4345226,240,0,0
187090214,27275,4345466,4345466,240,0,0
187100171,27276,4345706,4345706,240,0,0
187110249,27278,4345946,4345946,240,0,0
187120189,27279,4346186,4346186,240,0,0
187130199,27281,4346426,4346426,240,0,0
187140180,27282,4346666,4346666,240,0,0
187150057,27284,4346903,4346906,240,0,3
187160159,27285,4347146,4347146,240,3,0
187170199,27287,4347386,4347386,240,0,0
187180049,27288,4347623,4347626,240,0,3
187190184,27290,4347866,4347866,240,3,0
187200187,27291,4348106,4348106,240,0,0
187210709,27293,4348359,4348359,240,13,0
187220145,27294,4348585,4348599,240,0,14
187230199,27296,4348825,4348825,240,0,0
187240205,27297,4349065,4349065,240,0,0
187250197,27299,4349305,4349305,240,0,0
187260200,27300,4349545,4349545,240,0,0
187270153,27302,4349785,4349785,240,0,0
187280141,27303,4350025,4350025,240,0,0
187290058,27305,4350265,4350265,240,0,0
187300635,27306,4350517,4350517,240,12,0
187310217,27308,4350747,4350757,240,0,10
187320121,27309,4350987,4350987,240,0,0
187330052,27311,4351223,4351227,240,0,4
187340351,27312,4351470,4351470,240,7,0
187350203,27314,4351707,4351710,240,0,3
187360206,27315,4351947,4351947,240,0,0
187370203,27317,4352187,4352187,240,0,0
187380205,27318,4352427,4352427,240,0,0
187390206,27320,4352667,4352667,240,0,0
187400297,27321,4352907,4352907,240,0,0
187410244,27323,4353147,4353147,240,0,0
187420150,27324,4353387,4353387,240,0,0
187430372,27326,4353631,4353631,240,4,0
187440151,27327,4353866,4353871,240,0,5
187450208,27329,4354106,4354106,240,0,0
187460168,27330,4354346,4354346,240,0,0
187470209,27332,4354586,4354586,240,0,0
187480167,27333,4354826,4354826,240,0,0
187490076,27335,4355066,4355066,240,0,0
187500133,27336,4355306,4355306,240,0,0
187510358,27338,4355551,4355551,240,5,0
187520027,27339,4355783,4355791,240,0,8
187530284,27341,4356029,4356029,240,6,0
187540185,27342,4356266,4356269,240,0,3
187550205,27344,4356506,4356506,240,0,0
187560184,27345,4356746,4356746,240,0,0
187570188,27347,4356986,4356986,240,0,0
187580182,27348,4357226,4357226,240,0,0
187590072,27350,4357466,4357466,240,0,0
187600128,27351,4357706,4357706,240,0,0
187610205,27353,4357946,4357946,240,0,0
187620087,27354,4358186,4358186,240,0,0
187630220,27356,4358426,4358426,240,0,0
187640215,27357,4358666,4358666,240,0,0
187650202,27359,4358906,4358906,240,0,0
187660300,27360,4359149,4359149,240,3,0
187670183,27362,4359386,4359389,240,0,3
187680201,27363,4359626,4359626,240,0,0
187690207,27365,4359866,4359866,240,0,0
187700200,27366,4360106,4360106,240,0,0
187710201,27368,4360346,4360346,240,0,0
187719972,27369,4360581,4360586,240,0,5
187730199,27371,4360827,4360827,240,6,0
187740502,27372,4361074,4361074,240,7,0
187750195,27374,4361307,4361314,240,0,7
187760162,27375,4361547,4361547,240,0,0
187770196,27377,4361787,4361787,240,0,0
187780174,27378,4362027,4362027,240,0,0
187790196,27380,4362267,4362267,240,0,0
187800157,27381,4362507,4362507,240,0,0
187810056,27383,4362743,4362747,240,0,4
187820118,27384,4362983,4362983,240,0,0
187830210,27386,4363227,4363227,240,4,0
187840166,27387,4363467,4363467,240,0,0
187850240,27389,4363707,4363707,240,0,0
187860190,27390,4363947,4363947,240,0,0
187870224,27392,4364187,4364187,240,0,0
187880172,27393,4364427,4364427,240,0,0
187890224,27395,4364667,4364667,240,0,0
187900184,27397,4364907,4364907,240,0,0
187910201,27399,4365147,4365147,240,0,0
187920240,27400,4365387,4365387,240,0,0
187930337,27402,4365630,4365630,240,3,0
187940118,27403,4365865,4365870,240,0,5
187950229,27405,4366108,4366108,240,3,0
187960152,27406,4366348,4366348,240,0,0
187970196,27408,4366588,4366588,240,0,0
187980177,27409,4366828,4366828,240,0,0
187990194,27411,4367068,4367068,240,0,0
188000042,27412,4367303,4367308,240,0,5
188010171,27414,4367546,4367546,240,3,0
188020493,27415,4367794,4367794,240,8,0
188030255,27417,4368028,4368034,240,0,6
188040155,27418,4368268,4368268,240,0,0
188050200,27420,4368508,4368508,240,0,0
188060204,27421,4368748,4368748,240,0,0
188070200,27423,4368988,4368988,240,0,0
188080196,27424,4369228,4369228,240,0,0
188090199,27426,4369468,4369468,240,0,0
188100140,27427,4369705,4369708,240,0,3
188110197,27429,4369945,4369945,240,0,0
188120208,27430,4370185,4370185,240,0,0
188130128,27432,4370425,4370425,240,0,0
188140126,27433,4370665,4370665,240,0,0
188150038,27435,4370905,4370905,240,0,0
188160220,27436,4371145,4371145,240,0,0
188170264,27438,4371388,4371388,240,3,0
188180133,27439,4371625,4371628,240,0,3
188190187,27441,4371865,4371865,240,0,0
188200164,27442,4372105,4372105,240,0,0
188210200,27444,4372345,4372345,240,0,0
188220167,27445,4372585,4372585,240,0,0
188230257,27447,4372828,4372828,240,3,0
188240043,27448,4373063,4373068,240,0,5
188250189,27450,4373307,4373307,240,4,0
188260057,27451,4373543,4373547,240,0,4
188270225,27453,4373787,4373787,240,4,0
188280176,27454,4374027,4374027,240,0,0
188290219,27456,4374267,4374267,240,0,0
188300175,27457,4374507,4374507,240,0,0
188310694,27459,4374759,4374759,240,12,0
188320129,27460,4374985,4374999,240,0,14
188330254,27462,4375228,4375228,240,3,0
188340072,27463,4375464,4375468,240,0,4
188350209,27465,4375707,4375707,240,3,0
188360174,27466,4375947,4375947,240,0,0
188370529,27468,4376195,4376195,240,8,0
188380177,27469,4376426,4376435,240,0,9
188390219,27471,4376666,4376666,240,0,0
188400179,27472,4376906,4376906,240,0,0
188410264,27474,4377146,4377146,240,0,0
188420178,27475,4377386,4377386,240,0,0
188430217,27477,4377626,4377626,240,0,0
188440217,27478,4377866,4377866,240,0,0
188450216,27480,4378106,4378106,240,0,0
188460189,27481,4378346,4378346,240,0,0
188470209,27483,4378586,4378586,240,0,0
188480181,27484,4378826,4378826,240,0,0
188490209,27486,4379066,4379066,240,0,0
188500281,27487,4379309,4379309,240,3,0
188510202,27489,4379549,4379549,240,0,0
188520263,27490,4379789,4379789,240,0,0
188530206,27492,4380029,4380029,240,0,0
188540104,27493,4380265,4380269,240,0,4
188550327,27495,4380510,4380510,240,5,0
188560220,27496,4380747,4380750,240,0,3
188570239,27498,4380987,4380987,240,0,0
188580201,27499,4381227,4381227,240,0,0
188590203,27501,4381467,4381467,240,0,0
188600204,27502,4381707,4381707,240,0,0
188610200,27504,4381947,4381947,240,0,0
188620196,27505,4382187,4382187,240,0,0
188630201,27507,4382427,4382427,240,0,0
188640232,27508,4382667,4382667,240,0,0
188650222,27510,4382907,4382907,240,0,0
188660056,27511,4383143,4383147,240,0,4
188670199,27513,4383387,4383387,240,4,0
188680134,27514,4383627,4383627,240,0,0
188690190,27516,4383867,4383867,240,0,0
188700184,27517,4384107,4384107,240,0,0
188710194,27519,4384347,4384347,240,0,0
188720274,27520,4384587,4384587,240,0,0
188730187,27522,4384827,4384827,240,0,0
188740207,27523,4385067,4385067,240,0,0
188750656,27525,4385318,4385318,240,11,0
188760114,27526,4385545,4385558,240,0,13
188770040,27528,4385785,4385785,240,0,0
188780021,27529,4386025,4386025,240,0,0
188790040,27531,4386265,4386265,240,0,0
188800117,27532,4386505,4386505,240,0,0
188810378,27534,4386751,4386751,240,6,0
188820205,27535,4386987,4386991,240,0,4
188830267,27537,4387227,4387227,240,0,0
188839997,27538,4387462,4387467,240,0,5
188850230,27540,4387708,4387708,240,6,0
188860161,27541,4387948,4387948,240,0,0
188870254,27543,4388188,4388188,240,0,0
188880190,27544,4388428,4388428,240,0,0
188890206,27546,4388668,4388668,240,0,0
188900203,27547,4388908,4388908,240,0,0
188910331,27549,4389148,4389148,240,0,0
188920036,27550,4389383,4389388,240,0,5
188930238,27552,4389628,4389628,240,5,0
188940223,27553,4389868,4389868,240,0,0
188950142,27555,4390105,4390108,240,0,3
188960126,27556,4390345,4390345,240,0,0
188970263,27558,4390588,4390588,240,3,0
188980227,27559,4390828,4390828,240,0,0
188990194,27561,4391068,4391068,240,0,0
189000186,27562,4391308,4391308,240,0,0
189010217,27564,4391548,4391548,240,0,0
189020245,27565,4391788,4391788,240,0,0
189030243,27567,4392028,4392028,240,0,0
189040021,27568,4392263,4392268,240,0,5
189050232,27570,4392508,4392508,240,5,0
189060177,27571,4392748,4392748,240,0,0
189070056,27573,4392983,4392988,240,0,5
189080294,27574,4393229,4393229,240,6,0
189090199,27576,4393469,4393469,240,0,0
189100190,27577,4393709,4393709,240,0,0
189110215,27579,4393949,4393949,240,0,0
189120198,27580,4394189,4394189,240,0,0
189130213,27582,4394429,4394429,240,0,0
189140112,27583,4394665,4394669,240,0,4
189150240,27585,4394908,4394908,240,3,0
189160231,27586,4395148,4395148,240,0,0
189170213,27588,4395388,4395388,240,0,0
189180210,27589,4395628,4395628,240,0,0
189190217,27591,4395868,4395868,240,0,0
189200500,27592,4396114,4396114,240,6,0
189210210,27594,4396347,4396354,240,0,7
189220218,27595,4396587,4396587,240,0,0
189230058,27597,4396823,4396827,240,0,4
189240122,27598,4397063,4397063,240,0,0
189250214,27600,4397307,4397307,240,4,0
189259957,27601,4397541,4397547,240,0,6
189270212,27603,4397787,4397787,240,6,0
189280209,27604,4398027,4398027,240,0,0
189290216,27606,4398267,4398267,240,0,0
189300516,27607,4398514,4398514,240,7,0
189310204,27609,4398747,4398754,240,0,7
189320196,27610,4398987,4398987,240,0,0
189330048,27612,4399223,4399227,240,0,4
189340102,27613,4399463,4399463,240,0,0
189350202,27615,4399707,4399707,240,4,0
189360059,27616,4399943,4399947,240,0,4
189370195,27618,4400187,4400187,240,4,0
189380191,27619,4400427,4400427,240,0,0
189390214,27621,4400667,4400667,240,0,0
189400241,27622,4400907,4400907,240,0,0
189410209,27624,4401147,4401147,240,0,0
189420191,27625,4401387,4401387,240,0,0
189430215,27627,4401627,4401627,240,0,0
189440191,27628,4401867,4401867,240,0,0
189450501,27630,4402114,4402114,240,7,0
189460064,27631,4402344,4402354,240,0,10
189470225,27633,4402587,4402587,240,3,0
189480036,27634,4402823,4402827,240,0,4
189490404,27636,4403072,4403072,240,9,0
189500239,27637,4403308,4403312,240,0,4
189510389,27639,4403551,4403551,240,3,0
189520298,27640,4403791,4403791,240,0,0
189530273,27642,4404031,4404031,240,0,0
189540185,27643,4404266,4404271,240,0,5
189550222,27645,4404506,4404506,240,0,0
189560313,27646,4404750,4404750,240,4,0
189570221,27648,4404987,4404990,240,0,3
189580210,27649,4405227,4405227,240,0,0
189590222,27651,4405467,4405467,240,0,0
189600212,27652,4405707,4405707,240,0,0
189610214,27654,4405947,4405947,240,0,0
189620187,27655,4406187,4406187,240,0,0
189630213,27657,4406427,4406427,240,0,0
189640196,27658,4406667,4406667,240,0,0
189650215,27660,4406907,4406907,240,0,0
189660196,27661,4407147,4407147,240,0,0
189670701,27663,4407399,4407399,240,12,0
189680172,27664,4407626,4407639,240,0,13
189690231,27666,4407866,4407866,240,0,0
189700179,27667,4408106,4408106,240,0,0
189710198,27669,4408346,4408346,240,0,0
189720192,27670,4408586,4408586,240,0,0
189730205,27672,4408826,4408826,240,0,0
189740275,27673,4409069,4409069,240,3,0
189750233,27675,4409309,4409309,240,0,0
189760204,27676,4409549,4409549,240,0,0
189770177,27678,4409786,4409789,240,0,3
189780138,27679,4410026,4410026,240,0,0
189790207,27681,4410266,4410266,240,0,0
189800212,27682,4410506,4410506,240,0,0
189810200,27684,4410746,4410746,240,0,0
189820045,27685,4410983,4410986,240,0,3
189830191,27687,4411227,4411227,240,4,0
189840168,27688,4411467,4411467,240,0,0
189850317,27690,4411710,4411710,240,3,0
189860421,27691,4411950,4411950,240,0,0
189870220,27693,4412187,4412190,240,0,3
189880088,27694,4412424,4412427,240,0,3
189890203,27696,4412667,4412667,240,3,0
189900023,27698,4412903,4412907,240,0,4
189910267,27700,4413148,4413148,240,5,0
189920515,27701,4413394,4413394,240,6,0
189930281,27703,4413629,4413634,240,0,5
189940258,27704,4413869,4413869,240,0,0
189950184,27706,4414106,4414109,240,0,3
189960478,27707,4414353,4414353,240,7,0
189970246,27709,4414588,4414593,240,0,5
189980218,27710,4414828,4414828,240,0,0
189990191,27712,4415068,4415068,240,0,0
190000201,27713,4415308,4415308,240,0,0
190010198,27715,4415548,4415548,240,0,0
190020200,27716,4415788,4415788,240,0,0
190030228,27718,4416028,4416028,240,0,0
190040195,27719,4416268,4416268,240,0,0
190050184,27721,4416508,4416508,240,0,0
190060193,27722,4416748,4416748,240,0,0
190070359,27724,4416991,4416991,240,3,0
190080011,27725,4417222,4417231,240,0,9
190090205,27727,4417467,4417467,240,5,0
190100199,27728,4417707,4417707,240,0,0
190110211,27730,4417947,4417947,240,0,0
190120201,27731,4418187,4418187,240,0,0
190130202,27733,4418427,4418427,240,0,0
190140180,27734,4418667,4418667,240,0,0
190150238,27736,4418907,4418907,240,0,0
190160181,27737,4419147,4419147,240,0,0
190170197,27739,4419387,4419387,240,0,0
190180108,27740,4419627,4419627,240,0,0
190190213,27742,4419867,4419867,240,0,0
190200213,27743,4420107,4420107,240,0,0
190210194,27745,4420347,4420347,240,0,0
190220217,27746,4420587,4420587,240,0,0
190230260,27748,4420827,4420827,240,0,0
190240003,27749,4421062,4421067,240,0,5
190250203,27751,4421307,4421307,240,5,0
190260215,27752,4421547,4421547,240,0,0
190270520,27754,4421794,4421794,240,7,0
190279971,27755,4422021,4422034,240,0,13
190290276,27757,4422269,4422269,240,8,0
190300481,27758,4422514,4422514,240,5,0
190310501,27760,4422754,4422754,240,0,0
190320234,27761,4422988,4422994,240,0,6
190330333,27763,4423228,4423228,240,0,0
190340247,27764,4423468,4423468,240,0,0
190350197,27766,4423708,4423708,240,0,0
190360201,27767,4423948,4423948,240,0,0
190370053,27769,4424183,4424188,240,0,5
190380192,27770,4424427,4424427,240,4,0
190390219,27772,4424667,4424667,240,0,0
190400193,27773,4424907,4424907,240,0,0
190410214,27775,4425147,4425147,240,0,0
190420189,27776,4425387,4425387,240,0,0
190430414,27778,4425632,4425632,240,5,0
190440171,27779,4425866,4425872,240,0,6
190450204,27781,4426106,4426106,240,0,0
190460190,27782,4426346,4426346,240,0,0
190470191,27784,4426586,4426586,240,0,0
190480300,27785,4426829,4426829,240,3,0
190490109,27787,4427065,4427069,240,0,4
190500138,27788,4427305,4427305,240,0,0
190510206,27790,4427545,4427545,240,0,0
190520199,27791,4427785,4427785,240,0,0
190530211,27793,4428025,4428025,240,0,0
190540011,27794,4428262,4428265,240,0,3
190550229,27796,4428508,4428508,240,6,0
190560194,27797,4428748,4428748,240,0,0
190570297,27799,4428988,4428988,240,0,0
190580185,27800,4429228,4429228,240,0,0
190590204,27802,4429468,4429468,240,0,0
190600118,27803,4429705,4429708,240,0,3
190610218,27805,4429945,4429945,240,0,0
190620215,27806,4430185,4430185,240,0,0
190630216,27808,4430425,4430425,240,0,0
190640207,27809,4430665,4430665,240,0,0
190650217,27811,4430905,4430905,240,0,0
190660209,27812,4431145,4431145,240,0,0
190670216,27814,4431385,4431385,240,0,0
190680059,27815,4431625,4431625,240,0,0
190690229,27817,4431868,4431868,240,3,0
190700137,27818,4432105,4432108,240,0,3
190710493,27820,4432354,4432354,240,9,0
190720191,27821,4432587,4432594,240,0,7
190730203,27823,4432827,4432827,240,0,0
190740218,27824,4433067,4433067,240,0,0
190750211,27826,4433307,4433307,240,0,0
190760222,27827,4433547,4433547,240,0,0
190770199,27829,4433787,4433787,240,0,0
190780228,27830,4434027,4434027,240,0,0
190790299,27832,4434267,4434267,240,0,0
190800258,27833,4434507,4434507,240,0,0
190810075,27835,4434744,4434747,240,0,3
190820226,27836,4434987,4434987,240,3,0
190830146,27838,4435227,4435227,240,0,0
190840168,27839,4435467,4435467,240,0,0
190850194,27841,4435707,4435707,240,0,0
190860181,27842,4435947,4435947,240,0,0
190870053,27844,4436183,4436187,240,0,4
190880145,27845,4436423,4436423,240,0,0
190890234,27847,4436668,4436668,240,5,0
190900089,27848,4436904,4436908,240,0,4
190910206,27850,4437147,4437147,240,3,0
190920300,27851,4437387,4437387,240,0,0
190930187,27853,4437627,4437627,240,0,0
190940182,27854,4437867,4437867,240,0,0
190950187,27856,4438107,4438107,240,0,0
190960183,27857,4438347,4438347,240,0,0
190970184,27859,4438587,4438587,240,0,0
190980182,27860,4438827,4438827,240,0,0
190990182,27862,4439067,4439067,240,0,0
190999980,27863,4439302,4439307,240,0,5
191010215,27865,4439547,4439547,240,5,0
191020203,27866,4439787,4439787,240,0,0
191030198,27868,4440027,4440027,240,0,0
191040181,27869,4440267,4440267,240,0,0
191050201,27871,4440507,4440507,240,0,0
191060390,27872,4440751,4440751,240,4,0
191070198,27874,4440987,4440991,240,0,4
191080195,27875,4441227,4441227,240,0,0
191090214,27877,4441467,4441467,240,0,0
191100086,27878,4441704,4441707,240,0,3
191110211,27880,4441947,4441947,240,3,0
191120176,27881,4442187,4442187,240,0,0
191130222,27883,4442427,4442427,240,0,0
191140182,27884,4442667,4442667,240,0,0
191150183,27886,4442907,4442907,240,0,0
191160188,27887,4443147,4443147,240,0,0
191170194,27889,4443387,4443387,240,0,0
191180185,27890,4443627,4443627,240,0,0
191190293,27892,4443867,4443867,240,0,0
191200035,27893,4444103,4444107,240,0,4
191210205,27895,4444347,4444347,240,4,0
191220044,27896,4444583,4444587,240,0,4
191230485,27898,4444834,4444834,240,11,0
191240188,27899,4445067,4445074,240,0,7
191250213,27901,4445307,4445307,240,0,0
191260180,27902,4445547,4445547,240,0,0
191270204,27904,4445787,4445787,240,0,0
191280143,27905,4446027,4446027,240,0,0
191290200,27907,4446267,4446267,240,0,0
191300233,27908,4446507,4446507,240,0,0
191310324,27910,4446750,4446750,240,3,0
191320190,27911,4446987,4446990,240,0,3
191330205,27913,4447227,4447227,240,0,0
191340197,27914,4447467,4447467,240,0,0
191350200,27916,4447707,4447707,240,0,0
191360201,27917,4447947,4447947,240,0,0
191370206,27919,4448187,4448187,240,0,0
191380200,27920,4448427,4448427,240,0,0
191390201,27922,4448667,4448667,240,0,0
191400216,27923,4448907,4448907,240,0,0
191410149,27925,4449147,4449147,240,0,0
191420158,27926,4449387,4449387,240,0,0
191430200,27928,4449627,4449627,240,0,0
191440189,27929,4449867,4449867,240,0,0
191450207,27931,4450107,4450107,240,0,0
191460191,27932,4450347,4450347,240,0,0
191470203,27934,4450587,4450587,240,0,0
191480159,27935,4450827,4450827,240,0,0
191490218,27937,4451067,4451067,240,0,0
191500114,27938,4451307,4451307,240,0,0
191510228,27940,4451547,4451547,240,0,0
191520156,27941,4451787,4451787,240,0,0
191530271,27943,4452027,4452027,240,0,0
191540175,27944,4452267,4452267,240,0,0
191550194,27946,4452507,4452507,240,0,0
191560031,27947,4452743,4452747,240,0,4
191570161,27949,4452986,4452986,240,3,0
191580201,27950,4453226,4453226,240,0,0
191590180,27952,4453466,4453466,240,0,0
191600174,27953,4453706,4453706,240,0,0
191610241,27955,4453946,4453946,240,0,0
191620197,27956,4454186,4454186,240,0,0
191630082,27958,4454426,4454426,240,0,0
191640100,27959,4454666,4454666,240,0,0
191650260,27961,4454906,4454906,240,0,0
191660188,27962,4455146,4455146,240,0,0
191670202,27964,4455386,4455386,240,0,0
191680189,27965,4455626,4455626,240,0,0
191690202,27967,4455866,4455866,240,0,0
191700191,27968,4456106,4456106,240,0,0
191710247,27970,4456346,4456346,240,0,0
191720253,27971,4456586,4456586,240,0,0
191730192,27973,4456826,4456826,240,0,0
191740194,27974,4457066,4457066,240,0,0
191750192,27976,4457306,4457306,240,0,0
191760194,27977,4457546,4457546,240,0,0
191770198,27979,4457786,4457786,240,0,0
191780215,27980,4458026,4458026,240,0,0
191790186,27982,4458266,4458266,240,0,0
191800197,27983,4458506,4458506,240,0,0
191810195,27985,4458746,4458746,240,0,0
191819973,27986,4458981,4458986,240,0,5
191830221,27988,4459227,4459227,240,6,0
191840176,27989,4459467,4459467,240,0,0
191850232,27991,4459707,4459707,240,0,0
191860081,27992,4459944,4459947,240,0,3
191870194,27994,4460187,4460187,240,3,0
191880188,27995,4460427,4460427,240,0,0
191890061,27997,4460663,4460667,240,0,4
191900138,27999,4460903,4460903,240,0,0
191910183,28001,4461146,4461146,240,3,0
191920094,28002,4461386,4461386,240,0,0
191930322,28004,4461630,4461630,240,4,0
191940185,28005,4461866,4461870,240,0,4
191950187,28007,4462106,4462106,240,0,0
191960183,28008,4462346,4462346,240,0,0
191970193,28010,4462586,4462586,240,0,0
191980186,28011,4462826,4462826,240,0,0
191990240,28013,4463066,4463066,240,0,0
192000191,28014,4463306,4463306,240,0,0
192010084,28016,4463546,4463546,240,0,0
192020087,28017,4463786,4463786,240,0,0
192030224,28019,4464026,4464026,240,0,0
192040050,28020,4464263,4464266,240,0,3
192050190,28022,4464507,4464507,240,4,0
192060174,28023,4464747,4464747,240,0,0
192070214,28025,4464987,4464987,240,0,0
192080175,28026,4465227,4465227,240,0,0
192090217,28028,4465467,4465467,240,0,0
192100181,28029,4465707,4465707,240,0,0
192110215,28031,4465947,4465947,240,0,0
192120225,28032,4466187,4466187,240,0,0
192130243,28034,4466427,4466427,240,0,0
192140195,28035,4466667,4466667,240,0,0
192150217,28037,4466907,4466907,240,0,0
192160200,28038,4467147,4467147,240,0,0
192170204,28040,4467387,4467387,240,0,0
192180203,28041,4467627,4467627,240,0,0
192190205,28043,4467867,4467867,240,0,0
192200198,28044,4468107,4468107,240,0,0
192210251,28046,4468347,4468347,240,0,0
192220204,28047,4468587,4468587,240,0,0
192230137,28049,4468827,4468827,240,0,0
192240144,28050,4469067,4469067,240,0,0
192250224,28052,4469307,4469307,240,0,0
192260209,28053,4469547,4469547,240,0,0
192270160,28055,4469787,4469787,240,0,0
192280126,28056,4470027,4470027,240,0,0
192290210,28058,4470267,4470267,240,0,0
192300198,28059,4470507,4470507,240,0,0
192310253,28061,4470747,4470747,240,0,0
192320190,28062,4470987,4470987,240,0,0
192330191,28064,4471227,4471227,240,0,0
192340152,28065,4471467,4471467,240,0,0
192350312,28067,4471707,4471707,240,0,0
192360177,28068,4471947,4471947,240,0,0
192370185,28070,4472187,4472187,240,0,0
192380184,28071,4472427,4472427,240,0,0
192390206,28073,4472667,4472667,240,0,0
192400185,28074,4472907,4472907,240,0,0
192410211,28076,4473147,4473147,240,0,0
192420355,28077,4473391,4473391,240,4,0
192430201,28079,4473627,4473631,240,0,4
192440152,28080,4473867,4473867,240,0,0
192450043,28082,4474103,4474107,240,0,4
192460254,28083,4474348,4474348,240,5,0
192470198,28085,4474588,4474588,240,0,0
192480208,28086,4474828,4474828,240,0,0
192490198,28088,4475068,4475068,240,0,0
192500206,28089,4475308,4475308,240,0,0
192510197,28091,4475548,4475548,240,0,0
192520204,28092,4475788,4475788,240,0,0
192530250,28094,4476028,4476028,240,0,0
192540215,28095,4476268,4476268,240,0,0
192550230,28097,4476508,4476508,240,0,0
192560203,28098,4476748,4476748,240,0,0
192570221,28100,4476988,4476988,240,0,0
192580205,28101,4477228,4477228,240,0,0
192590228,28103,4477468,4477468,240,0,0
192600157,28104,4477708,4477708,240,0,0
192610074,28106,4477944,4477948,240,0,4
192620149,28107,4478184,4478184,240,0,0
192630370,28109,4478431,4478431,240,7,0
192639994,28110,4478662,4478671,240,0,9
192650206,28112,4478907,4478907,240,5,0
192660184,28113,4479147,4479147,240,0,0
192670192,28115,4479387,4479387,240,0,0
192680196,28116,4479627,4479627,240,0,0
192690185,28118,4479867,4479867,240,0,0
192700195,28119,4480107,4480107,240,0,0
192710084,28121,4480344,4480347,240,0,3
192720128,28122,4480584,4480584,240,0,0
192730354,28124,4480831,4480831,240,7,0
192740657,28125,4481078,4481078,240,7,0
192750207,28127,4481307,4481318,240,0,11
192760249,28128,4481547,4481547,240,0,0
192770198,28130,4481787,4481787,240,0,0
192780185,28131,4482027,4482027,240,0,0
192790187,28133,4482267,4482267,240,0,0
192800177,28134,4482507,4482507,240,0,0
192810197,28136,4482747,4482747,240,0,0
192820182,28137,4482987,4482987,240,0,0
192830230,28139,4483227,4483227,240,0,0
192839962,28140,4483461,4483467,240,0,6
192850231,28142,4483708,4483708,240,7,0
192860621,28143,4483957,4483957,240,9,0
192870185,28145,4484186,4484197,240,0,11
192880176,28146,4484426,4484426,240,0,0
192890323,28148,4484670,4484670,240,4,0
192900184,28149,4484906,4484910,240,0,4
192910187,28151,4485146,4485146,240,0,0
192920193,28152,4485386,4485386,240,0,0
192930066,28154,4485626,4485626,240,0,0
192940387,28155,4485871,4485871,240,5,0
192950243,28157,4486108,4486111,240,0,3
192960214,28158,4486348,4486348,240,0,0
192970209,28160,4486588,4486588,240,0,0
192980201,28161,4486828,4486828,240,0,0
192990213,28163,4487068,4487068,240,0,0
193000209,28164,4487308,4487308,240,0,0
193010206,28166,4487548,4487548,240,0,0
193020115,28167,4487785,4487788,240,0,3
193030218,28169,4488025,4488025,240,0,0
193040378,28170,4488271,4488271,240,6,0
193050337,28172,4488511,4488511,240,0,0
193060220,28173,4488747,4488751,240,0,4
193070050,28175,4488983,4488987,240,0,4
193080251,28176,4489228,4489228,240,5,0
193090232,28178,4489468,4489468,240,0,0
193100208,28179,4489708,4489708,240,0,0
193110198,28181,4489948,4489948,240,0,0
193120202,28182,4490188,4490188,240,0,0
193130205,28184,4490428,4490428,240,0,0
193140211,28185,4490668,4490668,240,0,0
193150232,28187,4490908,4490908,240,0,0
193160235,28188,4491148,4491148,240,0,0
193170326,28190,4491388,4491388,240,0,0
193180368,28191,4491631,4491631,240,3,0
193190202,28193,4491867,4491871,240,0,4
193200187,28194,4492107,4492107,240,0,0
193210199,28196,4492347,4492347,240,0,0
193220031,28197,4492583,4492587,240,0,4
193230192,28199,4492827,4492827,240,4,0
193240210,28200,4493067,4493067,240,0,0
193250196,28202,4493307,4493307,240,0,0
193260184,28203,4493547,4493547,240,0,0
193270511,28205,4493794,4493794,240,7,0
193280168,28206,4494026,4494034,240,0,8
193290189,28208,4494266,4494266,240,0,0
193300183,28209,4494506,4494506,240,0,0
193310189,28211,4494746,4494746,240,0,0
193320198,28212,4494986,4494986,240,0,0
193330188,28214,4495226,4495226,240,0,0
193340214,28215,4495466,4495466,240,0,0
193350266,28217,4495706,4495706,240,0,0
193360229,28218,4495946,4495946,240,0,0
193370083,28220,4496186,4496186,240,0,0
193380100,28221,4496426,4496426,240,0,0
193390220,28223,4496666,4496666,240,0,0
193400205,28224,4496906,4496906,240,0,0
193410204,28226,4497146,4497146,240,0,0
193420211,28227,4497386,4497386,240,0,0
193430070,28229,4497626,4497626,240,0,0
193440089,28230,4497866,4497866,240,0,0
193450257,28232,4498106,4498106,240,0,0
193460234,28233,4498346,4498346,240,0,0
193470224,28235,4498586,4498586,240,0,0
193480215,28236,4498826,4498826,240,0,0
193490207,28238,4499066,4499066,240,0,0
193500216,28239,4499306,4499306,240,0,0
193510207,28241,4499546,4499546,240,0,0
193520296,28242,4499789,4499789,240,3,0
193530311,28244,4500029,4500029,240,0,0
193540198,28245,4500269,4500269,240,0,0
193550207,28247,4500509,4500509,240,0,0
193559977,28248,4500741,4500749,240,0,8
193570232,28250,4500988,4500988,240,7,0
193580200,28251,4501228,4501228,240,0,0
193590215,28253,4501468,4501468,240,0,0
193600203,28254,4501708,4501708,240,0,0
193610216,28256,4501948,4501948,240,0,0
193620193,28257,4502188,4502188,240,0,0
193630214,28259,4502428,4502428,240,0,0
193640215,28260,4502668,4502668,240,0,0
193650210,28262,4502908,4502908,240,0,0
193660105,28263,4503145,4503148,240,0,3
193670246,28265,4503388,4503388,240,3,0
193680299,28266,4503628,4503628,240,0,0
193690205,28268,4503868,4503868,240,0,0
193700206,28269,4504108,4504108,240,0,0
193710214,28271,4504348,4504348,240,0,0
193720215,28272,4504588,4504588,240,0,0
193730204,28274,4504828,4504828,240,0,0
193740203,28275,4505068,4505068,240,0,0
193750209,28277,4505308,4505308,240,0,0
193760239,28278,4505548,4505548,240,0,0
193770216,28280,4505788,4505788,240,0,0
193780060,28281,4506023,4506028,240,0,5
193790196,28283,4506267,4506267,240,4,0
193800198,28284,4506507,4506507,240,0,0
193810207,28286,4506747,4506747,240,0,0
193820202,28287,4506987,4506987,240,0,0
193830204,28289,4507227,4507227,240,0,0
193840198,28290,4507467,4507467,240,0,0
193850228,28292,4507707,4507707,240,0,0
193860279,28293,4507947,4507947,240,0,0
193870227,28295,4508187,4508187,240,0,0
193880204,28296,4508427,4508427,240,0,0
193890206,28298,4508667,4508667,240,0,0
193900201,28300,4508907,4508907,240,0,0
193910210,28302,4509147,4509147,240,0,0
193920207,28303,4509387,4509387,240,0,0
193930212,28305,4509627,4509627,240,0,0
193940047,28306,4509863,4509867,240,0,4
193950200,28308,4510107,4510107,240,4,0
193960209,28309,4510347,4510347,240,0,0
193970143,28311,4510587,4510587,240,0,0
193980137,28312,4510827,4510827,240,0,0
193990221,28314,4511067,4511067,240,0,0
194000210,28315,4511307,4511307,240,0,0
194010213,28317,4511547,4511547,240,0,0
194020210,28318,4511787,4511787,240,0,0
194030210,28320,4512027,4512027,240,0,0
194040037,28321,4512263,4512267,240,0,4
194050209,28323,4512507,4512507,240,4,0
194060208,28324,4512747,4512747,240,0,0
194070154,28326,4512987,4512987,240,0,0
194080158,28327,4513227,4513227,240,0,0
194090220,28329,4513467,4513467,240,0,0
194100217,28330,4513707,4513707,240,0,0
194110217,28332,4513947,4513947,240,0,0
194120224,28333,4514187,4514187,240,0,0
194130074,28335,4514424,4514427,240,0,3
194140046,28336,4514664,4514664,240,0,0
194150199,28338,4514907,4514907,240,3,0
194160062,28339,4515143,4515147,240,0,4
194170228,28341,4515387,4515387,240,4,0
194180096,28342,4515624,4515627,240,0,3
194190228,28344,4515867,4515867,240,3,0
194200064,28345,4516104,4516107,240,0,3
194210200,28347,4516347,4516347,240,3,0
194220062,28348,4516583,4516587,240,0,4
194230206,28350,4516827,4516827,240,4,0
194240059,28351,4517063,4517067,240,0,4
194250198,28353,4517307,4517307,240,4,0
194260052,28354,4517543,4517547,240,0,4
194270250,28356,4517788,4517788,240,5,0
194280042,28357,4518023,4518028,240,0,5
194290223,28359,4518267,4518267,240,4,0
194300048,28360,4518503,4518507,240,0,4
194310209,28362,4518747,4518747,240,4,0
194320034,28363,4518983,4518987,240,0,4
194330209,28365,4519227,4519227,240,4,0
194340053,28366,4519463,4519467,240,0,4
194350208,28368,4519707,4519707,240,4,0
194360034,28369,4519943,4519947,240,0,4
194370207,28371,4520187,4520187,240,4,0
194379978,28372,4520421,4520427,240,0,6
194390226,28374,4520667,4520667,240,6,0
194400058,28375,4520903,4520907,240,0,4
194410207,28377,4521147,4521147,240,4,0
194420060,28378,4521383,4521387,240,0,4
194430207,28380,4521627,4521627,240,4,0
194440057,28381,4521863,4521867,240,0,4
194450206,28383,4522107,4522107,240,4,0
194460057,28384,4522343,4522347,240,0,4
194470210,28386,4522587,4522587,240,4,0
194480096,28387,4522824,4522827,240,0,3
194490226,28389,4523067,4523067,240,3,0
194500083,28390,4523304,4523307,240,0,3
194510190,28392,4523547,4523547,240,3,0
194520074,28393,4523784,4523787,240,0,3
194530178,28395,4524024,4524024,240,0,0
194540066,28396,4524264,4524264,240,0,0
194550192,28398,4524507,4524507,240,3,0
194560066,28399,4524744,4524747,240,0,3
194570186,28401,4524984,4524984,240,0,0
194580101,28402,4525224,4525224,240,0,0
194590215,28404,4525467,4525467,240,3,0
194600051,28405,4525703,4525707,240,0,4
194610189,28407,4525947,4525947,240,4,0
194620062,28408,4526183,4526187,240,0,4
194630200,28410,4526427,4526427,240,4,0
194640069,28411,4526664,4526667,240,0,3
194650191,28413,4526907,4526907,240,3,0
194660067,28414,4527144,4527147,240,0,3
194670195,28416,4527387,4527387,240,3,0
194680104,28417,4527627,4527627,240,0,0
194690111,28419,4527867,4527867,240,0,0
194700122,28420,4528107,4528107,240,0,0
194710188,28422,4528347,4528347,240,0,0
194720063,28423,4528584,4528587,240,0,3
194730206,28425,4528827,4528827,240,3,0
194740076,28426,4529064,4529067,240,0,3
194750190,28428,4529307,4529307,240,3,0
194760069,28429,4529544,4529547,240,0,3
194770189,28431,4529787,4529787,240,3,0
194780155,28432,4530027,4530027,240,0,0
194790181,28434,4530267,4530267,240,0,0
194800116,28435,4530507,4530507,240,0,0
194810191,28437,4530747,4530747,240,0,0
194820075,28438,4530984,4530987,240,0,3
194830191,28440,4531227,4531227,240,3,0
194840078,28441,4531464,4531467,240,0,3
194850218,28443,4531707,4531707,240,3,0
194860087,28444,4531944,4531947,240,0,3
194870199,28446,4532187,4532187,240,3,0
194880056,28447,4532423,4532427,240,0,4
194890156,28449,4532666,4532666,240,3,0
194900103,28450,4532906,4532906,240,0,0
194910224,28452,4533146,4533146,240,0,0
194920066,28453,4533386,4533386,240,0,0
194930216,28455,4533626,4533626,240,0,0
194940067,28456,4533866,4533866,240,0,0
194950199,28458,4534106,4534106,240,0,0
194960060,28459,4534343,4534346,240,0,3
194970197,28461,4534587,4534587,240,4,0
194980069,28462,4534824,4534827,240,0,3
194990226,28464,4535067,4535067,240,3,0
195000052,28465,4535303,4535307,240,0,4
195010061,28467,4535543,4535543,240,0,0
195020099,28468,4535783,4535783,240,0,0
195030192,28470,4536027,4536027,240,4,0
195040039,28471,4536263,4536267,240,0,4
195050198,28473,4536507,4536507,240,4,0
195060052,28474,4536743,4536747,240,0,4
195070211,28476,4536987,4536987,240,4,0
195080047,28477,4537223,4537227,240,0,4
195090226,28479,4537467,4537467,240,4,0
195100045,28480,4537703,4537707,240,0,4
195110214,28482,4537947,4537947,240,4,0
195120038,28483,4538183,4538187,240,0,4
195130213,28485,4538427,4538427,240,4,0
195140062,28486,4538663,4538667,240,0,4
195150627,28488,4538917,4538917,240,14,0
195160031,28489,4539143,4539157,240,0,14
195170342,28491,4539390,4539390,240,7,0
195180000,28492,4539622,4539630,240,0,8
195190376,28494,4539871,4539871,240,9,0
195199965,28495,4540101,4540111,240,0,10
195210223,28497,4540347,4540347,240,6,0
195220058,28498,4540583,4540587,240,0,4
195230345,28500,4540830,4540830,240,7,0
195240016,28501,4541062,4541070,240,0,8
195250228,28503,4541307,4541307,240,5,0
195260049,28504,4541543,4541547,240,0,4
195270195,28506,4541787,4541787,240,4,0
195280049,28507,4542023,4542027,240,0,4
195290200,28509,4542267,4542267,240,4,0
195300102,28510,4542504,4542507,240,0,3
195310344,28512,4542750,4542750,240,6,0
195320032,28513,4542983,4542990,240,0,7
195330208,28515,4543227,4543227,240,4,0
195340062,28516,4543463,4543467,240,0,4
195350201,28518,4543707,4543707,240,4,0
195360059,28519,4543943,4543947,240,0,4
195370195,28521,4544187,4544187,240,4,0
195380062,28522,4544423,4544427,240,0,4
195390205,28524,4544667,4544667,240,4,0
195400111,28525,4544907,4544907,240,0,0
195410211,28527,4545147,4545147,240,0,0
195420044,28528,4545383,4545387,240,0,4
195430188,28530,4545627,4545627,240,4,0
195440070,28531,4545864,4545867,240,0,3
195450190,28533,4546107,4546107,240,3,0
195460056,28534,4546343,4546347,240,0,4
195470186,28536,4546586,4546586,240,3,0
195480059,28537,4546823,4546826,240,0,3
195490048,28539,4547063,4547063,240,0,0
195500098,28540,4547303,4547303,240,0,0
195510236,28542,4547548,4547548,240,5,0
195520155,28543,4547788,4547788,240,0,0
195530284,28545,4548028,4548028,240,0,0
195540050,28546,4548263,4548268,240,0,5
195550222,28548,4548507,4548507,240,4,0
195560031,28549,4548743,4548747,240,0,4
195570217,28551,4548987,4548987,240,4,0
195580037,28552,4549223,4549227,240,0,4
195590224,28554,4549467,4549467,240,4,0
195600245,28555,4549707,4549707,240,0,0
195610104,28557,4549947,4549947,240,0,0
195620091,28558,4550184,4550187,240,0,3
195630276,28560,4550429,4550429,240,5,0
195640022,28561,4550663,4550669,240,0,6
195650037,28563,4550903,4550903,240,0,0
195660061,28564,4551143,4551143,240,0,0
195670707,28566,4551399,4551399,240,16,0
195679996,28567,4551622,4551639,240,0,17
195690732,28569,4551880,4551880,240,18,0
195700024,28570,4552103,4552120,240,0,17
195710156,28572,4552346,4552346,240,3,0
195720108,28573,4552586,4552586,240,0,0
195730055,28575,4552823,4552826,240,0,3
195740109,28576,4553063,4553063,240,0,0
195750391,28578,4553311,4553311,240,8,0
195760010,28579,4553542,4553551,240,0,9
195770677,28581,4553798,4553798,240,16,0
195780049,28582,4554023,4554038,240,0,15
195790692,28584,4554279,4554279,240,16,0
195800038,28585,4554503,4554519,240,0,16
195810124,28587,4554743,4554743,240,0,0
195820113,28588,4554983,4554983,240,0,0
195830062,28590,4555223,4555223,240,0,0
195840094,28591,4555463,4555463,240,0,0
195850370,28593,4555711,4555711,240,8,0
195860062,28594,4555943,4555951,240,0,8
195870053,28596,4556183,4556183,240,0,0
195880017,28597,4556423,4556423,240,0,0
195890192,28599,4556667,4556667,240,4,0
195900054,28601,4556903,4556907,240,0,4
195910146,28603,4557146,4557146,240,3,0
195920026,28604,4557383,4557386,240,0,3
195930228,28606,4557627,4557627,240,4,0
195940044,28607,4557863,4557867,240,0,4
195950196,28609,4558107,4558107,240,4,0
195960242,28610,4558347,4558347,240,0,0
195970222,28612,4558587,4558587,240,0,0
195980057,28613,4558823,4558827,240,0,4
195990198,28615,4559067,4559067,240,4,0
196000052,28616,4559303,4559307,240,0,4
196010246,28618,4559548,4559548,240,5,0
196020069,28619,4559784,4559788,240,0,4
196030226,28621,4560027,4560027,240,3,0
196040040,28622,4560263,4560267,240,0,4
196050204,28624,4560507,4560507,240,4,0
196060057,28625,4560743,4560747,240,0,4
196070203,28627,4560987,4560987,240,4,0
196080053,28628,4561223,4561227,240,0,4
196090198,28630,4561467,4561467,240,4,0
196100048,28631,4561703,4561707,240,0,4
196110348,28633,4561950,4561950,240,7,0
196119960,28634,4562181,4562190,240,0,9
196130039,28636,4562421,4562421,240,0,0
196140004,28637,4562661,4562661,240,0,0
196150193,28639,4562907,4562907,240,6,0
196160037,28640,4563143,4563147,240,0,4
196170209,28642,4563387,4563387,240,4,0
196180063,28643,4563624,4563627,240,0,3
196190228,28645,4563867,4563867,240,3,0
196200009,28646,4564102,4564107,240,0,5
196210489,28648,4564354,4564354,240,12,0
196219975,28649,4564581,4564594,240,0,13
196230556,28651,4564835,4564835,240,14,0
196240054,28652,4565063,4565075,240,0,12
196250204,28654,4565307,4565307,240,4,0
196260054,28655,4565543,4565547,240,0,4
196270213,28657,4565787,4565787,240,4,0
196280067,28658,4566024,4566027,240,0,3
196290187,28660,4566264,4566264,240,0,0
196300018,28661,4566504,4566504,240,0,0
196310269,28663,4566748,4566748,240,4,0
196320144,28664,4566985,4566988,240,0,3
196330315,28666,4567230,4567230,240,5,0
196340016,28667,4567462,4567470,240,0,8
196350369,28669,4567711,4567711,240,9,0
196359994,28670,4567942,4567951,240,0,9
196370371,28672,4568191,4568191,240,9,0
196380002,28673,4568422,4568431,240,0,9
196390203,28675,4568667,4568667,240,5,0
196400036,28676,4568903,4568907,240,0,4
196410530,28678,4569155,4569155,240,12,0
196420108,28679,4569385,4569395,240,0,10
196430714,28681,4569639,4569639,240,14,0
196440037,28682,4569863,4569879,240,0,16
196450216,28684,4570107,4570107,240,4,0
196460009,28685,4570342,4570347,240,0,5
196470182,28687,4570586,4570586,240,4,0
196480056,28688,4570823,4570826,240,0,3
196490214,28690,4571067,4571067,240,4,0
196500016,28691,4571302,4571307,240,0,5
196510194,28693,4571547,4571547,240,5,0
196520011,28694,4571782,4571787,240,0,5
196530155,28696,4572026,4572026,240,4,0
196540095,28697,4572266,4572266,240,0,0
196550059,28699,4572503,4572506,240,0,3
196560070,28700,4572743,4572743,240,0,0
196570358,28702,4572991,4572991,240,8,0
196580007,28703,4573222,4573231,240,0,9
196590488,28705,4573474,4573474,240,12,0
196600005,28706,4573702,4573714,240,0,12
196610553,28708,4573955,4573955,240,13,0
196619987,28709,4574182,4574195,240,0,13
196630128,28711,4574425,4574425,240,3,0
196640111,28712,4574665,4574665,240,0,0
196650052,28714,4574905,4574905,240,0,0
196660105,28715,4575145,4575145,240,0,0
196670062,28717,4575385,4575385,240,0,0
196680089,28718,4575625,4575625,240,0,0
196690047,28720,4575865,4575865,240,0,0
196700102,28721,4576105,4576105,240,0,0
196710050,28723,4576345,4576345,240,0,0
196720080,28724,4576585,4576585,240,0,0
196730142,28726,4576825,4576825,240,0,0
196740090,28727,4577065,4577065,240,0,0
196750059,28729,4577305,4577305,240,0,0
196760084,28730,4577545,4577545,240,0,0
196770047,28732,4577785,4577785,240,0,0
196780089,28733,4578025,4578025,240,0,0
196790670,28735,4578278,4578278,240,13,0
196800047,28736,4578503,4578518,240,0,15
196810668,28738,4578758,4578758,240,15,0
196820034,28739,4578983,4578998,240,0,15
196830135,28741,4579223,4579223,240,0,0
196840098,28742,4579463,4579463,240,0,0
196850098,28744,4579703,4579703,240,0,0
196860081,28745,4579943,4579943,240,0,0
196870057,28747,4580183,4580183,240,0,0
196880051,28748,4580423,4580423,240,0,0
196890057,28750,4580663,4580663,240,0,0
196900100,28751,4580903,4580903,240,0,0
196910068,28753,4581143,4581143,240,0,0
196920104,28754,4581383,4581383,240,0,0
196930060,28756,4581623,4581623,240,0,0
196939967,28757,4581863,4581863,240,0,0
196950062,28759,4582103,4582103,240,0,0
196960077,28760,4582343,4582343,240,0,0
196970142,28762,4582583,4582583,240,0,0
196980091,28763,4582823,4582823,240,0,0
196990067,28765,4583063,4583063,240,0,0
197000093,28766,4583303,4583303,240,0,0
197010076,28768,4583543,4583543,240,0,0
197020083,28769,4583783,4583783,240,0,0
197030069,28771,4584023,4584023,240,0,0
197039968,28772,4584263,4584263,240,0,0
197050063,28774,4584503,4584503,240,0,0
197060070,28775,4584743,4584743,240,0,0
197070067,28777,4584983,4584983,240,0,0
197080076,28778,4585223,4585223,240,0,0
197090061,28780,4585463,4585463,240,0,0
197100079,28781,4585703,4585703,240,0,0
197110065,28783,4585943,4585943,240,0,0
197120074,28784,4586183,4586183,240,0,0
197130056,28786,4586423,4586423,240,0,0
197140102,28787,4586663,4586663,240,0,0
197150221,28789,4586907,4586907,240,4,0
197160076,28790,4587144,4587147,240,0,3
197170055,28792,4587384,4587384,240,0,0
197180082,28793,4587624,4587624,240,0,0
197190059,28795,4587864,4587864,240,0,0
197200078,28796,4588104,4588104,240,0,0
197210072,28798,4588344,4588344,240,0,0
197220022,28799,4588584,4588584,240,0,0
197230047,28801,4588824,4588824,240,0,0
197240106,28802,4589064,4589064,240,0,0
197250081,28804,4589304,4589304,240,0,0
197260084,28805,4589544,4589544,240,0,0
197270156,28807,4589784,4589784,240,0,0
197280101,28808,4590024,4590024,240,0,0
197290061,28810,4590264,4590264,240,0,0
197300079,28811,4590504,4590504,240,0,0
197310061,28813,4590744,4590744,240,0,0
197320079,28814,4590984,4590984,240,0,0
197330064,28816,4591224,4591224,240,0,0
197340072,28817,4591464,4591464,240,0,0
197350144,28819,4591704,4591704,240,0,0
197360089,28820,4591944,4591944,240,0,0
197370068,28822,4592184,4592184,240,0,0
197380078,28823,4592424,4592424,240,0,0
197390067,28825,4592664,4592664,240,0,0
197400079,28826,4592904,4592904,240,0,0
197410067,28828,4593144,4593144,240,0,0
197420082,28829,4593384,4593384,240,0,0
197430056,28831,4593624,4593624,240,0,0
197440076,28832,4593864,4593864,240,0,0
197450138,28834,4594104,4594104,240,0,0
197460086,28835,4594344,4594344,240,0,0
197470146,28837,4594584,4594584,240,0,0
197480086,28838,4594824,4594824,240,0,0
197490057,28840,4595064,4595064,240,0,0
197500082,28841,4595304,4595304,240,0,0
197510059,28843,4595544,4595544,240,0,0
197520090,28844,4595784,4595784,240,0,0
197530055,28846,4596024,4596024,240,0,0
197540116,28847,4596264,4596264,240,0,0
197550127,28849,4596504,4596504,240,0,0
197560076,28850,4596744,4596744,240,0,0
197570053,28852,4596984,4596984,240,0,0
197580077,28853,4597224,4597224,240,0,0
197590062,28855,4597464,4597464,240,0,0
197600081,28856,4597704,4597704,240,0,0
197610059,28858,4597944,4597944,240,0,0
197620297,28859,4598189,4598189,240,5,0
197630077,28861,4598424,4598429,240,0,5
197640538,28862,4598675,4598675,240,11,0
197650200,28864,4598907,4598915,240,0,8
197660360,28865,4599151,4599151,240,4,0
197670123,28867,4599385,4599391,240,0,6
197680186,28868,4599625,4599625,240,0,0
197690039,28870,4599865,4599865,240,0,0
197700242,28871,4600108,4600108,240,3,0
197710093,28873,4600344,4600348,240,0,4
197720222,28874,4600587,4600587,240,3,0
197730103,28876,4600824,4600827,240,0,3
197740198,28877,4601067,4601067,240,3,0
197750096,28879,4601304,4601307,240,0,3
197759946,28880,4601541,4601544,240,0,3
197770210,28882,4601787,4601787,240,6,0
197780370,28883,4602031,4602031,240,4,0
197790126,28885,4602265,4602271,240,0,6
197800525,28886,4602515,4602515,240,10,0
197810195,28888,4602747,4602755,240,0,8
197820032,28889,4602983,4602987,240,0,4
197830197,28891,4603227,4603227,240,4,0
197840049,28892,4603463,4603467,240,0,4
197850098,28894,4603703,4603703,240,0,0
197860120,28895,4603943,4603943,240,0,0
197870092,28897,4604183,4604183,240,0,0
197880046,28898,4604423,4604423,240,0,0
197890035,28900,4604663,4604663,240,0,0
197900052,28902,4604903,4604903,240,0,0
197910008,28904,4605143,4605143,240,0,0
197919986,28905,4605383,4605383,240,0,0
197929997,28907,4605623,4605623,240,0,0
197939987,28908,4605863,4605863,240,0,0
197950062,28910,4606103,4606103,240,0,0
197959954,28911,4606343,4606343,240,0,0
197970052,28913,4606583,4606583,240,0,0
197979995,28914,4606823,4606823,240,0,0
197990085,28916,4607063,4607063,240,0,0
198000015,28917,4607303,4607303,240,0,0
198010019,28919,4607543,4607543,240,0,0
198020016,28920,4607783,4607783,240,0,0
198030018,28922,4608023,4608023,240,0,0
198040011,28923,4608263,4608263,240,0,0
198050025,28925,4608503,4608503,240,0,0
198060058,28926,4608743,4608743,240,0,0
198070061,28928,4608983,4608983,240,0,0
198080008,28929,4609223,4609223,240,0,0
198090023,28931,4609463,4609463,240,0,0
198100004,28932,4609703,4609703,240,0,0
198110025,28934,4609943,4609943,240,0,0
198120007,28935,4610183,4610183,240,0,0
198130028,28937,4610423,4610423,240,0,0
198140003,28938,4610663,4610663,240,0,0
198150025,28940,4610903,4610903,240,0,0
198160208,28941,4611147,4611147,240,4,0
198170157,28943,4611387,4611387,240,0,0
198180009,28944,4611622,4611627,240,0,5
198190014,28946,4611862,4611862,240,0,0
198199979,28947,4612102,4612102,240,0,0
198210026,28949,4612342,4612342,240,0,0
198220017,28950,4612582,4612582,240,0,0
198230017,28952,4612822,4612822,240,0,0
198239997,28953,4613062,4613062,240,0,0
198250030,28955,4613302,4613302,240,0,0
198260025,28956,4613542,4613542,240,0,0
198270177,28958,4613786,4613786,240,4,0
198280028,28959,4614023,4614026,240,0,3
198290022,28961,4614263,4614263,240,0,0
198300009,28962,4614503,4614503,240,0,0
198310025,28964,4614743,4614743,240,0,0
198320015,28965,4614983,4614983,240,0,0
198330021,28967,4615223,4615223,240,0,0
198340094,28968,4615463,4615463,240,0,0
198350045,28970,4615703,4615703,240,0,0
198360021,28971,4615943,4615943,240,0,0
198370107,28973,4616183,4616183,240,0,0
198380009,28974,4616423,4616423,240,0,0
198390021,28976,4616663,4616663,240,0,0
198400013,28977,4616903,4616903,240,0,0
198410017,28979,4617143,4617143,240,0,0
198420006,28980,4617383,4617383,240,0,0
198430025,28982,4617623,4617623,240,0,0
198440014,28983,4617863,4617863,240,0,0
198450018,28985,4618103,4618103,240,0,0
198460017,28986,4618343,4618343,240,0,0
198470113,28988,4618583,4618583,240,0,0
198480021,28989,4618823,4618823,240,0,0
198490146,28991,4619066,4619066,240,3,0
198500024,28992,4619303,4619306,240,0,3
198510020,28994,4619543,4619543,240,0,0
198520016,28995,4619783,4619783,240,0,0
198530027,28997,4620023,4620023,240,0,0
198540013,28998,4620263,4620263,240,0,0
198550019,29000,4620503,4620503,240,0,0
198560015,29001,4620743,4620743,240,0,0
198570129,29003,4620983,4620983,240,0,0
198580141,29004,4621223,4621223,240,0,0
198590027,29006,4621463,4621463,240,0,0
198600019,29007,4621703,4621703,240,0,0
198610016,29009,4621943,4621943,240,0,0
198620013,29010,4622183,4622183,240,0,0
198630024,29012,4622423,4622423,240,0,0
198640020,29013,4622663,4622663,240,0,0
198650016,29015,4622903,4622903,240,0,0
198660002,29016,4623143,4623143,240,0,0
198670028,29018,4623383,4623383,240,0,0
198679937,29019,4623620,4623623,240,0,3
198690270,29021,4623868,4623868,240,8,0
198700032,29022,4624103,4624108,240,0,5
198710014,29024,4624343,4624343,240,0,0
198720007,29025,4624583,4624583,240,0,0
198730025,29027,4624823,4624823,240,0,0
198739983,29028,4625063,4625063,240,0,0
198750005,29030,4625303,4625303,240,0,0
198759997,29031,4625543,4625543,240,0,0
198770035,29033,4625783,4625783,240,0,0
198779948,29034,4626023,4626023,240,0,0
198790061,29036,4626263,4626263,240,0,0
198799990,29037,4626503,4626503,240,0,0
198810020,29039,4626743,4626743,240,0,0
198820022,29040,4626983,4626983,240,0,0
198830022,29042,4627223,4627223,240,0,0
198840013,29043,4627463,4627463,240,0,0
198850062,29045,4627703,4627703,240,0,0
198860036,29046,4627943,4627943,240,0,0
198870026,29048,4628183,4628183,240,0,0
198880065,29049,4628423,4628423,240,0,0
198890070,29051,4628663,4628663,240,0,0
198900018,29052,4628903,4628903,240,0,0
198910030,29054,4629143,4629143,240,0,0
198920023,29055,4629383,4629383,240,0,0
198930028,29057,4629623,4629623,240,0,0
198940015,29058,4629863,4629863,240,0,0
198950030,29060,4630103,4630103,240,0,0
198960023,29061,4630343,4630343,240,0,0
198970028,29063,4630583,4630583,240,0,0
198980098,29064,4630823,4630823,240,0,0
198990061,29066,4631063,4631063,240,0,0
199000023,29067,4631303,4631303,240,0,0
199010027,29069,4631543,4631543,240,0,0
199020025,29070,4631783,4631783,240,0,0
199030124,29072,4632023,4632023,240,0,0
199039989,29073,4632263,4632263,240,0,0
199050030,29075,4632503,4632503,240,0,0
199060010,29076,4632743,4632743,240,0,0
199070032,29078,4632983,4632983,240,0,0
199080014,29079,4633223,4633223,240,0,0
199090137,29081,4633463,4633463,240,0,0
199100021,29082,4633703,4633703,240,0,0
199110026,29084,4633943,4633943,240,0,0
199120019,29085,4634183,4634183,240,0,0
199130024,29087,4634423,4634423,240,0,0
199140020,29088,4634663,4634663,240,0,0
199150023,29090,4634903,4634903,240,0,0
199160037,29091,4635143,4635143,240,0,0
199170031,29093,4635383,4635383,240,0,0
199180024,29094,4635623,4635623,240,0,0
199190122,29096,4635863,4635863,240,0,0
199199992,29097,4636103,4636103,240,0,0
199210124,29099,4636343,4636343,240,0,0
199219980,29100,4636583,4636583,240,0,0
199230052,29102,4636823,4636823,240,0,0
199240021,29103,4637063,4637063,240,0,0
199250018,29105,4637303,4637303,240,0,0
199260014,29106,4637543,4637543,240,0,0
199270030,29108,4637783,4637783,240,0,0
199280033,29109,4638023,4638023,240,0,0
199290120,29111,4638263,4638263,240,0,0
199300034,29112,4638503,4638503,240,0,0
199310049,29114,4638743,4638743,240,0,0
199320020,29115,4638983,4638983,240,0,0
199330023,29117,4639223,4639223,240,0,0
199340017,29118,4639463,4639463,240,0,0
199350030,29120,4639703,4639703,240,0,0
199360028,29121,4639943,4639943,240,0,0
199370024,29123,4640183,4640183,240,0,0
199380017,29124,4640423,4640423,240,0,0
199390124,29126,4640663,4640663,240,0,0
199400046,29127,4640903,4640903,240,0,0
199410022,29129,4641143,4641143,240,0,0
199420020,29130,4641383,4641383,240,0,0
199430030,29132,4641623,4641623,240,0,0
199440022,29133,4641863,4641863,240,0,0
199450022,29135,4642103,4642103,240,0,0
199460021,29136,4642343,4642343,240,0,0
199470030,29138,4642583,4642583,240,0,0
199480022,29139,4642823,4642823,240,0,0
199490022,29141,4643063,4643063,240,0,0
199500062,29142,4643303,4643303,240,0,0
199510059,29144,4643543,4643543,240,0,0
199520016,29145,4643783,4643783,240,0,0
199530026,29147,4644023,4644023,240,0,0
199540019,29148,4644263,4644263,240,0,0
199550032,29150,4644503,4644503,240,0,0
199560028,29151,4644743,4644743,240,0,0
199570035,29153,4644983,4644983,240,0,0
199580021,29154,4645223,4645223,240,0,0
199590032,29156,4645463,4645463,240,0,0
199600052,29157,4645703,4645703,240,0,0
199610061,29159,4645943,4645943,240,0,0
199620020,29160,4646183,4646183,240,0,0
199630027,29162,4646423,4646423,240,0,0
199640016,29163,4646663,4646663,240,0,0
199650029,29165,4646903,4646903,240,0,0
199660022,29166,4647143,4647143,240,0,0
199670027,29168,4647383,4647383,240,0,0
199680016,29169,4647623,4647623,240,0,0
199690030,29171,4647863,4647863,240,0,0
199700057,29172,4648103,4648103,240,0,0
199710081,29174,4648343,4648343,240,0,0
199720020,29175,4648583,4648583,240,0,0
199730022,29177,4648823,4648823,240,0,0
199740021,29178,4649063,4649063,240,0,0
199750031,29180,4649303,4649303,240,0,0
199760030,29181,4649543,4649543,240,0,0
199770021,29183,4649783,4649783,240,0,0
199780021,29184,4650023,4650023,240,0,0
199790042,29186,4650263,4650263,240,0,0
199800046,29187,4650503,4650503,240,0,0
199810317,29189,4650750,4650750,240,7,0
199820002,29190,4650982,4650990,240,0,8
199830017,29192,4651222,4651222,240,0,0
199840025,29193,4651462,4651462,240,0,0
199850042,29195,4651702,4651702,240,0,0
199860031,29196,4651942,4651942,240,0,0
199870030,29198,4652182,4652182,240,0,0
199880036,29199,4652422,4652422,240,0,0
199890015,29201,4652662,4652662,240,0,0
