#include "common.h"

const uint16_t sclera_default[SCLERA_WIDTH*SCLERA_HEIGHT] = {
  0x6901, 0x6901, 0x6901, 0x6901, 0x6901, 0x6901, 0x6901, 0x6901,
  0x6901, 0x6901, 0x6901, 0x6901, 0x6901, 0x6901, 0x6901, 0x6901,
  0x6901, 0x6901, 0x6901, 0x6901, 0x6901, 0x6901, 0x6901, 0x6901,
  0x6901, 0x6901, 0x6901, 0x6901, 0x6901, 0x6901, 0x6901, 0x6901,
  0x6901, 0x6901, 0x6901, 0x6901, 0x6901, 0x6901, 0x6901, 0x6901,
  0x6901, 0x6901, 0x6901, 0x6901, 0x6901, 0x6901, 0x6901, 0x6901,
  0x6901, 0x6901, 0x6901, 0x6901, 0x6901, 0x6901, 0x6901, 0x6901,
  0x6901, 0x6901, 0x6901, 0x6901, 0x6901, 0x6901, 0x6901, 0x6901,
  0x6901, 0x6901, 0x6901, 0x6901, 0x6901, 0x6901, 0x6901, 0x6901,
  0x6901, 0x6901, 0x6901, 0x6901, 0x6901, 0x6901, 0x6901, 0x6901,
  0x6901, 0x6901, 0x6901, 0x6901, 0x6901, 0x6902, 0x6902, 0x6902,
  0x6902, 0x7102, 0x7122, 0x7122, 0x7122, 0x7122, 0x7122, 0x7122,
  0x7142, 0x7142, 0x7142, 0x7142, 0x7142, 0x7142, 0x7143, 0x7143,
  0x7162, 0x7963, 0x7963, 0x7963, 0x7963, 0x7963, 0x7963, 0x7963,
  0x7963, 0x7963, 0x7963, 0x7963, 0x7983, 0x7983, 0x7963, 0x7963,
  0x7963, 0x7963, 0x7983, 0x7983, 0x7963, 0x7963, 0x7963, 0x7963,
  0x7963, 0x7983, 0x7983, 0x7983, 0x7983, 0x7963, 0x7963, 0x7963,
  0x7963, 0x7963, 0x7963, 0x7963, 0x7963, 0x7963, 0x7963, 0x7963,
  0x7163, 0x7163, 0x7142, 0x7142, 0x7142, 0x7142, 0x7142, 0x7142,
  0x7142, 0x7142, 0x7122, 0x7122, 0x7122, 0x7122, 0x7122, 0x7122,
  0x7102, 0x6902, 0x6902, 0x6902, 0x6902, 0x6901, 0x6901, 0x6901,
  0x6901, 0x6901, 0x6901, 0x6901, 0x6901, 0x6901, 0x6901, 0x6901,
  0x6901, 0x6901, 0x6901, 0x6901, 0x6901, 0x6901, 0x6901, 0x6901,
  0x6901, 0x6901, 0x6901, 0x6901, 0x6901, 0x6901, 0x6901, 0x6901,
  0x6901, 0x6901, 0x6901, 0x6901, 0x6901, 0x6901, 0x6901, 0x6901,
  0x6901, 0x6901, 0x6901, 0x6901, 0x6901, 0x6901, 0x6901, 0x6901,
  0x6901, 0x6901, 0x6901, 0x6901, 0x6901, 0x6901, 0x6901, 0x6901,
  0x6901, 0x6901, 0x6901, 0x6901, 0x6901, 0x6901, 0x6901, 0x6901,
  0x6901, 0x6901, 0x6901, 0x6901, 0x6901, 0x6901, 0x6901, 0x6901,
  0x6901, 0x6901, 0x6901, 0x6901, 0x6901, 0x6901, 0x6901, 0x6901,
  0x6901, 0x6901, 0x6901, 0x6901, 0x6901, 0x6901, 0x6901, 0x6901,
  0x6901, 0x6901, 0x6901, 0x6901, 0x6901, 0x6901, 0x6901, 0x6901,
  0x6901, 0x6901, 0x6901, 0x6901, 0x6901, 0x6901, 0x6901, 0x6901,
  0x6901, 0x6901, 0x6901, 0x6901, 0x6901, 0x6901, 0x6901, 0x6901,
  0x6901, 0x6901, 0x6901, 0x6901, 0x6901, 0x6901, 0x6901, 0x6901,
  0x6901, 0x6901, 0x6901, 0x6901, 0x6901, 0x6901, 0x6901, 0x6901,
  0x6901, 0x6901, 0x6901, 0x6901, 0x6901, 0x6901, 0x6901, 0x6901,
  0x6901, 0x6901, 0x6901, 0x6901, 0x6901, 0x6901, 0x6901, 0x6901,
  0x6901, 0x6901, 0x6901, 0x6901, 0x6901, 0x6901, 0x6901, 0x6901,
  0x6901, 0x6901, 0x6901, 0x6901, 0x6901, 0x6901, 0x6901, 0x6901,
  0x6901, 0x6901, 0x6901, 0x6901, 0x6901, 0x6901, 0x6901, 0x6901,
  0x6901, 0x6901, 0x6901, 0x6901, 0x6901, 0x6902, 0x6902, 0x6902,
  0x7102, 0x7122, 0x7122, 0x7122, 0x7122, 0x7122, 0x7122, 0x7122,
  0x7142, 0x7142, 0x7142, 0x7143, 0x7163, 0x7163, 0x7963, 0x7963,
  0x7963, 0x7963, 0x7963, 0x7963, 0x7983, 0x7963, 0x7963, 0x7983,
  0x7983, 0x7983, 0x7983, 0x7983, 0x7983, 0x7983, 0x7983, 0x7983,
  0x7983, 0x7983, 0x7983, 0x7983, 0x7983, 0x7983, 0x7983, 0x7983,
  0x7983, 0x7983, 0x7983, 0x7983, 0x7983, 0x7983, 0x7983, 0x7983,
  0x7983, 0x7983, 0x7983, 0x7983, 0x7983, 0x7963, 0x7963, 0x7963,
  0x7963, 0x7963, 0x7963, 0x7963, 0x7963, 0x7963, 0x7963, 0x7163,
  0x7163, 0x7142, 0x7142, 0x7142, 0x7142, 0x7142, 0x7122, 0x7122,
  0x7122, 0x7122, 0x7122, 0x7122, 0x7122, 0x7122, 0x6902, 0x6902,
  0x6902, 0x6902, 0x6902, 0x6901, 0x6901, 0x6901, 0x6901, 0x6901,
  0x6901, 0x6901, 0x6901, 0x6901, 0x6901, 0x6901, 0x6901, 0x6901,
  0x6901, 0x6901, 0x6901, 0x6901, 0x6901, 0x6901, 0x6901, 0x6901,
  0x6901, 0x6901, 0x6901, 0x6901, 0x6901, 0x6901, 0x6901, 0x6901,
  0x6901, 0x6901, 0x6901, 0x6901, 0x6901, 0x6901, 0x6901, 0x6901,
  0x6901, 0x6901, 0x6901, 0x6901, 0x6901, 0x6901, 0x6901, 0x6901,
  0x6901, 0x6901, 0x6901, 0x6901, 0x6901, 0x6901, 0x6901, 0x6901,
  0x6901, 0x6901, 0x6901, 0x6901, 0x6901, 0x6901, 0x6901, 0x6901,
  0x6901, 0x6901, 0x6901, 0x6901, 0x6901, 0x6901, 0x6901, 0x6901,
  0x6901, 0x6901, 0x6901, 0x6901, 0x6901, 0x6901, 0x6901, 0x6901,
  0x6901, 0x6901, 0x6901, 0x6901, 0x6901, 0x6901, 0x6901, 0x6901,
  0x6901, 0x6901, 0x6901, 0x6901, 0x6901, 0x6901, 0x6901, 0x6901,
  0x6901, 0x6901, 0x6901, 0x6901, 0x6901, 0x6901, 0x6901, 0x6901,
  0x6901, 0x6901, 0x6901, 0x6901, 0x6901, 0x6901, 0x6901, 0x6901,
  0x6901, 0x6901, 0x6901, 0x6901, 0x6901, 0x6901, 0x6901, 0x6901,
  0x6901, 0x6901, 0x6901, 0x6901, 0x6901, 0x6901, 0x6901, 0x6901,
  0x6901, 0x6901, 0x6901, 0x6901, 0x6901, 0x6901, 0x6901, 0x6901,
  0x6901, 0x6901, 0x6901, 0x6901, 0x6901, 0x6901, 0x6901, 0x6901,
  0x6901, 0x6901, 0x6901, 0x6901, 0x6901, 0x6901, 0x6901, 0x6901,
  0x6901, 0x6901, 0x6901, 0x6901, 0x6901, 0x6901, 0x6901, 0x6901,
  0x6901, 0x6901, 0x6901, 0x6901, 0x6902, 0x6902, 0x7102, 0x7102,
  0x7102, 0x7122, 0x7122, 0x7122, 0x7122, 0x7142, 0x7142, 0x7142,
  0x7142, 0x7143, 0x7163, 0x7163, 0x7963, 0x7963, 0x7963, 0x7963,
  0x7983, 0x7983, 0x7983, 0x7983, 0x7983, 0x7983, 0x7983, 0x79A3,
  0x79A3, 0x79A3, 0x79A4, 0x79A4, 0x79A4, 0x79A4, 0x79A4, 0x79A4,
  0x79A4, 0x79A4, 0x79A3, 0x79A3, 0x7983, 0x79A4, 0x79A4, 0x79A4,
  0x79A4, 0x79A4, 0x79A4, 0x79A4, 0x79A4, 0x79A3, 0x79A4, 0x79C4,
  0x79A4, 0x79A4, 0x79A4, 0x79A4, 0x79A4, 0x79A4, 0x79A3, 0x79A3,
  0x7983, 0x7983, 0x7983, 0x7983, 0x7983, 0x7983, 0x7983, 0x7983,
  0x7983, 0x7963, 0x7963, 0x7963, 0x7963, 0x7963, 0x7163, 0x7142,
  0x7142, 0x7142, 0x7142, 0x7122, 0x7122, 0x7122, 0x7122, 0x7122,
  0x7122, 0x7122, 0x7122, 0x6902, 0x6902, 0x6902, 0x6902, 0x6901,
  0x6901, 0x6901, 0x6901, 0x6901, 0x6901, 0x6901, 0x6901, 0x6901,
  0x6901, 0x6901, 0x6901, 0x6901, 0x6901, 0x6901, 0x6901, 0x6901,
  0x6901, 0x6901, 0x6901, 0x6901, 0x6901, 0x6901, 0x6901, 0x6901,
  0x6901, 0x6901, 0x6901, 0x6901, 0x6901, 0x6901, 0x6901, 0x6901,
  0x6901, 0x6901, 0x6901, 0x6901, 0x6901, 0x6901, 0x6901, 0x6901,
  0x6901, 0x6901, 0x6901, 0x6901, 0x6901, 0x6901, 0x6901, 0x6901,
  0x6901, 0x6901, 0x6901, 0x6901, 0x6901, 0x6901, 0x6901, 0x6901,
  0x6901, 0x6901, 0x6901, 0x6901, 0x6901, 0x6901, 0x6901, 0x6901,
  0x6901, 0x6901, 0x6901, 0x6901, 0x6901, 0x6901, 0x6901, 0x6901,
  0x6901, 0x6901, 0x6901, 0x6901, 0x6901, 0x6901, 0x6901, 0x6901,
  0x6901, 0x6901, 0x6901, 0x6901, 0x6901, 0x6901, 0x6901, 0x6901,
  0x6901, 0x6901, 0x6901, 0x6901, 0x6901, 0x6901, 0x6901, 0x6901,
  0x6901, 0x6901, 0x6901, 0x6901, 0x6901, 0x6901, 0x6901, 0x6901,
  0x6901, 0x6901, 0x6901, 0x6901, 0x6901, 0x6901, 0x6901, 0x6901,
  0x6901, 0x6901, 0x6901, 0x6901, 0x6901, 0x6901, 0x6901, 0x6901,
  0x6901, 0x6901, 0x6901, 0x6901, 0x6901, 0x6901, 0x6901, 0x6901,
  0x6901, 0x6901, 0x6901, 0x6901, 0x6901, 0x6901, 0x6901, 0x6901,
  0x6901, 0x6901, 0x6901, 0x6901, 0x6901, 0x6901, 0x6901, 0x6901,
  0x6901, 0x6901, 0x6901, 0x6901, 0x6901, 0x6901, 0x6901, 0x6901,
  0x6901, 0x6901, 0x6901, 0x6901, 0x6901, 0x6902, 0x6902, 0x7122,
  0x7102, 0x7122, 0x7122, 0x7122, 0x7122, 0x7142, 0x7142, 0x7143,
  0x7163, 0x7963, 0x7963, 0x7963, 0x7963, 0x7963, 0x7983, 0x7983,
  0x7983, 0x7983, 0x7983, 0x79A3, 0x79A3, 0x79A4, 0x79A4, 0x79A4,
  0x79A4, 0x79A4, 0x79A4, 0x79A4, 0x79C4, 0x81C4, 0x81C4, 0x81C4,
  0x81C4, 0x81C4, 0x81C4, 0x81C4, 0x81C4, 0x81C4, 0x81C4, 0x81C4,
  0x81C4, 0x81C4, 0x81C4, 0x81C4, 0x81C4, 0x81C4, 0x81C4, 0x81C4,
  0x81C4, 0x81C4, 0x81C4, 0x81C4, 0x81C4, 0x81C4, 0x81C4, 0x81C4,
  0x79C4, 0x79A4, 0x79A4, 0x79A4, 0x79A4, 0x79A4, 0x79A4, 0x7983,
  0x7983, 0x7983, 0x7983, 0x7983, 0x7983, 0x7983, 0x7963, 0x7963,
  0x7963, 0x7963, 0x7943, 0x7142, 0x7142, 0x7142, 0x7142, 0x7142,
  0x7142, 0x7142, 0x7122, 0x7122, 0x7122, 0x7122, 0x7122, 0x7102,
  0x7102, 0x6902, 0x6901, 0x6901, 0x6901, 0x6901, 0x6901, 0x6901,
  0x6901, 0x6901, 0x6901, 0x6901, 0x6901, 0x6901, 0x6901, 0x6901,
  0x6901, 0x6901, 0x6901, 0x6901, 0x6901, 0x6901, 0x6901, 0x6901,
  0x6901, 0x6901, 0x6901, 0x6901, 0x6901, 0x6901, 0x6901, 0x6901,
  0x6901, 0x6901, 0x6901, 0x6901, 0x6901, 0x6901, 0x6901, 0x6901,
  0x6901, 0x6901, 0x6901, 0x6901, 0x6901, 0x6901, 0x6901, 0x6901,
  0x6901, 0x6901, 0x6901, 0x6901, 0x6901, 0x6901, 0x6901, 0x6901,
  0x6901, 0x6901, 0x6901, 0x6901, 0x6901, 0x6901, 0x6901, 0x6901,
  0x6901, 0x6901, 0x6901, 0x6901, 0x6901, 0x6901, 0x6901, 0x6901,
  0x6901, 0x6901, 0x6901, 0x6901, 0x6901, 0x6901, 0x6901, 0x6901,
  0x6901, 0x6901, 0x6901, 0x6901, 0x6901, 0x6901, 0x6901, 0x6901,
  0x6901, 0x6901, 0x6901, 0x6901, 0x6901, 0x6901, 0x6901, 0x6901,
  0x6901, 0x6901, 0x6901, 0x6901, 0x6901, 0x6901, 0x6901, 0x6901,
  0x6901, 0x6901, 0x6901, 0x6901, 0x6901, 0x6901, 0x6901, 0x6901,
  0x6901, 0x6901, 0x6901, 0x6901, 0x6901, 0x6901, 0x6901, 0x6901,
  0x6901, 0x6901, 0x6901, 0x6901, 0x6901, 0x6901, 0x6901, 0x6901,
  0x6901, 0x6901, 0x6901, 0x6901, 0x6901, 0x6901, 0x6901, 0x6901,
  0x6901, 0x6901, 0x6901, 0x6901, 0x6901, 0x6901, 0x6901, 0x6901,
  0x6901, 0x6901, 0x6901, 0x6901, 0x6901, 0x6901, 0x6901, 0x6901,
  0x6901, 0x6901, 0x6901, 0x6901, 0x6902, 0x7102, 0x7102, 0x7102,
  0x7122, 0x7122, 0x7122, 0x7122, 0x7142, 0x7142, 0x7142, 0x7143,
  0x7143, 0x7963, 0x7963, 0x7963, 0x7963, 0x7983, 0x7983, 0x7983,
  0x79A4, 0x79A4, 0x79A4, 0x79A4, 0x79C4, 0x79C4, 0x81C4, 0x81C4,
  0x81C4, 0x81C4, 0x81E4, 0x81C4, 0x81C4, 0x81C4, 0x81C4, 0x81E4,
  0x81E4, 0x81E4, 0x81E4, 0x81E5, 0x81E4, 0x81E4, 0x81E4, 0x81E4,
  0x81E4, 0x81E4, 0x81E4, 0x81E4, 0x81E4, 0x81E4, 0x81E4, 0x81E4,
  0x81E4, 0x81E4, 0x81E4, 0x81E4, 0x81E4, 0x81E4, 0x81E4, 0x81E4,
  0x81E4, 0x81E4, 0x81E4, 0x81C4, 0x81C4, 0x81C4, 0x81C4, 0x81C4,
  0x79C4, 0x79A4, 0x79A4, 0x79A4, 0x79A4, 0x79A3, 0x79A3, 0x7983,
  0x7983, 0x7983, 0x7983, 0x7963, 0x7963, 0x7963, 0x7963, 0x7142,
  0x7142, 0x7142, 0x7142, 0x7142, 0x7142, 0x7142, 0x7122, 0x7122,
  0x7122, 0x7122, 0x7122, 0x7122, 0x7102, 0x7102, 0x6902, 0x6901,
  0x6901, 0x6901, 0x6901, 0x6901, 0x6901, 0x6901, 0x6901, 0x6901,
  0x6901, 0x6901, 0x6901, 0x6901, 0x6901, 0x6901, 0x6901, 0x6901,
  0x6901, 0x6901, 0x6901, 0x6901, 0x6901, 0x6901, 0x6901, 0x6901,
  0x6901, 0x6901, 0x6901, 0x6901, 0x6901, 0x6901, 0x6901, 0x6901,
  0x6901, 0x6901, 0x6901, 0x6901, 0x6901, 0x6901, 0x6901, 0x6901,
  0x6901, 0x6901, 0x6901, 0x6901, 0x6901, 0x6901, 0x6901, 0x6901,
  0x6901, 0x6901, 0x6901, 0x6901, 0x6901, 0x6901, 0x6901, 0x6901,
  0x6901, 0x6901, 0x6901, 0x6901, 0x6901, 0x6901, 0x6901, 0x6901,
  0x6901, 0x6901, 0x6901, 0x6901, 0x6901, 0x6901, 0x6901, 0x6901,
  0x6901, 0x6901, 0x6901, 0x6901, 0x6901, 0x6901, 0x6901, 0x6901,
  0x6901, 0x6901, 0x6901, 0x6901, 0x6901, 0x6901, 0x6901, 0x6901,
  0x6901, 0x6901, 0x6901, 0x6901, 0x6901, 0x6901, 0x6901, 0x6901,
  0x6901, 0x6901, 0x6901, 0x6901, 0x6901, 0x6901, 0x6901, 0x6901,
  0x6901, 0x6901, 0x6901, 0x6901, 0x6901, 0x6901, 0x6901, 0x6901,
  0x6901, 0x6901, 0x6901, 0x6901, 0x6901, 0x6901, 0x6901, 0x6901,
  0x6901, 0x6901, 0x6901, 0x6901, 0x6901, 0x6901, 0x6901, 0x6901,
  0x6901, 0x6901, 0x6901, 0x6901, 0x6901, 0x6901, 0x6901, 0x6901,
  0x6901, 0x6901, 0x6901, 0x6901, 0x6901, 0x6901, 0x6901, 0x6901,
  0x6901, 0x6902, 0x6902, 0x6902, 0x7102, 0x7102, 0x7102, 0x7102,
  0x7122, 0x7122, 0x7122, 0x7142, 0x7142, 0x7142, 0x7163, 0x7963,
  0x7963, 0x7963, 0x7963, 0x7983, 0x7983, 0x79A3, 0x7984, 0x79A4,
  0x79A4, 0x79C4, 0x81C4, 0x81C4, 0x81C4, 0x81E4, 0x81E4, 0x81E4,
  0x81E4, 0x81E5, 0x81E5, 0x81E5, 0x8205, 0x8205, 0x8205, 0x8205,
  0x81E5, 0x8205, 0x8205, 0x8205, 0x8205, 0x8205, 0x8205, 0x8205,
  0x8205, 0x8205, 0x8204, 0x8205, 0x8205, 0x8225, 0x8225, 0x8205,
  0x8205, 0x8205, 0x8205, 0x8205, 0x8205, 0x8205, 0x8205, 0x8205,
  0x81E4, 0x8205, 0x8205, 0x8205, 0x8205, 0x8205, 0x81E5, 0x81E5,
  0x81E5, 0x81E4, 0x81E4, 0x81E4, 0x81C4, 0x81C4, 0x81C4, 0x81C4,
  0x81C4, 0x79C4, 0x79A4, 0x79A3, 0x79A3, 0x79A3, 0x7983, 0x7983,
  0x7963, 0x7963, 0x7963, 0x7963, 0x7963, 0x7963, 0x7163, 0x7162,
  0x7142, 0x7142, 0x7142, 0x7142, 0x7122, 0x7122, 0x7122, 0x7122,
  0x7122, 0x7102, 0x6902, 0x6901, 0x6901, 0x6901, 0x6901, 0x6901,
  0x6901, 0x6901, 0x6901, 0x6901, 0x6901, 0x6901, 0x6901, 0x6901,
  0x6901, 0x6901, 0x6901, 0x6901, 0x6901, 0x6901, 0x6901, 0x6901,
  0x6901, 0x6901, 0x6901, 0x6901, 0x6901, 0x6901, 0x6901, 0x6901,
  0x6901, 0x6901, 0x6901, 0x6901, 0x6901, 0x6901, 0x6901, 0x6901,
  0x6901, 0x6901, 0x6901, 0x6901, 0x6901, 0x6901, 0x6901, 0x6901,
  0x6901, 0x6901, 0x6901, 0x6901, 0x6901, 0x6901, 0x6901, 0x6901,
  0x6901, 0x6901, 0x6901, 0x6901, 0x6901, 0x6901, 0x6901, 0x6901,
  0x6901, 0x6901, 0x6901, 0x6901, 0x6901, 0x6901, 0x6901, 0x6901,
  0x6901, 0x6901, 0x6901, 0x6901, 0x6901, 0x6901, 0x6901, 0x6901,
  0x6901, 0x6901, 0x6901, 0x6901, 0x6901, 0x6901, 0x6901, 0x6901,
  0x6901, 0x6901, 0x6901, 0x6901, 0x6901, 0x6901, 0x6901, 0x6901,
  0x6901, 0x6901, 0x6901, 0x6901, 0x6901, 0x6901, 0x6901, 0x6901,
  0x6901, 0x6901, 0x6901, 0x6901, 0x6901, 0x6901, 0x6901, 0x6901,
  0x6901, 0x6901, 0x6901, 0x6901, 0x6901, 0x6901, 0x6901, 0x6901,
  0x6901, 0x6901, 0x6901, 0x6901, 0x6901, 0x6901, 0x6901, 0x6901,
  0x6901, 0x6901, 0x6901, 0x6901, 0x6901, 0x6901, 0x6901, 0x6901,
  0x6901, 0x6901, 0x6901, 0x6901, 0x6901, 0x6901, 0x6901, 0x6901,
  0x6901, 0x6902, 0x6902, 0x6902, 0x7102, 0x7102, 0x7122, 0x7122,
  0x7122, 0x7122, 0x7122, 0x7142, 0x7142, 0x7142, 0x7963, 0x7963,
  0x7963, 0x7963, 0x7963, 0x7983, 0x7983, 0x7984, 0x79A4, 0x79A4,
  0x79C4, 0x79C4, 0x81C4, 0x81E4, 0x81E4, 0x81E5, 0x81E5, 0x81E5,
  0x8205, 0x8205, 0x8205, 0x8205, 0x8205, 0x8205, 0x8205, 0x8205,
  0x8225, 0x8A25, 0x8205, 0x8205, 0x8A25, 0x8A25, 0x8A25, 0x8A25,
  0x8A25, 0x8A25, 0x8A25, 0x8A25, 0x8A25, 0x8A25, 0x8A25, 0x8A25,
  0x8A46, 0x8A26, 0x8A46, 0x8A46, 0x8A26, 0x8A25, 0x8A25, 0x8A25,
  0x8225, 0x8205, 0x8A05, 0x8A05, 0x8225, 0x8225, 0x8225, 0x8225,
  0x8205, 0x8205, 0x8205, 0x8205, 0x8205, 0x81E5, 0x81E5, 0x81E4,
  0x81E4, 0x81E4, 0x81E4, 0x81E4, 0x81C4, 0x81C4, 0x81A4, 0x79A4,
  0x79A3, 0x79A3, 0x7983, 0x7983, 0x7983, 0x7983, 0x7983, 0x7963,
  0x7963, 0x7963, 0x7963, 0x7162, 0x7142, 0x7142, 0x7142, 0x7142,
  0x7142, 0x7122, 0x7122, 0x7122, 0x7102, 0x7102, 0x6902, 0x6902,
  0x6901, 0x6901, 0x6901, 0x6901, 0x6901, 0x6901, 0x6901, 0x6901,
  0x6901, 0x6901, 0x6901, 0x6901, 0x6901, 0x6901, 0x6901, 0x6901,
  0x6901, 0x6901, 0x6901, 0x6901, 0x6901, 0x6901, 0x6901, 0x6901,
  0x6901, 0x6901, 0x6901, 0x6901, 0x6901, 0x6901, 0x6901, 0x6901,
  0x6901, 0x6901, 0x6901, 0x6901, 0x6901, 0x6901, 0x6901, 0x6901,
  0x6901, 0x6901, 0x6901, 0x6901, 0x6901, 0x6901, 0x6901, 0x6901,
  0x6901, 0x6901, 0x6901, 0x6901, 0x6901, 0x6901, 0x6901, 0x6901,
  0x6901, 0x6901, 0x6901, 0x6901, 0x6901, 0x6901, 0x6901, 0x6901,
  0x6901, 0x6901, 0x6901, 0x6901, 0x6901, 0x6901, 0x6901, 0x6901,
  0x6901, 0x6901, 0x6901, 0x6901, 0x6901, 0x6901, 0x6901, 0x6901,
  0x6901, 0x6901, 0x6901, 0x6901, 0x6901, 0x6901, 0x6901, 0x6901,
  0x6901, 0x6901, 0x6901, 0x6901, 0x6901, 0x6901, 0x6901, 0x6901,
  0x6901, 0x6901, 0x6901, 0x6901, 0x6901, 0x6901, 0x6901, 0x6901,
  0x6901, 0x6901, 0x6901, 0x6901, 0x6901, 0x6901, 0x6901, 0x6901,
  0x6901, 0x6901, 0x6901, 0x6901, 0x6901, 0x6901, 0x6901, 0x6901,
  0x6901, 0x6901, 0x6901, 0x6901, 0x6901, 0x6901, 0x6901, 0x6901,
  0x6901, 0x6901, 0x6901, 0x6901, 0x6901, 0x6901, 0x6901, 0x6901,
  0x6901, 0x6901, 0x6901, 0x6902, 0x7102, 0x7122, 0x7122, 0x7122,
  0x7122, 0x7122, 0x7122, 0x7142, 0x7122, 0x7142, 0x7142, 0x7963,
  0x7963, 0x7983, 0x7983, 0x7983, 0x7983, 0x7983, 0x79A4, 0x81C4,
  0x81C4, 0x81C4, 0x81E4, 0x81E4, 0x81E5, 0x81E5, 0x8205, 0x8205,
  0x8205, 0x8205, 0x8205, 0x8A25, 0x8A25, 0x8A25, 0x8A25, 0x8A25,
  0x8A26, 0x8A26, 0x8A46, 0x8A46, 0x8A25, 0x8A25, 0x8A46, 0x8A46,
  0x8A46, 0x8A46, 0x8A66, 0x8A46, 0x8A46, 0x8A46, 0x8A46, 0x8A46,
  0x8A46, 0x8A46, 0x8A66, 0x8A66, 0x8A66, 0x8A66, 0x8A66, 0x8A66,
  0x8A66, 0x8A46, 0x8A46, 0x8A25, 0x8A25, 0x8A25, 0x8A46, 0x8A46,
  0x8A46, 0x8A46, 0x8225, 0x8A25, 0x8A25, 0x8225, 0x8A25, 0x8225,
  0x8205, 0x8205, 0x8205, 0x8205, 0x81E5, 0x81E4, 0x81E4, 0x81C4,
  0x81C4, 0x81C4, 0x81A4, 0x81A4, 0x81A4, 0x79A3, 0x79A3, 0x7983,
  0x7983, 0x7983, 0x7983, 0x7963, 0x7963, 0x7963, 0x7963, 0x7963,
  0x7142, 0x7142, 0x7142, 0x7142, 0x7142, 0x7122, 0x7122, 0x7122,
  0x7102, 0x6902, 0x6902, 0x6901, 0x6901, 0x6901, 0x6901, 0x6901,
  0x6901, 0x6901, 0x6901, 0x6901, 0x6901, 0x6901, 0x6901, 0x6901,
  0x6901, 0x6901, 0x6901, 0x6901, 0x6901, 0x6901, 0x6901, 0x6901,
  0x6901, 0x6901, 0x6901, 0x6901, 0x6901, 0x6901, 0x6901, 0x6901,
  0x6901, 0x6901, 0x6901, 0x6901, 0x6901, 0x6901, 0x6901, 0x6901,
  0x6901, 0x6901, 0x6901, 0x6901, 0x6901, 0x6901, 0x6901, 0x6901,
  0x6901, 0x6901, 0x6901, 0x6901, 0x6901, 0x6901, 0x6901, 0x6901,
  0x6901, 0x6901, 0x6901, 0x6901, 0x6901, 0x6901, 0x6901, 0x6901,
  0x6901, 0x6901, 0x6901, 0x6901, 0x6901, 0x6901, 0x6901, 0x6901,
  0x6901, 0x6901, 0x6901, 0x6901, 0x6901, 0x6901, 0x6901, 0x6901,
  0x6901, 0x6901, 0x6901, 0x6901, 0x6901, 0x6901, 0x6901, 0x6901,
  0x6901, 0x6901, 0x6901, 0x6901, 0x6901, 0x6901, 0x6901, 0x6901,
  0x6901, 0x6901, 0x6901, 0x6901, 0x6901, 0x6901, 0x6901, 0x6901,
  0x6901, 0x6901, 0x6901, 0x6901, 0x6901, 0x6901, 0x6901, 0x6901,
  0x6901, 0x6901, 0x6901, 0x6901, 0x6901, 0x6901, 0x6901, 0x6901,
  0x6901, 0x6901, 0x6901, 0x6901, 0x6901, 0x6901, 0x6901, 0x6901,
  0x6901, 0x6901, 0x6901, 0x6901, 0x6901, 0x6901, 0x6901, 0x6901,
  0x6901, 0x6901, 0x6901, 0x6902, 0x7102, 0x7122, 0x7122, 0x7122,
  0x7122, 0x7142, 0x7142, 0x7142, 0x7142, 0x7142, 0x7142, 0x7943,
  0x7963, 0x7983, 0x7983, 0x7983, 0x79A4, 0x79A4, 0x79A4, 0x79A4,
  0x81C4, 0x81E4, 0x81E4, 0x81E5, 0x8205, 0x8205, 0x8205, 0x8205,
  0x8205, 0x8A25, 0x8A25, 0x8A25, 0x8A46, 0x8A46, 0x8A46, 0x8A46,
  0x8A46, 0x8A66, 0x8A66, 0x8A66, 0x8A66, 0x8A66, 0x8A66, 0x8A46,
  0x8A66, 0x8A66, 0x9287, 0x8A87, 0x8A66, 0x8A87, 0x9287, 0x9287,
  0x9286, 0x8A86, 0x8A86, 0x8A86, 0x9287, 0x8A86, 0x8A87, 0x8A87,
  0x8A86, 0x8A86, 0x8A86, 0x8A86, 0x8A66, 0x8A66, 0x8A46, 0x8A46,
  0x8A66, 0x8A66, 0x8A66, 0x8A66, 0x8A46, 0x8A46, 0x8A46, 0x8A46,
  0x8A46, 0x8A45, 0x8225, 0x8225, 0x8205, 0x8205, 0x8205, 0x8205,
  0x8205, 0x81E4, 0x81C4, 0x81C4, 0x81C4, 0x81C4, 0x81C4, 0x81C4,
  0x81C4, 0x79C4, 0x79A4, 0x79A3, 0x7983, 0x7983, 0x7983, 0x7983,
  0x7963, 0x7963, 0x7963, 0x7962, 0x7162, 0x7142, 0x7142, 0x7122,
  0x7122, 0x7122, 0x7122, 0x7122, 0x7122, 0x7102, 0x6902, 0x6901,
  0x6901, 0x6901, 0x6901, 0x6901, 0x6901, 0x6901, 0x6901, 0x6901,
  0x6901, 0x6901, 0x6901, 0x6901, 0x6901, 0x6901, 0x6901, 0x6901,
  0x6901, 0x6901, 0x6901, 0x6901, 0x6901, 0x6901, 0x6901, 0x6901,
  0x6901, 0x6901, 0x6901, 0x6901, 0x6901, 0x6901, 0x6901, 0x6901,
  0x6901, 0x6901, 0x6901, 0x6901, 0x6901, 0x6901, 0x6901, 0x6901,
  0x6901, 0x6901, 0x6901, 0x6901, 0x6901, 0x6901, 0x6901, 0x6901,
  0x6901, 0x6901, 0x6901, 0x6901, 0x6901, 0x6901, 0x6901, 0x6901,
  0x6901, 0x6901, 0x6901, 0x6901, 0x6901, 0x6901, 0x6901, 0x6901,
  0x6901, 0x6901, 0x6901, 0x6901, 0x6901, 0x6901, 0x6901, 0x6901,
  0x6901, 0x6901, 0x6901, 0x6901, 0x6901, 0x6901, 0x6901, 0x6901,
  0x6901, 0x6901, 0x6901, 0x6901, 0x6901, 0x6901, 0x6901, 0x6901,
  0x6901, 0x6901, 0x6901, 0x6901, 0x6901, 0x6901, 0x6901, 0x6901,
  0x6901, 0x6901, 0x6901, 0x6901, 0x6901, 0x6901, 0x6901, 0x6901,
  0x6901, 0x6901, 0x6901, 0x6901, 0x6901, 0x6901, 0x6901, 0x6901,
  0x6901, 0x6901, 0x6901, 0x6901, 0x6901, 0x6901, 0x6901, 0x6901,
  0x6901, 0x6901, 0x6901, 0x6901, 0x6901, 0x6901, 0x6901, 0x6901,
  0x6901, 0x6901, 0x6901, 0x6902, 0x7102, 0x7102, 0x7122, 0x7122,
  0x7122, 0x7142, 0x7142, 0x7142, 0x7142, 0x7943, 0x7963, 0x7943,
  0x7963, 0x7963, 0x79A3, 0x79A3, 0x79A4, 0x79C4, 0x81C4, 0x81E4,
  0x81C4, 0x81C4, 0x81E4, 0x8205, 0x8205, 0x8205, 0x8205, 0x8225,
  0x8A25, 0x8A26, 0x8A26, 0x8A46, 0x8A46, 0x8A46, 0x8A66, 0x8A66,
  0x8A66, 0x8A66, 0x8A87, 0x8A87, 0x8A87, 0x8A87, 0x8A87, 0x9287,
  0x9287, 0x9287, 0x9286, 0x9287, 0x92A7, 0x92A7, 0x92A7, 0x92A7,
  0x92A7, 0x92A7, 0x92A7, 0x92A7, 0x92A7, 0x92A7, 0x92A7, 0x92A7,
  0x92A7, 0x92A7, 0x92A7, 0x92A7, 0x92A7, 0x92A7, 0x92A7, 0x9286,
  0x8A66, 0x8A66, 0x9286, 0x9287, 0x9287, 0x9287, 0x8A66, 0x8A66,
  0x8A66, 0x8A66, 0x8A66, 0x8A66, 0x8A46, 0x8A26, 0x8A25, 0x8A25,
  0x8A25, 0x8A25, 0x8A05, 0x8205, 0x81E4, 0x81E4, 0x81E4, 0x81C4,
  0x81C4, 0x81C4, 0x81E4, 0x81C4, 0x81C4, 0x79A4, 0x79A4, 0x79A4,
  0x79A3, 0x7983, 0x7983, 0x7983, 0x7963, 0x7963, 0x7963, 0x7963,
  0x7142, 0x7142, 0x7122, 0x7122, 0x7122, 0x7122, 0x7122, 0x7122,
  0x7122, 0x7102, 0x6902, 0x6901, 0x6901, 0x6901, 0x6901, 0x6901,
  0x6901, 0x6901, 0x6901, 0x6901, 0x6901, 0x6901, 0x6901, 0x6901,
  0x6901, 0x6901, 0x6901, 0x6901, 0x6901, 0x6901, 0x6901, 0x6901,
  0x6901, 0x6901, 0x6901, 0x6901, 0x6901, 0x6901, 0x6901, 0x6901,
  0x6901, 0x6901, 0x6901, 0x6901, 0x6901, 0x6901, 0x6901, 0x6901,
  0x6901, 0x6901, 0x6901, 0x6901, 0x6901, 0x6901, 0x6901, 0x6901,
  0x6901, 0x6901, 0x6901, 0x6901, 0x6901, 0x6901, 0x6901, 0x6901,
  0x6901, 0x6901, 0x6901, 0x6901, 0x6901, 0x6901, 0x6901, 0x6901,
  0x6901, 0x6901, 0x6901, 0x6901, 0x6901, 0x6901, 0x6901, 0x6901,
  0x6901, 0x6901, 0x6901, 0x6901, 0x6901, 0x6901, 0x6901, 0x6901,
  0x6901, 0x6901, 0x6901, 0x6901, 0x6901, 0x6901, 0x6901, 0x6901,
  0x6901, 0x6901, 0x6901, 0x6901, 0x6901, 0x6901, 0x6901, 0x6901,
  0x6901, 0x6901, 0x6901, 0x6901, 0x6901, 0x6901, 0x6901, 0x6901,
  0x6901, 0x6901, 0x6901, 0x6901, 0x6901, 0x6901, 0x6901, 0x6901,
  0x6901, 0x6901, 0x6901, 0x6901, 0x6901, 0x6901, 0x6901, 0x6901,
  0x6901, 0x6901, 0x6901, 0x6901, 0x6901, 0x6901, 0x6901, 0x6901,
  0x6901, 0x6901, 0x6901, 0x6902, 0x7102, 0x7122, 0x7122, 0x7122,
  0x7122, 0x7142, 0x7142, 0x7143, 0x7963, 0x7963, 0x7963, 0x7963,
  0x7963, 0x7963, 0x7963, 0x79A4, 0x79C4, 0x81C4, 0x81C4, 0x81E4,
  0x81E5, 0x8205, 0x81E4, 0x81E5, 0x8205, 0x8225, 0x8A25, 0x8A26,
  0x8A46, 0x8A46, 0x8A46, 0x8A46, 0x8A66, 0x8A66, 0x8A66, 0x9266,
  0x9287, 0x9287, 0x9287, 0x92A7, 0x92A7, 0x92A7, 0x92A7, 0x92A7,
  0x92A7, 0x92A7, 0x92A7, 0x92A7, 0x92A7, 0x92A7, 0x92C8, 0x92C8,
  0x92C8, 0x92C8, 0x92C8, 0x92C8, 0x92C8, 0x92C8, 0x92C8, 0x92C8,
  0x92E8, 0x92C8, 0x92C8, 0x92C8, 0x92C8, 0x92C8, 0x92C8, 0x92C8,
  0x92C7, 0x92A7, 0x9287, 0x92A7, 0x92A7, 0x92A7, 0x92A7, 0x92A7,
  0x92A7, 0x9287, 0x9287, 0x92A7, 0x9287, 0x8A87, 0x8A66, 0x8A66,
  0x8A46, 0x8A66, 0x8A66, 0x8A66, 0x8A46, 0x8A25, 0x8A05, 0x8A05,
  0x8204, 0x81E4, 0x81E5, 0x8205, 0x8205, 0x81E4, 0x81C4, 0x81C4,
  0x81C4, 0x81C4, 0x81C4, 0x79A4, 0x79A4, 0x79A3, 0x7983, 0x7983,
  0x7963, 0x7963, 0x7942, 0x7142, 0x7142, 0x7142, 0x7142, 0x7142,
  0x7142, 0x7122, 0x7122, 0x7122, 0x7122, 0x7102, 0x6902, 0x6901,
  0x6901, 0x6901, 0x6901, 0x6901, 0x6901, 0x6901, 0x6901, 0x6901,
  0x6901, 0x6901, 0x6901, 0x6901, 0x6901, 0x6901, 0x6901, 0x6901,
  0x6901, 0x6901, 0x6901, 0x6901, 0x6901, 0x6901, 0x6901, 0x6901,
  0x6901, 0x6901, 0x6901, 0x6901, 0x6901, 0x6901, 0x6901, 0x6901,
  0x6901, 0x6901, 0x6901, 0x6901, 0x6901, 0x6901, 0x6901, 0x6901,
  0x6901, 0x6901, 0x6901, 0x6901, 0x6901, 0x6901, 0x6901, 0x6901,
  0x6901, 0x6901, 0x6901, 0x6901, 0x6901, 0x6901, 0x6901, 0x6901,
  0x6901, 0x6901, 0x6901, 0x6901, 0x6901, 0x6901, 0x6901, 0x6901,
  0x6901, 0x6901, 0x6901, 0x6901, 0x6901, 0x6901, 0x6901, 0x6901,
  0x6901, 0x6901, 0x6901, 0x6901, 0x6901, 0x6901, 0x6901, 0x6901,
  0x6901, 0x6901, 0x6901, 0x6901, 0x6901, 0x6901, 0x6901, 0x6901,
  0x6901, 0x6901, 0x6901, 0x6901, 0x6901, 0x6901, 0x6901, 0x6901,
  0x6901, 0x6901, 0x6901, 0x6901, 0x6901, 0x6901, 0x6901, 0x6901,
  0x6901, 0x6901, 0x6901, 0x6901, 0x6901, 0x6901, 0x6901, 0x6901,
  0x6901, 0x6901, 0x6901, 0x6901, 0x6901, 0x6901, 0x6901, 0x6901,
  0x6901, 0x6901, 0x6902, 0x6902, 0x7102, 0x7102, 0x7122, 0x7122,
  0x7122, 0x7142, 0x7142, 0x7142, 0x7963, 0x7963, 0x7963, 0x7963,
  0x7983, 0x7983, 0x7983, 0x7963, 0x7983, 0x81C4, 0x81E4, 0x81E4,
  0x81E5, 0x8205, 0x8205, 0x8205, 0x8205, 0x8205, 0x8A25, 0x8A46,
  0x8A46, 0x8A46, 0x8A66, 0x8A66, 0x8A66, 0x9287, 0x9287, 0x9287,
  0x9287, 0x92A7, 0x92A7, 0x92A7, 0x92A7, 0x92C7, 0x92C8, 0x92C8,
  0x92C8, 0x92C8, 0x92C7, 0x92C7, 0x9AC8, 0x9AE8, 0x9AE8, 0x92C7,
  0x9AE8, 0x9AE8, 0x9B08, 0x9B08, 0x9B08, 0x9B08, 0x9AE8, 0x9AE8,
  0x9AE8, 0x9AE8, 0x9AE8, 0x9AE8, 0x9B08, 0x9B08, 0x9AE8, 0x9AE8,
  0x9AE8, 0x9AE8, 0x9AE7, 0x9AC7, 0x92C7, 0x92A7, 0x92C7, 0x92C8,
  0x92C8, 0x92C8, 0x92C7, 0x92A7, 0x92A7, 0x92A7, 0x92C7, 0x92A7,
  0x9287, 0x9286, 0x8A86, 0x8A86, 0x8A66, 0x8A66, 0x8A66, 0x8A46,
  0x8A45, 0x8A25, 0x8A05, 0x8A05, 0x8A05, 0x8A05, 0x8205, 0x81E4,
  0x81E4, 0x81E4, 0x81E4, 0x81E4, 0x81C4, 0x81C4, 0x81C4, 0x81A4,
  0x79A4, 0x7983, 0x7963, 0x7962, 0x7963, 0x7963, 0x7963, 0x7963,
  0x7963, 0x7142, 0x7142, 0x7142, 0x7142, 0x7122, 0x7122, 0x7122,
  0x7102, 0x7102, 0x6902, 0x6902, 0x6901, 0x6901, 0x6901, 0x6901,
  0x6901, 0x6901, 0x6901, 0x6901, 0x6901, 0x6901, 0x6901, 0x6901,
  0x6901, 0x6901, 0x6901, 0x6901, 0x6901, 0x6901, 0x6901, 0x6901,
  0x6901, 0x6901, 0x6901, 0x6901, 0x6901, 0x6901, 0x6901, 0x6901,
  0x6901, 0x6901, 0x6901, 0x6901, 0x6901, 0x6901, 0x6901, 0x6901,
  0x6901, 0x6901, 0x6901, 0x6901, 0x6901, 0x6901, 0x6901, 0x6901,
  0x6901, 0x6901, 0x6901, 0x6901, 0x6901, 0x6901, 0x6901, 0x6901,
  0x6901, 0x6901, 0x6901, 0x6901, 0x6901, 0x6901, 0x6901, 0x6901,
  0x6901, 0x6901, 0x6901, 0x6901, 0x6901, 0x6901, 0x6901, 0x6901,
  0x6901, 0x6901, 0x6901, 0x6901, 0x6901, 0x6901, 0x6901, 0x6901,
  0x6901, 0x6901, 0x6901, 0x6901, 0x6901, 0x6901, 0x6901, 0x6901,
  0x6901, 0x6901, 0x6901, 0x6901, 0x6901, 0x6901, 0x6901, 0x6901,
  0x6901, 0x6901, 0x6901, 0x6901, 0x6901, 0x6901, 0x6901, 0x6901,
  0x6901, 0x6901, 0x6901, 0x6901, 0x6901, 0x6901, 0x6901, 0x6901,
  0x6901, 0x6901, 0x6901, 0x6901, 0x6901, 0x6901, 0x6901, 0x6901,
  0x6901, 0x6901, 0x6901, 0x6902, 0x7102, 0x7102, 0x7102, 0x7122,
  0x7122, 0x7122, 0x7142, 0x7142, 0x7143, 0x7963, 0x7963, 0x7983,
  0x7983, 0x7983, 0x79A4, 0x79A3, 0x7983, 0x7983, 0x81A4, 0x81E4,
  0x81E5, 0x8205, 0x8205, 0x8225, 0x8225, 0x8A25, 0x8A25, 0x8A46,
  0x8A46, 0x8A66, 0x8A66, 0x8A67, 0x9287, 0x9287, 0x9287, 0x92A7,
  0x92A7, 0x92A7, 0x92C7, 0x92C7, 0x92C8, 0x92C8, 0x9AE8, 0x9AE8,
  0x9AE8, 0x9AE8, 0x9B08, 0x9AE8, 0x9AC8, 0x9AE8, 0x9B08, 0x9B09,
  0x9B08, 0x9AE8, 0x9AE8, 0x9B28, 0x9B29, 0x9B29, 0x9B29, 0x9B29,
  0x9B29, 0x9B08, 0x9B08, 0x9B08, 0x9B08, 0x9B28, 0x9B29, 0x9B29,
  0x9B29, 0x9B28, 0x9B28, 0x9B08, 0x9AE8, 0x9AE8, 0x9B08, 0x92C7,
  0x92C7, 0x9AE8, 0x9B08, 0x9B08, 0x9AE8, 0x9AE8, 0x9AC7, 0x92C8,
  0x9AC8, 0x92C7, 0x92A7, 0x92A7, 0x92A7, 0x92A7, 0x92A7, 0x9287,
  0x9286, 0x8A66, 0x8A46, 0x8A25, 0x8A25, 0x8A05, 0x8A05, 0x8A05,
  0x8A05, 0x8A05, 0x8A05, 0x81E5, 0x8205, 0x8205, 0x81E4, 0x81E4,
  0x81E4, 0x81C4, 0x81A4, 0x7983, 0x7983, 0x7983, 0x7983, 0x7983,
  0x7983, 0x7963, 0x7963, 0x7963, 0x7962, 0x7162, 0x7142, 0x7142,
  0x7122, 0x7122, 0x7122, 0x7122, 0x7122, 0x7102, 0x6902, 0x6901,
  0x6901, 0x6901, 0x6901, 0x6901, 0x6901, 0x6901, 0x6901, 0x6901,
  0x6901, 0x6901, 0x6901, 0x6901, 0x6901, 0x6901, 0x6901, 0x6901,
  0x6901, 0x6901, 0x6901, 0x6901, 0x6901, 0x6901, 0x6901, 0x6901,
  0x6901, 0x6901, 0x6901, 0x6901, 0x6901, 0x6901, 0x6901, 0x6901,
  0x6901, 0x6901, 0x6901, 0x6901, 0x6901, 0x6901, 0x6901, 0x6901,
  0x6901, 0x6901, 0x6901, 0x6901, 0x6901, 0x6901, 0x6901, 0x6901,
  0x6901, 0x6901, 0x6901, 0x6901, 0x6901, 0x6901, 0x6901, 0x6901,
  0x6901, 0x6901, 0x6901, 0x6901, 0x6901, 0x6901, 0x6901, 0x6901,
  0x6901, 0x6901, 0x6901, 0x6901, 0x6901, 0x6901, 0x6901, 0x6901,
  0x6901, 0x6901, 0x6901, 0x6901, 0x6901, 0x6901, 0x6901, 0x6901,
  0x6901, 0x6901, 0x6901, 0x6901, 0x6901, 0x6901, 0x6901, 0x6901,
  0x6901, 0x6901, 0x6901, 0x6901, 0x6901, 0x6901, 0x6901, 0x6901,
  0x6901, 0x6901, 0x6901, 0x6901, 0x6901, 0x6901, 0x6901, 0x6901,
  0x6901, 0x6901, 0x6901, 0x6901, 0x6901, 0x6901, 0x6901, 0x6901,
  0x6901, 0x6901, 0x6901, 0x6901, 0x6901, 0x7102, 0x7122, 0x7122,
  0x7122, 0x7122, 0x7142, 0x7142, 0x7942, 0x7963, 0x7963, 0x7963,
  0x7983, 0x7983, 0x79A4, 0x79C4, 0x79C4, 0x81C4, 0x81A3, 0x8183,
  0x81A4, 0x81E5, 0x8205, 0x8205, 0x8A25, 0x8A26, 0x8A46, 0x8A46,
  0x8A46, 0x8A46, 0x8A87, 0x8A87, 0x9287, 0x9287, 0x92A7, 0x92A7,
  0x92A7, 0x92C7, 0x92C8, 0x92C8, 0x9AE8, 0x9AE8, 0x9AE8, 0x9AE8,
  0x9B08, 0x9B08, 0x9B09, 0x9B09, 0x9B29, 0x9B28, 0x9B08, 0x9B08,
  0x9B29, 0x9B29, 0x9B29, 0x9B29, 0x9B08, 0x9B28, 0x9B49, 0x9B49,
  0xA349, 0x9B49, 0x9B49, 0x9B49, 0xA349, 0xA329, 0x9B49, 0xA349,
  0x9B49, 0x9B49, 0x9B49, 0x9B49, 0x9B48, 0x9B28, 0x9B08, 0x9B08,
  0x9B29, 0x9B08, 0x9AE8, 0x9B08, 0x9B29, 0x9B29, 0x9B08, 0x9AE8,
  0x9AE8, 0x9AE8, 0x9AE8, 0x9AE8, 0x92E8, 0x92C8, 0x92C8, 0x92C8,
  0x92C7, 0x92A7, 0x9287, 0x9286, 0x9266, 0x9266, 0x8A45, 0x8A24,
  0x8A04, 0x8A04, 0x8A05, 0x8A25, 0x8A25, 0x8A05, 0x8A05, 0x8205,
  0x8205, 0x8204, 0x81E4, 0x81E4, 0x81A3, 0x79A3, 0x79A3, 0x81C4,
  0x79A3, 0x79A3, 0x7983, 0x7983, 0x7983, 0x7963, 0x7963, 0x7963,
  0x7163, 0x7942, 0x7142, 0x7142, 0x7142, 0x7122, 0x7122, 0x7122,
  0x7102, 0x6902, 0x6902, 0x6901, 0x6901, 0x6901, 0x6901, 0x6901,
  0x6901, 0x6901, 0x6901, 0x6901, 0x6901, 0x6901, 0x6901, 0x6901,
  0x6901, 0x6901, 0x6901, 0x6901, 0x6901, 0x6901, 0x6901, 0x6901,
  0x6901, 0x6901, 0x6901, 0x6901, 0x6901, 0x6901, 0x6901, 0x6901,
  0x6901, 0x6901, 0x6901, 0x6901, 0x6901, 0x6901, 0x6901, 0x6901,
  0x6901, 0x6901, 0x6901, 0x6901, 0x6901, 0x6901, 0x6901, 0x6901,
  0x6901, 0x6901, 0x6901, 0x6901, 0x6901, 0x6901, 0x6901, 0x6901,
  0x6901, 0x6901, 0x6901, 0x6901, 0x6901, 0x6901, 0x6901, 0x6901,
  0x6901, 0x6901, 0x6901, 0x6901, 0x6901, 0x6901, 0x6901, 0x6901,
  0x6901, 0x6901, 0x6901, 0x6901, 0x6901, 0x6901, 0x6901, 0x6901,
  0x6901, 0x6901, 0x6901, 0x6901, 0x6901, 0x6901, 0x6901, 0x6901,
  0x6901, 0x6901, 0x6901, 0x6901, 0x6901, 0x6901, 0x6901, 0x6901,
  0x6901, 0x6901, 0x6901, 0x6901, 0x6901, 0x6901, 0x6901, 0x6901,
  0x6901, 0x6901, 0x6901, 0x6901, 0x6901, 0x6901, 0x6901, 0x6901,
  0x6901, 0x6901, 0x6901, 0x6901, 0x6902, 0x6902, 0x7102, 0x7122,
  0x7122, 0x7122, 0x7122, 0x7142, 0x7142, 0x7963, 0x7963, 0x7963,
  0x7983, 0x7983, 0x79A4, 0x79C4, 0x79C4, 0x81C4, 0x81E4, 0x81E4,
  0x81C4, 0x8183, 0x81A4, 0x8205, 0x8A25, 0x8A46, 0x8A46, 0x8A46,
  0x8A66, 0x8A66, 0x8A46, 0x8A66, 0x92A7, 0x92A7, 0x92A7, 0x92A7,
  0x92C7, 0x92C8, 0x92C8, 0x9AE8, 0x9AE8, 0x9AE8, 0x9B08, 0x9B08,
  0x9B09, 0x9B29, 0x9B29, 0x9B29, 0x9B29, 0x9B29, 0x9B29, 0x9B49,
  0xA349, 0x9B49, 0x9B49, 0xA349, 0xA34A, 0xA349, 0xA329, 0xA329,
  0xA36A, 0xA36A, 0xA36A, 0xA36A, 0xA36A, 0xA36A, 0xA36A, 0xA36A,
  0xA36A, 0xA36A, 0xA36A, 0xA36A, 0xA36A, 0xA369, 0xA369, 0xA349,
  0xA329, 0x9B29, 0xA349, 0x9B29, 0x9B08, 0x9B08, 0x9B49, 0x9B49,
  0x9B29, 0x9B08, 0x9B08, 0x9B08, 0x9B28, 0x9B29, 0x9B08, 0x9B08,
  0x9B08, 0x9AE8, 0x92E8, 0x92C7, 0x92A7, 0x92A7, 0x92A7, 0x92A7,
  0x9266, 0x9245, 0x8A25, 0x8A46, 0x8A46, 0x8A66, 0x8A46, 0x8A45,
  0x8A45, 0x8A25, 0x8A25, 0x8A05, 0x8205, 0x81E4, 0x81C4, 0x81C4,
  0x81E4, 0x81E4, 0x81C4, 0x81C4, 0x79A4, 0x7983, 0x7983, 0x7983,
  0x7963, 0x7963, 0x7963, 0x7963, 0x7962, 0x7142, 0x7142, 0x7142,
  0x7142, 0x7122, 0x7122, 0x7122, 0x7102, 0x7102, 0x6902, 0x6901,
  0x6901, 0x6901, 0x6901, 0x6901, 0x6901, 0x6901, 0x6901, 0x6901,
  0x6901, 0x6901, 0x6901, 0x6901, 0x6901, 0x6901, 0x6901, 0x6901,
  0x6901, 0x6901, 0x6901, 0x6901, 0x6901, 0x6901, 0x6901, 0x6901,
  0x6901, 0x6901, 0x6901, 0x6901, 0x6901, 0x6901, 0x6901, 0x6901,
  0x6901, 0x6901, 0x6901, 0x6901, 0x6901, 0x6901, 0x6901, 0x6901,
  0x6901, 0x6901, 0x6901, 0x6901, 0x6901, 0x6901, 0x6901, 0x6901,
  0x6901, 0x6901, 0x6901, 0x6901, 0x6901, 0x6901, 0x6901, 0x6901,
  0x6901, 0x6901, 0x6901, 0x6901, 0x6901, 0x6901, 0x6901, 0x6901,
  0x6901, 0x6901, 0x6901, 0x6901, 0x6901, 0x6901, 0x6901, 0x6901,
  0x6901, 0x6901, 0x6901, 0x6901, 0x6901, 0x6901, 0x6901, 0x6901,
  0x6901, 0x6901, 0x6901, 0x6901, 0x6901, 0x6901, 0x6901, 0x6901,
  0x6901, 0x6901, 0x6901, 0x6901, 0x6901, 0x6901, 0x6901, 0x6901,
  0x6901, 0x6901, 0x6901, 0x6901, 0x6901, 0x6901, 0x6901, 0x6901,
  0x6901, 0x6901, 0x6901, 0x6901, 0x6902, 0x7102, 0x7102, 0x7122,
  0x7122, 0x7122, 0x7142, 0x7142, 0x7943, 0x7963, 0x7963, 0x7963,
  0x7983, 0x7983, 0x79A4, 0x79A4, 0x81C4, 0x81E4, 0x81E4, 0x81E5,
  0x8205, 0x8205, 0x81E4, 0x81A4, 0x81A4, 0x8A25, 0x8A66, 0x8A66,
  0x8A66, 0x9287, 0x9287, 0x9287, 0x9266, 0x9287, 0x92C8, 0x92C8,
  0x9AE8, 0x9AE8, 0x9AE8, 0x9AE8, 0x9B08, 0x9B09, 0x9B09, 0x9B29,
  0x9B29, 0x9B29, 0x9B29, 0xA349, 0xA349, 0xA34A, 0xA349, 0xA369,
  0xA369, 0xA36A, 0xA36A, 0xA36A, 0xA36A, 0xA36A, 0xA36A, 0xA38A,
  0xA36A, 0xA369, 0xA38A, 0xA3AB, 0xA38A, 0xA38A, 0xAB8A, 0xA3AA,
  0xA3AA, 0xA38A, 0xA38A, 0xA38A, 0xA38A, 0xA38A, 0xA38A, 0xA38A,
  0xA38A, 0xA38A, 0xA36A, 0xA369, 0xA369, 0xA349, 0xA329, 0xA349,
  0xA36A, 0xA36A, 0xA349, 0xA349, 0xA329, 0x9B29, 0x9B49, 0x9B49,
  0x9B29, 0x9B29, 0x9B28, 0x9B08, 0x9AE8, 0x9AE7, 0x92C7, 0x92C8,
  0x92C8, 0x92C7, 0x9286, 0x9266, 0x9266, 0x9266, 0x9287, 0x9287,
  0x8A66, 0x8A66, 0x8A66, 0x8A46, 0x8A45, 0x8A25, 0x8A05, 0x8A05,
  0x8205, 0x8205, 0x8205, 0x81E4, 0x81E4, 0x81E4, 0x81C4, 0x79A3,
  0x7983, 0x7983, 0x7983, 0x7983, 0x7963, 0x7963, 0x7963, 0x7963,
  0x7963, 0x7163, 0x7162, 0x7142, 0x7142, 0x7122, 0x7122, 0x7122,
  0x7102, 0x6902, 0x6902, 0x6901, 0x6901, 0x6901, 0x6901, 0x6901,
  0x6901, 0x6901, 0x6901, 0x6901, 0x6901, 0x6901, 0x6901, 0x6901,
  0x6901, 0x6901, 0x6901, 0x6901, 0x6901, 0x6901, 0x6901, 0x6901,
  0x6901, 0x6901, 0x6901, 0x6901, 0x6901, 0x6901, 0x6901, 0x6901,
  0x6901, 0x6901, 0x6901, 0x6901, 0x6901, 0x6901, 0x6901, 0x6901,
  0x6901, 0x6901, 0x6901, 0x6901, 0x6901, 0x6901, 0x6901, 0x6901,
  0x6901, 0x6901, 0x6901, 0x6901, 0x6901, 0x6901, 0x6901, 0x6901,
  0x6901, 0x6901, 0x6901, 0x6901, 0x6901, 0x6901, 0x6901, 0x6901,
  0x6901, 0x6901, 0x6901, 0x6901, 0x6901, 0x6901, 0x6901, 0x6901,
  0x6901, 0x6901, 0x6901, 0x6901, 0x6901, 0x6901, 0x6901, 0x6901,
  0x6901, 0x6901, 0x6901, 0x6901, 0x6901, 0x6901, 0x6901, 0x6901,
  0x6901, 0x6901, 0x6901, 0x6901, 0x6901, 0x6901, 0x6901, 0x6901,
  0x6901, 0x6901, 0x6901, 0x6901, 0x6901, 0x6901, 0x6901, 0x6901,
  0x6901, 0x6901, 0x6901, 0x6901, 0x6902, 0x6902, 0x7102, 0x7122,
  0x7122, 0x7122, 0x7142, 0x7142, 0x7142, 0x7963, 0x7963, 0x7963,
  0x7983, 0x7983, 0x7983, 0x79A4, 0x79C4, 0x81C4, 0x81E4, 0x81E5,
  0x8205, 0x8205, 0x8225, 0x8A25, 0x8A25, 0x81E4, 0x89C4, 0x8A05,
  0x8A66, 0x9287, 0x9287, 0x92A7, 0x92A7, 0x9287, 0x9287, 0x92C8,
  0x9AE8, 0x9AE8, 0x9B08, 0x9B08, 0x9B09, 0x9B29, 0x9B29, 0x9B29,
  0x9B29, 0xA349, 0xA349, 0xA34A, 0xA36A, 0xA36A, 0xA36A, 0xA36A,
  0xA36A, 0xA38A, 0xA38A, 0xA38B, 0xABAB, 0xABAB, 0xA38A, 0xA38A,
  0xABAB, 0xABAB, 0xABAB, 0xAB8A, 0xABAA, 0xABAB, 0xABCB, 0xABCB,
  0xABCA, 0xABCA, 0xABCB, 0xABCB, 0xABCB, 0xABCB, 0xABAB, 0xABAB,
  0xABAB, 0xABAB, 0xABAB, 0xABAB, 0xABAA, 0xABAA, 0xA38A, 0xA38A,
  0xA349, 0xA349, 0xA38A, 0xA38A, 0xA38A, 0xA36A, 0xA349, 0xA369,
  0xA36A, 0xA36A, 0xA369, 0x9B49, 0xA349, 0x9B49, 0x9B08, 0x9B08,
  0x9B08, 0x9B08, 0x9AE8, 0x9AE8, 0x92C7, 0x9287, 0x9286, 0x9286,
  0x92A7, 0x92A7, 0x92A7, 0x9286, 0x8A66, 0x8A46, 0x8A46, 0x8A45,
  0x8A25, 0x8A25, 0x8A25, 0x8A25, 0x8225, 0x8205, 0x8205, 0x81E4,
  0x81E4, 0x81A4, 0x81A3, 0x79A3, 0x79A3, 0x79A3, 0x7983, 0x7963,
  0x7963, 0x7983, 0x7983, 0x7963, 0x7963, 0x7963, 0x7142, 0x7142,
  0x7122, 0x7122, 0x7122, 0x7102, 0x6902, 0x6902, 0x6902, 0x6901,
  0x6901, 0x6901, 0x6901, 0x6901, 0x6901, 0x6901, 0x6901, 0x6901,
  0x6901, 0x6901, 0x6901, 0x6901, 0x6901, 0x6901, 0x6901, 0x6901,
  0x6901, 0x6901, 0x6901, 0x6901, 0x6901, 0x6901, 0x6901, 0x6901,
  0x6901, 0x6901, 0x6901, 0x6901, 0x6901, 0x6901, 0x6901, 0x6901,
  0x6901, 0x6901, 0x6901, 0x6901, 0x6901, 0x6901, 0x6901, 0x6901,
  0x6901, 0x6901, 0x6901, 0x6901, 0x6901, 0x6901, 0x6901, 0x6901,
  0x6901, 0x6901, 0x6901, 0x6901, 0x6901, 0x6901, 0x6901, 0x6901,
  0x6901, 0x6901, 0x6901, 0x6901, 0x6901, 0x6901, 0x6901, 0x6901,
  0x6901, 0x6901, 0x6901, 0x6901, 0x6901, 0x6901, 0x6901, 0x6901,
  0x6901, 0x6901, 0x6901, 0x6901, 0x6901, 0x6901, 0x6901, 0x6901,
  0x6901, 0x6901, 0x6901, 0x6901, 0x6901, 0x6901, 0x6901, 0x6901,
  0x6901, 0x6901, 0x6901, 0x6901, 0x6901, 0x6901, 0x6901, 0x6901,
  0x6901, 0x6901, 0x6901, 0x6901, 0x6901, 0x6902, 0x6902, 0x7102,
  0x7122, 0x7122, 0x7142, 0x7142, 0x7142, 0x7943, 0x7963, 0x7963,
  0x7983, 0x7983, 0x7983, 0x79A4, 0x79C4, 0x79C4, 0x81C4, 0x81E4,
  0x8205, 0x8205, 0x8A05, 0x8A25, 0x8A46, 0x8A46, 0x8A66, 0x8A05,
  0x89C4, 0x89E4, 0x9266, 0x92A7, 0x92C8, 0x92C8, 0x92C8, 0x92A7,
  0x92A7, 0x9AE8, 0x9B09, 0x9B09, 0x9B29, 0x9B29, 0x9B29, 0x9B49,
  0xA349, 0xA34A, 0xA34A, 0xA36A, 0xA36A, 0xA36A, 0xA38A, 0xA38A,
  0xA38A, 0xA38A, 0xA3AA, 0xABAB, 0xABAB, 0xABCB, 0xABCB, 0xABCB,
  0xABAB, 0xABAA, 0xABCA, 0xABCB, 0xABCB, 0xABCB, 0xABAA, 0xABCA,
  0xABEB, 0xABEB, 0xABEB, 0xABEB, 0xABEB, 0xABEB, 0xABEB, 0xABEC,
  0xABEB, 0xABEB, 0xABEB, 0xABEB, 0xABEB, 0xABCB, 0xABCB, 0xABCA,
  0xABCA, 0xABAA, 0xAB8A, 0xAB6A, 0xAB8A, 0xABCB, 0xABAA, 0xA38A,
  0xA36A, 0xA38A, 0xA38A, 0xA38A, 0xA36A, 0xA36A, 0xA36A, 0xA369,
  0x9B49, 0x9B29, 0x9B29, 0x9B29, 0x9B08, 0x9B08, 0x9AE8, 0x9AC7,
  0x92C7, 0x92A7, 0x92A7, 0x92A7, 0x92C7, 0x92A7, 0x9286, 0x9266,
  0x9266, 0x9246, 0x8A46, 0x8A46, 0x8A46, 0x8A46, 0x8A46, 0x8A25,
  0x8A25, 0x8205, 0x81E4, 0x81C4, 0x81A4, 0x81C4, 0x81A4, 0x79A4,
  0x79A3, 0x7983, 0x7983, 0x7983, 0x7983, 0x7983, 0x7963, 0x7963,
  0x7963, 0x7163, 0x7142, 0x7142, 0x7122, 0x7122, 0x7122, 0x7102,
  0x6902, 0x6902, 0x6901, 0x6901, 0x6901, 0x6901, 0x6901, 0x6901,
  0x6901, 0x6901, 0x6901, 0x6901, 0x6901, 0x6901, 0x6901, 0x6901,
  0x6901, 0x6901, 0x6901, 0x6901, 0x6901, 0x6901, 0x6901, 0x6901,
  0x6901, 0x6901, 0x6901, 0x6901, 0x6901, 0x6901, 0x6901, 0x6901,
  0x6901, 0x6901, 0x6901, 0x6901, 0x6901, 0x6901, 0x6901, 0x6901,
  0x6901, 0x6901, 0x6901, 0x6901, 0x6901, 0x6901, 0x6901, 0x6901,
  0x6901, 0x6901, 0x6901, 0x6901, 0x6901, 0x6901, 0x6901, 0x6901,
  0x6901, 0x6901, 0x6901, 0x6901, 0x6901, 0x6901, 0x6901, 0x6901,
  0x6901, 0x6901, 0x6901, 0x6901, 0x6901, 0x6901, 0x6901, 0x6901,
  0x6901, 0x6901, 0x6901, 0x6901, 0x6901, 0x6901, 0x6901, 0x6901,
  0x6901, 0x6901, 0x6901, 0x6901, 0x6901, 0x6901, 0x6901, 0x6901,
  0x6901, 0x6901, 0x6901, 0x6901, 0x6901, 0x6901, 0x6901, 0x6901,
  0x6901, 0x6901, 0x6901, 0x6901, 0x6901, 0x6901, 0x6902, 0x7102,
  0x7122, 0x7122, 0x7122, 0x7142, 0x7143, 0x7163, 0x7963, 0x7963,
  0x7963, 0x7983, 0x7983, 0x79A4, 0x79C4, 0x81C4, 0x81C4, 0x81C4,
  0x81E4, 0x8205, 0x8A05, 0x8A25, 0x8A46, 0x8A46, 0x8A66, 0x8A66,
  0x8A66, 0x8A66, 0x8A05, 0x89E4, 0x9245, 0x92A7, 0x9AE8, 0x9AE8,
  0x9AE8, 0x9AC7, 0x9AC8, 0x9B09, 0x9B29, 0x9B29, 0xA349, 0xA349,
  0xA34A, 0xA36A, 0xA36A, 0xA36A, 0xA38A, 0xA38A, 0xAB8B, 0xABAB,
  0xABAB, 0xABCB, 0xABCB, 0xABCB, 0xABCB, 0xABCB, 0xABEB, 0xABEC,
  0xABEC, 0xABEC, 0xABEB, 0xABCA, 0xABCA, 0xABCA, 0xABCB, 0xABEC,
  0xABCB, 0xABEB, 0xB40C, 0xB40C, 0xB40C, 0xB40C, 0xAC0C, 0xAC0C,
  0xAC0C, 0xB40C, 0xB40C, 0xAC0C, 0xAC0C, 0xAC0C, 0xAC0C, 0xAC0C,
  0xABEB, 0xABEB, 0xABEB, 0xABEB, 0xABAA, 0xAB8A, 0xABAA, 0xABCB,
  0xABCB, 0xABAB, 0xAB8A, 0xABAB, 0xABCB, 0xABAB, 0xABAA, 0xA38A,
  0xA38A, 0xA36A, 0xA36A, 0xA369, 0xA349, 0x9B29, 0x9B29, 0x9B28,
  0x9B08, 0x9B08, 0x9AE8, 0x92E7, 0x9AC7, 0x92C7, 0x92E7, 0x92C7,
  0x9287, 0x9286, 0x9286, 0x9286, 0x9266, 0x8A66, 0x8A66, 0x8A66,
  0x8A46, 0x8A46, 0x8A45, 0x8A25, 0x8A05, 0x81E4, 0x81E4, 0x81C4,
  0x81C4, 0x81C4, 0x81A4, 0x79A3, 0x7983, 0x79A3, 0x79A3, 0x7983,
  0x7983, 0x7983, 0x7963, 0x7963, 0x7162, 0x7142, 0x7142, 0x7142,
  0x7122, 0x7122, 0x7102, 0x7102, 0x6901, 0x6901, 0x6901, 0x6901,
  0x6901, 0x6901, 0x6901, 0x6901, 0x6901, 0x6901, 0x6901, 0x6901,
  0x6901, 0x6901, 0x6901, 0x6901, 0x6901, 0x6901, 0x6901, 0x6901,
  0x6901, 0x6901, 0x6901, 0x6901, 0x6901, 0x6901, 0x6901, 0x6901,
  0x6901, 0x6901, 0x6901, 0x6901, 0x6901, 0x6901, 0x6901, 0x6901,
  0x6901, 0x6901, 0x6901, 0x6901, 0x6901, 0x6901, 0x6901, 0x6901,
  0x6901, 0x6901, 0x6901, 0x6901, 0x6901, 0x6901, 0x6901, 0x6901,
  0x6901, 0x6901, 0x6901, 0x6901, 0x6901, 0x6901, 0x6901, 0x6901,
  0x6901, 0x6901, 0x6901, 0x6901, 0x6901, 0x6901, 0x6901, 0x6901,
  0x6901, 0x6901, 0x6901, 0x6901, 0x6901, 0x6901, 0x6901, 0x6901,
  0x6901, 0x6901, 0x6901, 0x6901, 0x6901, 0x6901, 0x6901, 0x6901,
  0x6901, 0x6901, 0x6901, 0x6901, 0x6901, 0x6901, 0x6901, 0x6901,
  0x6901, 0x6901, 0x6901, 0x6901, 0x6901, 0x6901, 0x6901, 0x6902,
  0x7102, 0x7122, 0x7122, 0x7142, 0x7142, 0x7143, 0x7963, 0x7963,
  0x7963, 0x7963, 0x7983, 0x79A3, 0x79A4, 0x79C4, 0x81C4, 0x81E4,
  0x81E5, 0x81E4, 0x81E5, 0x8225, 0x8A46, 0x8A46, 0x8A66, 0x8A67,
  0x8A87, 0x9286, 0x9286, 0x92A7, 0x9266, 0x91E5, 0x9225, 0x92A7,
  0x9B08, 0x9B09, 0x9B08, 0x9AE8, 0x9AE8, 0x9B29, 0xA349, 0xA349,
  0xA36A, 0xA36A, 0xA36A, 0xA38A, 0xA38A, 0xA3AA, 0xA3AB, 0xABAB,
  0xABCB, 0xABCB, 0xABCB, 0xABEC, 0xABEB, 0xABEB, 0xABEC, 0xAC0C,
  0xAC0C, 0xAC0C, 0xB40C, 0xB40C, 0xB3EB, 0xABEA, 0xABEB, 0xB3EB,
  0xB40B, 0xB40C, 0xB40C, 0xB40C, 0xB42C, 0xB42C, 0xB42C, 0xB42C,
  0xB42C, 0xB42D, 0xB42D, 0xB44D, 0xB42C, 0xB42C, 0xB42C, 0xB42D,
  0xB42D, 0xB42C, 0xB40C, 0xB40B, 0xB40C, 0xB42C, 0xABEC, 0xABAA,
  0xABAA, 0xABEB, 0xABEB, 0xABEB, 0xABCB, 0xABCB, 0xABEB, 0xABEB,
  0xABCB, 0xABAB, 0xA38A, 0xA38A, 0xA3AA, 0xA38A, 0xA38A, 0xA36A,
  0xA349, 0x9B49, 0x9B29, 0x9B29, 0x9B28, 0x9B08, 0x9AE8, 0x9AE8,
  0x9AE8, 0x9AE8, 0x9AC7, 0x92A7, 0x92A7, 0x92A7, 0x92A7, 0x9287,
  0x9286, 0x8A86, 0x8A66, 0x8A66, 0x8A66, 0x8A45, 0x8A25, 0x8A05,
  0x8204, 0x81E4, 0x81E4, 0x81E4, 0x81C4, 0x81C4, 0x79A3, 0x79A4,
  0x79A3, 0x79A3, 0x7983, 0x7983, 0x7983, 0x7963, 0x7963, 0x7963,
  0x7143, 0x7142, 0x7142, 0x7122, 0x7122, 0x7122, 0x7102, 0x6902,
  0x6901, 0x6901, 0x6901, 0x6901, 0x6901, 0x6901, 0x6901, 0x6901,
  0x6901, 0x6901, 0x6901, 0x6901, 0x6901, 0x6901, 0x6901, 0x6901,
  0x6901, 0x6901, 0x6901, 0x6901, 0x6901, 0x6901, 0x6901, 0x6901,
  0x6901, 0x6901, 0x6901, 0x6901, 0x6901, 0x6901, 0x6901, 0x6901,
  0x6901, 0x6901, 0x6901, 0x6901, 0x6901, 0x6901, 0x6901, 0x6901,
  0x6901, 0x6901, 0x6901, 0x6901, 0x6901, 0x6901, 0x6901, 0x6901,
  0x6901, 0x6901, 0x6901, 0x6901, 0x6901, 0x6901, 0x6901, 0x6901,
  0x6901, 0x6901, 0x6901, 0x6901, 0x6901, 0x6901, 0x6901, 0x6901,
  0x6901, 0x6901, 0x6901, 0x6901, 0x6901, 0x6901, 0x6901, 0x6901,
  0x6901, 0x6901, 0x6901, 0x6901, 0x6901, 0x6901, 0x6901, 0x6901,
  0x6901, 0x6901, 0x6901, 0x6901, 0x6901, 0x6901, 0x6901, 0x6901,
  0x6901, 0x6901, 0x6901, 0x6901, 0x6901, 0x6901, 0x6901, 0x6902,
  0x7102, 0x7122, 0x7122, 0x7122, 0x7142, 0x7142, 0x7163, 0x7963,
  0x7963, 0x7983, 0x7983, 0x79A3, 0x79A4, 0x79C4, 0x81C4, 0x81E4,
  0x81E5, 0x8205, 0x8225, 0x8A05, 0x8A05, 0x8A46, 0x8A66, 0x8A86,
  0x9287, 0x9287, 0x92A7, 0x92A7, 0x92A7, 0x92C7, 0x9266, 0x91E5,
  0x9246, 0x9AC7, 0x9B29, 0x9B29, 0x9B29, 0x9AE8, 0x9B08, 0xA349,
  0xA36A, 0xA36A, 0xA38A, 0xA38B, 0xABAB, 0xABCB, 0xABCB, 0xABCB,
  0xABCB, 0xABEB, 0xABEC, 0xABEC, 0xAC0C, 0xAC0C, 0xAC0C, 0xB40C,
  0xB42C, 0xB42D, 0xB42D, 0xB42D, 0xB42D, 0xB42C, 0xB40B, 0xB40B,
  0xB42C, 0xB42C, 0xB42C, 0xB44D, 0xB44D, 0xB42C, 0xB44C, 0xB46D,
  0xBC4D, 0xBC4D, 0xBC4D, 0xBC4D, 0xBC6D, 0xBC6D, 0xB44D, 0xB44C,
  0xB44D, 0xB44D, 0xB46D, 0xB44D, 0xB44D, 0xB42D, 0xB42D, 0xB44D,
  0xB44D, 0xB3EC, 0xABCB, 0xB40B, 0xB40B, 0xB40C, 0xB40B, 0xAC0C,
  0xAC0C, 0xAC0C, 0xAC0B, 0xABEB, 0xABAA, 0xABAA, 0xABCB, 0xABAB,
  0xABAB, 0xA38A, 0xA38A, 0xA369, 0xA349, 0xA349, 0xA349, 0xA329,
  0x9B29, 0x9B08, 0x9B08, 0x9B08, 0x9AE8, 0x9AA7, 0x9AC7, 0x92E8,
  0x92C8, 0x92C7, 0x92A7, 0x92A7, 0x9287, 0x9287, 0x8A86, 0x8A66,
  0x8A46, 0x8A25, 0x8A25, 0x8A05, 0x81E4, 0x8205, 0x81E4, 0x81E4,
  0x81E4, 0x81C4, 0x81C4, 0x81C4, 0x79A4, 0x79A4, 0x79A3, 0x7983,
  0x7983, 0x7983, 0x7963, 0x7963, 0x7143, 0x7142, 0x7142, 0x7122,
  0x7122, 0x7122, 0x7102, 0x6902, 0x6901, 0x6901, 0x6901, 0x6901,
  0x6901, 0x6901, 0x6901, 0x6901, 0x6901, 0x6901, 0x6901, 0x6901,
  0x6901, 0x6901, 0x6901, 0x6901, 0x6901, 0x6901, 0x6901, 0x6901,
  0x6901, 0x6901, 0x6901, 0x6901, 0x6901, 0x6901, 0x6901, 0x6901,
  0x6901, 0x6901, 0x6901, 0x6901, 0x6901, 0x6901, 0x6901, 0x6901,
  0x6901, 0x6901, 0x6901, 0x6901, 0x6901, 0x6901, 0x6901, 0x6901,
  0x6901, 0x6901, 0x6901, 0x6901, 0x6901, 0x6901, 0x6901, 0x6901,
  0x6901, 0x6901, 0x6901, 0x6901, 0x6901, 0x6901, 0x6901, 0x6901,
  0x6901, 0x6901, 0x6901, 0x6901, 0x6901, 0x6901, 0x6901, 0x6901,
  0x6901, 0x6901, 0x6901, 0x6901, 0x6901, 0x6901, 0x6901, 0x6901,
  0x6901, 0x6901, 0x6901, 0x6901, 0x6901, 0x6901, 0x6901, 0x6901,
  0x6901, 0x6901, 0x6901, 0x6901, 0x6901, 0x6901, 0x6901, 0x6902,
  0x6902, 0x7102, 0x7122, 0x7122, 0x7142, 0x7142, 0x7163, 0x7963,
  0x7963, 0x7963, 0x7983, 0x79A3, 0x79A4, 0x79C4, 0x81C4, 0x81E4,
  0x81E5, 0x8205, 0x8205, 0x8225, 0x8A25, 0x8A45, 0x8A46, 0x8A46,
  0x9267, 0x92A7, 0x92A7, 0x92C7, 0x92C8, 0x92C8, 0x92C8, 0x92A7,
  0x9245, 0x9205, 0x9A87, 0x9B08, 0x9B49, 0xA349, 0xA349, 0xA308,
  0xA329, 0xA36A, 0xA38A, 0xABAB, 0xABCB, 0xABCB, 0xABCB, 0xABCC,
  0xABEC, 0xABEC, 0xABEC, 0xAC0C, 0xB40C, 0xB40C, 0xB42C, 0xB42D,
  0xB42D, 0xB42D, 0xB44D, 0xB44D, 0xB44D, 0xB44D, 0xB46D, 0xB46D,
  0xB42C, 0xB42C, 0xB44D, 0xB46D, 0xBC6D, 0xBC6D, 0xBC6D, 0xBC4D,
  0xBC6D, 0xBC8E, 0xBC8E, 0xBC8E, 0xBC8D, 0xBC8E, 0xBC8E, 0xBC8E,
  0xBC8E, 0xBC6D, 0xBC6D, 0xBC8D, 0xBC8E, 0xBC6E, 0xBC6D, 0xBC6D,
  0xB46D, 0xB46D, 0xBC6E, 0xB42D, 0xB40C, 0xB42C, 0xB42C, 0xB42C,
  0xB40C, 0xB42C, 0xB42C, 0xB42C, 0xB40C, 0xABEB, 0xABEB, 0xABEB,
  0xABEB, 0xABEB, 0xABEB, 0xABCB, 0xABAB, 0xA38A, 0xA38A, 0xA36A,
  0xA36A, 0xA36A, 0xA349, 0xA329, 0xA329, 0x9B28, 0x9B08, 0x9AE8,
  0x9AE8, 0x9AE8, 0x9AE8, 0x92E8, 0x92C8, 0x92A7, 0x92A7, 0x92A7,
  0x92A7, 0x8A86, 0x8A66, 0x8A66, 0x8A25, 0x8A05, 0x8A05, 0x8A05,
  0x8A05, 0x89E5, 0x8205, 0x8205, 0x81E4, 0x81E4, 0x81E4, 0x81C4,
  0x79A4, 0x79A4, 0x79A3, 0x7983, 0x7983, 0x7963, 0x7963, 0x7162,
  0x7142, 0x7142, 0x7122, 0x7122, 0x7122, 0x7102, 0x6902, 0x6901,
  0x6901, 0x6901, 0x6901, 0x6901, 0x6901, 0x6901, 0x6901, 0x6901,
  0x6901, 0x6901, 0x6901, 0x6901, 0x6901, 0x6901, 0x6901, 0x6901,
  0x6901, 0x6901, 0x6901, 0x6901, 0x6901, 0x6901, 0x6901, 0x6901,
  0x6901, 0x6901, 0x6901, 0x6901, 0x6901, 0x6901, 0x6901, 0x6901,
  0x6901, 0x6901, 0x6901, 0x6901, 0x6901, 0x6901, 0x6901, 0x6901,
  0x6901, 0x6901, 0x6901, 0x6901, 0x6901, 0x6901, 0x6901, 0x6901,
  0x6901, 0x6901, 0x6901, 0x6901, 0x6901, 0x6901, 0x6901, 0x6901,
  0x6901, 0x6901, 0x6901, 0x6901, 0x6901, 0x6901, 0x6901, 0x6901,
  0x6901, 0x6901, 0x6901, 0x6901, 0x6901, 0x6901, 0x6901, 0x6901,
  0x6901, 0x6901, 0x6901, 0x6901, 0x6901, 0x6901, 0x6901, 0x6901,
  0x6901, 0x6901, 0x6901, 0x6901, 0x6901, 0x6901, 0x6901, 0x6901,
  0x6901, 0x7102, 0x7102, 0x7122, 0x7142, 0x7142, 0x7142, 0x7963,
  0x7963, 0x7963, 0x7983, 0x7983, 0x79A4, 0x79A4, 0x79C4, 0x81C4,
  0x81E4, 0x8205, 0x8205, 0x8A25, 0x8A25, 0x8A46, 0x8A46, 0x8A66,
  0x8A66, 0x8A46, 0x9266, 0x92A7, 0x92C8, 0x92C8, 0x9AE8, 0x9B08,
  0x9B08, 0x9A86, 0x9225, 0x9A46, 0x9AE8, 0xA349, 0xA369, 0xA369,
  0xA349, 0xA329, 0xA36A, 0xABAB, 0xABAB, 0xABCB, 0xABEB, 0xABEC,
  0xABEC, 0xABEC, 0xAC0C, 0xB40C, 0xB42C, 0xB42D, 0xB42D, 0xB42D,
  0xB44D, 0xB44D, 0xB44D, 0xB44D, 0xBC6D, 0xBC6E, 0xB46D, 0xB48E,
  0xBC8D, 0xBC6C, 0xBC4C, 0xB44D, 0xBC6D, 0xBC8E, 0xBC8D, 0xBC8E,
  0xBC8D, 0xBC6D, 0xBC8E, 0xBCAF, 0xBCAF, 0xBCAE, 0xBCAD, 0xBCAE,
  0xBCAF, 0xBCAF, 0xBCAE, 0xBCAE, 0xBC8D, 0xBCAE, 0xBC8E, 0xBC8E,
  0xBCAE, 0xBC8E, 0xBC8D, 0xBC8E, 0xBCAE, 0xBC6E, 0xB42C, 0xB42C,
  0xB44D, 0xB42C, 0xB42C, 0xB42C, 0xB44C, 0xB44C, 0xB42C, 0xB40C,
  0xB40C, 0xB40C, 0xABEC, 0xAC0C, 0xAC0C, 0xABEC, 0xABCB, 0xABAB,
  0xABAB, 0xAB8A, 0xA38A, 0xA38A, 0xA36A, 0xA369, 0xA349, 0xA328,
  0xA308, 0x9B28, 0x9B08, 0x9B08, 0x9B08, 0x9B08, 0x9AE8, 0x92E8,
  0x92E8, 0x92C7, 0x92C7, 0x92A7, 0x92A7, 0x9286, 0x9266, 0x9245,
  0x8A25, 0x8A25, 0x8A05, 0x8A05, 0x8A05, 0x8205, 0x8205, 0x81E4,
  0x81E4, 0x81E4, 0x81C4, 0x79C4, 0x79A4, 0x79A4, 0x7983, 0x7983,
  0x7963, 0x7963, 0x7963, 0x7143, 0x7142, 0x7142, 0x7122, 0x7122,
  0x7102, 0x6902, 0x6901, 0x6901, 0x6901, 0x6901, 0x6901, 0x6901,
  0x6901, 0x6901, 0x6901, 0x6901, 0x6901, 0x6901, 0x6901, 0x6901,
  0x6901, 0x6901, 0x6901, 0x6901, 0x6901, 0x6901, 0x6901, 0x6901,
  0x6901, 0x6901, 0x6901, 0x6901, 0x6901, 0x6901, 0x6901, 0x6901,
  0x6901, 0x6901, 0x6901, 0x6901, 0x6901, 0x6901, 0x6901, 0x6901,
  0x6901, 0x6901, 0x6901, 0x6901, 0x6901, 0x6901, 0x6901, 0x6901,
  0x6901, 0x6901, 0x6901, 0x6901, 0x6901, 0x6901, 0x6901, 0x6901,
  0x6901, 0x6901, 0x6901, 0x6901, 0x6901, 0x6901, 0x6901, 0x6901,
  0x6901, 0x6901, 0x6901, 0x6901, 0x6901, 0x6901, 0x6901, 0x6901,
  0x6901, 0x6901, 0x6901, 0x6901, 0x6901, 0x6901, 0x6901, 0x6901,
  0x6901, 0x6901, 0x6901, 0x6901, 0x6901, 0x6901, 0x6901, 0x6901,
  0x6901, 0x6901, 0x7102, 0x7122, 0x7122, 0x7142, 0x7142, 0x7143,
  0x7963, 0x7963, 0x7983, 0x7983, 0x7983, 0x79A4, 0x79A4, 0x81C4,
  0x81E4, 0x81E4, 0x8205, 0x8205, 0x8A25, 0x8A46, 0x8A46, 0x8A66,
  0x8A66, 0x9287, 0x9287, 0x9266, 0x9287, 0x92C8, 0x9B08, 0x9AE8,
  0x9B08, 0x9B28, 0x9B28, 0x9A86, 0x9A25, 0x9AA7, 0xA349, 0xA36A,
  0xA38A, 0xA38A, 0xA329, 0xAB4A, 0xABAB, 0xABEC, 0xABCB, 0xABEC,
  0xABEC, 0xB40C, 0xB40C, 0xB40C, 0xB42C, 0xB42D, 0xB44D, 0xB44D,
  0xB44D, 0xB46D, 0xB46D, 0xB46D, 0xBC6D, 0xBC8E, 0xBC8E, 0xBC8E,
  0xBCAE, 0xBCAE, 0xBC8D, 0xBC8D, 0xBC6D, 0xBC8E, 0xBCAF, 0xBCAE,
  0xBCAE, 0xBCCE, 0xBCAE, 0xBC8D, 0xBCAE, 0xC4CF, 0xC4CF, 0xBCCF,
  0xBCCE, 0xBCCE, 0xBCCF, 0xC4EF, 0xBCCF, 0xBCCF, 0xBCAE, 0xBCCE,
  0xBCAE, 0xBCCF, 0xBCCF, 0xBCAE, 0xBCAE, 0xBCAE, 0xBCCF, 0xBC8E,
  0xB44D, 0xB44D, 0xBC8D, 0xBC6D, 0xB44D, 0xB44D, 0xB46D, 0xB46D,
  0xB44D, 0xB44C, 0xB42C, 0xB42C, 0xB40C, 0xB40C, 0xB40C, 0xB40C,
  0xAC0C, 0xABEB, 0xABCB, 0xABCB, 0xABAB, 0xABAB, 0xAB8A, 0xA38A,
  0xA36A, 0xA348, 0xA327, 0x9B49, 0x9B29, 0x9B29, 0x9B29, 0x9B29,
  0x9B08, 0x9B08, 0x9B08, 0x92E8, 0x92C8, 0x92C7, 0x92A7, 0x92A7,
  0x9286, 0x9266, 0x9266, 0x9245, 0x8A25, 0x8A25, 0x8A45, 0x8A25,
  0x8A05, 0x8205, 0x8205, 0x81E5, 0x81E4, 0x81E4, 0x81C4, 0x79C4,
  0x79A4, 0x79A3, 0x7983, 0x7983, 0x7963, 0x7163, 0x7163, 0x7142,
  0x7142, 0x7122, 0x7122, 0x7102, 0x6902, 0x6901, 0x6901, 0x6901,
  0x6901, 0x6901, 0x6901, 0x6901, 0x6901, 0x6901, 0x6901, 0x6901,
  0x6901, 0x6901, 0x6901, 0x6901, 0x6901, 0x6901, 0x6901, 0x6901,
  0x6901, 0x6901, 0x6901, 0x6901, 0x6901, 0x6901, 0x6901, 0x6901,
  0x6901, 0x6901, 0x6901, 0x6901, 0x6901, 0x6901, 0x6901, 0x6901,
  0x6901, 0x6901, 0x6901, 0x6901, 0x6901, 0x6901, 0x6901, 0x6901,
  0x6901, 0x6901, 0x6901, 0x6901, 0x6901, 0x6901, 0x6901, 0x6901,
  0x6901, 0x6901, 0x6901, 0x6901, 0x6901, 0x6901, 0x6901, 0x6901,
  0x6901, 0x6901, 0x6901, 0x6901, 0x6901, 0x6901, 0x6901, 0x6901,
  0x6901, 0x6901, 0x6901, 0x6901, 0x6901, 0x6901, 0x6901, 0x6901,
  0x6901, 0x6901, 0x6901, 0x6901, 0x6901, 0x6901, 0x6901, 0x6901,
  0x6901, 0x6901, 0x6902, 0x7102, 0x7122, 0x7122, 0x7142, 0x7142,
  0x7163, 0x7963, 0x7963, 0x7983, 0x7983, 0x79A3, 0x79A4, 0x79C4,
  0x81C4, 0x81E4, 0x8205, 0x8205, 0x8225, 0x8A25, 0x8A46, 0x8A66,
  0x8A66, 0x8A86, 0x9287, 0x92A7, 0x92C7, 0x92C7, 0x92A7, 0x92C8,
  0x9B08, 0x9B29, 0x9B29, 0x9B49, 0x9B28, 0x9A86, 0x9A25, 0xA2C8,
  0xA36A, 0xABAB, 0xABAB, 0xAB8A, 0xAB49, 0xAB8A, 0xABEC, 0xAC0C,
  0xB40C, 0xB40C, 0xB40C, 0xB40C, 0xB42C, 0xB42D, 0xB44D, 0xB44D,
  0xBC6D, 0xBC6E, 0xBC8E, 0xBC8E, 0xBC8E, 0xBC8E, 0xBCAE, 0xBCAE,
  0xBCAE, 0xBCAE, 0xBCAF, 0xBCAE, 0xBCAE, 0xBCAE, 0xBCCF, 0xBCCF,
  0xC4F0, 0xC4CF, 0xC4CF, 0xC4CF, 0xC4CF, 0xC4AE, 0xC4CE, 0xC4F0,
  0xC4F0, 0xC4F0, 0xC4EF, 0xC4EF, 0xC4EF, 0xC4F0, 0xC510, 0xC4EF,
  0xC4EF, 0xC4EF, 0xC4EF, 0xC4EF, 0xC4EF, 0xC4CF, 0xBCCF, 0xC4CF,
  0xC4F0, 0xBCCF, 0xBC8E, 0xBC6D, 0xBCAE, 0xBCAF, 0xBC8E, 0xBC8D,
  0xBC8D, 0xBC8E, 0xBC8E, 0xBC6D, 0xB44D, 0xB44D, 0xB44D, 0xB44D,
  0xB42D, 0xB42D, 0xB42C, 0xAC0C, 0xABEC, 0xABEB, 0xABEB, 0xABCB,
  0xABAB, 0xAB8A, 0xA38A, 0xA369, 0xA348, 0xA369, 0xA349, 0x9B49,
  0x9B49, 0x9B49, 0x9B29, 0x9B29, 0x9B08, 0x9B08, 0x9AE8, 0x92E8,
  0x92C7, 0x92C7, 0x92A7, 0x92A7, 0x9286, 0x9266, 0x9246, 0x8A45,
  0x8A45, 0x8A25, 0x8A05, 0x8A05, 0x8A05, 0x8205, 0x81E5, 0x81E4,
  0x81E4, 0x81C4, 0x81C4, 0x79A4, 0x79A4, 0x7983, 0x7983, 0x7963,
  0x7963, 0x7163, 0x7142, 0x7142, 0x7122, 0x7122, 0x7122, 0x6902,
  0x6902, 0x6901, 0x6901, 0x6901, 0x6901, 0x6901, 0x6901, 0x6901,
  0x6901, 0x6901, 0x6901, 0x6901, 0x6901, 0x6901, 0x6901, 0x6901,
  0x6901, 0x6901, 0x6901, 0x6901, 0x6901, 0x6901, 0x6901, 0x6901,
  0x6901, 0x6901, 0x6901, 0x6901, 0x6901, 0x6901, 0x6901, 0x6901,
  0x6901, 0x6901, 0x6901, 0x6901, 0x6901, 0x6901, 0x6901, 0x6901,
  0x6901, 0x6901, 0x6901, 0x6901, 0x6901, 0x6901, 0x6901, 0x6901,
  0x6901, 0x6901, 0x6901, 0x6901, 0x6901, 0x6901, 0x6901, 0x6901,
  0x6901, 0x6901, 0x6901, 0x6901, 0x6901, 0x6901, 0x6901, 0x6901,
  0x6901, 0x6901, 0x6901, 0x6901, 0x6901, 0x6901, 0x6901, 0x6901,
  0x6901, 0x6901, 0x6901, 0x6901, 0x6901, 0x6901, 0x6901, 0x6901,
  0x6901, 0x6901, 0x6901, 0x6902, 0x7102, 0x7122, 0x7122, 0x7142,
  0x7142, 0x7163, 0x7963, 0x7963, 0x7983, 0x79A4, 0x79A4, 0x79A4,
  0x81C4, 0x81E4, 0x81E5, 0x8205, 0x8205, 0x8A25, 0x8A46, 0x8A46,
  0x8A66, 0x8A87, 0x9287, 0x92A7, 0x92A7, 0x92C7, 0x92E8, 0x9AE8,
  0x9AC7, 0x9AE8, 0x9B29, 0xA349, 0xA34A, 0xA36A, 0xA349, 0x9A86,
  0x9A25, 0xA2E8, 0xABAB, 0xABCB, 0xABCB, 0xABAB, 0xAB6A, 0xABCB,
  0xAC0C, 0xB42D, 0xB42D, 0xB42D, 0xB42D, 0xB42D, 0xB44D, 0xBC6D,
  0xBC6D, 0xBC6E, 0xBC8E, 0xBCAE, 0xBCAE, 0xBCAE, 0xBCAE, 0xBCAF,
  0xBCCF, 0xC4CF, 0xC4CF, 0xC4EF, 0xC4CF, 0xC4EF, 0xC4EF, 0xC4EF,
  0xC4F0, 0xC510, 0xC510, 0xC510, 0xC50F, 0xC4EF, 0xC4EF, 0xC4EF,
  0xC4EF, 0xC510, 0xC530, 0xC530, 0xC530, 0xC510, 0xC510, 0xC510,
  0xC530, 0xC530, 0xC510, 0xC510, 0xC510, 0xC510, 0xC510, 0xC510,
  0xC4F0, 0xC4F0, 0xC510, 0xC4F0, 0xBCAF, 0xBC8E, 0xC4AE, 0xC4CF,
  0xBCCF, 0xBCCF, 0xBCAE, 0xBCCE, 0xBCAE, 0xBC8E, 0xBC6E, 0xBC6D,
  0xBC6D, 0xB46D, 0xB44D, 0xB44D, 0xB44D, 0xB42C, 0xB40C, 0xB40C,
  0xB40C, 0xB3EC, 0xABCB, 0xABAA, 0xABAA, 0xAB8A, 0xAB8A, 0xA38A,
  0xA36A, 0xA36A, 0xA36A, 0xA36A, 0x9B69, 0x9B49, 0x9B49, 0x9B29,
  0x9B08, 0x9B08, 0x9AE8, 0x9AE8, 0x92C7, 0x92A7, 0x92A7, 0x9287,
  0x9286, 0x9266, 0x8A66, 0x8A46, 0x8A46, 0x8A25, 0x8A25, 0x8A05,
  0x8205, 0x8204, 0x81E4, 0x81E4, 0x81E4, 0x81C4, 0x81C4, 0x79A4,
  0x7983, 0x7983, 0x7963, 0x7963, 0x7963, 0x7163, 0x7142, 0x7142,
  0x7122, 0x7122, 0x7102, 0x6902, 0x6901, 0x6901, 0x6901, 0x6901,
  0x6901, 0x6901, 0x6901, 0x6901, 0x6901, 0x6901, 0x6901, 0x6901,
  0x6901, 0x6901, 0x6901, 0x6901, 0x6901, 0x6901, 0x6901, 0x6901,
  0x6901, 0x6901, 0x6901, 0x6901, 0x6901, 0x6901, 0x6901, 0x6901,
  0x6901, 0x6901, 0x6901, 0x6901, 0x6901, 0x6901, 0x6901, 0x6901,
  0x6901, 0x6901, 0x6901, 0x6901, 0x6901, 0x6901, 0x6901, 0x6901,
  0x6901, 0x6901, 0x6901, 0x6901, 0x6901, 0x6901, 0x6901, 0x6901,
  0x6901, 0x6901, 0x6901, 0x6901, 0x6901, 0x6901, 0x6901, 0x6901,
  0x6901, 0x6901, 0x6901, 0x6901, 0x6901, 0x6901, 0x6901, 0x6901,
  0x6901, 0x6901, 0x6901, 0x6901, 0x6901, 0x6901, 0x6901, 0x6901,
  0x6901, 0x6901, 0x6901, 0x6902, 0x6902, 0x7102, 0x7122, 0x7142,
  0x7142, 0x7143, 0x7163, 0x7963, 0x7983, 0x7983, 0x79A4, 0x79C4,
  0x81C4, 0x81C4, 0x81C4, 0x8205, 0x8205, 0x8225, 0x8A26, 0x8A46,
  0x8A66, 0x8A66, 0x9287, 0x92A7, 0x92A7, 0x92C7, 0x92C7, 0x9AE8,
  0x9B08, 0x9B29, 0x9B08, 0x9AE8, 0xA329, 0xA36A, 0xA36A, 0xA38A,
  0xA38A, 0x9AA6, 0x9A25, 0xA2E8, 0xABCB, 0xAC0C, 0xABEC, 0xABAB,
  0xABAA, 0xB40C, 0xB42C, 0xB42D, 0xB44D, 0xBC6E, 0xBC6E, 0xB46D,
  0xBC6E, 0xBC8E, 0xBCAE, 0xBC8E, 0xBCAE, 0xBCAF, 0xBCCF, 0xC4CF,
  0xC4CF, 0xC4CF, 0xC4F0, 0xC4F0, 0xC4F0, 0xC510, 0xC510, 0xC510,
  0xC510, 0xC510, 0xC510, 0xC530, 0xCD31, 0xCD31, 0xC530, 0xC50F,
  0xCD30, 0xCD0F, 0xC50F, 0xCD30, 0xCD50, 0xCD50, 0xCD50, 0xCD51,
  0xCD51, 0xC530, 0xC530, 0xCD50, 0xCD51, 0xCD51, 0xCD51, 0xCD51,
  0xCD51, 0xC530, 0xC530, 0xC530, 0xC530, 0xC510, 0xC4F0, 0xC4AE,
  0xC4CF, 0xC4F0, 0xC510, 0xC4EF, 0xC4CF, 0xC4CF, 0xC4CF, 0xBCAF,
  0xBCAE, 0xBCAE, 0xBC8E, 0xBC8E, 0xBC8E, 0xBC6E, 0xBC6D, 0xB44D,
  0xB44D, 0xB42D, 0xB42C, 0xB40C, 0xB40C, 0xABEB, 0xABCA, 0xABAB,
  0xABCB, 0xABAA, 0xAB8A, 0xAB8A, 0xA36A, 0xA38A, 0xA38A, 0xA36A,
  0xA369, 0x9B49, 0x9B29, 0x9B29, 0x9B08, 0x9AE8, 0x9AC7, 0x9AA7,
  0x92A7, 0x92A7, 0x92A7, 0x92A7, 0x92A7, 0x9286, 0x8A66, 0x8A46,
  0x8A46, 0x8A25, 0x8A25, 0x8A05, 0x8A05, 0x81E4, 0x81E4, 0x81C4,
  0x81C4, 0x81C4, 0x79A4, 0x79A4, 0x7983, 0x7983, 0x7963, 0x7963,
  0x7163, 0x7142, 0x7142, 0x7122, 0x7122, 0x7102, 0x6902, 0x6901,
  0x6901, 0x6901, 0x6901, 0x6901, 0x6901, 0x6901, 0x6901, 0x6901,
  0x6901, 0x6901, 0x6901, 0x6901, 0x6901, 0x6901, 0x6901, 0x6901,
  0x6901, 0x6901, 0x6901, 0x6901, 0x6901, 0x6901, 0x6901, 0x6901,
  0x6901, 0x6901, 0x6901, 0x6901, 0x6901, 0x6901, 0x6901, 0x6901,
  0x6901, 0x6901, 0x6901, 0x6901, 0x6901, 0x6901, 0x6901, 0x6901,
  0x6901, 0x6901, 0x6901, 0x6901, 0x6901, 0x6901, 0x6901, 0x6901,
  0x6901, 0x6901, 0x6901, 0x6901, 0x6901, 0x6901, 0x6901, 0x6901,
  0x6901, 0x6901, 0x6901, 0x6901, 0x6901, 0x6901, 0x6901, 0x6901,
  0x6901, 0x6901, 0x6901, 0x6901, 0x6901, 0x6901, 0x6901, 0x6901,
  0x6901, 0x6901, 0x6901, 0x6901, 0x6901, 0x6902, 0x7122, 0x7122,
  0x7142, 0x7142, 0x7163, 0x7963, 0x7963, 0x7983, 0x79A3, 0x79A4,
  0x79C4, 0x81C4, 0x81E4, 0x81E4, 0x8205, 0x8205, 0x8A25, 0x8A25,
  0x8A46, 0x8A66, 0x8A87, 0x9287, 0x92A7, 0x92A7, 0x92C7, 0x92C8,
  0x9AE8, 0x9B08, 0x9B29, 0x9B29, 0x9B49, 0x9B08, 0xA329, 0xA36A,
  0xA38B, 0xABAB, 0xABCB, 0xA2C7, 0x9A25, 0xA2E8, 0xABEC, 0xB42D,
  0xB40C, 0xB3EB, 0xB3EB, 0xB42D, 0xB44D, 0xB44D, 0xB46D, 0xBC6E,
  0xBC8E, 0xBCAE, 0xBCAE, 0xBCAF, 0xBCCF, 0xBCCF, 0xBCAF, 0xC4CF,
  0xC4F0, 0xC4F0, 0xC4F0, 0xC510, 0xC510, 0xC510, 0xC530, 0xCD31,
  0xCD31, 0xCD31, 0xCD31, 0xCD30, 0xC531, 0xCD51, 0xCD51, 0xCD51,
  0xCD51, 0xCD30, 0xCD50, 0xCD30, 0xCD2F, 0xCD50, 0xCD70, 0xCD70,
  0xCD71, 0xCD71, 0xCD72, 0xCD51, 0xCD51, 0xCD50, 0xCD51, 0xCD51,
  0xCD71, 0xCD72, 0xCD71, 0xCD51, 0xCD51, 0xCD51, 0xCD51, 0xCD51,
  0xC510, 0xC4CF, 0xC4EF, 0xC530, 0xC530, 0xC510, 0xC4F0, 0xC4EF,
  0xC4CF, 0xBCCF, 0xC4CF, 0xBCCF, 0xBCAF, 0xBCAE, 0xBCAE, 0xBCAE,
  0xBC8E, 0xBC6D, 0xBC6D, 0xB46D, 0xB44D, 0xB42D, 0xB42C, 0xB40C,
  0xABEB, 0xABCB, 0xABEB, 0xABCB, 0xABCB, 0xABAB, 0xABAB, 0xA38A,
  0xA38A, 0xA38A, 0xA36A, 0xA369, 0x9B49, 0x9B49, 0x9B29, 0x9B08,
  0x9AC7, 0x9AA7, 0x9AA7, 0x92A7, 0x92C7, 0x92C7, 0x92C7, 0x92A7,
  0x9286, 0x9266, 0x8A66, 0x8A46, 0x8A46, 0x8A26, 0x8A25, 0x8205,
  0x81E4, 0x81C4, 0x81C4, 0x81C4, 0x81C4, 0x79C4, 0x79A4, 0x7983,
  0x7983, 0x7963, 0x7963, 0x7163, 0x7142, 0x7142, 0x7122, 0x7122,
  0x7102, 0x6902, 0x6901, 0x6901, 0x6901, 0x6901, 0x6901, 0x6901,
  0x6901, 0x6901, 0x6901, 0x6901, 0x6901, 0x6901, 0x6901, 0x6901,
  0x6901, 0x6901, 0x6901, 0x6901, 0x6901, 0x6901, 0x6901, 0x6901,
  0x6901, 0x6901, 0x6901, 0x6901, 0x6901, 0x6901, 0x6901, 0x6901,
  0x6901, 0x6901, 0x6901, 0x6901, 0x6901, 0x6901, 0x6901, 0x6901,
  0x6901, 0x6901, 0x6901, 0x6901, 0x6901, 0x6901, 0x6901, 0x6901,
  0x6901, 0x6901, 0x6901, 0x6901, 0x6901, 0x6901, 0x6901, 0x6901,
  0x6901, 0x6901, 0x6901, 0x6901, 0x6901, 0x6901, 0x6901, 0x6901,
  0x6901, 0x6901, 0x6901, 0x6901, 0x6901, 0x6901, 0x6901, 0x6901,
  0x6901, 0x6901, 0x6901, 0x6901, 0x6901, 0x6901, 0x6902, 0x7122,
  0x7122, 0x7142, 0x7142, 0x7163, 0x7963, 0x7963, 0x7983, 0x7983,
  0x79A4, 0x79C4, 0x81C4, 0x81E4, 0x81E4, 0x8205, 0x8225, 0x8A46,
  0x8A45, 0x8A46, 0x8A66, 0x9287, 0x92A7, 0x92C7, 0x92C7, 0x92C8,
  0x92E8, 0x9B08, 0x9B08, 0x9B29, 0x9B49, 0xA349, 0xA36A, 0xA349,
  0xA329, 0xA36A, 0xABCB, 0xABCC, 0xABEB, 0xA329, 0xA246, 0xA2A7,
  0xB3EC, 0xB44D, 0xB3EB, 0xB3CB, 0xB40C, 0xBC6E, 0xBC8E, 0xBC8E,
  0xBC8E, 0xBC8E, 0xBCAE, 0xBCAE, 0xBCAF, 0xBCCF, 0xC4EF, 0xC4F0,
  0xC4F0, 0xC4F0, 0xC510, 0xC510, 0xC510, 0xC530, 0xCD31, 0xCD31,
  0xCD31, 0xCD51, 0xCD51, 0xCD51, 0xCD51, 0xCD51, 0xCD51, 0xCD72,
  0xCD72, 0xCD72, 0xCD72, 0xCD71, 0xCD71, 0xCD70, 0xCD50, 0xCD50,
  0xD591, 0xD591, 0xCD72, 0xCD72, 0xCD92, 0xD592, 0xCD92, 0xCD71,
  0xCD71, 0xCD71, 0xCD71, 0xCD72, 0xCD72, 0xCD71, 0xCD72, 0xCD72,
  0xCD72, 0xCD51, 0xC510, 0xC4CF, 0xCD10, 0xCD50, 0xC551, 0xC531,
  0xC530, 0xC50F, 0xC4EF, 0xC4EF, 0xC4F0, 0xC4F0, 0xC4EF, 0xBCCF,
  0xBCCF, 0xBCCF, 0xBCAE, 0xBC8E, 0xBC8E, 0xBC8E, 0xBC6D, 0xBC4D,
  0xB42D, 0xB42C, 0xB40C, 0xB40B, 0xAC0C, 0xABEB, 0xABEB, 0xABCB,
  0xABCB, 0xABAB, 0xABAB, 0xA3AA, 0xA38A, 0xA36A, 0xA36A, 0xA349,
  0x9B49, 0x9B08, 0x9AC7, 0x9AC7, 0x9AE8, 0x9AC7, 0x92C7, 0x92E8,
  0x92C8, 0x92C8, 0x92A7, 0x92A7, 0x9286, 0x9266, 0x8A66, 0x8A46,
  0x8A45, 0x8A25, 0x8A05, 0x81E5, 0x81E4, 0x81C4, 0x81C4, 0x81C4,
  0x81C4, 0x79A4, 0x7983, 0x7983, 0x7963, 0x7963, 0x7943, 0x7143,
  0x7142, 0x7142, 0x7122, 0x7102, 0x6902, 0x6901, 0x6901, 0x6901,
  0x6901, 0x6901, 0x6901, 0x6901, 0x6901, 0x6901, 0x6901, 0x6901,
  0x6901, 0x6901, 0x6901, 0x6901, 0x6901, 0x6901, 0x6901, 0x6901,
  0x6901, 0x6901, 0x6901, 0x6901, 0x6901, 0x6901, 0x6901, 0x6901,
  0x6901, 0x6901, 0x6901, 0x6901, 0x6901, 0x6901, 0x6901, 0x6901,
  0x6901, 0x6901, 0x6901, 0x6901, 0x6901, 0x6901, 0x6901, 0x6901,
  0x6901, 0x6901, 0x6901, 0x6901, 0x6901, 0x6901, 0x6901, 0x6901,
  0x6901, 0x6901, 0x6901, 0x6901, 0x6901, 0x6901, 0x6901, 0x6901,
  0x6901, 0x6901, 0x6901, 0x6901, 0x6901, 0x6901, 0x6901, 0x6901,
  0x6901, 0x6901, 0x6901, 0x6901, 0x6901, 0x6901, 0x6902, 0x7102,
  0x7122, 0x7122, 0x7142, 0x7142, 0x7163, 0x7163, 0x7963, 0x7983,
  0x79A3, 0x79A4, 0x79C4, 0x81C4, 0x81E4, 0x8205, 0x8205, 0x8205,
  0x8A25, 0x8A46, 0x8A66, 0x8A66, 0x8A87, 0x92A7, 0x92C7, 0x92C8,
  0x9AE8, 0x9B08, 0x9B08, 0x9B29, 0x9B49, 0x9B49, 0xA36A, 0xA36A,
  0xA38A, 0xA38A, 0xA369, 0xA36A, 0xABCB, 0xAC0C, 0xAC0C, 0xABAA,
  0xA2C7, 0xA287, 0xB3AB, 0xB42C, 0xB3EB, 0xB3CB, 0xBC2C, 0xBC8E,
  0xBCAF, 0xBCAF, 0xBCAF, 0xBCCF, 0xBCCF, 0xBCCF, 0xC4CF, 0xC4EF,
  0xC510, 0xC510, 0xC531, 0xC531, 0xC530, 0xC530, 0xC530, 0xCD50,
  0xCD51, 0xCD51, 0xCD52, 0xCD72, 0xCD72, 0xCD71, 0xCD71, 0xCD71,
  0xCD92, 0xCD92, 0xCD92, 0xD593, 0xD5B3, 0xCDB3, 0xCDB2, 0xCD91,
  0xCD50, 0xD550, 0xD591, 0xD5B2, 0xD5B2, 0xD5B2, 0xD5B3, 0xD5B3,
  0xD5B3, 0xCDB2, 0xCDB2, 0xD5B2, 0xCD91, 0xCD91, 0xCD91, 0xCD92,
  0xCD92, 0xD5B2, 0xCD92, 0xCD72, 0xCD31, 0xCD10, 0xCD30, 0xCD71,
  0xCD71, 0xCD51, 0xCD50, 0xC530, 0xC530, 0xC510, 0xC510, 0xC510,
  0xC510, 0xC510, 0xC4F0, 0xC4F0, 0xC4EF, 0xBCAE, 0xBCCE, 0xBCCE,
  0xBC8E, 0xBC6E, 0xBC4D, 0xB42C, 0xB44C, 0xB44C, 0xB42C, 0xB40C,
  0xB40C, 0xABEB, 0xABCB, 0xABEB, 0xABCB, 0xABCB, 0xA3AB, 0xA38A,
  0xA38A, 0xA36A, 0xA349, 0xA308, 0x9AC7, 0x9AE8, 0x9B08, 0x9B08,
  0x9AE8, 0x9AE8, 0x9AE8, 0x9AE8, 0x92C8, 0x92C7, 0x92A7, 0x9287,
  0x9266, 0x8A66, 0x8A45, 0x8A25, 0x8A25, 0x8A25, 0x8205, 0x8205,
  0x81C4, 0x81C4, 0x81C4, 0x81C4, 0x79A4, 0x79A3, 0x7983, 0x7963,
  0x7963, 0x7943, 0x7142, 0x7142, 0x7122, 0x7122, 0x7102, 0x6902,
  0x6901, 0x6901, 0x6901, 0x6901, 0x6901, 0x6901, 0x6901, 0x6901,
  0x6901, 0x6901, 0x6901, 0x6901, 0x6901, 0x6901, 0x6901, 0x6901,
  0x6901, 0x6901, 0x6901, 0x6901, 0x6901, 0x6901, 0x6901, 0x6901,
  0x6901, 0x6901, 0x6901, 0x6901, 0x6901, 0x6901, 0x6901, 0x6901,
  0x6901, 0x6901, 0x6901, 0x6901, 0x6901, 0x6901, 0x6901, 0x6901,
  0x6901, 0x6901, 0x6901, 0x6901, 0x6901, 0x6901, 0x6901, 0x6901,
  0x6901, 0x6901, 0x6901, 0x6901, 0x6901, 0x6901, 0x6901, 0x6901,
  0x6901, 0x6901, 0x6901, 0x6901, 0x6901, 0x6901, 0x6901, 0x6901,
  0x6901, 0x6901, 0x6901, 0x6901, 0x6901, 0x6901, 0x6901, 0x6902,
  0x7102, 0x7122, 0x7122, 0x7142, 0x7142, 0x7963, 0x7963, 0x7983,
  0x7983, 0x79A4, 0x79C4, 0x81C4, 0x81E4, 0x81E5, 0x8205, 0x8225,
  0x8225, 0x8A25, 0x8A46, 0x8A66, 0x8A86, 0x9287, 0x92A7, 0x92C8,
  0x9AE8, 0x9AE8, 0x9B08, 0x9B29, 0x9B29, 0xA349, 0xA36A, 0xA36A,
  0xA38A, 0xA38A, 0xABAB, 0xABCB, 0xA3AA, 0xAB6A, 0xABAB, 0xB40C,
  0xB42C, 0xB42C, 0xAB8A, 0xAAE8, 0xB309, 0xB3AB, 0xBC2C, 0xBC0C,
  0xBC0C, 0xBC6E, 0xC4CF, 0xC4CF, 0xC4CF, 0xC4F0, 0xC4F0, 0xC4EF,
  0xC4EF, 0xC510, 0xC510, 0xC530, 0xCD51, 0xCD51, 0xCD51, 0xCD50,
  0xCD50, 0xCD71, 0xCD72, 0xCD72, 0xD572, 0xD592, 0xD592, 0xD592,
  0xCD92, 0xD5B2, 0xD5B2, 0xD5B3, 0xD5B3, 0xD5D3, 0xD5D3, 0xD5D3,
  0xD5B2, 0xD591, 0xD591, 0xD5B2, 0xD5D2, 0xD5D3, 0xD5D3, 0xD5D4,
  0xD5D3, 0xD5D3, 0xD5D3, 0xD5D3, 0xD5D3, 0xD5D3, 0xD5D3, 0xD5D3,
  0xD5B2, 0xD592, 0xCDB2, 0xD5D3, 0xD5D3, 0xD5B3, 0xCD72, 0xCD31,
  0xCD51, 0xCD92, 0xCD92, 0xCD71, 0xCD70, 0xCD51, 0xCD51, 0xCD31,
  0xCD30, 0xCD31, 0xCD51, 0xC530, 0xC510, 0xC510, 0xC510, 0xC4CF,
  0xC4CF, 0xC4EF, 0xC4CF, 0xBC8E, 0xBC6D, 0xBC6D, 0xBC6D, 0xBC4D,
  0xBC4D, 0xB42D, 0xB42C, 0xB40C, 0xAC0C, 0xAC0C, 0xAC0C, 0xABEB,
  0xABCB, 0xABCB, 0xABAB, 0xA38A, 0xA36A, 0xA308, 0xA2C8, 0xA308,
  0x9B29, 0x9B29, 0x9B29, 0x9B08, 0x9B08, 0x9B08, 0x9AE8, 0x9AE8,
  0x92C8, 0x92A7, 0x9287, 0x9266, 0x9266, 0x8A46, 0x8A46, 0x8A25,
  0x8A25, 0x8A25, 0x81E5, 0x81C4, 0x81C4, 0x81C4, 0x81C4, 0x79C4,
  0x79A4, 0x7983, 0x7963, 0x7943, 0x7942, 0x7142, 0x7122, 0x7122,
  0x7122, 0x7102, 0x6902, 0x6901, 0x6901, 0x6901, 0x6901, 0x6901,
  0x6901, 0x6901, 0x6901, 0x6901, 0x6901, 0x6901, 0x6901, 0x6901,
  0x6901, 0x6901, 0x6901, 0x6901, 0x6901, 0x6901, 0x6901, 0x6901,
  0x6901, 0x6901, 0x6901, 0x6901, 0x6901, 0x6901, 0x6901, 0x6901,
  0x6901, 0x6901, 0x6901, 0x6901, 0x6901, 0x6901, 0x6901, 0x6901,
  0x6901, 0x6901, 0x6901, 0x6901, 0x6901, 0x6901, 0x6901, 0x6901,
  0x6901, 0x6901, 0x6901, 0x6901, 0x6901, 0x6901, 0x6901, 0x6901,
  0x6901, 0x6901, 0x6901, 0x6901, 0x6901, 0x6901, 0x6901, 0x6901,
  0x6901, 0x6901, 0x6901, 0x6901, 0x6901, 0x6901, 0x6901, 0x6901,
  0x6902, 0x7102, 0x7122, 0x7122, 0x7142, 0x7142, 0x7963, 0x7963,
  0x7983, 0x7983, 0x79A3, 0x79C4, 0x81E4, 0x81E4, 0x81E5, 0x8205,
  0x8225, 0x8A25, 0x8A46, 0x8A46, 0x8A66, 0x8A86, 0x92A7, 0x92A7,
  0x92C7, 0x92E8, 0x9B08, 0x9B08, 0x9B29, 0x9B49, 0xA349, 0xA36A,
  0xA38A, 0xA38B, 0xA3AB, 0xABAB, 0xABCB, 0xABEC, 0xABCB, 0xABAA,
  0xABAA, 0xB3CB, 0xB40C, 0xB44D, 0xB42C, 0xB369, 0xAAA7, 0xB36A,
  0xBC4D, 0xBC4D, 0xBC2C, 0xC46D, 0xC4CF, 0xC510, 0xC510, 0xC510,
  0xC530, 0xC530, 0xC530, 0xC531, 0xCD30, 0xCD30, 0xCD50, 0xCD51,
  0xCD71, 0xCD71, 0xCD91, 0xCD92, 0xD593, 0xD5B3, 0xD5B3, 0xD5B3,
  0xD5B3, 0xD5D3, 0xD5D3, 0xD5D3, 0xD5D3, 0xD5D3, 0xD5D4, 0xD5F4,
  0xD5F4, 0xD5F4, 0xD5F3, 0xD5D2, 0xD5D3, 0xD5F4, 0xD5F4, 0xD5F3,
  0xD5F4, 0xDDF4, 0xDDF4, 0xD5F4, 0xD5F4, 0xD5F4, 0xDDF4, 0xD5F4,
  0xD5F4, 0xD5F4, 0xD5F3, 0xD5D3, 0xD5B2, 0xD5D2, 0xD5D3, 0xD5D3,
  0xD5B3, 0xCD72, 0xCD51, 0xD592, 0xD5B3, 0xCD91, 0xCD70, 0xCD92,
  0xCD92, 0xCD72, 0xCD51, 0xCD51, 0xCD51, 0xCD51, 0xC551, 0xC551,
  0xC530, 0xC510, 0xC4EF, 0xC4EF, 0xC4EF, 0xC4AF, 0xBC8E, 0xBC8E,
  0xBC8E, 0xBC6D, 0xBC4D, 0xBC6D, 0xB44D, 0xB42C, 0xB40C, 0xB42C,
  0xB42C, 0xB40C, 0xABEB, 0xABCB, 0xABCB, 0xABAB, 0xA38A, 0xAB29,
  0xA308, 0xA349, 0xA349, 0x9B49, 0x9B49, 0x9B49, 0x9B29, 0x9B08,
  0x9B08, 0x9B08, 0x9AE8, 0x9AE8, 0x92C7, 0x92A7, 0x9287, 0x9286,
  0x8A66, 0x8A46, 0x8A46, 0x8A25, 0x8A25, 0x8205, 0x81E4, 0x81C4,
  0x81C4, 0x81A4, 0x81A4, 0x7983, 0x7963, 0x7963, 0x7942, 0x7142,
  0x7122, 0x7122, 0x7122, 0x7122, 0x7102, 0x6902, 0x6901, 0x6901,
  0x6901, 0x6901, 0x6901, 0x6901, 0x6901, 0x6901, 0x6901, 0x6901,
  0x6901, 0x6901, 0x6901, 0x6901, 0x6901, 0x6901, 0x6901, 0x6901,
  0x6901, 0x6901, 0x6901, 0x6901, 0x6901, 0x6901, 0x6901, 0x6901,
  0x6901, 0x6901, 0x6901, 0x6901, 0x6901, 0x6901, 0x6901, 0x6901,
  0x6901, 0x6901, 0x6901, 0x6901, 0x6901, 0x6901, 0x6901, 0x6901,
  0x6901, 0x6901, 0x6901, 0x6901, 0x6901, 0x6901, 0x6901, 0x6901,
  0x6901, 0x6901, 0x6901, 0x6901, 0x6901, 0x6901, 0x6901, 0x6901,
  0x6901, 0x6901, 0x6901, 0x6901, 0x6901, 0x6901, 0x6901, 0x6901,
  0x6901, 0x6901, 0x7102, 0x7122, 0x7122, 0x7142, 0x7162, 0x7963,
  0x7963, 0x7983, 0x79A3, 0x79A4, 0x79C4, 0x81E4, 0x81E4, 0x8205,
  0x8205, 0x8225, 0x8A25, 0x8A46, 0x8A66, 0x8A66, 0x8A87, 0x9287,
  0x92A7, 0x92E8, 0x9AE8, 0x9B08, 0x9B29, 0x9B29, 0x9B49, 0xA36A,
  0xA36A, 0xA38A, 0xABAB, 0xABCB, 0xABCB, 0xABCB, 0xABEC, 0xAC0C,
  0xAC0C, 0xB3EB, 0xB3EC, 0xB40C, 0xB40C, 0xB42C, 0xB44C, 0xB3EB,
  0xAAE8, 0xB34A, 0xBBEC, 0xBBCB, 0xBBCB, 0xC42C, 0xC4CE, 0xC530,
  0xCD31, 0xCD31, 0xCD31, 0xCD51, 0xCD51, 0xCD72, 0xCD71, 0xCD51,
  0xCD51, 0xCD71, 0xCD92, 0xD5B2, 0xD5B2, 0xD5B3, 0xD5B3, 0xD5D3,
  0xD5D3, 0xD5D4, 0xD5D3, 0xD5F3, 0xD5F4, 0xD5F4, 0xD5F4, 0xD5F4,
  0xDE14, 0xDE15, 0xDE15, 0xDE14, 0xDE13, 0xDDF3, 0xDE13, 0xDE14,
  0xDE35, 0xDE14, 0xDE14, 0xDE14, 0xDE35, 0xDE34, 0xDE34, 0xDE34,
  0xDE35, 0xDE35, 0xDE14, 0xDE14, 0xD614, 0xD614, 0xD5F3, 0xD5D3,
  0xD5D3, 0xD5F4, 0xD5F4, 0xD5B3, 0xD592, 0xD5D3, 0xD5D3, 0xD5B2,
  0xD591, 0xD5B2, 0xD5B3, 0xCDB2, 0xCD92, 0xCD72, 0xCD72, 0xCD72,
  0xCD71, 0xCD51, 0xCD51, 0xC550, 0xC510, 0xC510, 0xC4F0, 0xC4CF,
  0xC48E, 0xC4AE, 0xBCAE, 0xBC8E, 0xBC8E, 0xBC8E, 0xBC6D, 0xB44D,
  0xB42D, 0xB42D, 0xB42C, 0xB42C, 0xB42C, 0xB3EB, 0xABCB, 0xABCB,
  0xABAA, 0xAB49, 0xAB49, 0xAB69, 0xA349, 0xA349, 0xA349, 0xA369,
  0x9B49, 0x9B29, 0x9B29, 0x9B09, 0x9B08, 0x9AE8, 0x92E8, 0x92C7,
  0x92A7, 0x92A7, 0x9287, 0x8A66, 0x8A66, 0x8A46, 0x8A25, 0x8A05,
  0x8205, 0x81E4, 0x81C4, 0x81A4, 0x8183, 0x7983, 0x7963, 0x7963,
  0x7942, 0x7942, 0x7142, 0x7142, 0x7142, 0x7122, 0x7122, 0x7102,
  0x6902, 0x6901, 0x6901, 0x6901, 0x6901, 0x6901, 0x6901, 0x6901,
  0x6901, 0x6901, 0x6901, 0x6901, 0x6901, 0x6901, 0x6901, 0x6901,
  0x6901, 0x6901, 0x6901, 0x6901, 0x6901, 0x6901, 0x6901, 0x6901,
  0x6901, 0x6901, 0x6901, 0x6901, 0x6901, 0x6901, 0x6901, 0x6901,
  0x6901, 0x6901, 0x6901, 0x6901, 0x6901, 0x6901, 0x6901, 0x6901,
  0x6901, 0x6901, 0x6901, 0x6901, 0x6901, 0x6901, 0x6901, 0x6901,
  0x6901, 0x6901, 0x6901, 0x6901, 0x6901, 0x6901, 0x6901, 0x6901,
  0x6901, 0x6901, 0x6901, 0x6901, 0x6901, 0x6901, 0x6901, 0x6901,
  0x6901, 0x6901, 0x6901, 0x7102, 0x7122, 0x7122, 0x7142, 0x7163,
  0x7963, 0x7963, 0x7983, 0x79A3, 0x79A4, 0x81C4, 0x81E4, 0x81E4,
  0x8205, 0x8205, 0x8A25, 0x8A46, 0x8A46, 0x8A66, 0x8A66, 0x8A87,
  0x92A7, 0x92A7, 0x92C7, 0x9AE8, 0x9B08, 0x9B29, 0x9B49, 0x9B49,
  0xA36A, 0xA38A, 0xA38A, 0xABAB, 0xABCB, 0xABEB, 0xABEC, 0xABEC,
  0xAC0C, 0xAC2C, 0xB42C, 0xB42C, 0xB44D, 0xBC6E, 0xBC4E, 0xB44D,
  0xBC4D, 0xBC2C, 0xB3CB, 0xB34A, 0xBB4A, 0xBB8A, 0xBB8A, 0xBBCB,
  0xC46D, 0xC531, 0xCD72, 0xCD51, 0xCD52, 0xCD72, 0xCD72, 0xCD92,
  0xCD92, 0xD592, 0xD5B2, 0xD5B3, 0xD5B2, 0xD5D3, 0xD5D3, 0xD5D3,
  0xD5F4, 0xD5F4, 0xD5F4, 0xDDF4, 0xDE14, 0xDDF4, 0xDE14, 0xDE15,
  0xDE14, 0xDE14, 0xDE35, 0xDE35, 0xDE35, 0xDE34, 0xDE34, 0xDE34,
  0xDE14, 0xDE14, 0xDE56, 0xDE55, 0xDE34, 0xDE34, 0xDE35, 0xDE55,
  0xDE55, 0xDE55, 0xDE35, 0xDE35, 0xDE35, 0xDE35, 0xDE34, 0xD635,
  0xD635, 0xD614, 0xD5F3, 0xD614, 0xD615, 0xD5D4, 0xD5B3, 0xD5D3,
  0xD5D3, 0xD5B2, 0xD5B2, 0xD5D3, 0xD5D3, 0xD5D3, 0xCDB3, 0xCDB2,
  0xCD92, 0xCD92, 0xCD92, 0xCD72, 0xCD51, 0xCD51, 0xCD51, 0xCD30,
  0xC510, 0xC4EF, 0xC4CF, 0xC4CE, 0xBCAE, 0xBCAE, 0xBCAE, 0xBCAE,
  0xBCAE, 0xBC8E, 0xB44D, 0xB44D, 0xB44D, 0xB44C, 0xB42C, 0xB40C,
  0xABEB, 0xABEB, 0xABCB, 0xAB8A, 0xAB69, 0xAB6A, 0xA369, 0xA369,
  0xA38A, 0xA38A, 0xA36A, 0xA34A, 0xA349, 0x9B29, 0x9B09, 0x9B08,
  0x9AE8, 0x9AE8, 0x92C7, 0x92A7, 0x92A7, 0x9287, 0x9266, 0x8A66,
  0x8A46, 0x8A25, 0x8A05, 0x8A05, 0x81E4, 0x81C4, 0x81A4, 0x81A3,
  0x7983, 0x7963, 0x7963, 0x7963, 0x7963, 0x7963, 0x7142, 0x7142,
  0x7122, 0x7122, 0x7122, 0x6902, 0x6901, 0x6901, 0x6901, 0x6901,
  0x6901, 0x6901, 0x6901, 0x6901, 0x6901, 0x6901, 0x6901, 0x6901,
  0x6901, 0x6901, 0x6901, 0x6901, 0x6901, 0x6901, 0x6901, 0x6901,
  0x6901, 0x6901, 0x6901, 0x6901, 0x6901, 0x6901, 0x6901, 0x6901,
  0x6901, 0x6901, 0x6901, 0x6901, 0x6901, 0x6901, 0x6901, 0x6901,
  0x6901, 0x6901, 0x6901, 0x6901, 0x6901, 0x6901, 0x6901, 0x6901,
  0x6901, 0x6901, 0x6901, 0x6901, 0x6901, 0x6901, 0x6901, 0x6901,
  0x6901, 0x6901, 0x6901, 0x6901, 0x6901, 0x6901, 0x6901, 0x6901,
  0x6901, 0x6901, 0x6901, 0x6902, 0x7102, 0x7122, 0x7122, 0x7142,
  0x7142, 0x7163, 0x7963, 0x7983, 0x79A4, 0x79A4, 0x79C4, 0x81E4,
  0x81E4, 0x8205, 0x8205, 0x8225, 0x8A46, 0x8A46, 0x8A66, 0x8A66,
  0x9287, 0x92A7, 0x92A7, 0x92E8, 0x9AE8, 0x9B09, 0x9B29, 0x9B29,
  0x9B49, 0xA36A, 0xA38A, 0xABAB, 0xABAB, 0xABCB, 0xABEB, 0xAC0C,
  0xAC0C, 0xB40C, 0xB42D, 0xB44D, 0xB44D, 0xB42D, 0xB46E, 0xBC8E,
  0xBCAF, 0xBCAE, 0xBC8E, 0xBC6D, 0xC48E, 0xBBEB, 0xBBEB, 0xC42D,
  0xC40B, 0xBBCB, 0xC42D, 0xCD10, 0xCD92, 0xCD92, 0xCD72, 0xD592,
  0xD5B2, 0xD5B3, 0xD5B3, 0xD5D3, 0xD5D4, 0xD5D4, 0xD5D4, 0xD5D3,
  0xD5F4, 0xD5F4, 0xDE14, 0xDE15, 0xDE15, 0xDE35, 0xDE35, 0xDE35,
  0xDE35, 0xDE35, 0xDE35, 0xDE35, 0xDE35, 0xDE56, 0xDE55, 0xDE34,
  0xDE35, 0xDE55, 0xDE55, 0xDE34, 0xE656, 0xE677, 0xDE55, 0xDE34,
  0xDE34, 0xDE55, 0xDE55, 0xDE55, 0xE656, 0xE676, 0xDE56, 0xDE55,
  0xDE35, 0xDE35, 0xDE35, 0xDE35, 0xDE14, 0xDE14, 0xDE35, 0xD5F4,
  0xD5D3, 0xDDD3, 0xDDD3, 0xD5D3, 0xD5F3, 0xD5F4, 0xD5F4, 0xD5D3,
  0xD5D3, 0xD5D3, 0xD5D3, 0xD5B3, 0xD5B3, 0xCD92, 0xCD72, 0xCD71,
  0xCD71, 0xCD71, 0xCD30, 0xC510, 0xC4EF, 0xC4EF, 0xC4CF, 0xC4CF,
  0xC4AF, 0xBCAE, 0xBCAF, 0xBCAE, 0xBC8D, 0xBC6D, 0xBC4D, 0xB44C,
  0xB42C, 0xB42C, 0xB42C, 0xB40C, 0xB3EB, 0xABCB, 0xABAA, 0xABAA,
  0xABAA, 0xABAA, 0xA3AB, 0xA3AA, 0xA38A, 0xA38A, 0xA36A, 0xA36A,
  0x9B49, 0x9B29, 0x9B09, 0x9AE8, 0x9AE8, 0x92C7, 0x92A7, 0x92A7,
  0x9287, 0x9267, 0x8A66, 0x8A46, 0x8A25, 0x8A05, 0x8205, 0x81E5,
  0x81E4, 0x81C4, 0x81A3, 0x7963, 0x7963, 0x7963, 0x7963, 0x7963,
  0x7963, 0x7143, 0x7142, 0x7122, 0x7122, 0x7102, 0x6902, 0x6901,
  0x6901, 0x6901, 0x6901, 0x6901, 0x6901, 0x6901, 0x6901, 0x6901,
  0x6901, 0x6901, 0x6901, 0x6901, 0x6901, 0x6901, 0x6901, 0x6901,
  0x6901, 0x6901, 0x6901, 0x6901, 0x6901, 0x6901, 0x6901, 0x6901,
  0x6901, 0x6901, 0x6901, 0x6901, 0x6901, 0x6901, 0x6901, 0x6901,
  0x6901, 0x6901, 0x6901, 0x6901, 0x6901, 0x6901, 0x6901, 0x6901,
  0x6901, 0x6901, 0x6901, 0x6901, 0x6901, 0x6901, 0x6901, 0x6901,
  0x6901, 0x6901, 0x6901, 0x6901, 0x6901, 0x6901, 0x6901, 0x6901,
  0x6901, 0x6901, 0x6901, 0x6901, 0x6902, 0x7102, 0x7122, 0x7122,
  0x7142, 0x7163, 0x7163, 0x7963, 0x7983, 0x79A3, 0x79C4, 0x79C4,
  0x81E4, 0x8205, 0x8205, 0x8225, 0x8A45, 0x8A46, 0x8A66, 0x8A66,
  0x8A86, 0x9287, 0x92A7, 0x92C8, 0x9AE8, 0x9B08, 0x9B29, 0x9B29,
  0x9B49, 0xA369, 0xA36A, 0xA38A, 0xA3AB, 0xABCB, 0xABEB, 0xABEC,
  0xAC0C, 0xB42C, 0xB42D, 0xB44D, 0xB46D, 0xB46E, 0xB46D, 0xB46D,
  0xBC8E, 0xBCAF, 0xBCCF, 0xC4EF, 0xC4CF, 0xC48E, 0xC4AE, 0xC4CE,
  0xC510, 0xC4EF, 0xC44D, 0xC3EB, 0xC44D, 0xCCCF, 0xCD51, 0xD5B3,
  0xD5B3, 0xD5B3, 0xD5D3, 0xD5D3, 0xD5D3, 0xD5F4, 0xD5F4, 0xDDF4,
  0xDE14, 0xDE14, 0xDE14, 0xDE34, 0xDE35, 0xDE35, 0xDE35, 0xDE55,
  0xDE55, 0xDE55, 0xDE56, 0xE656, 0xDE56, 0xDE55, 0xDE56, 0xDE76,
  0xDE76, 0xDE55, 0xDE76, 0xE696, 0xDE76, 0xDE55, 0xE675, 0xE697,
  0xE677, 0xDE76, 0xDE76, 0xDE76, 0xDE56, 0xDE56, 0xE676, 0xE696,
  0xE696, 0xDE76, 0xDE55, 0xDE55, 0xE656, 0xDE56, 0xDE55, 0xDE34,
  0xDE34, 0xDDF4, 0xDDD3, 0xDDD2, 0xDDF3, 0xDE14, 0xDE14, 0xD615,
  0xDE15, 0xD614, 0xD5F4, 0xD5D4, 0xD5F4, 0xD5D4, 0xD5D3, 0xD5B3,
  0xD5B2, 0xD592, 0xCD92, 0xCD91, 0xCD71, 0xCD30, 0xCD10, 0xCD10,
  0xC4F0, 0xC4EF, 0xC4CF, 0xC4CF, 0xC4CF, 0xBCCF, 0xBCAE, 0xBC8D,
  0xBC6D, 0xBC4C, 0xB42C, 0xB44C, 0xB44D, 0xB44D, 0xB42C, 0xB40C,
  0xABEB, 0xABEB, 0xABEB, 0xABEB, 0xABCB, 0xABCB, 0xABAB, 0xA3AB,
  0xA38A, 0xA38A, 0xA36A, 0xA34A, 0x9B49, 0x9B29, 0x9B08, 0x9AE8,
  0x9AE8, 0x92C8, 0x92A7, 0x92A7, 0x9287, 0x9266, 0x8A46, 0x8A25,
  0x8A25, 0x8A05, 0x8205, 0x81E4, 0x81C4, 0x81A4, 0x8183, 0x7983,
  0x7983, 0x7983, 0x7963, 0x7963, 0x7163, 0x7142, 0x7142, 0x7122,
  0x7122, 0x6902, 0x6901, 0x6901, 0x6901, 0x6901, 0x6901, 0x6901,
  0x6901, 0x6901, 0x6901, 0x6901, 0x6901, 0x6901, 0x6901, 0x6901,
  0x6901, 0x6901, 0x6901, 0x6901, 0x6901, 0x6901, 0x6901, 0x6901,
  0x6901, 0x6901, 0x6901, 0x6901, 0x6901, 0x6901, 0x6901, 0x6901,
  0x6901, 0x6901, 0x6901, 0x6901, 0x6901, 0x6901, 0x6901, 0x6901,
  0x6901, 0x6901, 0x6901, 0x6901, 0x6901, 0x6901, 0x6901, 0x6901,
  0x6901, 0x6901, 0x6901, 0x6901, 0x6901, 0x6901, 0x6901, 0x6901,
  0x6901, 0x6901, 0x6901, 0x6901, 0x6901, 0x6902, 0x7102, 0x7122,
  0x7122, 0x7142, 0x7142, 0x7163, 0x7963, 0x7983, 0x79A3, 0x79A4,
  0x79C4, 0x81E4, 0x81E5, 0x8205, 0x8225, 0x8A45, 0x8A46, 0x8A66,
  0x8A86, 0x8A87, 0x92A7, 0x92C7, 0x92C8, 0x9AE8, 0x9AE8, 0x9B08,
  0x9B29, 0xA349, 0xA36A, 0xA38A, 0xA38A, 0xA3AB, 0xABCB, 0xABEB,
  0xAC0C, 0xB40C, 0xB42C, 0xB44D, 0xB44D, 0xB44D, 0xBC8E, 0xBC8E,
  0xBC6D, 0xBC6E, 0xBCAF, 0xC4CF, 0xC4EF, 0xC510, 0xC510, 0xC4CF,
  0xC4AE, 0xC50F, 0xCD72, 0xCD51, 0xC4AD, 0xC42B, 0xCCAF, 0xCCF0,
  0xCD10, 0xD5B3, 0xD5F4, 0xD5D4, 0xD5D4, 0xD5F4, 0xD5F4, 0xDE14,
  0xDE15, 0xDE15, 0xDE35, 0xDE35, 0xDE35, 0xDE55, 0xDE56, 0xDE56,
  0xDE56, 0xDE56, 0xE676, 0xDE76, 0xE676, 0xE677, 0xE676, 0xDE76,
  0xE676, 0xE696, 0xE696, 0xE697, 0xE697, 0xE697, 0xE696, 0xE675,
  0xE696, 0xE6B7, 0xE6B8, 0xE697, 0xE6B7, 0xE697, 0xE696, 0xE696,
  0xE696, 0xE697, 0xE696, 0xE696, 0xDE76, 0xDE76, 0xE676, 0xE676,
  0xDE34, 0xDDF3, 0xDE14, 0xE635, 0xDDF3, 0xDDF3, 0xDE35, 0xDE36,
  0xDE35, 0xDE35, 0xDE35, 0xDE35, 0xD615, 0xD5F4, 0xD5F4, 0xD5F4,
  0xD5F4, 0xD5D3, 0xD5D3, 0xD5B3, 0xD5B2, 0xD592, 0xCD92, 0xCD71,
  0xCD31, 0xCD10, 0xCD10, 0xC510, 0xC4F0, 0xC4F0, 0xC4F0, 0xC4CF,
  0xC4AE, 0xBC8D, 0xBC8D, 0xBC8D, 0xBC8D, 0xBC8D, 0xBC8E, 0xBC8E,
  0xBC4D, 0xB42C, 0xB40C, 0xAC0C, 0xAC0C, 0xABEC, 0xABEC, 0xABEB,
  0xABCB, 0xABCB, 0xA3AB, 0xA38A, 0xA38A, 0xA36A, 0xA349, 0xA349,
  0x9B29, 0x9B08, 0x9B08, 0x9AE8, 0x9AC8, 0x92A7, 0x9287, 0x9287,
  0x9266, 0x8A66, 0x8A46, 0x8A25, 0x8A05, 0x8A05, 0x81E5, 0x81C4,
  0x81C4, 0x81A4, 0x7983, 0x7983, 0x7983, 0x7963, 0x7963, 0x7963,
  0x7142, 0x7122, 0x7122, 0x7122, 0x6902, 0x6901, 0x6901, 0x6901,
  0x6901, 0x6901, 0x6901, 0x6901, 0x6901, 0x6901, 0x6901, 0x6901,
  0x6901, 0x6901, 0x6901, 0x6901, 0x6901, 0x6901, 0x6901, 0x6901,
  0x6901, 0x6901, 0x6901, 0x6901, 0x6901, 0x6901, 0x6901, 0x6901,
  0x6901, 0x6901, 0x6901, 0x6901, 0x6901, 0x6901, 0x6901, 0x6901,
  0x6901, 0x6901, 0x6901, 0x6901, 0x6901, 0x6901, 0x6901, 0x6901,
  0x6901, 0x6901, 0x6901, 0x6901, 0x6901, 0x6901, 0x6901, 0x6901,
  0x6901, 0x6901, 0x6901, 0x6901, 0x6901, 0x6901, 0x6902, 0x7102,
  0x7122, 0x7122, 0x7142, 0x7162, 0x7163, 0x7963, 0x7983, 0x79A3,
  0x79A4, 0x79C4, 0x81E4, 0x81E4, 0x8205, 0x8225, 0x8A26, 0x8A46,
  0x8A66, 0x8A87, 0x92A7, 0x92A7, 0x92C7, 0x92E8, 0x9B08, 0x9B08,
  0x9B08, 0x9B28, 0x9B49, 0xA36A, 0xA38A, 0xA38A, 0xABAB, 0xABCB,
  0xABEC, 0xAC0C, 0xB42C, 0xB42D, 0xB44D, 0xB44D, 0xB46D, 0xBC8E,
  0xBCAF, 0xBCAE, 0xBC8E, 0xBC8E, 0xC4CF, 0xC4F0, 0xC510, 0xC531,
  0xC531, 0xC510, 0xC4AE, 0xC4EF, 0xCD72, 0xCD92, 0xCCEE, 0xC40A,
  0xCCCF, 0xD551, 0xCD30, 0xD571, 0xD5F4, 0xD614, 0xD5F4, 0xD614,
  0xD614, 0xDE35, 0xDE35, 0xDE35, 0xDE35, 0xDE55, 0xDE55, 0xE656,
  0xE676, 0xE676, 0xE676, 0xE677, 0xE697, 0xE697, 0xE696, 0xE697,
  0xE697, 0xE697, 0xE696, 0xE696, 0xE6B7, 0xE6B8, 0xE6B8, 0xE6B8,
  0xE6B7, 0xE696, 0xE696, 0xE6B7, 0xEED8, 0xEEB8, 0xEED8, 0xE6B7,
  0xE6B7, 0xE6B7, 0xE6B7, 0xE6B7, 0xE697, 0xE697, 0xE697, 0xE697,
  0xE697, 0xE697, 0xDE34, 0xDDF2, 0xDE34, 0xE635, 0xDDF3, 0xE635,
  0xE656, 0xDE76, 0xDE76, 0xDE56, 0xDE56, 0xDE56, 0xDE35, 0xDE35,
  0xDE35, 0xDE35, 0xD614, 0xD5F4, 0xD5D3, 0xD5D3, 0xD5D3, 0xD5D3,
  0xD5B3, 0xD592, 0xCD51, 0xCD30, 0xCD30, 0xC531, 0xC510, 0xC510,
  0xCD10, 0xC510, 0xC4CF, 0xBC8D, 0xBC8D, 0xBC8E, 0xBCAE, 0xBCAE,
  0xBCAE, 0xBC8E, 0xBC4D, 0xB44D, 0xB44D, 0xB42D, 0xB42C, 0xB40C,
  0xAC0C, 0xAC0C, 0xAC0C, 0xABEB, 0xABCB, 0xABCB, 0xABAA, 0xAB8A,
  0xA36A, 0xA349, 0xA349, 0x9B29, 0x9B29, 0x9B08, 0x9AE8, 0x9AC8,
  0x92A7, 0x92A7, 0x9287, 0x9287, 0x9266, 0x8A46, 0x8A25, 0x8A05,
  0x8205, 0x81E5, 0x81E4, 0x81C4, 0x81A4, 0x79A4, 0x79A3, 0x7983,
  0x7963, 0x7963, 0x7963, 0x7142, 0x7122, 0x7122, 0x7102, 0x6902,
  0x6901, 0x6901, 0x6901, 0x6901, 0x6901, 0x6901, 0x6901, 0x6901,
  0x6901, 0x6901, 0x6901, 0x6901, 0x6901, 0x6901, 0x6901, 0x6901,
  0x6901, 0x6901, 0x6901, 0x6901, 0x6901, 0x6901, 0x6901, 0x6901,
  0x6901, 0x6901, 0x6901, 0x6901, 0x6901, 0x6901, 0x6901, 0x6901,
  0x6901, 0x6901, 0x6901, 0x6901, 0x6901, 0x6901, 0x6901, 0x6901,
  0x6901, 0x6901, 0x6901, 0x6901, 0x6901, 0x6901, 0x6901, 0x6901,
  0x6901, 0x6901, 0x6901, 0x6901, 0x6901, 0x6901, 0x6901, 0x6902,
  0x6902, 0x7122, 0x7122, 0x7142, 0x7163, 0x7963, 0x7963, 0x7983,
  0x79A4, 0x79C4, 0x79C4, 0x81E4, 0x81E4, 0x8205, 0x8225, 0x8A25,
  0x8A46, 0x8A66, 0x8A86, 0x92A7, 0x92A7, 0x92C7, 0x92C7, 0x9AE8,
  0x9B09, 0x9B29, 0x9B29, 0x9B49, 0xA349, 0xA38A, 0xAB8A, 0xABAB,
  0xABCB, 0xABEC, 0xAC0C, 0xB42C, 0xB42D, 0xB44D, 0xBC6E, 0xBC8E,
  0xBC8E, 0xBCAE, 0xBCCF, 0xBCCF, 0xBCAE, 0xBCAF, 0xC4F0, 0xC530,
  0xC531, 0xCD31, 0xCD51, 0xCD50, 0xCCEF, 0xCCEF, 0xCD51, 0xD5B3,
  0xD570, 0xC42A, 0xCC6D, 0xD572, 0xD592, 0xCD0F, 0xD5B2, 0xDE34,
  0xDE35, 0xDE34, 0xDE34, 0xDE55, 0xE656, 0xE656, 0xE656, 0xE676,
  0xDE75, 0xE676, 0xE697, 0xE697, 0xE697, 0xE697, 0xE697, 0xE6B7,
  0xE6B7, 0xE6B7, 0xEEB8, 0xE6B8, 0xE6B7, 0xE6B7, 0xE6B7, 0xEED8,
  0xEED9, 0xE6D8, 0xE6B7, 0xE6B7, 0xE6B7, 0xE6B7, 0xEED8, 0xEED9,
  0xEED8, 0xEED8, 0xE6D8, 0xEED8, 0xE6D8, 0xE6B8, 0xE6B8, 0xE6B8,
  0xE6B7, 0xE6B7, 0xE6B8, 0xE6B8, 0xDE76, 0xDE34, 0xDE53, 0xDE33,
  0xDDD2, 0xE614, 0xE676, 0xE697, 0xDE77, 0xDE76, 0xDE56, 0xDE56,
  0xDE56, 0xDE56, 0xDE56, 0xDE35, 0xDE35, 0xDE34, 0xD614, 0xD5F3,
  0xD5F4, 0xD5F3, 0xD5D3, 0xD5B3, 0xD572, 0xCD51, 0xCD51, 0xCD51,
  0xCD51, 0xCD30, 0xCD31, 0xCD30, 0xC4EF, 0xC4AE, 0xC4AE, 0xBCAE,
  0xBCAE, 0xBCAE, 0xBC8E, 0xBC8E, 0xBC6D, 0xB46D, 0xB46D, 0xB44D,
  0xB44D, 0xB42D, 0xB42C, 0xAC2C, 0xAC0C, 0xAC0C, 0xABEC, 0xABEB,
  0xABCB, 0xABCB, 0xABAA, 0xA36A, 0xA36A, 0xA349, 0xA349, 0x9B08,
  0x9B08, 0x9AE8, 0x9AE8, 0x9AC8, 0x92A7, 0x9287, 0x9266, 0x9266,
  0x8A46, 0x8A25, 0x8A05, 0x8205, 0x8205, 0x81E5, 0x81C4, 0x81C4,
  0x79A4, 0x79A4, 0x7983, 0x7963, 0x7963, 0x7963, 0x7142, 0x7142,
  0x7122, 0x7102, 0x6902, 0x6901, 0x6901, 0x6901, 0x6901, 0x6901,
  0x6901, 0x6901, 0x6901, 0x6901, 0x6901, 0x6901, 0x6901, 0x6901,
  0x6901, 0x6901, 0x6901, 0x6901, 0x6901, 0x6901, 0x6901, 0x6901,
  0x6901, 0x6901, 0x6901, 0x6901, 0x6901, 0x6901, 0x6901, 0x6901,
  0x6901, 0x6901, 0x6901, 0x6901, 0x6901, 0x6901, 0x6901, 0x6901,
  0x6901, 0x6901, 0x6901, 0x6901, 0x6901, 0x6901, 0x6901, 0x6901,
  0x6901, 0x6901, 0x6901, 0x6901, 0x6901, 0x6901, 0x6901, 0x6901,
  0x6902, 0x6902, 0x7122, 0x7122, 0x7142, 0x7142, 0x7163, 0x7963,
  0x7983, 0x79A3, 0x79C4, 0x79C4, 0x81E4, 0x81E4, 0x8205, 0x8225,
  0x8225, 0x8A46, 0x8A66, 0x8A86, 0x9287, 0x92A7, 0x92C7, 0x92C7,
  0x9AE8, 0x9B08, 0x9B29, 0x9B49, 0x9B49, 0xA36A, 0xA36A, 0xA38A,
  0xABAB, 0xABCB, 0xABEC, 0xAC0C, 0xB42C, 0xB44D, 0xB44D, 0xBC6E,
  0xBC8E, 0xBCAE, 0xBCAF, 0xBCCF, 0xBCCF, 0xBCCF, 0xC4AF, 0xC4CF,
  0xC511, 0xC551, 0xCD51, 0xCD51, 0xCD51, 0xCD71, 0xCD50, 0xCD0F,
  0xCD51, 0xD5D3, 0xD5D2, 0xCCED, 0xC42B, 0xD531, 0xDDF4, 0xD571,
  0xD550, 0xDDF3, 0xDE55, 0xDE55, 0xDE55, 0xDE56, 0xE676, 0xE677,
  0xE677, 0xE697, 0xE696, 0xE696, 0xE697, 0xE6B8, 0xE6B8, 0xE6B8,
  0xEEB8, 0xEEB8, 0xE6D8, 0xE6D8, 0xEED9, 0xEED9, 0xE6D8, 0xE6B7,
  0xE6D8, 0xEEF9, 0xEEF9, 0xE6D8, 0xE6D8, 0xE6D8, 0xE6B8, 0xE6B7,
  0xEED8, 0xEEF9, 0xEEF9, 0xEEF9, 0xEEF8, 0xEEF8, 0xEEF8, 0xEED8,
  0xEEF9, 0xE6D8, 0xE6D8, 0xE6D8, 0xE6D8, 0xE6D8, 0xE6B7, 0xE695,
  0xE675, 0xDE35, 0xDDD3, 0xDDF3, 0xE676, 0xE6B8, 0xE697, 0xE677,
  0xDE76, 0xE677, 0xE677, 0xDE76, 0xDE56, 0xDE56, 0xDE55, 0xDE35,
  0xDE35, 0xD614, 0xD5F4, 0xD5F4, 0xD5F4, 0xD5D3, 0xD592, 0xD552,
  0xCD72, 0xD592, 0xD572, 0xCD51, 0xCD31, 0xCD30, 0xC4EF, 0xC4EF,
  0xC4CF, 0xC4CF, 0xC4CF, 0xC4AE, 0xBCAE, 0xBCAE, 0xBC8E, 0xBC8E,
  0xB48E, 0xB46E, 0xB46D, 0xB44D, 0xB44D, 0xB44D, 0xB42D, 0xB40C,
  0xAC0C, 0xAC0C, 0xABEC, 0xABEB, 0xABCB, 0xABAA, 0xA36A, 0xA369,
  0xA349, 0x9B29, 0x9B29, 0x9B29, 0x9B08, 0x9AE8, 0x9AC8, 0x92A7,
  0x9287, 0x9266, 0x9266, 0x8A46, 0x8A46, 0x8A25, 0x8205, 0x8205,
  0x81E5, 0x81C4, 0x81C4, 0x79A4, 0x79A4, 0x7983, 0x7963, 0x7963,
  0x7163, 0x7142, 0x7122, 0x7122, 0x7102, 0x6902, 0x6901, 0x6901,
  0x6901, 0x6901, 0x6901, 0x6901, 0x6901, 0x6901, 0x6901, 0x6901,
  0x6901, 0x6901, 0x6901, 0x6901, 0x6901, 0x6901, 0x6901, 0x6901,
  0x6901, 0x6901, 0x6901, 0x6901, 0x6901, 0x6901, 0x6901, 0x6901,
  0x6901, 0x6901, 0x6901, 0x6901, 0x6901, 0x6901, 0x6901, 0x6901,
  0x6901, 0x6901, 0x6901, 0x6901, 0x6901, 0x6901, 0x6901, 0x6901,
  0x6901, 0x6901, 0x6901, 0x6901, 0x6901, 0x6901, 0x6901, 0x6901,
  0x6901, 0x6902, 0x6902, 0x7122, 0x7122, 0x7142, 0x7142, 0x7963,
  0x7963, 0x7983, 0x79A3, 0x79A4, 0x79C4, 0x81E4, 0x8204, 0x8205,
  0x8225, 0x8A45, 0x8A46, 0x8A66, 0x8A66, 0x92A7, 0x92A7, 0x92C7,
  0x92E8, 0x9AE8, 0x9B08, 0x9B29, 0x9B49, 0xA36A, 0xA36A, 0xA38A,
  0xA38A, 0xA3AA, 0xABCB, 0xABEB, 0xAC0C, 0xB42C, 0xB44D, 0xB44D,
  0xBC6E, 0xBC8E, 0xBCAF, 0xBCCF, 0xC4CF, 0xC4EF, 0xC4EF, 0xC4EF,
  0xC4EF, 0xC4F0, 0xC551, 0xCD71, 0xCD71, 0xCD71, 0xCD71, 0xCD92,
  0xD5B2, 0xCD50, 0xCD30, 0xD5D3, 0xDE14, 0xCD50, 0xCC4C, 0xD4F0,
  0xDE35, 0xDE14, 0xD571, 0xDD71, 0xDE35, 0xE697, 0xE676, 0xE676,
  0xE697, 0xE697, 0xE697, 0xE6B7, 0xE6B8, 0xE6B7, 0xE6B7, 0xE6D8,
  0xEED8, 0xEED8, 0xEED8, 0xEEF9, 0xEEF8, 0xEEF9, 0xEEF9, 0xEEF8,
  0xE6D8, 0xE6F8, 0xEEF9, 0xEF19, 0xE6F9, 0xEEF8, 0xEEF9, 0xEEF9,
  0xE6D8, 0xE6D8, 0xEED8, 0xEF19, 0xEF1A, 0xEF19, 0xEEF8, 0xE6F8,
  0xEEF9, 0xEF19, 0xEEF9, 0xEEF9, 0xEEF9, 0xEEF9, 0xE6F8, 0xE6D8,
  0xE6B7, 0xEED8, 0xE6D8, 0xE677, 0xE635, 0xDE14, 0xE656, 0xE697,
  0xE6B8, 0xE6B7, 0xE697, 0xE697, 0xE697, 0xE697, 0xE697, 0xE677,
  0xE676, 0xDE55, 0xDE55, 0xDE35, 0xDE14, 0xDE14, 0xDE14, 0xD5F4,
  0xD5B3, 0xD572, 0xD592, 0xD592, 0xD592, 0xCD72, 0xCD51, 0xCD30,
  0xCD10, 0xC510, 0xC4F0, 0xC4F0, 0xC4EF, 0xC4EF, 0xC4CF, 0xBCCF,
  0xBCAF, 0xBCAE, 0xBCAE, 0xBCAE, 0xBC8E, 0xBC6E, 0xBC6E, 0xBC6E,
  0xBC6D, 0xB44D, 0xB42C, 0xB42C, 0xAC0C, 0xABEC, 0xABEB, 0xABCB,
  0xABAA, 0xA369, 0xA34A, 0xA34A, 0xA349, 0x9B49, 0x9B29, 0x9B08,
  0x9AE8, 0x9AC7, 0x92A7, 0x9287, 0x9286, 0x9266, 0x8A66, 0x8A46,
  0x8A45, 0x8A25, 0x8205, 0x8205, 0x81E4, 0x81C4, 0x81A4, 0x79A4,
  0x7983, 0x7983, 0x7963, 0x7163, 0x7142, 0x7122, 0x7122, 0x7102,
  0x6902, 0x6901, 0x6901, 0x6901, 0x6901, 0x6901, 0x6901, 0x6901,
  0x6901, 0x6901, 0x6901, 0x6901, 0x6901, 0x6901, 0x6901, 0x6901,
  0x6901, 0x6901, 0x6901, 0x6901, 0x6901, 0x6901, 0x6901, 0x6901,
  0x6901, 0x6901, 0x6901, 0x6901, 0x6901, 0x6901, 0x6901, 0x6901,
  0x6901, 0x6901, 0x6901, 0x6901, 0x6901, 0x6901, 0x6901, 0x6901,
  0x6901, 0x6901, 0x6901, 0x6901, 0x6901, 0x6901, 0x6901, 0x6901,
  0x6901, 0x6901, 0x6901, 0x6902, 0x7102, 0x7122, 0x7122, 0x7142,
  0x7963, 0x7963, 0x7983, 0x7983, 0x79A3, 0x79C4, 0x81E4, 0x81E4,
  0x8205, 0x8225, 0x8A45, 0x8A46, 0x8A66, 0x8A86, 0x9287, 0x92C7,
  0x92C7, 0x92E8, 0x9AE8, 0x9B08, 0x9B29, 0xA349, 0xA36A, 0xA38A,
  0xA38A, 0xA3AA, 0xABAB, 0xABCB, 0xABEB, 0xAC0C, 0xB42C, 0xB42D,
  0xB46E, 0xBC8E, 0xBC8E, 0xBCAF, 0xC4CF, 0xC4CF, 0xC4EF, 0xC510,
  0xC530, 0xC510, 0xC50F, 0xC510, 0xCD72, 0xCD72, 0xCD92, 0xCD92,
  0xCD92, 0xD5B2, 0xD5D3, 0xD5B2, 0xCD50, 0xD5B3, 0xDE35, 0xD5B1,
  0xCC8B, 0xD50F, 0xE676, 0xE697, 0xDE14, 0xDD91, 0xDDD3, 0xE677,
  0xE6B8, 0xE6B7, 0xE697, 0xE6B7, 0xE6B8, 0xEED8, 0xEED8, 0xE6D7,
  0xE6D7, 0xE6D8, 0xEEF9, 0xEEF9, 0xEEF9, 0xEEF9, 0xEEF9, 0xEF19,
  0xEF19, 0xEEF8, 0xE6F8, 0xEEF9, 0xEF19, 0xEF19, 0xE719, 0xEF19,
  0xEF19, 0xEF19, 0xEF19, 0xE6F9, 0xEF19, 0xEF3A, 0xEF3A, 0xEF1A,
  0xEF19, 0xEF19, 0xEF19, 0xEF19, 0xEF19, 0xEF19, 0xEF19, 0xEEF8,
  0xEED8, 0xE6D8, 0xEED9, 0xEF1A, 0xEEF9, 0xE697, 0xE697, 0xE676,
  0xE676, 0xE6B7, 0xE6D8, 0xE6B8, 0xE6B8, 0xE6B8, 0xE6B8, 0xE697,
  0xE697, 0xE697, 0xE676, 0xE676, 0xDE56, 0xDE35, 0xDE35, 0xDE35,
  0xDE35, 0xDE35, 0xDDF4, 0xD5B3, 0xD592, 0xD592, 0xD592, 0xCD72,
  0xCD51, 0xCD51, 0xCD31, 0xCD31, 0xCD30, 0xC510, 0xC510, 0xC4F0,
  0xC4EF, 0xBCCF, 0xBCCF, 0xBCCF, 0xBCCF, 0xBCAF, 0xBCAE, 0xBCAE,
  0xBCAE, 0xBCAE, 0xBC8E, 0xBC6D, 0xB44D, 0xB42D, 0xB42D, 0xB42C,
  0xB3EC, 0xABCB, 0xABCB, 0xABAA, 0xAB8A, 0xA36A, 0xA36A, 0xA36A,
  0xA349, 0x9B29, 0x9B08, 0x9AC7, 0x9AA7, 0x92A7, 0x92A7, 0x9287,
  0x9287, 0x8A66, 0x8A66, 0x8A46, 0x8A25, 0x8205, 0x81E5, 0x81E4,
  0x81C4, 0x79A4, 0x79A4, 0x7983, 0x7963, 0x7963, 0x7143, 0x7142,
  0x7122, 0x7122, 0x7102, 0x6902, 0x6901, 0x6901, 0x6901, 0x6901,
  0x6901, 0x6901, 0x6901, 0x6901, 0x6901, 0x6901, 0x6901, 0x6901,
  0x6901, 0x6901, 0x6901, 0x6901, 0x6901, 0x6901, 0x6901, 0x6901,
  0x6901, 0x6901, 0x6901, 0x6901, 0x6901, 0x6901, 0x6901, 0x6901,
  0x6901, 0x6901, 0x6901, 0x6901, 0x6901, 0x6901, 0x6901, 0x6901,
  0x6901, 0x6901, 0x6901, 0x6901, 0x6901, 0x6901, 0x6901, 0x6901,
  0x6901, 0x6901, 0x6901, 0x6901, 0x6902, 0x7102, 0x7122, 0x7122,
  0x7142, 0x7163, 0x7963, 0x7983, 0x7983, 0x79A4, 0x81C4, 0x81E4,
  0x81E4, 0x8205, 0x8205, 0x8A25, 0x8A46, 0x8A66, 0x8A86, 0x92A7,
  0x92A7, 0x92C8, 0x92E8, 0x9AE8, 0x9B08, 0x9B29, 0x9B49, 0xA36A,
  0xA38A, 0xA3AB, 0xA3AB, 0xA3AB, 0xABCB, 0xABEB, 0xAC0C, 0xAC2C,
  0xB44D, 0xB46E, 0xBC8E, 0xBCAF, 0xBCAF, 0xC4CF, 0xC4EF, 0xC4F0,
  0xC4F0, 0xC510, 0xC531, 0xC530, 0xC510, 0xC531, 0xCD92, 0xD5B3,
  0xD5B3, 0xD5B3, 0xD5B3, 0xD5B3, 0xD5F3, 0xD5F3, 0xD591, 0xD592,
  0xDE35, 0xDE14, 0xCCCD, 0xCC6C, 0xDD92, 0xE6B7, 0xE6B7, 0xDE34,
  0xDDB2, 0xDDF4, 0xE6B8, 0xE6F8, 0xE6D7, 0xE6B7, 0xE6D8, 0xEED8,
  0xEEF8, 0xEEF8, 0xEEF8, 0xEEF9, 0xEEF9, 0xEEF9, 0xEF19, 0xEF1A,
  0xEF1A, 0xEF19, 0xEF18, 0xEEF9, 0xEF19, 0xEF3A, 0xEF3A, 0xEF3A,
  0xEF3A, 0xEF3A, 0xEF3A, 0xEF1A, 0xEF3A, 0xEEF9, 0xEF19, 0xEF5A,
  0xEF3B, 0xEF3A, 0xEF3A, 0xEF3A, 0xEF3A, 0xEF3A, 0xEF3A, 0xEF3A,
  0xEF19, 0xEEF8, 0xEEF9, 0xEF19, 0xEF1A, 0xEF1A, 0xEEF9, 0xE6B7,
  0xEEB8, 0xEEB7, 0xE6B6, 0xE6B7, 0xEEF9, 0xE6D9, 0xE6D9, 0xE6D8,
  0xE6B8, 0xE6B8, 0xE6B8, 0xE697, 0xE697, 0xE697, 0xE676, 0xDE35,
  0xDE35, 0xDE55, 0xDE56, 0xDE55, 0xDE14, 0xD5B3, 0xD572, 0xD592,
  0xD592, 0xD572, 0xCD72, 0xCD72, 0xCD72, 0xCD51, 0xCD51, 0xCD31,
  0xC531, 0xC510, 0xC4F0, 0xC4EF, 0xBCEF, 0xBCEF, 0xC4EF, 0xBCCF,
  0xBCCF, 0xBCCF, 0xBCCF, 0xBCAE, 0xBCAE, 0xBC8E, 0xBC6D, 0xB44D,
  0xB44D, 0xB42C, 0xABEC, 0xABCB, 0xABCB, 0xABCB, 0xABAB, 0xAB8A,
  0xA38A, 0xA36A, 0xA36A, 0xA349, 0x9B08, 0x9AE7, 0x9AC8, 0x9AC8,
  0x92C8, 0x92A7, 0x92A7, 0x9287, 0x8A66, 0x8A66, 0x8A45, 0x8A25,
  0x8A05, 0x8205, 0x81E4, 0x81C4, 0x79A4, 0x79A3, 0x7983, 0x7963,
  0x7963, 0x7163, 0x7142, 0x7122, 0x7122, 0x6902, 0x6901, 0x6901,
  0x6901, 0x6901, 0x6901, 0x6901, 0x6901, 0x6901, 0x6901, 0x6901,
  0x6901, 0x6901, 0x6901, 0x6901, 0x6901, 0x6901, 0x6901, 0x6901,
  0x6901, 0x6901, 0x6901, 0x6901, 0x6901, 0x6901, 0x6901, 0x6901,
  0x6901, 0x6901, 0x6901, 0x6901, 0x6901, 0x6901, 0x6901, 0x6901,
  0x6901, 0x6901, 0x6901, 0x6901, 0x6901, 0x6901, 0x6901, 0x6901,
  0x6901, 0x6901, 0x6901, 0x6901, 0x6901, 0x6901, 0x7102, 0x7122,
  0x7122, 0x7142, 0x7163, 0x7963, 0x7983, 0x7983, 0x79A4, 0x79C4,
  0x81E4, 0x8205, 0x8205, 0x8205, 0x8A25, 0x8A45, 0x8A66, 0x8A86,
  0x92A7, 0x92A7, 0x92C8, 0x9AE8, 0x9B08, 0x9B28, 0x9B28, 0x9B49,
  0xA369, 0xA38A, 0xA3AB, 0xABCB, 0xABCB, 0xABEB, 0xABEB, 0xAC0B,
  0xB42C, 0xB44D, 0xB46E, 0xBCAE, 0xBCAF, 0xBCCF, 0xC4CF, 0xC4EF,
  0xC50F, 0xC510, 0xC510, 0xC531, 0xC551, 0xC530, 0xC530, 0xCD51,
  0xCDB3, 0xD5B3, 0xD5D3, 0xD5D3, 0xD5D3, 0xD5D3, 0xD5F3, 0xDE13,
  0xD5B2, 0xD592, 0xDE14, 0xE676, 0xDDB2, 0xCC6D, 0xCC8C, 0xDDF2,
  0xEED7, 0xEEF8, 0xE635, 0xE5D3, 0xE656, 0xEEF8, 0xEF19, 0xEED8,
  0xEED8, 0xEEF8, 0xEEF9, 0xEF19, 0xEF19, 0xEF19, 0xEF19, 0xEF1A,
  0xEF1A, 0xEF3A, 0xEF3A, 0xEF19, 0xEEF8, 0xEF19, 0xF73A, 0xEF5B,
  0xEF5B, 0xEF3A, 0xEF5A, 0xF75B, 0xEF3A, 0xEF3A, 0xEF3A, 0xEF19,
  0xEF19, 0xEF3A, 0xF75B, 0xF75B, 0xF75B, 0xF75B, 0xF75B, 0xEF5B,
  0xEF5B, 0xEF3A, 0xEF1A, 0xEF1A, 0xEF3A, 0xEF3A, 0xEF3A, 0xEF19,
  0xEED8, 0xEEB7, 0xEED9, 0xEEF8, 0xE6D7, 0xE6B7, 0xEEF9, 0xEF19,
  0xEEF9, 0xEEF9, 0xEED9, 0xE6D8, 0xE6B8, 0xE6B8, 0xE6B7, 0xE6B7,
  0xE697, 0xDE56, 0xDE55, 0xDE56, 0xE676, 0xDE35, 0xDDF4, 0xDDB3,
  0xD593, 0xD5B3, 0xD593, 0xD5B3, 0xD5B3, 0xCD93, 0xCD92, 0xCD92,
  0xCD72, 0xCD51, 0xCD51, 0xC531, 0xC530, 0xC510, 0xC510, 0xC510,
  0xC510, 0xC510, 0xC4F0, 0xC4EF, 0xC4CF, 0xBCCF, 0xBCCF, 0xBCAE,
  0xBC8E, 0xBC6E, 0xBC6D, 0xB42C, 0xAC0C, 0xABEC, 0xB40C, 0xABEC,
  0xABEB, 0xABAB, 0xABAA, 0xAB8A, 0xA36A, 0xA349, 0x9B28, 0x9AE8,
  0x9AE8, 0x9AE8, 0x9AE8, 0x92C8, 0x92C7, 0x92A7, 0x9287, 0x8A66,
  0x8A46, 0x8A46, 0x8A25, 0x8205, 0x8205, 0x81E4, 0x81C4, 0x79A4,
  0x7983, 0x7983, 0x7963, 0x7963, 0x7163, 0x7142, 0x7122, 0x7122,
  0x6902, 0x6901, 0x6901, 0x6901, 0x6901, 0x6901, 0x6901, 0x6901,
  0x6901, 0x6901, 0x6901, 0x6901, 0x6901, 0x6901, 0x6901, 0x6901,
  0x6901, 0x6901, 0x6901, 0x6901, 0x6901, 0x6901, 0x6901, 0x6901,
  0x6901, 0x6901, 0x6901, 0x6901, 0x6901, 0x6901, 0x6901, 0x6901,
  0x6901, 0x6901, 0x6901, 0x6901, 0x6901, 0x6901, 0x6901, 0x6901,
  0x6901, 0x6901, 0x6901, 0x6901, 0x6901, 0x6901, 0x6902, 0x7102,
  0x7122, 0x7122, 0x7142, 0x7162, 0x7963, 0x7963, 0x7983, 0x79A3,
  0x79C4, 0x81E4, 0x81E4, 0x8205, 0x8225, 0x8A25, 0x8A45, 0x8A66,
  0x8A86, 0x92A7, 0x92A7, 0x92C8, 0x92E8, 0x9B08, 0x9B28, 0x9B29,
  0xA349, 0xA349, 0xA38A, 0xA3AA, 0xABCB, 0xABCB, 0xABEB, 0xABEC,
  0xAC0B, 0xAC0B, 0xB42C, 0xB46D, 0xBC8E, 0xBCAF, 0xBCCF, 0xC4CF,
  0xC4F0, 0xC510, 0xC510, 0xC530, 0xC531, 0xCD51, 0xCD72, 0xCD51,
  0xCD30, 0xCD72, 0xD5D3, 0xD5D3, 0xD5F4, 0xD5F4, 0xD5F4, 0xDE14,
  0xDE14, 0xDE34, 0xD613, 0xD5D2, 0xDDF3, 0xE675, 0xE696, 0xDDD3,
  0xCCCD, 0xD4CC, 0xE613, 0xEF18, 0xEEB7, 0xE5F4, 0xE5D4, 0xEE56,
  0xEEF8, 0xEF19, 0xEEF8, 0xEEF8, 0xEF19, 0xEF1A, 0xEF1A, 0xEF1A,
  0xEF1A, 0xF73A, 0xEF3A, 0xEF3A, 0xEF39, 0xEF19, 0xEF19, 0xEF3A,
  0xF75A, 0xEF5A, 0xEF5B, 0xEF5B, 0xF75B, 0xF75B, 0xF75B, 0xEF5B,
  0xF75B, 0xF75A, 0xEF3A, 0xEF3A, 0xF75B, 0xF77C, 0xF77C, 0xF77B,
  0xF77B, 0xF77B, 0xF75B, 0xEF3A, 0xEF3A, 0xF75B, 0xF75B, 0xEF3B,
  0xEF3B, 0xEEF9, 0xEEB8, 0xEEB8, 0xEEF9, 0xEF1A, 0xEED8, 0xE6B8,
  0xE6F9, 0xEF3A, 0xEF3A, 0xEEF9, 0xEEF9, 0xEED9, 0xE6D8, 0xE6D8,
  0xE6B8, 0xE6B7, 0xE6B7, 0xE676, 0xDE56, 0xE656, 0xE636, 0xE615,
  0xDDD4, 0xDDD4, 0xD5D4, 0xD5F4, 0xD5F4, 0xD5D4, 0xD5D4, 0xD5B3,
  0xD5B3, 0xD5B3, 0xCD92, 0xCD72, 0xCD51, 0xCD51, 0xCD51, 0xCD51,
  0xCD51, 0xC530, 0xC531, 0xC531, 0xC510, 0xC510, 0xC4F0, 0xC4EF,
  0xBCEF, 0xBCCE, 0xBC8E, 0xBC8D, 0xBC6D, 0xB42C, 0xB42C, 0xB42C,
  0xB42C, 0xB40C, 0xAC0C, 0xABEC, 0xABCB, 0xABAB, 0xAB8A, 0xA369,
  0xA329, 0xA329, 0x9B09, 0x9B08, 0x9B08, 0x9AE8, 0x9AC8, 0x92C7,
  0x92A7, 0x9287, 0x8A66, 0x8A46, 0x8A45, 0x8A25, 0x8205, 0x81E4,
  0x81C4, 0x81C4, 0x79A4, 0x7983, 0x7983, 0x7963, 0x7963, 0x7142,
  0x7142, 0x7122, 0x7102, 0x6902, 0x6901, 0x6901, 0x6901, 0x6901,
  0x6901, 0x6901, 0x6901, 0x6901, 0x6901, 0x6901, 0x6901, 0x6901,
  0x6901, 0x6901, 0x6901, 0x6901, 0x6901, 0x6901, 0x6901, 0x6901,
  0x6901, 0x6901, 0x6901, 0x6901, 0x6901, 0x6901, 0x6901, 0x6901,
  0x6901, 0x6901, 0x6901, 0x6901, 0x6901, 0x6901, 0x6901, 0x6901,
  0x6901, 0x6901, 0x6901, 0x6901, 0x6901, 0x6901, 0x6901, 0x6902,
  0x7102, 0x7122, 0x7122, 0x7142, 0x7143, 0x7963, 0x7983, 0x7983,
  0x79A3, 0x81C4, 0x81E4, 0x81E4, 0x8205, 0x8225, 0x8A45, 0x8A46,
  0x8A66, 0x8A86, 0x92A7, 0x92C7, 0x92C8, 0x9AE8, 0x9B08, 0x9B28,
  0x9B29, 0x9B49, 0xA369, 0xA38A, 0xA3AA, 0xABCB, 0xABEC, 0xABEC,
  0xAC0C, 0xAC0C, 0xAC2C, 0xB42C, 0xB44D, 0xB48E, 0xBCAE, 0xBCCF,
  0xC4CF, 0xC4F0, 0xC510, 0xC510, 0xC531, 0xC551, 0xCD71, 0xCD72,
  0xCD92, 0xCD72, 0xCD51, 0xCD92, 0xD5D3, 0xD5F4, 0xDE14, 0xDE14,
  0xDE14, 0xDE35, 0xDE34, 0xDE34, 0xDE54, 0xDE34, 0xDDF3, 0xDE55,
  0xE696, 0xE6D7, 0xE654, 0xDD0F, 0xDD0F, 0xEDF3, 0xE5D3, 0xE551,
  0xE5B3, 0xEDD4, 0xEE76, 0xEEF9, 0xEF3A, 0xEF19, 0xEF3A, 0xEF3A,
  0xF73B, 0xEF3A, 0xEF3A, 0xEF5A, 0xEF5A, 0xEF5A, 0xEF59, 0xEF39,
  0xF73A, 0xF75B, 0xF75A, 0xEF5A, 0xEF5B, 0xF77C, 0xF77C, 0xF77C,
  0xF77C, 0xF77B, 0xF77B, 0xF75B, 0xF75B, 0xF77B, 0xF77C, 0xF77C,
  0xF77C, 0xF77C, 0xF77C, 0xF79C, 0xF77B, 0xEF5B, 0xF75B, 0xF77B,
  0xF77B, 0xF75B, 0xEF3A, 0xEF19, 0xEEF9, 0xEEF9, 0xEF1A, 0xEF3B,
  0xEEF9, 0xEEB7, 0xEEF8, 0xEF3A, 0xEF5A, 0xEF1A, 0xEF1A, 0xEF1A,
  0xEEF9, 0xEED8, 0xE6B8, 0xE697, 0xE697, 0xE677, 0xE656, 0xE656,
  0xE636, 0xDE15, 0xDE15, 0xDDF5, 0xDE15, 0xDE15, 0xDE35, 0xD615,
  0xD5F4, 0xD5F4, 0xD5D3, 0xD5D3, 0xD593, 0xD592, 0xCD72, 0xCD52,
  0xCD52, 0xCD72, 0xCD72, 0xCD72, 0xCD72, 0xCD51, 0xC551, 0xC530,
  0xC510, 0xC510, 0xC4EF, 0xC4CF, 0xBCAE, 0xBC8D, 0xBC4D, 0xBC2C,
  0xBC4D, 0xBC4D, 0xB44D, 0xB42D, 0xB42C, 0xB40C, 0xABEB, 0xABCB,
  0xABAB, 0xAB6A, 0xA349, 0xA349, 0xA349, 0xA329, 0x9B29, 0x9B08,
  0x9AE8, 0x9AC8, 0x92C7, 0x92A7, 0x9287, 0x8A66, 0x8A66, 0x8A46,
  0x8A25, 0x8205, 0x8204, 0x81E4, 0x81C4, 0x79A4, 0x7983, 0x7983,
  0x7963, 0x7963, 0x7142, 0x7142, 0x7122, 0x7102, 0x6902, 0x6901,
  0x6901, 0x6901, 0x6901, 0x6901, 0x6901, 0x6901, 0x6901, 0x6901,
  0x6901, 0x6901, 0x6901, 0x6901, 0x6901, 0x6901, 0x6901, 0x6901,
  0x6901, 0x6901, 0x6901, 0x6901, 0x6901, 0x6901, 0x6901, 0x6901,
  0x6901, 0x6901, 0x6901, 0x6901, 0x6901, 0x6901, 0x6901, 0x6901,
  0x6901, 0x6901, 0x6901, 0x6901, 0x6901, 0x6901, 0x6901, 0x6901,
  0x6902, 0x6902, 0x7102, 0x7122, 0x7142, 0x7163, 0x7963, 0x7963,
  0x7983, 0x7983, 0x79A4, 0x81C4, 0x81E4, 0x8205, 0x8205, 0x8A25,
  0x8A46, 0x8A66, 0x8A86, 0x9287, 0x92A7, 0x92C8, 0x92E8, 0x9B08,
  0x9B28, 0x9B29, 0x9B49, 0xA349, 0xA369, 0xA38A, 0xABCB, 0xABEC,
  0xABEC, 0xAC0C, 0xAC2C, 0xAC2C, 0xB42C, 0xB42C, 0xB46D, 0xB48E,
  0xBCCF, 0xBCEF, 0xC510, 0xC510, 0xC510, 0xC530, 0xC551, 0xCD51,
  0xCD72, 0xCD92, 0xCDB2, 0xCD91, 0xCD71, 0xD591, 0xD5D2, 0xD5F3,
  0xDE14, 0xDE35, 0xDE35, 0xDE55, 0xDE55, 0xDE54, 0xE675, 0xE675,
  0xDE14, 0xE655, 0xE675, 0xE6B5, 0xE695, 0xE613, 0xE550, 0xE530,
  0xE551, 0xE551, 0xE552, 0xEDD4, 0xEE56, 0xEEB8, 0xF73A, 0xF75B,
  0xEF3A, 0xEF3A, 0xF75B, 0xF75B, 0xEF5A, 0xEF59, 0xEF5A, 0xF77B,
  0xF75A, 0xEF5A, 0xF75B, 0xF77B, 0xF77B, 0xF75B, 0xF77B, 0xF79C,
  0xF79C, 0xF79C, 0xF79C, 0xF77C, 0xF77C, 0xEF7B, 0xF79C, 0xF79C,
  0xF79C, 0xF79C, 0xF79C, 0xF79C, 0xF79C, 0xF79C, 0xF79C, 0xF77B,
  0xF77B, 0xF77C, 0xF75B, 0xF75B, 0xF73A, 0xEF3A, 0xEF3A, 0xEF1A,
  0xEF1A, 0xEF5A, 0xEF19, 0xEED8, 0xEF1A, 0xEF5B, 0xEF5B, 0xEF3A,
  0xEF1A, 0xEF1A, 0xEEF9, 0xEEB8, 0xEE97, 0xE677, 0xE677, 0xEE77,
  0xE697, 0xE677, 0xE656, 0xDE36, 0xDE16, 0xDE36, 0xDE36, 0xDE56,
  0xDE56, 0xDE56, 0xDE35, 0xDE14, 0xDDF4, 0xD5F4, 0xD5D3, 0xD5B3,
  0xCD93, 0xCD72, 0xCD72, 0xCDB3, 0xCDB3, 0xCDB3, 0xCD92, 0xCD92,
  0xCD71, 0xC551, 0xC551, 0xC530, 0xC510, 0xC4EF, 0xC4CF, 0xBC8E,
  0xBC4D, 0xBC4D, 0xBC6D, 0xBC6E, 0xBC6D, 0xB44D, 0xB44D, 0xB42D,
  0xAC0C, 0xABEC, 0xABCB, 0xAB8A, 0xA36A, 0xA369, 0xA369, 0xA369,
  0xA349, 0x9B29, 0x9B08, 0x9AE8, 0x92C8, 0x92C7, 0x92A7, 0x9287,
  0x8A66, 0x8A66, 0x8A45, 0x8A25, 0x8205, 0x81E4, 0x81E4, 0x79C4,
  0x79A3, 0x7983, 0x7963, 0x7963, 0x7943, 0x7142, 0x7142, 0x7122,
  0x7102, 0x6902, 0x6901, 0x6901, 0x6901, 0x6901, 0x6901, 0x6901,
  0x6901, 0x6901, 0x6901, 0x6901, 0x6901, 0x6901, 0x6901, 0x6901,
  0x6901, 0x6901, 0x6901, 0x6901, 0x6901, 0x6901, 0x6901, 0x6901,
  0x6901, 0x6901, 0x6901, 0x6901, 0x6901, 0x6901, 0x6901, 0x6901,
  0x6901, 0x6901, 0x6901, 0x6901, 0x6901, 0x6901, 0x6901, 0x6901,
  0x6901, 0x6901, 0x6902, 0x7102, 0x7122, 0x7142, 0x7142, 0x7963,
  0x7983, 0x7983, 0x79A3, 0x79A3, 0x81C4, 0x81E4, 0x8205, 0x8205,
  0x8A25, 0x8A46, 0x8A66, 0x8A86, 0x9287, 0x92A7, 0x92C7, 0x92E8,
  0x9B08, 0x9B29, 0x9B49, 0x9B49, 0xA369, 0xA369, 0xA38A, 0xABCB,
  0xABEB, 0xAC0C, 0xB42C, 0xB42D, 0xB44D, 0xB44C, 0xB44C, 0xB44D,
  0xB48E, 0xBCAE, 0xBCEF, 0xC510, 0xC530, 0xC530, 0xC531, 0xC551,
  0xCD51, 0xCD72, 0xCD92, 0xD5B2, 0xD5B1, 0xD591, 0xD571, 0xD5B2,
  0xD5D3, 0xD5F3, 0xDE13, 0xDE34, 0xDE35, 0xDE56, 0xDE76, 0xDE55,
  0xE695, 0xE6B6, 0xE675, 0xE674, 0xE695, 0xE675, 0xE655, 0xEE96,
  0xEE76, 0xEE15, 0xEE14, 0xED93, 0xE4D0, 0xEDD5, 0xEED8, 0xEEB7,
  0xEEB8, 0xF77B, 0xF79B, 0xEF7B, 0xF77B, 0xF77C, 0xEF5A, 0xEF59,
  0xF77B, 0xF79C, 0xF77B, 0xF77B, 0xF77B, 0xF77B, 0xF79C, 0xF79C,
  0xF77B, 0xF7BC, 0xFFBD, 0xFFBD, 0xF79C, 0xF77C, 0xF77C, 0xF77C,
  0xF7BC, 0xF7BD, 0xF7BD, 0xF79C, 0xF7BC, 0xF7BD, 0xF7BD, 0xF7BD,
  0xF7BC, 0xF79C, 0xF79C, 0xF77C, 0xF77C, 0xF77C, 0xF75B, 0xF75B,
  0xF75B, 0xEF3B, 0xEF5B, 0xEF3A, 0xEF19, 0xEF19, 0xEF5B, 0xEF5B,
  0xEF5B, 0xEF5B, 0xEF3A, 0xEF3A, 0xEF1A, 0xEEB8, 0xEE77, 0xEE98,
  0xEEB9, 0xEEB8, 0xE6B8, 0xE697, 0xE697, 0xE677, 0xE656, 0xE656,
  0xDE57, 0xDE77, 0xDE76, 0xDE76, 0xDE56, 0xDE35, 0xDDF4, 0xD5F4,
  0xD5F4, 0xD5D4, 0xCDB3, 0xCDB3, 0xCDB3, 0xCDD3, 0xD5D3, 0xCDD3,
  0xCDB3, 0xCDB2, 0xCD92, 0xCD72, 0xCD71, 0xC551, 0xC531, 0xC510,
  0xC4EF, 0xBCAE, 0xBC8E, 0xBC8E, 0xBC8E, 0xBC8E, 0xBC8E, 0xBC6D,
  0xB44D, 0xB44D, 0xB42C, 0xB40C, 0xABEB, 0xABAA, 0xA38A, 0xA36A,
  0xA36A, 0xA36A, 0xA36A, 0x9B49, 0x9B29, 0x9B08, 0x9AE8, 0x9AE8,
  0x92A7, 0x92A7, 0x9287, 0x8A66, 0x8A46, 0x8A25, 0x8A25, 0x8205,
  0x81E5, 0x81E4, 0x81C4, 0x79A3, 0x7983, 0x7963, 0x7963, 0x7143,
  0x7142, 0x7122, 0x7122, 0x7102, 0x6901, 0x6901, 0x6901, 0x6901,
  0x6901, 0x6901, 0x6901, 0x6901, 0x6901, 0x6901, 0x6901, 0x6901,
  0x6901, 0x6901, 0x6901, 0x6901, 0x6901, 0x6901, 0x6901, 0x6901,
  0x6901, 0x6901, 0x6901, 0x6901, 0x6901, 0x6901, 0x6901, 0x6901,
  0x6901, 0x6901, 0x6901, 0x6901, 0x6901, 0x6901, 0x6901, 0x6901,
  0x6901, 0x6901, 0x6901, 0x6902, 0x7102, 0x7122, 0x7142, 0x7142,
  0x7163, 0x7963, 0x7983, 0x79A3, 0x79A3, 0x81C4, 0x81E4, 0x81E4,
  0x8205, 0x8A25, 0x8A45, 0x8A66, 0x8A86, 0x9287, 0x92A7, 0x92C7,
  0x92E8, 0x9B08, 0x9B28, 0x9B29, 0x9B49, 0xA36A, 0xA38A, 0xA38A,
  0xABAA, 0xABEB, 0xAC0C, 0xAC2C, 0xB42D, 0xB44D, 0xB46D, 0xB44D,
  0xB46D, 0xBC8D, 0xBC8E, 0xBCAF, 0xC4F0, 0xC530, 0xC531, 0xC551,
  0xCD51, 0xCD72, 0xCD72, 0xCD92, 0xCDB3, 0xD5D3, 0xD5D2, 0xD591,
  0xD591, 0xDDD3, 0xDE15, 0xD614, 0xDE13, 0xDE13, 0xDE35, 0xDE76,
  0xDE96, 0xE696, 0xE697, 0xE6B7, 0xE695, 0xEE53, 0xEEB6, 0xEED8,
  0xEEB7, 0xEEB6, 0xEEB6, 0xEE35, 0xF5D4, 0xED52, 0xED11, 0xEE36,
  0xF739, 0xEEF8, 0xEE96, 0xF718, 0xF79B, 0xF79B, 0xF79C, 0xF77C,
  0xEF7A, 0xEF5A, 0xF79B, 0xF79C, 0xF79C, 0xF79C, 0xF77B, 0xF77B,
  0xF7BC, 0xF7BC, 0xF79C, 0xF79C, 0xFFBD, 0xF7BD, 0xF79C, 0xF77B,
  0xF77B, 0xF77C, 0xF79D, 0xF7BD, 0xF7BD, 0xFFBD, 0xF7BD, 0xF7BD,
  0xF7BD, 0xF7BD, 0xF7BD, 0xF79D, 0xF79C, 0xF79C, 0xF7BD, 0xF77C,
  0xF75B, 0xF77C, 0xF77C, 0xEF5B, 0xF77B, 0xF73A, 0xEF39, 0xEF3A,
  0xEF5C, 0xF75B, 0xF77C, 0xF75B, 0xF75B, 0xEF3A, 0xEF1A, 0xEED9,
  0xEE98, 0xEEB9, 0xEEFA, 0xEEFA, 0xEED9, 0xE6B8, 0xE6B8, 0xE6D8,
  0xE697, 0xE677, 0xE677, 0xE697, 0xE697, 0xE697, 0xDE76, 0xDE35,
  0xD5F4, 0xD5F5, 0xD615, 0xD5F5, 0xD5D4, 0xCDD4, 0xD5F4, 0xD5F4,
  0xD5F4, 0xD5D3, 0xCDD3, 0xCDB3, 0xCDB2, 0xCD92, 0xCD72, 0xCD71,
  0xC551, 0xCD31, 0xC4EF, 0xC4AF, 0xC4CF, 0xC4F0, 0xBCCF, 0xBCAE,
  0xBCAE, 0xBC8E, 0xBC6E, 0xB44D, 0xB44D, 0xB42C, 0xB40C, 0xABCB,
  0xABAA, 0xAB8A, 0xAB8A, 0xAB8A, 0xA38A, 0xA36A, 0xA349, 0x9B29,
  0x9B08, 0x9AE8, 0x9AC8, 0x92A7, 0x92A7, 0x9287, 0x8A66, 0x8A46,
  0x8A25, 0x8225, 0x8205, 0x81E4, 0x81C4, 0x81C4, 0x79A3, 0x7983,
  0x7963, 0x7163, 0x7143, 0x7142, 0x7122, 0x7122, 0x6901, 0x6901,
  0x6901, 0x6901, 0x6901, 0x6901, 0x6901, 0x6901, 0x6901, 0x6901,
  0x6901, 0x6901, 0x6901, 0x6901, 0x6901, 0x6901, 0x6901, 0x6901,
  0x6901, 0x6901, 0x6901, 0x6901, 0x6901, 0x6901, 0x6901, 0x6901,
  0x6901, 0x6901, 0x6901, 0x6901, 0x6901, 0x6901, 0x6901, 0x6901,
  0x6901, 0x6901, 0x6901, 0x6901, 0x6901, 0x6902, 0x7122, 0x7122,
  0x7142, 0x7163, 0x7963, 0x7983, 0x7983, 0x79A4, 0x81C4, 0x81E4,
  0x81E4, 0x8205, 0x8A25, 0x8A25, 0x8A46, 0x8A66, 0x9287, 0x92A7,
  0x92C7, 0x92E8, 0x9AE8, 0x9B08, 0x9B29, 0x9B49, 0xA369, 0xA38A,
  0xA38A, 0xA3AA, 0xABCB, 0xAC0C, 0xAC0C, 0xAC2D, 0xB44D, 0xB46D,
  0xB48D, 0xB46D, 0xB48D, 0xBC8D, 0xBCAE, 0xC4CF, 0xC510, 0xC551,
  0xCD51, 0xCD51, 0xCD71, 0xCD92, 0xCDB3, 0xCDD3, 0xD5D3, 0xD5F4,
  0xD5F4, 0xD5F3, 0xD5F3, 0xDDF4, 0xDE35, 0xDE55, 0xDE35, 0xDE14,
  0xE655, 0xE697, 0xE697, 0xE697, 0xE6B8, 0xE6D7, 0xE695, 0xEE54,
  0xEEB7, 0xEF3A, 0xEF5A, 0xEEB5, 0xE570, 0xE4F0, 0xECD1, 0xED32,
  0xEE56, 0xEF18, 0xEF18, 0xF719, 0xF719, 0xF6B7, 0xF6F8, 0xF77B,
  0xF7BC, 0xF79B, 0xF75A, 0xF75A, 0xF77B, 0xF79C, 0xF7BC, 0xF7BC,
  0xF79C, 0xF79C, 0xF7BC, 0xF7BC, 0xF79C, 0xF79C, 0xF79C, 0xF7BC,
  0xF77C, 0xF77B, 0xF77A, 0xF79C, 0xF79D, 0xF79D, 0xF79D, 0xFFDD,
  0xF7BD, 0xF7BD, 0xF7BD, 0xF7BD, 0xF7BD, 0xF79D, 0xF79C, 0xF7BD,
  0xFFDD, 0xF79C, 0xF75B, 0xF77C, 0xF77C, 0xF75B, 0xF77B, 0xF77B,
  0xF73A, 0xEF1A, 0xF75B, 0xF75C, 0xF75C, 0xF77C, 0xF75B, 0xEF1A,
  0xEEF9, 0xEEFA, 0xEEFA, 0xEED9, 0xEEFA, 0xEF1A, 0xEEFA, 0xEED9,
  0xEED9, 0xE6D9, 0xE6B8, 0xE698, 0xE698, 0xE698, 0xE698, 0xE697,
  0xDE76, 0xDE35, 0xD615, 0xD636, 0xD635, 0xD635, 0xD615, 0xD615,
  0xD615, 0xD614, 0xD614, 0xCDF4, 0xCDF4, 0xCDD3, 0xCDD3, 0xCDB2,
  0xCD92, 0xCD92, 0xCD72, 0xCD51, 0xC510, 0xC4EF, 0xC510, 0xC510,
  0xC510, 0xBCCF, 0xBCAF, 0xBCAE, 0xBC8E, 0xBC6E, 0xBC6D, 0xB44D,
  0xB40C, 0xABCB, 0xABAB, 0xABAB, 0xABAB, 0xABAB, 0xAB8A, 0xA36A,
  0xA369, 0x9B49, 0x9B29, 0x9B08, 0x9AE8, 0x92C8, 0x92A7, 0x92A7,
  0x9286, 0x8A66, 0x8A46, 0x8A25, 0x8205, 0x8205, 0x81E4, 0x81C4,
  0x79A4, 0x7983, 0x7983, 0x7963, 0x7963, 0x7142, 0x7142, 0x7122,
  0x7102, 0x6901, 0x6901, 0x6901, 0x6901, 0x6901, 0x6901, 0x6901,
  0x6901, 0x6901, 0x6901, 0x6901, 0x6901, 0x6901, 0x6901, 0x6901,
  0x6901, 0x6901, 0x6901, 0x6901, 0x6901, 0x6901, 0x6901, 0x6901,
  0x6901, 0x6901, 0x6901, 0x6901, 0x6901, 0x6901, 0x6901, 0x6901,
  0x6901, 0x6901, 0x6901, 0x6901, 0x6901, 0x6901, 0x6902, 0x7122,
  0x7122, 0x7142, 0x7142, 0x7963, 0x7963, 0x79A3, 0x79A4, 0x81C4,
  0x81E4, 0x81E4, 0x8205, 0x8225, 0x8A25, 0x8A66, 0x8A66, 0x9286,
  0x92A7, 0x92C7, 0x92E8, 0x9AE8, 0x9B08, 0x9B29, 0x9B49, 0xA36A,
  0xA38A, 0xA3AA, 0xA3AA, 0xABCB, 0xABEB, 0xAC0C, 0xB42D, 0xB44D,
  0xB46E, 0xB48D, 0xB48D, 0xB48D, 0xBC8D, 0xBCAE, 0xBCCF, 0xC510,
  0xC531, 0xCD51, 0xCD71, 0xCD72, 0xCD92, 0xCDB3, 0xD5D3, 0xD5F3,
  0xD614, 0xDE14, 0xD614, 0xD5F3, 0xDDF3, 0xDE15, 0xDE56, 0xDE76,
  0xDE76, 0xDE55, 0xE675, 0xE6B7, 0xE6B7, 0xE6B7, 0xE6D8, 0xE6F8,
  0xE6B5, 0xE654, 0xEE97, 0xF75B, 0xF739, 0xE5F2, 0xE4EF, 0xED53,
  0xEE16, 0xF697, 0xF75A, 0xF77A, 0xEF19, 0xEF19, 0xF75A, 0xF719,
  0xEE97, 0xF6F8, 0xF77A, 0xF77A, 0xF719, 0xF719, 0xF75B, 0xFFBD,
  0xFFDD, 0xF7BD, 0xF7BD, 0xF7BD, 0xF7BD, 0xF79D, 0xF79D, 0xF79C,
  0xF79C, 0xF7BD, 0xF79D, 0xF77B, 0xF77C, 0xF7BD, 0xF7BE, 0xF7BD,
  0xF7BD, 0xF7DE, 0xF7BD, 0xF7BD, 0xFFBD, 0xFFBD, 0xF7BD, 0xF7BD,
  0xF7BD, 0xFFDD, 0xFFDD, 0xF79C, 0xF77C, 0xF79D, 0xF79D, 0xF75C,
  0xF75B, 0xF79C, 0xF73A, 0xF6F9, 0xF73B, 0xF77C, 0xF75C, 0xF75C,
  0xF73B, 0xEEFA, 0xEEFA, 0xEF1A, 0xEF1A, 0xEEFA, 0xEEFA, 0xEF3B,
  0xEF3A, 0xEF1A, 0xEEF9, 0xEEF9, 0xE6D9, 0xE6B8, 0xE6B8, 0xE6B8,
  0xE6B8, 0xE6B8, 0xDE76, 0xDE56, 0xDE36, 0xDE36, 0xD636, 0xD656,
  0xD636, 0xD635, 0xD655, 0xD635, 0xD635, 0xD615, 0xD614, 0xD5F4,
  0xD5F3, 0xD5D3, 0xCDB3, 0xCD92, 0xCD92, 0xCD71, 0xCD30, 0xC510,
  0xC530, 0xC530, 0xC530, 0xC510, 0xC4EF, 0xBCCF, 0xBCAF, 0xBCAE,
  0xBC8E, 0xBC6D, 0xB42C, 0xB3EB, 0xABCB, 0xABCB, 0xABEB, 0xABCB,
  0xABAB, 0xA38A, 0xA36A, 0xA369, 0xA349, 0x9B29, 0x9B08, 0x9AE8,
  0x9AC8, 0x92C7, 0x92A7, 0x9286, 0x8A66, 0x8A46, 0x8A25, 0x8205,
  0x8205, 0x81E4, 0x79C4, 0x79A4, 0x7983, 0x7963, 0x7963, 0x7163,
  0x7142, 0x7142, 0x7102, 0x7102, 0x6901, 0x6901, 0x6901, 0x6901,
  0x6901, 0x6901, 0x6901, 0x6901, 0x6901, 0x6901, 0x6901, 0x6901,
  0x6901, 0x6901, 0x6901, 0x6901, 0x6901, 0x6901, 0x6901, 0x6901,
  0x6901, 0x6901, 0x6901, 0x6901, 0x6901, 0x6901, 0x6901, 0x6901,
  0x6901, 0x6901, 0x6901, 0x6901, 0x6901, 0x6901, 0x6901, 0x6902,
  0x7102, 0x7122, 0x7142, 0x7143, 0x7163, 0x7963, 0x7983, 0x79A3,
  0x79C4, 0x81C4, 0x81E4, 0x8205, 0x8A25, 0x8A25, 0x8A45, 0x8A66,
  0x9286, 0x92A7, 0x92C7, 0x92E8, 0x9AE8, 0x9B08, 0x9B28, 0x9B49,
  0xA369, 0xA38A, 0xA3AA, 0xA3CB, 0xABCB, 0xABCB, 0xAC0C, 0xB42C,
  0xB44D, 0xB46D, 0xB48E, 0xB4AD, 0xB48D, 0xB48D, 0xBC8E, 0xBCCF,
  0xC510, 0xC531, 0xCD51, 0xCD71, 0xCD92, 0xCD92, 0xCDB3, 0xCDD3,
  0xD5F4, 0xD5F4, 0xD614, 0xD634, 0xD634, 0xD5F3, 0xDDF4, 0xDE35,
  0xDE76, 0xE676, 0xDE97, 0xDE96, 0xE696, 0xE6B7, 0xE6D8, 0xE6D8,
  0xEF18, 0xEF38, 0xEEF7, 0xE695, 0xE697, 0xF75A, 0xEED7, 0xE591,
  0xEDD4, 0xF6D9, 0xF75A, 0xF73A, 0xF75A, 0xF77A, 0xF759, 0xF719,
  0xF73A, 0xF75B, 0xF73A, 0xF6D8, 0xF6F9, 0xF73A, 0xF75B, 0xF71A,
  0xEF19, 0xF77B, 0xFFBD, 0xF79C, 0xFFBD, 0xFFBD, 0xFFDD, 0xFFDE,
  0xFFDE, 0xF7DE, 0xFFBE, 0xFFDE, 0xFFBE, 0xF77C, 0xF77C, 0xF7DE,
  0xF7DE, 0xF7DE, 0xF7DE, 0xF7DE, 0xF7DE, 0xFFBD, 0xF7BD, 0xF7BD,
  0xF7DE, 0xF7DE, 0xF7DE, 0xFFDE, 0xFFBD, 0xF79D, 0xF79D, 0xF7BD,
  0xF7BD, 0xF77C, 0xF73B, 0xF77C, 0xF75B, 0xF6F9, 0xF73B, 0xF77C,
  0xF77C, 0xF77C, 0xF75C, 0xEF3B, 0xEF3B, 0xEF3B, 0xEF1B, 0xEF1B,
  0xEF3B, 0xEF5C, 0xEF3B, 0xEF1A, 0xEEFA, 0xEEFA, 0xEEF9, 0xE6D9,
  0xE6D9, 0xE6D9, 0xE6D9, 0xE6B8, 0xDE77, 0xDE57, 0xDE57, 0xD656,
  0xD656, 0xD656, 0xDE56, 0xD656, 0xD655, 0xD655, 0xD655, 0xD635,
  0xD615, 0xD614, 0xD5F4, 0xD5F4, 0xD5F3, 0xD5D3, 0xD591, 0xCD50,
  0xC530, 0xCD31, 0xCD52, 0xCD51, 0xC550, 0xC530, 0xC50F, 0xC4EF,
  0xC4CF, 0xBCCF, 0xBCAE, 0xBC8E, 0xBC4D, 0xB40C, 0xABCB, 0xB3EB,
  0xB3EC, 0xABEB, 0xABCB, 0xABAB, 0xAB8A, 0xA36A, 0xA369, 0xA349,
  0x9B29, 0x9B08, 0x9AE8, 0x92C7, 0x92A7, 0x9287, 0x8A66, 0x8A66,
  0x8A46, 0x8A25, 0x8205, 0x81E4, 0x81E4, 0x79C4, 0x79A4, 0x7983,
  0x7963, 0x7963, 0x7163, 0x7142, 0x7122, 0x7102, 0x6902, 0x6902,
  0x6901, 0x6901, 0x6901, 0x6901, 0x6901, 0x6901, 0x6901, 0x6901,
  0x6901, 0x6901, 0x6901, 0x6901, 0x6901, 0x6901, 0x6901, 0x6901,
  0x6901, 0x6901, 0x6901, 0x6901, 0x6901, 0x6901, 0x6901, 0x6901,
  0x6901, 0x6901, 0x6901, 0x6901, 0x6901, 0x6901, 0x6901, 0x6901,
  0x6901, 0x7102, 0x7122, 0x7122, 0x7142, 0x7163, 0x7963, 0x7983,
  0x79A3, 0x79A4, 0x81C4, 0x81E4, 0x8204, 0x8205, 0x8A25, 0x8A45,
  0x8A45, 0x8A66, 0x92A7, 0x92C7, 0x92E8, 0x9AE8, 0x9B08, 0x9B29,
  0x9B49, 0xA369, 0xA36A, 0xA38A, 0xA3CB, 0xABEB, 0xABEB, 0xABEB,
  0xAC2C, 0xB44D, 0xB46D, 0xBC8E, 0xB48D, 0xB4AD, 0xBCAD, 0xBC8D,
  0xBC8E, 0xC4EF, 0xC551, 0xCD51, 0xCD72, 0xCD92, 0xCDB2, 0xD5B3,
  0xCDB3, 0xCDD3, 0xD5F4, 0xD614, 0xD614, 0xD634, 0xD634, 0xDDF3,
  0xDE14, 0xDE56, 0xDE97, 0xE697, 0xE6B7, 0xE6B7, 0xE6B7, 0xE6B7,
  0xE6D7, 0xEEF7, 0xEEF6, 0xEEF7, 0xEF17, 0xE6D7, 0xE696, 0xF759,
  0xF6F7, 0xE571, 0xEE16, 0xF75B, 0xF7BC, 0xF75A, 0xF73A, 0xF75A,
  0xF77A, 0xF759, 0xF73A, 0xF75A, 0xFFBB, 0xF73A, 0xEEB8, 0xF71A,
  0xFF9C, 0xF77B, 0xEF3A, 0xF75A, 0xFF7C, 0xF75C, 0xF77C, 0xF7BC,
  0xF7BD, 0xFFDE, 0xFFDE, 0xF7BD, 0xFFBE, 0xFFDE, 0xFFDE, 0xF7BD,
  0xF77C, 0xF79D, 0xF7DE, 0xF7FE, 0xF7DE, 0xF7DE, 0xFFDE, 0xFFDE,
  0xF7BD, 0xF7BE, 0xFFDE, 0xFFDE, 0xFFDE, 0xFFDE, 0xF7BD, 0xF79D,
  0xF7BD, 0xF7BE, 0xF7BD, 0xF79D, 0xF73B, 0xF73B, 0xF75B, 0xF75B,
  0xF75C, 0xF79D, 0xF79D, 0xF79D, 0xF79C, 0xEF5C, 0xEF5B, 0xEF5B,
  0xEF3B, 0xEF5C, 0xF77C, 0xF77C, 0xEF5B, 0xEEFA, 0xEEFA, 0xEF1A,
  0xEF1A, 0xEF1A, 0xEEFA, 0xEEFA, 0xE6F9, 0xE6B8, 0xDE77, 0xDE77,
  0xDE77, 0xD657, 0xD656, 0xD656, 0xD677, 0xD676, 0xD655, 0xD655,
  0xD676, 0xDE56, 0xD635, 0xD635, 0xD614, 0xD614, 0xD5F3, 0xD5D2,
  0xCD71, 0xCD50, 0xCD51, 0xCD72, 0xD592, 0xCD72, 0xC551, 0xC530,
  0xC530, 0xC50F, 0xC4EF, 0xBCEF, 0xBCCE, 0xBC8E, 0xBC6E, 0xB42C,
  0xB3EB, 0xB3EB, 0xB3EB, 0xABEB, 0xABCB, 0xABCB, 0xABAB, 0xAB8A,
  0xA38A, 0xA369, 0xA349, 0x9B28, 0x9B08, 0x9AE8, 0x92C7, 0x92A7,
  0x9287, 0x8A66, 0x8A66, 0x8A45, 0x8A25, 0x8205, 0x81E4, 0x81C4,
  0x79C4, 0x79A3, 0x7983, 0x7963, 0x7963, 0x7142, 0x7122, 0x7122,
  0x7102, 0x6902, 0x6901, 0x6901, 0x6901, 0x6901, 0x6901, 0x6901,
  0x6901, 0x6901, 0x6901, 0x6901, 0x6901, 0x6901, 0x6901, 0x6901,
  0x6901, 0x6901, 0x6901, 0x6901, 0x6901, 0x6901, 0x6901, 0x6901,
  0x6901, 0x6901, 0x6901, 0x6901, 0x6901, 0x6901, 0x6901, 0x6901,
  0x6901, 0x6901, 0x6902, 0x7122, 0x7122, 0x7142, 0x7163, 0x7963,
  0x7983, 0x7983, 0x79A4, 0x79C4, 0x81E4, 0x8204, 0x8205, 0x8225,
  0x8A45, 0x8A46, 0x8A66, 0x9286, 0x92A7, 0x92C8, 0x9AE8, 0x9B08,
  0x9B29, 0x9B49, 0xA369, 0xA369, 0xA38A, 0xABAA, 0xABCB, 0xABEB,
  0xABEB, 0xAC0C, 0xB42D, 0xB44D, 0xBC6E, 0xBCAE, 0xB4AD, 0xBCAE,
  0xBCCE, 0xBCAE, 0xBC8E, 0xC4EF, 0xCD71, 0xCD71, 0xCD92, 0xCDB2,
  0xD5D3, 0xD5D3, 0xCDD3, 0xCDD3, 0xD5F3, 0xD614, 0xD634, 0xD635,
  0xDE55, 0xDE14, 0xDE35, 0xE676, 0xE6B7, 0xE6B7, 0xE6B7, 0xE6D8,
  0xE6D7, 0xE6D7, 0xEED7, 0xEED6, 0xEE94, 0xEE95, 0xEEF8, 0xEF19,
  0xE6B6, 0xF739, 0xF739, 0xE5D1, 0xE592, 0xF6D9, 0xF79C, 0xF75A,
  0xF75A, 0xF75A, 0xF77A, 0xF77A, 0xF75A, 0xF75A, 0xF79B, 0xF77B,
  0xF6D9, 0xF6F9, 0xFF9C, 0xF79C, 0xF77B, 0xF77B, 0xFF9C, 0xFFBD,
  0xF79D, 0xF7BD, 0xF7BD, 0xFFBD, 0xFF9D, 0xF77C, 0xF79C, 0xF79D,
  0xF7BD, 0xF79C, 0xF77C, 0xF79D, 0xF7BE, 0xFFDE, 0xF7FE, 0xF7DE,
  0xFFDE, 0xF7DE, 0xF7DE, 0xF7BE, 0xFFDE, 0xF7BE, 0xFFDE, 0xF7DE,
  0xF79D, 0xF79D, 0xFFBE, 0xFFDE, 0xF7BE, 0xF77D, 0xF75C, 0xF71A,
  0xF71A, 0xF77C, 0xF7BE, 0xF79D, 0xF7BD, 0xF7BD, 0xF79D, 0xEF5C,
  0xEF5C, 0xF77C, 0xF77C, 0xF77C, 0xF77C, 0xF77C, 0xF75C, 0xEF3B,
  0xEF1A, 0xEF1A, 0xEF3B, 0xEF3A, 0xEF1A, 0xEEFA, 0xE6F9, 0xE6B9,
  0xDE98, 0xDE98, 0xDE97, 0xD677, 0xD657, 0xD656, 0xD677, 0xD697,
  0xD676, 0xD655, 0xDE76, 0xDE76, 0xDE56, 0xDE55, 0xD614, 0xD5F3,
  0xD5D3, 0xD5B2, 0xCD72, 0xCD92, 0xD592, 0xD5B2, 0xD5B2, 0xCD92,
  0xCD71, 0xCD50, 0xCD30, 0xC530, 0xC510, 0xC4EF, 0xC4CF, 0xBCAF,
  0xBC8E, 0xBC4D, 0xB42C, 0xB40C, 0xB3EB, 0xABEB, 0xABCB, 0xABCB,
  0xABAA, 0xABAA, 0xA38A, 0xA36A, 0xA349, 0x9B49, 0x9B08, 0x9B08,
  0x9AE8, 0x92C7, 0x92A7, 0x9287, 0x8A66, 0x8A46, 0x8A25, 0x8A05,
  0x8205, 0x81E4, 0x81C4, 0x79A4, 0x7983, 0x7983, 0x7963, 0x7163,
  0x7142, 0x7122, 0x7102, 0x6902, 0x6902, 0x6901, 0x6901, 0x6901,
  0x6901, 0x6901, 0x6901, 0x6901, 0x6901, 0x6901, 0x6901, 0x6901,
  0x6901, 0x6901, 0x6901, 0x6901, 0x6901, 0x6901, 0x6901, 0x6901,
  0x6901, 0x6901, 0x6901, 0x6901, 0x6901, 0x6901, 0x6901, 0x6901,
  0x6901, 0x6901, 0x6901, 0x6902, 0x7102, 0x7122, 0x7142, 0x7142,
  0x7963, 0x7983, 0x7983, 0x79A4, 0x79C4, 0x81E4, 0x81E4, 0x8205,
  0x8A25, 0x8A25, 0x8A45, 0x8A66, 0x9266, 0x9286, 0x92C7, 0x9AE8,
  0x9B08, 0x9B29, 0x9B49, 0xA349, 0xA36A, 0xA38A, 0xA3AA, 0xABCA,
  0xABEB, 0xABEB, 0xAC0B, 0xB42C, 0xB44D, 0xB46E, 0xBCAE, 0xBCAE,
  0xBCAE, 0xBCCF, 0xBCEF, 0xBCCE, 0xC4AE, 0xC4EF, 0xCD71, 0xCD72,
  0xCD92, 0xCDB2, 0xD5D3, 0xD5D3, 0xCDD3, 0xCDD3, 0xD5F4, 0xD635,
  0xDE35, 0xDE55, 0xDE76, 0xDE55, 0xDE35, 0xDE77, 0xE6B7, 0xE6B7,
  0xE6F8, 0xE6F8, 0xEEF8, 0xE6F8, 0xEEF7, 0xEEB6, 0xEE96, 0xE6B7,
  0xEEF8, 0xEF59, 0xE6B6, 0xEEF8, 0xFF5A, 0xEE75, 0xE510, 0xF677,
  0xFFBC, 0xF79C, 0xF77B, 0xF77B, 0xF77C, 0xF77B, 0xF75B, 0xF75B,
  0xF77B, 0xF77C, 0xF6F9, 0xF6F9, 0xFFBD, 0xF79D, 0xF75B, 0xF75B,
  0xFF9D, 0xFFFF, 0xFFFF, 0xF7BE, 0xFFBD, 0xFF9D, 0xF79C, 0xFF7C,
  0xFF7C, 0xF75C, 0xEF5B, 0xEF5B, 0xF77C, 0xF79D, 0xF79E, 0xF7BE,
  0xFFDE, 0xF7DE, 0xF7DE, 0xFFDF, 0xF7FF, 0xF7DE, 0xF7BE, 0xF7BE,
  0xF7BE, 0xF79D, 0xF77D, 0xF79E, 0xFFBE, 0xF7BE, 0xF79D, 0xF77D,
  0xF77D, 0xF71A, 0xF6FA, 0xF77C, 0xF7DE, 0xF7BD, 0xF7BD, 0xF79D,
  0xF77D, 0xEF5C, 0xF75C, 0xF77C, 0xF79D, 0xF77C, 0xF77D, 0xF77C,
  0xF77C, 0xEF5B, 0xEF3B, 0xEF3B, 0xEF3B, 0xEF3A, 0xEF1A, 0xEEFA,
  0xEEFA, 0xE6F9, 0xE6D9, 0xE6B9, 0xDE98, 0xDE77, 0xDE57, 0xD657,
  0xD677, 0xD697, 0xD676, 0xD656, 0xDE56, 0xDE76, 0xDE76, 0xDE55,
  0xD614, 0xD5D3, 0xD5B3, 0xD5B3, 0xD5F4, 0xD5F3, 0xD5B2, 0xD5B2,
  0xCDB2, 0xCD92, 0xCD71, 0xCD50, 0xCD30, 0xCD30, 0xC530, 0xC510,
  0xC4EF, 0xC4CF, 0xBC8E, 0xBC6D, 0xBC6D, 0xB44D, 0xB42C, 0xB3EB,
  0xB3EB, 0xABCB, 0xABAA, 0xAB8A, 0xAB8A, 0xA38A, 0xA36A, 0xA349,
  0x9B29, 0x9B28, 0x9B08, 0x92C8, 0x92C7, 0x92A7, 0x9286, 0x8A66,
  0x8A46, 0x8A25, 0x8205, 0x81E4, 0x81C4, 0x79A4, 0x79A4, 0x7983,
  0x7963, 0x7963, 0x7142, 0x7122, 0x7122, 0x7102, 0x6902, 0x6901,
  0x6901, 0x6901, 0x6901, 0x6901, 0x6901, 0x6901, 0x6901, 0x6901,
  0x6901, 0x6901, 0x6901, 0x6901, 0x6901, 0x6901, 0x6901, 0x6901,
  0x6901, 0x6901, 0x6901, 0x6901, 0x6901, 0x6901, 0x6901, 0x6901,
  0x6901, 0x6901, 0x6901, 0x6901, 0x6901, 0x7102, 0x7122, 0x7122,
  0x7142, 0x7163, 0x7963, 0x7983, 0x79A4, 0x79C4, 0x81C4, 0x81E4,
  0x8205, 0x8225, 0x8A45, 0x8A45, 0x8A66, 0x9286, 0x9286, 0x92A7,
  0x9AE7, 0x9B08, 0x9B08, 0x9B29, 0x9B49, 0xA369, 0xA3AA, 0xABAA,
  0xABAA, 0xABCB, 0xABEB, 0xAC0B, 0xB42C, 0xB44D, 0xB46D, 0xBC8E,
  0xBCCE, 0xBCCE, 0xBCCE, 0xBCEF, 0xBCEF, 0xC50F, 0xC50F, 0xC530,
  0xCD51, 0xCD92, 0xCDB2, 0xCDD3, 0xCDD3, 0xCDD3, 0xD5D3, 0xD5F4,
  0xD635, 0xDE55, 0xDE56, 0xDE76, 0xE697, 0xDE76, 0xDE55, 0xDE76,
  0xDEB7, 0xE6D8, 0xEF19, 0xEF19, 0xEF19, 0xEF19, 0xEEF8, 0xEED7,
  0xEF19, 0xEF39, 0xEF18, 0xEF38, 0xEEB7, 0xEEB7, 0xF75A, 0xF6F8,
  0xE510, 0xEDF5, 0xF79C, 0xF7DD, 0xF77C, 0xF77B, 0xF79C, 0xF79C,
  0xF75B, 0xF75B, 0xF77C, 0xF79C, 0xF719, 0xF6D9, 0xFFBD, 0xFFFE,
  0xF79D, 0xF75B, 0xF77C, 0xFFDD, 0xFFFE, 0xFFDD, 0xFF9C, 0xFF9C,
  0xFFDD, 0xFFBE, 0xFF9D, 0xF77D, 0xF77D, 0xF79D, 0xEF7C, 0xF77D,
  0xF77D, 0xEF7D, 0xF79D, 0xF7BE, 0xF7BF, 0xF7DF, 0xF7DF, 0xF7BE,
  0xF7BE, 0xF7BE, 0xF7BE, 0xEF7D, 0xEF7D, 0xF7BE, 0xF7BE, 0xF79D,
  0xF77D, 0xF77D, 0xF79D, 0xF73B, 0xEF1B, 0xF75C, 0xF7BE, 0xF7BE,
  0xF79D, 0xF77D, 0xF75D, 0xF75D, 0xF77D, 0xF77D, 0xF79D, 0xF79D,
  0xF79D, 0xF77C, 0xEF5C, 0xEF5C, 0xEF5C, 0xEF5B, 0xEF3B, 0xEF1B,
  0xEF1A, 0xEEFA, 0xEEFA, 0xEF1A, 0xE6FA, 0xE6D9, 0xE6B8, 0xDE77,
  0xDE77, 0xDE57, 0xDE77, 0xDE97, 0xDE77, 0xDE36, 0xDE56, 0xDE56,
  0xDE34, 0xDE14, 0xDE14, 0xD5F4, 0xD5F4, 0xD615, 0xD635, 0xD634,
  0xD5D3, 0xD5D3, 0xD5D3, 0xCDB2, 0xCD92, 0xCD71, 0xCD50, 0xCD30,
  0xC530, 0xC530, 0xC510, 0xC4CF, 0xBCAE, 0xBC8D, 0xBC8E, 0xBC8E,
  0xBC4D, 0xB42C, 0xB40B, 0xB3EB, 0xABCB, 0xABAA, 0xAB8A, 0xAB8A,
  0xA38A, 0xA36A, 0xA349, 0x9B29, 0x9B08, 0x9AE8, 0x92C8, 0x92A7,
  0x92A7, 0x9286, 0x8A66, 0x8A45, 0x8A25, 0x8205, 0x81E4, 0x81C4,
  0x81C4, 0x79A4, 0x7983, 0x7963, 0x7963, 0x7142, 0x7142, 0x7122,
  0x7102, 0x6902, 0x6901, 0x6901, 0x6901, 0x6901, 0x6901, 0x6901,
  0x6901, 0x6901, 0x6901, 0x6901, 0x6901, 0x6901, 0x6901, 0x6901,
  0x6901, 0x6901, 0x6901, 0x6901, 0x6901, 0x6901, 0x6901, 0x6901,
  0x6901, 0x6901, 0x6901, 0x6901, 0x6901, 0x6901, 0x6902, 0x7122,
  0x7122, 0x7142, 0x7143, 0x7963, 0x7983, 0x79A3, 0x79A4, 0x81C4,
  0x81E4, 0x8205, 0x8225, 0x8A25, 0x8A45, 0x8A66, 0x9286, 0x9286,
  0x92A6, 0x92C7, 0x9AE8, 0x9B08, 0x9B29, 0x9B49, 0xA369, 0xA38A,
  0xABAA, 0xABCA, 0xABCA, 0xABEB, 0xAC0C, 0xB42C, 0xB42C, 0xB44D,
  0xBC8E, 0xBCAE, 0xBCCF, 0xBCCE, 0xBCEF, 0xC4EF, 0xC50F, 0xC530,
  0xC550, 0xC550, 0xCD50, 0xCD71, 0xCD92, 0xCDD3, 0xCDF3, 0xD5F4,
  0xD5F4, 0xD614, 0xDE55, 0xDE76, 0xDE76, 0xDE97, 0xE6B7, 0xE696,
  0xDE55, 0xDE76, 0xDEB7, 0xE6F9, 0xEF19, 0xEF39, 0xEF3A, 0xEF3A,
  0xEF18, 0xEEF8, 0xF73A, 0xF759, 0xEF17, 0xF738, 0xF739, 0xEED9,
  0xF73A, 0xFF5A, 0xE551, 0xE573, 0xF73B, 0xF7FE, 0xF79C, 0xF7BD,
  0xFFBD, 0xF79D, 0xF77C, 0xF77C, 0xF77C, 0xF7BD, 0xF75B, 0xF6D9,
  0xF71B, 0xFFFE, 0xF7FE, 0xF79C, 0xF77B, 0xF77B, 0xFF9C, 0xFF9C,
  0xF77B, 0xF77C, 0xFFDE, 0xFFFF, 0xFFDF, 0xF79E, 0xF79E, 0xF7BE,
  0xEF9E, 0xEF5C, 0xEF3C, 0xEF5C, 0xEF5D, 0xF79E, 0xF7DF, 0xF7DF,
  0xF7BF, 0xF7BE, 0xF7BF, 0xFFFF, 0xF7BE, 0xEF7D, 0xF79D, 0xF7BE,
  0xF7BE, 0xF79D, 0xF77D, 0xF79E, 0xF7BD, 0xF77C, 0xF73B, 0xF75C,
  0xF77D, 0xF79D, 0xF77D, 0xF77D, 0xF77D, 0xF77D, 0xF77D, 0xF77D,
  0xF79D, 0xF79E, 0xF79D, 0xF77C, 0xEF5C, 0xEF5C, 0xEF5C, 0xEF5C,
  0xEF3B, 0xEF3B, 0xEF1B, 0xEF1B, 0xEF1B, 0xEF3B, 0xEF1A, 0xEEFA,
  0xE6D9, 0xDE98, 0xDE77, 0xDE77, 0xDE97, 0xDEB7, 0xDE97, 0xDE56,
  0xDE56, 0xDE35, 0xD5F4, 0xD614, 0xDE56, 0xDE56, 0xDE56, 0xDE55,
  0xDE55, 0xD635, 0xD614, 0xD5F3, 0xD5F3, 0xD5F3, 0xCDB2, 0xD5B2,
  0xD591, 0xCD50, 0xCD2F, 0xCD30, 0xC510, 0xC4CE, 0xC4AE, 0xC4AE,
  0xBCAF, 0xBCAE, 0xBC8E, 0xBC6D, 0xB44C, 0xB42C, 0xB40C, 0xABEB,
  0xABAA, 0xAB89, 0xA36A, 0xA38A, 0xA36A, 0xA349, 0x9B29, 0x9B08,
  0x9AE8, 0x92C7, 0x92A7, 0x9287, 0x8A66, 0x8A46, 0x8A45, 0x8205,
  0x8205, 0x81E4, 0x81C4, 0x81A4, 0x79A3, 0x7983, 0x7963, 0x7963,
  0x7142, 0x7122, 0x7102, 0x7102, 0x6901, 0x6901, 0x6901, 0x6901,
  0x6901, 0x6901, 0x6901, 0x6901, 0x6901, 0x6901, 0x6901, 0x6901,
  0x6901, 0x6901, 0x6901, 0x6901, 0x6901, 0x6901, 0x6901, 0x6901,
  0x6901, 0x6901, 0x6901, 0x6901, 0x6901, 0x6901, 0x6901, 0x6901,
  0x7102, 0x7122, 0x7142, 0x7142, 0x7963, 0x7963, 0x7983, 0x79A4,
  0x81C4, 0x81E4, 0x81E5, 0x8205, 0x8A25, 0x8A46, 0x8A66, 0x8A66,
  0x92A7, 0x92A7, 0x92A7, 0x9AC7, 0x9AE8, 0x9B28, 0x9B49, 0xA36A,
  0xA38A, 0xA3AA, 0xABCA, 0xABCA, 0xABEB, 0xABEC, 0xAC2C, 0xB44D,
  0xB44D, 0xB46D, 0xBC8E, 0xBCCF, 0xBCEF, 0xBCEF, 0xC4EF, 0xC50F,
  0xC530, 0xC550, 0xC571, 0xC571, 0xCD71, 0xCD51, 0xCD71, 0xD5B2,
  0xD5F3, 0xD5F3, 0xD614, 0xDE35, 0xDE76, 0xDE96, 0xDE96, 0xE697,
  0xE6B8, 0xE696, 0xDE75, 0xDE96, 0xE6D8, 0xEF19, 0xEF3A, 0xEF3A,
  0xEF5B, 0xEF5B, 0xEF18, 0xEF18, 0xEF5A, 0xF739, 0xEEF8, 0xEF3A,
  0xF77C, 0xEF3A, 0xF75A, 0xFF7A, 0xEDD3, 0xE572, 0xF6D9, 0xFFFE,
  0xF7BD, 0xFFDE, 0xFFBE, 0xF7BD, 0xF7BD, 0xF7BD, 0xF79D, 0xF7BD,
  0xFFDD, 0xFF3B, 0xEEB9, 0xF75C, 0xFFFE, 0xF7DD, 0xF77B, 0xF75B,
  0xF77C, 0xF7BD, 0xFFBE, 0xFF9E, 0xFFDE, 0xFFFF, 0xFFFF, 0xF7DF,
  0xF7BE, 0xF7DE, 0xF7BE, 0xEF5D, 0xEF3C, 0xEF5D, 0xF77D, 0xF77E,
  0xF7BF, 0xF7DF, 0xF7DF, 0xF7DF, 0xF7DF, 0xF7DE, 0xF79D, 0xF77D,
  0xF7BE, 0xF7BE, 0xF7BE, 0xF7BE, 0xF79D, 0xEF7D, 0xF79E, 0xF77C,
  0xF75C, 0xEF5C, 0xEF3D, 0xEF5D, 0xF77E, 0xF79E, 0xF79D, 0xF79D,
  0xF79D, 0xF79D, 0xF79E, 0xF79E, 0xF79D, 0xF77D, 0xEF5D, 0xEF5C,
  0xEF3C, 0xEF5C, 0xEF5C, 0xEF5B, 0xEF3B, 0xEF3B, 0xEF3B, 0xEF3B,
  0xEF3B, 0xEF1A, 0xE6D9, 0xDEB8, 0xDE98, 0xDE98, 0xDEB8, 0xDED8,
  0xDEB7, 0xDE76, 0xDE14, 0xD5F4, 0xD636, 0xD656, 0xDE76, 0xDE97,
  0xDE76, 0xDE76, 0xDE75, 0xDE55, 0xDE35, 0xD614, 0xD5F3, 0xD5F3,
  0xCDD3, 0xCDD2, 0xD5B2, 0xCD71, 0xCD50, 0xCD2F, 0xC4EF, 0xC4AE,
  0xC4CE, 0xC4CF, 0xBCCF, 0xBCAE, 0xBCAE, 0xBC6E, 0xBC4D, 0xB44D,
  0xB42D, 0xB40C, 0xABEB, 0xABAA, 0xAB8A, 0xAB69, 0xA369, 0xA369,
  0xA349, 0x9B29, 0x9B08, 0x9AE8, 0x92C7, 0x92A7, 0x9287, 0x8A66,
  0x8A46, 0x8A25, 0x8205, 0x81E5, 0x81E4, 0x81C4, 0x79A4, 0x7983,
  0x7963, 0x7963, 0x7143, 0x7142, 0x7122, 0x7102, 0x6901, 0x6901,
  0x6901, 0x6901, 0x6901, 0x6901, 0x6901, 0x6901, 0x6901, 0x6901,
  0x6901, 0x6901, 0x6901, 0x6901, 0x6901, 0x6901, 0x6901, 0x6901,
  0x6901, 0x6901, 0x6901, 0x6901, 0x6901, 0x6901, 0x6901, 0x6901,
  0x6901, 0x6902, 0x7102, 0x7122, 0x7142, 0x7163, 0x7963, 0x7983,
  0x79A3, 0x79C4, 0x81E4, 0x81E4, 0x8205, 0x8A25, 0x8A45, 0x8A66,
  0x8A66, 0x9286, 0x92A7, 0x92C7, 0x9AC7, 0x9AE7, 0x9B08, 0x9B28,
  0xA369, 0xA38A, 0xA38A, 0xABAA, 0xABCB, 0xABEB, 0xAC0B, 0xAC0C,
  0xB44D, 0xB46D, 0xB46D, 0xBC8D, 0xBCAE, 0xBCEF, 0xC4EF, 0xC4EF,
  0xC50F, 0xC530, 0xC550, 0xC551, 0xC571, 0xCD91, 0xCD91, 0xCD71,
  0xCD71, 0xD5B3, 0xD5F3, 0xD613, 0xD634, 0xDE56, 0xDE76, 0xE697,
  0xE697, 0xE697, 0xE6B8, 0xE6B7, 0xE696, 0xE6B6, 0xEF19, 0xEF3A,
  0xEF5A, 0xEF5A, 0xF77B, 0xF77B, 0xEF3A, 0xE738, 0xEF38, 0xF739,
  0xF71A, 0xEF7B, 0xF79C, 0xF75A, 0xF75A, 0xFF5A, 0xEE56, 0xE593,
  0xF6D9, 0xFFFE, 0xF7BD, 0xF7BE, 0xF7BE, 0xFFDE, 0xFFFE, 0xFFDE,
  0xF7BE, 0xF79D, 0xFFDE, 0xF7BE, 0xEF1B, 0xF71B, 0xFF7C, 0xFF9D,
  0xF77D, 0xF77D, 0xF79D, 0xF7DF, 0xFFFF, 0xFFDF, 0xFFDE, 0xFFDE,
  0xFFFF, 0xF7FF, 0xF7BE, 0xF7BE, 0xEFBE, 0xEF9E, 0xEF7D, 0xF77E,
  0xF79E, 0xEF9E, 0xF7BE, 0xF7DF, 0xF7DF, 0xF7BE, 0xEF9D, 0xEF5D,
  0xEF5D, 0xF79E, 0xF7BF, 0xF7BE, 0xF7BE, 0xF7BE, 0xEF7D, 0xEF7D,
  0xF7BE, 0xEF7D, 0xEF3B, 0xEF1C, 0xEF3D, 0xEF5E, 0xF77E, 0xF77E,
  0xF79E, 0xF79D, 0xF79D, 0xF79D, 0xF7BE, 0xF79D, 0xF77D, 0xF77D,
  0xEF7D, 0xEF7D, 0xEF5C, 0xEF5C, 0xEF7C, 0xEF7C, 0xEF5C, 0xEF5C,
  0xEF3C, 0xEF3B, 0xEF3B, 0xE71A, 0xE6D9, 0xDEB9, 0xDEB8, 0xDEB8,
  0xDEB8, 0xDEB8, 0xDE97, 0xDE55, 0xD5F3, 0xD614, 0xDE77, 0xDE97,
  0xDE76, 0xDE76, 0xDE96, 0xDE96, 0xDE96, 0xDE56, 0xDE55, 0xDE34,
  0xD614, 0xD614, 0xD5F3, 0xCDF3, 0xD5D3, 0xD5B2, 0xD591, 0xCD30,
  0xC4EF, 0xC4CE, 0xC4EF, 0xC4EF, 0xC4CE, 0xBCCE, 0xBCAE, 0xBC8D,
  0xBC6D, 0xB44D, 0xB44D, 0xB42C, 0xB42C, 0xABEC, 0xABCB, 0xAB6A,
  0xA349, 0xA369, 0xA369, 0x9B29, 0x9B28, 0x9B08, 0x9AE8, 0x92C7,
  0x9287, 0x9266, 0x8A66, 0x8A45, 0x8A25, 0x8205, 0x81E4, 0x81E4,
  0x79C4, 0x79A4, 0x7983, 0x7963, 0x7963, 0x7142, 0x7142, 0x7122,
  0x7102, 0x6901, 0x6901, 0x6901, 0x6901, 0x6901, 0x6901, 0x6901,
  0x6901, 0x6901, 0x6901, 0x6901, 0x6901, 0x6901, 0x6901, 0x6901,
  0x6901, 0x6901, 0x6901, 0x6901, 0x6901, 0x6901, 0x6901, 0x6901,
  0x6901, 0x6901, 0x6902, 0x7102, 0x7122, 0x7142, 0x7142, 0x7963,
  0x7983, 0x7983, 0x79A4, 0x81C4, 0x81E4, 0x8205, 0x8205, 0x8A25,
  0x8A45, 0x8A66, 0x9286, 0x92A7, 0x92C7, 0x92E7, 0x9AE8, 0x9B08,
  0x9B28, 0xA349, 0xA369, 0xA38A, 0xA3AA, 0xABCB, 0xABEB, 0xAC0B,
  0xAC0B, 0xB42C, 0xB44D, 0xB46D, 0xBC8E, 0xBCAD, 0xBCAE, 0xBCEF,
  0xC50F, 0xC4EF, 0xC50F, 0xCD51, 0xCD72, 0xCD92, 0xCD92, 0xCD91,
  0xCD91, 0xCD71, 0xCDB2, 0xD5F3, 0xD634, 0xD634, 0xDE55, 0xDE76,
  0xE696, 0xE6B7, 0xE6B7, 0xE6B7, 0xE6D8, 0xE6F8, 0xE6D7, 0xE6B7,
  0xEF19, 0xEF3A, 0xEF5A, 0xEF5A, 0xF739, 0xF759, 0xF77A, 0xEF38,
  0xF6F7, 0xF75A, 0xF77C, 0xF77C, 0xF79C, 0xF75B, 0xF73A, 0xFF5A,
  0xEEB8, 0xE593, 0xF698, 0xFFFE, 0xF7DD, 0xF7BE, 0xF7BE, 0xFFDE,
  0xFFFF, 0xFFFF, 0xFFDE, 0xFFBE, 0xF7BE, 0xF7DE, 0xF7BE, 0xEF1B,
  0xF6DA, 0xF77D, 0xF7DE, 0xF79D, 0xF79D, 0xF7BE, 0xF7DF, 0xF7FF,
  0xF7DE, 0xF7BE, 0xF7BE, 0xF7DF, 0xF7BE, 0xEFBE, 0xEF9E, 0xEFBE,
  0xEF7E, 0xEF7D, 0xF79E, 0xF7BF, 0xEFBF, 0xF79E, 0xF77E, 0xEF5D,
  0xEF3D, 0xE73C, 0xEF5D, 0xF79E, 0xF7DF, 0xF7BE, 0xF7BE, 0xF79E,
  0xEF7D, 0xEF9E, 0xF7DF, 0xEF5C, 0xE6DB, 0xEEFD, 0xEF5E, 0xF79E,
  0xF79E, 0xF77E, 0xF77E, 0xF79E, 0xEF9D, 0xEF9E, 0xEF9E, 0xEF7D,
  0xEF5D, 0xEF7D, 0xEF7D, 0xEF5C, 0xEF5C, 0xEF7C, 0xEF7C, 0xEF7C,
  0xEF5C, 0xEF5C, 0xEF5C, 0xEF3B, 0xEF3B, 0xEF1A, 0xE6D9, 0xDEB9,
  0xDED8, 0xDEB8, 0xDE97, 0xDE77, 0xDE77, 0xDE55, 0xDE34, 0xDE35,
  0xDE76, 0xDE97, 0xDE97, 0xDE97, 0xDE96, 0xDE97, 0xDE96, 0xDE96,
  0xDE76, 0xD635, 0xD614, 0xD614, 0xD634, 0xD614, 0xD5F3, 0xD5D3,
  0xCDB2, 0xCD91, 0xCD50, 0xCD0F, 0xC510, 0xC50F, 0xC4EF, 0xC4CF,
  0xBCAE, 0xBC8D, 0xBC6D, 0xBC4D, 0xBC4D, 0xB44D, 0xB42C, 0xAC0C,
  0xABEC, 0xABCB, 0xAB8A, 0xA349, 0xA328, 0x9B08, 0x9B08, 0x9B08,
  0x9B08, 0x92C8, 0x92A7, 0x9287, 0x8A66, 0x8A46, 0x8A45, 0x8A25,
  0x8205, 0x81E4, 0x81C4, 0x79A4, 0x7983, 0x7983, 0x7963, 0x7163,
  0x7142, 0x7122, 0x7102, 0x6902, 0x6901, 0x6901, 0x6901, 0x6901,
  0x6901, 0x6901, 0x6901, 0x6901, 0x6901, 0x6901, 0x6901, 0x6901,
  0x6901, 0x6901, 0x6901, 0x6901, 0x6901, 0x6901, 0x6901, 0x6901,
  0x6901, 0x6901, 0x6901, 0x6902, 0x6902, 0x7122, 0x7122, 0x7142,
  0x7163, 0x7983, 0x7983, 0x79A3, 0x81C4, 0x81E4, 0x8204, 0x8205,
  0x8A25, 0x8A45, 0x8A66, 0x8A86, 0x9286, 0x92A7, 0x92C7, 0x9AE8,
  0x9B08, 0x9B28, 0xA349, 0xA369, 0xA389, 0xA38A, 0xA3CA, 0xABEB,
  0xAC0B, 0xAC0B, 0xB42C, 0xB44C, 0xB46D, 0xBC8D, 0xBCAE, 0xBCAE,
  0xBCAE, 0xC4CE, 0xC4EF, 0xBCEF, 0xC530, 0xCD71, 0xCD92, 0xCDB2,
  0xCDB2, 0xCD92, 0xCD71, 0xCD92, 0xD5F4, 0xDE35, 0xDE55, 0xDE76,
  0xDE76, 0xE697, 0xE6B7, 0xE6D8, 0xE6D8, 0xE6D7, 0xE6D8, 0xE6F8,
  0xEED7, 0xEED7, 0xEF19, 0xEF3A, 0xF77B, 0xF77B, 0xEF38, 0xEEF6,
  0xF6F6, 0xF6F7, 0xF719, 0xF77B, 0xF7BC, 0xF79C, 0xF7BC, 0xFF9C,
  0xFF7C, 0xF77B, 0xF6F9, 0xE594, 0xF616, 0xFF9D, 0xF7FE, 0xF7DE,
  0xF7DE, 0xFFDE, 0xFFFF, 0xFFFF, 0xFFFF, 0xFFDF, 0xF7BF, 0xF7DE,
  0xF7BD, 0xEEB8, 0xEEBA, 0xF79E, 0xFFFF, 0xF7BE, 0xF7BD, 0xF79E,
  0xF7BE, 0xF7DF, 0xF7DE, 0xF7BE, 0xF79E, 0xF79E, 0xEF9E, 0xEF9E,
  0xEFBE, 0xEFBF, 0xEF7E, 0xE77E, 0xEFBF, 0xF7DF, 0xF7BF, 0xEF7E,
  0xEF3D, 0xEF3D, 0xEF9E, 0xEF7E, 0xEF7D, 0xEF9E, 0xF7BF, 0xF7BE,
  0xF7BE, 0xEF9E, 0xEF5E, 0xEF9E, 0xEF9E, 0xEF1C, 0xEEFC, 0xEF3E,
  0xEF5E, 0xF77E, 0xF7BF, 0xF79E, 0xEF7E, 0xEF7E, 0xEF7E, 0xEF9E,
  0xEF9E, 0xEF7D, 0xEF7D, 0xEF7D, 0xEF5C, 0xEF3C, 0xEF5C, 0xEF5C,
  0xEF7D, 0xEF7C, 0xEF5C, 0xEF5C, 0xEF5C, 0xEF3C, 0xEF3B, 0xE6FA,
  0xE6B9, 0xDE98, 0xDE77, 0xDE77, 0xDE77, 0xDE98, 0xDEB8, 0xDE97,
  0xDE76, 0xD656, 0xDE56, 0xDE96, 0xE6D7, 0xDEB7, 0xDE96, 0xDE96,
  0xDE96, 0xDE96, 0xDE96, 0xDE75, 0xDE35, 0xD635, 0xDE35, 0xDE35,
  0xD614, 0xD5F3, 0xCDD2, 0xCDB2, 0xCD91, 0xCD51, 0xCD51, 0xCD50,
  0xC530, 0xC510, 0xC4EF, 0xBCAE, 0xBC6D, 0xBC4D, 0xBC6D, 0xBC6D,
  0xB44D, 0xB42C, 0xAC0C, 0xABEB, 0xABCB, 0xA369, 0xA308, 0x9B08,
  0x9B08, 0x9B08, 0x9AE8, 0x9AE8, 0x92C7, 0x92A7, 0x9287, 0x8A66,
  0x8A46, 0x8A25, 0x8205, 0x81E5, 0x81E4, 0x81C4, 0x79A4, 0x7983,
  0x7963, 0x7963, 0x7143, 0x7142, 0x7122, 0x7102, 0x6901, 0x6901,
  0x6901, 0x6901, 0x6901, 0x6901, 0x6901, 0x6901, 0x6901, 0x6901,
  0x6901, 0x6901, 0x6901, 0x6901, 0x6901, 0x6901, 0x6901, 0x6901,
  0x6901, 0x6901, 0x6901, 0x6901, 0x6901, 0x6902, 0x7102, 0x7122,
  0x7142, 0x7143, 0x7163, 0x7983, 0x7983, 0x79A4, 0x81C4, 0x81E4,
  0x8205, 0x8A05, 0x8A25, 0x8A46, 0x8A66, 0x9286, 0x92A7, 0x92C7,
  0x9AE8, 0x9B08, 0x9B28, 0x9B48, 0xA349, 0xA369, 0xA3AA, 0xA3AA,
  0xABCA, 0xABEB, 0xAC0B, 0xB40C, 0xB42C, 0xB46D, 0xBC8D, 0xBCAE,
  0xBCCE, 0xBCCE, 0xBCCE, 0xC4CE, 0xC50F, 0xC530, 0xC550, 0xCD91,
  0xCD92, 0xCDB3, 0xCDB2, 0xCDB2, 0xCD92, 0xD5B3, 0xDE14, 0xDE55,
  0xDE76, 0xDE76, 0xE697, 0xE6D7, 0xE6D8, 0xE6D8, 0xE6D8, 0xE6F8,
  0xEEF9, 0xE6F8, 0xEED6, 0xEED7, 0xEF39, 0xEF5A, 0xF77B, 0xF77B,
  0xEF18, 0xEEF6, 0xEED6, 0xF718, 0xF75B, 0xF79C, 0xF7BD, 0xFFBC,
  0xF79C, 0xF79D, 0xF79D, 0xF77C, 0xFF7C, 0xEDD5, 0xED53, 0xF6DA,
  0xFFFF, 0xF7FF, 0xF7DE, 0xFFFF, 0xFFFF, 0xFFFF, 0xFFFF, 0xF7FF,
  0xF7FF, 0xF7BD, 0xF6FA, 0xEE58, 0xEE99, 0xF75D, 0xFFDF, 0xF7FF,
  0xF7DE, 0xF79E, 0xF79E, 0xF7BE, 0xF7BE, 0xF7BE, 0xF7BE, 0xF79E,
  0xF79E, 0xF79E, 0xEF9E, 0xEF9E, 0xE77E, 0xE79E, 0xF7DF, 0xEF9E,
  0xE75D, 0xEF7E, 0xEF9F, 0xEF7E, 0xEFBF, 0xEF7E, 0xEF5D, 0xEF7E,
  0xEF9E, 0xEF7E, 0xEF9E, 0xEF7E, 0xEF7E, 0xEF9F, 0xEF5D, 0xE6FB,
  0xEF3D, 0xF77F, 0xEF5D, 0xEF7E, 0xF79E, 0xF79E, 0xEF9E, 0xEF7E,
  0xEF7D, 0xEF7E, 0xEF7E, 0xEF7D, 0xEF7D, 0xEF5D, 0xEF3C, 0xEF3C,
  0xEF3C, 0xEF3C, 0xEF5C, 0xEF5C, 0xEF5C, 0xEF7D, 0xEF7C, 0xEF5C,
  0xEF3B, 0xE6FA, 0xDED9, 0xDEB8, 0xDE77, 0xDE57, 0xDE98, 0xDEF9,
  0xDEF9, 0xE6F9, 0xDED8, 0xDEB8, 0xDEB7, 0xDE96, 0xE6B7, 0xE6D8,
  0xDEB7, 0xDE96, 0xDE76, 0xDE96, 0xDE96, 0xDE75, 0xDE55, 0xDE55,
  0xDE55, 0xD635, 0xD635, 0xD614, 0xD5F3, 0xD5D3, 0xCD92, 0xCD71,
  0xCD71, 0xCD71, 0xCD51, 0xC530, 0xC510, 0xC4EF, 0xC4CF, 0xBC8E,
  0xBC8D, 0xBC6D, 0xB44C, 0xB42C, 0xAC2C, 0xAC0C, 0xABEB, 0xAB8A,
  0xA349, 0xA329, 0xA329, 0x9B08, 0x9AE8, 0x9AC7, 0x92C7, 0x92A7,
  0x9286, 0x8A66, 0x8A66, 0x8A46, 0x8A25, 0x8205, 0x81E4, 0x81E4,
  0x79A4, 0x79A3, 0x7983, 0x7963, 0x7963, 0x7142, 0x7142, 0x7122,
  0x6902, 0x6902, 0x6901, 0x6901, 0x6901, 0x6901, 0x6901, 0x6901,
  0x6901, 0x6901, 0x6901, 0x6901, 0x6901, 0x6901, 0x6901, 0x6901,
  0x6901, 0x6901, 0x6901, 0x6901, 0x6901, 0x6901, 0x6901, 0x7102,
  0x7122, 0x7142, 0x7142, 0x7963, 0x7963, 0x7983, 0x79A4, 0x81C4,
  0x81E4, 0x81E4, 0x8205, 0x8A25, 0x8A45, 0x8A66, 0x9286, 0x92A7,
  0x92C7, 0x9AE8, 0x9B08, 0x9B28, 0x9B28, 0xA349, 0xA369, 0xA38A,
  0xABCA, 0xABEB, 0xABEB, 0xABEA, 0xAC0B, 0xB42C, 0xB46D, 0xBC8D,
  0xBC8E, 0xBCCE, 0xBCEF, 0xBCEF, 0xBCCF, 0xC510, 0xC531, 0xC550,
  0xC550, 0xCD91, 0xCDB2, 0xCDB3, 0xCDD3, 0xCDD3, 0xD5D3, 0xD5D3,
  0xD634, 0xDE56, 0xDE76, 0xDE96, 0xE6B7, 0xE6D8, 0xE6D8, 0xE6D8,
  0xEEF8, 0xEF19, 0xEF19, 0xEF18, 0xEEB7, 0xEEB7, 0xF719, 0xEF7B,
  0xF77B, 0xF77B, 0xF739, 0xEEF7, 0xF719, 0xF75B, 0xF79C, 0xF7BC,
  0xF79D, 0xF79D, 0xF7BD, 0xFFDD, 0xFFBC, 0xFF9C, 0xFFFF, 0xEE98,
  0xDD12, 0xEDB6, 0xFF9E, 0xF7BE, 0xF79D, 0xF7BE, 0xF7BE, 0xFFBE,
  0xFFDF, 0xF7FF, 0xF7DE, 0xF75C, 0xEEBA, 0xEEBA, 0xEEB9, 0xEEDA,
  0xF77D, 0xF7DF, 0xF7DF, 0xF7DF, 0xF7BE, 0xEF9E, 0xEF7D, 0xF79E,
  0xFFBE, 0xF7DE, 0xF7BE, 0xF79E, 0xEF7E, 0xEFBF, 0xEFBF, 0xE77E,
  0xE71C, 0xDEBB, 0xDEBB, 0xE73D, 0xF79F, 0xEF9E, 0xEF7D, 0xE73C,
  0xE71C, 0xEF5D, 0xE77D, 0xE75D, 0xE75D, 0xE73D, 0xEF7E, 0xEF7D,
  0xDEFB, 0xE6FB, 0xEF7E, 0xF79E, 0xEF3D, 0xEF5E, 0xEF7E, 0xEF7E,
  0xEF9E, 0xEF7E, 0xEF7D, 0xEF5D, 0xEF5D, 0xEF7D, 0xEF7D, 0xEF5D,
  0xE71C, 0xE71C, 0xE73C, 0xEF5C, 0xEF5C, 0xEF5C, 0xEF5C, 0xEF7D,
  0xEF7C, 0xEF5C, 0xE71B, 0xE6FA, 0xDED9, 0xDEB9, 0xDEB8, 0xDEB8,
  0xDED9, 0xE71A, 0xE73A, 0xE71A, 0xE6F9, 0xDF19, 0xDEF8, 0xDEB7,
  0xDEB7, 0xE6D8, 0xE6D8, 0xE6B7, 0xDE96, 0xE676, 0xDE76, 0xDE76,
  0xDE55, 0xDE35, 0xDE55, 0xD655, 0xDE35, 0xDE35, 0xD614, 0xD5F3,
  0xCDB2, 0xD592, 0xCD92, 0xCD71, 0xCD71, 0xCD50, 0xC530, 0xC510,
  0xC4F0, 0xBCCF, 0xBCAE, 0xBC8D, 0xBC4D, 0xB42C, 0xB42C, 0xAC0C,
  0xABEB, 0xABAA, 0xAB69, 0xA349, 0xA349, 0xA329, 0x9B08, 0x9AE7,
  0x92A7, 0x9286, 0x9266, 0x9266, 0x8A66, 0x8A46, 0x8A25, 0x8A25,
  0x8205, 0x81E4, 0x81C4, 0x79A4, 0x7983, 0x7983, 0x7963, 0x7143,
  0x7142, 0x7122, 0x7102, 0x6902, 0x6901, 0x6901, 0x6901, 0x6901,
  0x6901, 0x6901, 0x6901, 0x6901, 0x6901, 0x6901, 0x6901, 0x6901,
  0x6901, 0x6901, 0x6901, 0x6901, 0x6901, 0x6901, 0x6901, 0x6901,
  0x6902, 0x7122, 0x7122, 0x7142, 0x7142, 0x7963, 0x7983, 0x79A3,
  0x79A4, 0x81C4, 0x81E4, 0x8205, 0x8A25, 0x8A45, 0x8A66, 0x9286,
  0x92A7, 0x92C7, 0x9AC7, 0x9AE8, 0x9B28, 0x9B28, 0x9B48, 0xA349,
  0xA38A, 0xABAA, 0xABCA, 0xABEB, 0xABEB, 0xB40B, 0xB42C, 0xB44C,
  0xB46D, 0xBCAE, 0xBCAE, 0xBCCF, 0xC4EF, 0xC4EF, 0xC4F0, 0xC531,
  0xC551, 0xCD71, 0xC551, 0xCD71, 0xCDB2, 0xD5D3, 0xCDF4, 0xCDF3,
  0xD5F3, 0xD5F3, 0xD635, 0xDE76, 0xDE97, 0xE6B7, 0xE6D8, 0xE6F8,
  0xE6F8, 0xE6F8, 0xEF19, 0xEF39, 0xEF38, 0xEF38, 0xEEF8, 0xEED7,
  0xF719, 0xF75A, 0xF77A, 0xF79B, 0xF77B, 0xF718, 0xF719, 0xF77B,
  0xF7BC, 0xF79C, 0xF79D, 0xF7BE, 0xFFFE, 0xFFBB, 0xFF39, 0xFF5B,
  0xFFFF, 0xF71A, 0xDD12, 0xE535, 0xFF5D, 0xF77D, 0xF77D, 0xF77D,
  0xF77D, 0xF79E, 0xF79E, 0xF79E, 0xF77D, 0xF73C, 0xF75D, 0xEF5C,
  0xE6DA, 0xEEBA, 0xEEFB, 0xEF5C, 0xF79E, 0xF7DF, 0xF7BE, 0xEF9E,
  0xEF5D, 0xEF7E, 0xF7BE, 0xF7DE, 0xF7BE, 0xEF9E, 0xEF9F, 0xEFBF,
  0xEF7E, 0xDEFB, 0xD67A, 0xD67A, 0xDE9A, 0xDEBB, 0xE71D, 0xEF5D,
  0xE71C, 0xE6FC, 0xE71C, 0xE73D, 0xE75D, 0xE77E, 0xE73D, 0xE73D,
  0xEF5D, 0xDEFB, 0xDEB9, 0xE71C, 0xEF9F, 0xEF7E, 0xEF5D, 0xEF5E,
  0xEF5E, 0xEF7E, 0xEF7E, 0xEF7E, 0xEF7D, 0xEF7D, 0xEF5D, 0xEF5D,
  0xEF5D, 0xEF5D, 0xE71C, 0xE71C, 0xE75C, 0xEF7D, 0xEF7D, 0xEF5C,
  0xEF5C, 0xEF5C, 0xEF5C, 0xEF3C, 0xE6FB, 0xE6DA, 0xE6D9, 0xDED9,
  0xDEF9, 0xE6D9, 0xE6F9, 0xE71A, 0xE73A, 0xE73A, 0xE71A, 0xDF19,
  0xDEF8, 0xDEF8, 0xDED7, 0xE6D8, 0xE6D8, 0xE6D8, 0xE6B7, 0xE676,
  0xE676, 0xDE76, 0xDE76, 0xDE55, 0xDE55, 0xDE75, 0xDE55, 0xDE35,
  0xDE34, 0xD5F3, 0xD5D2, 0xD5B2, 0xCDB2, 0xCD92, 0xCD71, 0xCD51,
  0xCD51, 0xC530, 0xC510, 0xC4EF, 0xBCCF, 0xBCAE, 0xBC6D, 0xBC4C,
  0xB42C, 0xB42C, 0xB40C, 0xABCB, 0xAB8A, 0xA349, 0xA349, 0xA349,
  0x9B29, 0x9B08, 0x9AC8, 0x92A7, 0x9286, 0x9266, 0x8A45, 0x8A45,
  0x8A45, 0x8A25, 0x8205, 0x8205, 0x81E4, 0x81C4, 0x79A4, 0x7983,
  0x7963, 0x7163, 0x7142, 0x7142, 0x7122, 0x7102, 0x6901, 0x6901,
  0x6901, 0x6901, 0x6901, 0x6901, 0x6901, 0x6901, 0x6901, 0x6901,
  0x6901, 0x6901, 0x6901, 0x6901, 0x6901, 0x6901, 0x6901, 0x6901,
  0x6901, 0x6901, 0x7102, 0x7122, 0x7142, 0x7142, 0x7963, 0x7963,
  0x7983, 0x79A4, 0x81C4, 0x81E4, 0x8204, 0x8205, 0x8A25, 0x8A45,
  0x8A66, 0x9286, 0x92A7, 0x92C7, 0x9AE8, 0x9B08, 0x9B28, 0x9B49,
  0xA349, 0xA369, 0xA389, 0xABAA, 0xABCB, 0xABEB, 0xB40C, 0xB42D,
  0xB44D, 0xB44C, 0xB46C, 0xBCAE, 0xBCCF, 0xBCEF, 0xBCEF, 0xC4EF,
  0xC530, 0xC531, 0xCD51, 0xCD92, 0xCD92, 0xC571, 0xCD92, 0xD5D4,
  0xD5F4, 0xCDD3, 0xCDB3, 0xD5F4, 0xDE76, 0xDE97, 0xE697, 0xE6B7,
  0xE6D8, 0xE6F8, 0xE6F8, 0xE6F9, 0xEF1A, 0xEF39, 0xEF38, 0xF759,
  0xF759, 0xEF19, 0xEF19, 0xF759, 0xF75A, 0xF79C, 0xF7BD, 0xF75B,
  0xEED7, 0xF717, 0xF77A, 0xF79D, 0xF7BE, 0xFFDD, 0xFF7A, 0xF697,
  0xEDF5, 0xF657, 0xFF3A, 0xF636, 0xECF3, 0xEDB7, 0xFF9E, 0xF77D,
  0xF77D, 0xF79E, 0xF79E, 0xF7BE, 0xEF9E, 0xEF5D, 0xF75D, 0xF79E,
  0xF7DF, 0xEF7D, 0xE71B, 0xE71C, 0xEF1C, 0xEEFB, 0xEF1C, 0xEF3C,
  0xEF5D, 0xEF7D, 0xEF9E, 0xF79E, 0xEF9E, 0xEF7D, 0xEF7D, 0xEF9E,
  0xEF7D, 0xE73C, 0xDEBA, 0xD67A, 0xDEBC, 0xDEFC, 0xDEFC, 0xDEDB,
  0xDEDB, 0xDEFC, 0xDF1D, 0xE73D, 0xE73D, 0xDF1D, 0xE73D, 0xEF7E,
  0xE75D, 0xE73D, 0xE71C, 0xDEBA, 0xE6DB, 0xE75E, 0xEF7F, 0xE75E,
  0xEF5E, 0xEF5D, 0xEF5D, 0xEF7D, 0xEF7E, 0xEF7E, 0xEF7E, 0xEF7D,
  0xEF5D, 0xEF5D, 0xEF5D, 0xE75D, 0xE71C, 0xE71C, 0xE75C, 0xEF7D,
  0xEF7D, 0xE75C, 0xE73C, 0xEF3C, 0xEF5C, 0xE73C, 0xE6FB, 0xDEBA,
  0xE6DA, 0xE6FA, 0xDED9, 0xDEF9, 0xE6FA, 0xE71A, 0xE73A, 0xE73A,
  0xE73A, 0xDF19, 0xDF18, 0xDEF8, 0xDED8, 0xE6D8, 0xE6F8, 0xE6F8,
  0xE6D7, 0xE696, 0xE696, 0xE676, 0xDE76, 0xDE76, 0xDE55, 0xDE55,
  0xDE55, 0xDE55, 0xDE34, 0xD613, 0xD5F3, 0xD5D3, 0xCDD3, 0xCDB3,
  0xCD92, 0xCD72, 0xCD51, 0xC531, 0xC530, 0xC4F0, 0xC4CF, 0xBCAE,
  0xBC8E, 0xBC6D, 0xB44D, 0xB42C, 0xB40C, 0xABEB, 0xABAA, 0xA349,
  0xA349, 0xA349, 0x9B29, 0x9B08, 0x9AE8, 0x9AC8, 0x92C7, 0x9286,
  0x9246, 0x8A45, 0x8A25, 0x8A25, 0x8A05, 0x8205, 0x81E4, 0x81C4,
  0x79A4, 0x7983, 0x7983, 0x7963, 0x7163, 0x7142, 0x7122, 0x7122,
  0x6902, 0x6901, 0x6901, 0x6901, 0x6901, 0x6901, 0x6901, 0x6901,
  0x6901, 0x6901, 0x6901, 0x6901, 0x6901, 0x6901, 0x6901, 0x6901,
  0x6901, 0x6901, 0x6901, 0x6902, 0x7122, 0x7122, 0x7142, 0x7163,
  0x7963, 0x7983, 0x79A3, 0x79C4, 0x81C4, 0x81E4, 0x8205, 0x8A25,
  0x8A45, 0x8A66, 0x9286, 0x92A7, 0x92C7, 0x9AE7, 0x9B08, 0x9B08,
  0x9B29, 0xA369, 0xA389, 0xA389, 0xAB89, 0xABAA, 0xABEB, 0xB40C,
  0xB42C, 0xB44D, 0xB46D, 0xBC8D, 0xBC8D, 0xBCAE, 0xBCCF, 0xBCEF,
  0xBCEF, 0xC510, 0xC551, 0xC571, 0xCD92, 0xCDB2, 0xCDD3, 0xCDB2,
  0xCD92, 0xCDD2, 0xD5D3, 0xD5B2, 0xD593, 0xDDD4, 0xE676, 0xE6B7,
  0xE6B7, 0xE6B7, 0xE6D8, 0xE6F8, 0xE6D8, 0xE719, 0xEF3A, 0xEF39,
  0xEF59, 0xF77A, 0xF77A, 0xF75A, 0xF739, 0xF759, 0xF75A, 0xF75B,
  0xF79C, 0xF79C, 0xF759, 0xEED6, 0xEED8, 0xFFBD, 0xFFFD, 0xF738,
  0xED93, 0xE4F3, 0xE554, 0xDD32, 0xE4F2, 0xECB1, 0xED55, 0xF6BA,
  0xF79E, 0xF79E, 0xF79E, 0xF7BF, 0xF7DF, 0xF7DF, 0xEFBE, 0xEF7E,
  0xF79E, 0xF7DF, 0xF79E, 0xEF7D, 0xEF5D, 0xEF5D, 0xEF7D, 0xEF3D,
  0xE6FB, 0xE6BA, 0xE6BA, 0xEEFB, 0xEF5D, 0xEF7D, 0xEF5C, 0xE71C,
  0xE73C, 0xE71C, 0xE6DB, 0xDE9A, 0xD67A, 0xD69B, 0xDEFC, 0xD6DB,
  0xDEDC, 0xE71D, 0xDEFC, 0xD6BB, 0xDF1C, 0xE77E, 0xE77E, 0xDF1D,
  0xDEFC, 0xE73D, 0xE73D, 0xDF3D, 0xDEFB, 0xDEBA, 0xDEFC, 0xE75E,
  0xE75E, 0xE75E, 0xE73D, 0xE73D, 0xE73D, 0xE73D, 0xE73D, 0xEF5D,
  0xEF7E, 0xEF5D, 0xE73D, 0xE73D, 0xE73D, 0xE71C, 0xE71C, 0xE73C,
  0xE75D, 0xE75D, 0xE75D, 0xE73C, 0xE71C, 0xE71C, 0xE73C, 0xE71B,
  0xDEDA, 0xDEBA, 0xDEFA, 0xDEFA, 0xDED9, 0xDED9, 0xE6FA, 0xE71A,
  0xE73A, 0xE75A, 0xE75B, 0xE73A, 0xE739, 0xDEF9, 0xE6D8, 0xE6F9,
  0xE718, 0xE6F7, 0xE6B7, 0xDEB7, 0xE697, 0xDE97, 0xDE96, 0xDE96,
  0xDE76, 0xDE55, 0xDE54, 0xDE54, 0xDE35, 0xDE34, 0xD614, 0xD5F4,
  0xD5F4, 0xD5D3, 0xD5B3, 0xCD92, 0xCD72, 0xCD51, 0xC531, 0xC510,
  0xC4EF, 0xBCCF, 0xBCAE, 0xBC8E, 0xBC6E, 0xB44D, 0xB42C, 0xB40B,
  0xABCB, 0xAB69, 0xA328, 0xA329, 0xA349, 0x9B28, 0x9AE8, 0x9AE8,
  0x92C8, 0x92A7, 0x9286, 0x8A66, 0x8A46, 0x8A25, 0x8A05, 0x8205,
  0x81E4, 0x81E4, 0x81C4, 0x79A4, 0x7983, 0x7963, 0x7963, 0x7142,
  0x7142, 0x7122, 0x7102, 0x6901, 0x6901, 0x6901, 0x6901, 0x6901,
  0x6901, 0x6901, 0x6901, 0x6901, 0x6901, 0x6901, 0x6901, 0x6901,
  0x6901, 0x6901, 0x6901, 0x6901, 0x6901, 0x6902, 0x7122, 0x7122,
  0x7142, 0x7163, 0x7963, 0x7983, 0x79A4, 0x81C4, 0x81E4, 0x8204,
  0x8205, 0x8A25, 0x8A66, 0x8A66, 0x9286, 0x92C7, 0x92C7, 0x9AE8,
  0x9B08, 0x9B29, 0xA349, 0xA36A, 0xA38A, 0xA38A, 0xAB89, 0xABCB,
  0xB40B, 0xB42C, 0xB44D, 0xB46D, 0xBC8D, 0xBCAE, 0xBCAF, 0xBCCF,
  0xBCCE, 0xBCEF, 0xBD0F, 0xC510, 0xC551, 0xC571, 0xCD92, 0xCDB2,
  0xCDD3, 0xCDD3, 0xCDB2, 0xCDB2, 0xD5D3, 0xD5D3, 0xD5B3, 0xDDF4,
  0xE676, 0xE696, 0xE6B6, 0xE6B7, 0xE6D7, 0xE6B7, 0xE6D7, 0xE718,
  0xEF39, 0xEF39, 0xEF5A, 0xF77B, 0xF79B, 0xF77A, 0xF759, 0xF75A,
  0xF77B, 0xF77B, 0xF77B, 0xF77B, 0xF79C, 0xF75A, 0xF73B, 0xF79B,
  0xF779, 0xE5D3, 0xED53, 0xF618, 0xF699, 0xE5F6, 0xE575, 0xEDD6,
  0xF6BA, 0xF75C, 0xF77D, 0xF77E, 0xF77D, 0xF7BE, 0xF7DF, 0xF7DF,
  0xF7BE, 0xF7BE, 0xF7BE, 0xF7BE, 0xEF7E, 0xEF7D, 0xF79E, 0xF79E,
  0xEF7E, 0xEF3D, 0xE71C, 0xEF1C, 0xEF1C, 0xE6FB, 0xE6DB, 0xE6FB,
  0xE71B, 0xEF3C, 0xEF3D, 0xE71C, 0xDEDB, 0xE6FC, 0xE71D, 0xDEDC,
  0xD6BB, 0xD6DC, 0xDF1E, 0xE77F, 0xDF3D, 0xCE9B, 0xD6DC, 0xE77E,
  0xE79F, 0xDF5D, 0xD6FC, 0xD6DC, 0xD6FC, 0xD6FC, 0xD6BA, 0xDEBA,
  0xDEFD, 0xE73E, 0xDF5D, 0xDF3D, 0xDF3D, 0xDF3D, 0xDF1D, 0xDEFD,
  0xE71D, 0xE73D, 0xE73D, 0xE73D, 0xE73D, 0xE73D, 0xE73D, 0xE71C,
  0xE6FB, 0xE71C, 0xE73D, 0xE73D, 0xE71C, 0xDEFC, 0xE6FB, 0xE6FB,
  0xE6FB, 0xE6FB, 0xDEDA, 0xDEDA, 0xDEDA, 0xDEFA, 0xDED9, 0xDEF9,
  0xDEFA, 0xE6FA, 0xE71A, 0xE75A, 0xE75B, 0xE75A, 0xE73A, 0xE719,
  0xE6F8, 0xE6F8, 0xE718, 0xE6F8, 0xE6D7, 0xE6D8, 0xE6D8, 0xE6D8,
  0xE6B7, 0xDE96, 0xDE76, 0xDE75, 0xDE75, 0xDE55, 0xDE34, 0xDE34,
  0xDE35, 0xDE15, 0xD5F4, 0xD5D4, 0xD5B3, 0xCDB3, 0xCD72, 0xCD52,
  0xCD51, 0xC530, 0xC510, 0xC4F0, 0xC4CF, 0xBCAF, 0xBC8E, 0xBC4D,
  0xB42C, 0xB42C, 0xABEB, 0xAB8A, 0xA348, 0xA328, 0xA308, 0x9B08,
  0x9B08, 0x9AE8, 0x9AC8, 0x92C7, 0x92A7, 0x9286, 0x8A66, 0x8A46,
  0x8A25, 0x8205, 0x81E4, 0x81E4, 0x81C4, 0x79A4, 0x79A3, 0x7963,
  0x7963, 0x7963, 0x7142, 0x7122, 0x7122, 0x6902, 0x6901, 0x6901,
  0x6901, 0x6901, 0x6901, 0x6901, 0x6901, 0x6901, 0x6901, 0x6901,
  0x6901, 0x6901, 0x6901, 0x6901, 0x6901, 0x6901, 0x6902, 0x7102,
  0x7122, 0x7122, 0x7142, 0x7963, 0x7983, 0x79A3, 0x79A4, 0x81C4,
  0x81E4, 0x8205, 0x8A25, 0x8A45, 0x8A66, 0x8A86, 0x92A7, 0x92C7,
  0x92E8, 0x9B08, 0x9B28, 0x9B49, 0xA369, 0xA38A, 0xA3AA, 0xABAA,
  0xABAA, 0xABEB, 0xB40C, 0xB44C, 0xB44D, 0xBC6D, 0xBC8E, 0xBCAE,
  0xBCCF, 0xBCEF, 0xBCEF, 0xC50F, 0xC50F, 0xC530, 0xC551, 0xCD72,
  0xCD92, 0xCDB2, 0xD5D3, 0xD5F3, 0xD5D2, 0xCDD2, 0xD5D3, 0xD5D3,
  0xD5F4, 0xDE14, 0xDE35, 0xDE54, 0xDE75, 0xDE75, 0xDE76, 0xE6B7,
  0xE6F8, 0xEF18, 0xEF39, 0xEF5A, 0xEF7B, 0xEF7B, 0xF77B, 0xF77A,
  0xF739, 0xF75A, 0xF79C, 0xF77C, 0xF75B, 0xF77C, 0xF7BD, 0xFFDE,
  0xFFDD, 0xF739, 0xE614, 0xE553, 0xF69A, 0xFFBE, 0xFF9D, 0xF71B,
  0xF6DA, 0xF71C, 0xF77D, 0xF77D, 0xF73C, 0xF77D, 0xEF7D, 0xEF9E,
  0xF7BF, 0xF7DF, 0xF7BE, 0xF7BE, 0xEF9E, 0xEF7E, 0xEF7E, 0xEF7E,
  0xEF9E, 0xF79E, 0xF77E, 0xEF5D, 0xEF3C, 0xEF7D, 0xEF9E, 0xEF5C,
  0xE6FB, 0xEF1C, 0xEF3C, 0xE73C, 0xE71C, 0xE71C, 0xE71D, 0xE75E,
  0xE75E, 0xDEFC, 0xD6DB, 0xDF1E, 0xE77F, 0xE77F, 0xDF3D, 0xD6BC,
  0xD6BC, 0xDF3D, 0xDF9E, 0xDF5E, 0xD71C, 0xCEBB, 0xD6FC, 0xD6DB,
  0xD69A, 0xD6BB, 0xDEFD, 0xDF1D, 0xDF3D, 0xDF3D, 0xDF1D, 0xDF1D,
  0xDF1D, 0xDEFD, 0xE71D, 0xE71D, 0xE71D, 0xE71D, 0xDF1D, 0xDF1D,
  0xE71D, 0xE71D, 0xE6FC, 0xE6FB, 0xE6FC, 0xE6FB, 0xDEDB, 0xDEBB,
  0xDEDB, 0xDEDB, 0xDEFB, 0xDEDB, 0xDEDA, 0xDEDA, 0xDEBA, 0xDED9,
  0xDED9, 0xDEFA, 0xDEFA, 0xDED9, 0xE6F9, 0xE73A, 0xE75B, 0xE75A,
  0xE73A, 0xE739, 0xDF39, 0xE719, 0xE6F8, 0xE6F8, 0xE6F8, 0xE6F9,
  0xE718, 0xE6F8, 0xE6F8, 0xDED7, 0xDEB6, 0xDE96, 0xE696, 0xE676,
  0xDE54, 0xDE13, 0xDE14, 0xD615, 0xD615, 0xD5F4, 0xD5D4, 0xCDB3,
  0xCD92, 0xCD72, 0xCD51, 0xCD31, 0xC530, 0xC510, 0xC4D0, 0xBCCF,
  0xBC8E, 0xBC6E, 0xB44D, 0xB42C, 0xABEB, 0xAB8A, 0xAB49, 0xA328,
  0xA308, 0xA2C7, 0x9AE7, 0x9AE8, 0x9AE8, 0x9AC7, 0x92C7, 0x9286,
  0x9266, 0x8A66, 0x8A46, 0x8A25, 0x8205, 0x81E4, 0x81C4, 0x81A4,
  0x79A4, 0x7983, 0x7963, 0x7963, 0x7142, 0x7142, 0x7122, 0x7102,
  0x6902, 0x6901, 0x6901, 0x6901, 0x6901, 0x6901, 0x6901, 0x6901,
  0x6901, 0x6901, 0x6901, 0x6901, 0x6901, 0x6901, 0x6901, 0x6901,
  0x7102, 0x7102, 0x7122, 0x7142, 0x7142, 0x7963, 0x7983, 0x79A4,
  0x81C4, 0x81E4, 0x81E4, 0x8205, 0x8A25, 0x8A46, 0x8A66, 0x9286,
  0x92A7, 0x92C7, 0x92E8, 0x9B08, 0x9B28, 0xA349, 0xA369, 0xA38A,
  0xABAA, 0xABCA, 0xABCB, 0xB3EB, 0xB42C, 0xB44C, 0xB46D, 0xBC8D,
  0xBCAE, 0xBCCF, 0xBCEF, 0xC510, 0xC530, 0xC530, 0xC50F, 0xC530,
  0xCD71, 0xCD92, 0xCDB2, 0xCDB3, 0xD5F3, 0xD5F3, 0xD5F3, 0xD5F3,
  0xD5D3, 0xD5F3, 0xDE35, 0xDE55, 0xDE35, 0xDE35, 0xDE56, 0xDE56,
  0xDE76, 0xE6D8, 0xEF39, 0xEF3A, 0xEF5A, 0xEF7B, 0xF77C, 0xF77B,
  0xEF7B, 0xF77A, 0xF73A, 0xF73A, 0xF77C, 0xF77C, 0xF77C, 0xF79D,
  0xF7BD, 0xFFDD, 0xFFFD, 0xF718, 0xE532, 0xED54, 0xFF3C, 0xFFFF,
  0xFFBD, 0xFF7D, 0xF75C, 0xEF3B, 0xEF5C, 0xF77D, 0xF75D, 0xF77E,
  0xF79E, 0xF79E, 0xEF9E, 0xEFBE, 0xF7BE, 0xF79E, 0xEF7E, 0xEF5D,
  0xEF3D, 0xEF7E, 0xEF9E, 0xEF9E, 0xF79E, 0xF7BE, 0xEF5D, 0xEF5D,
  0xEF9E, 0xEF7D, 0xE75D, 0xEF7E, 0xEF7E, 0xE73C, 0xDEFB, 0xDEFC,
  0xDEFD, 0xDF3E, 0xD71D, 0xD6DB, 0xD6DC, 0xDF5E, 0xE77F, 0xDF3E,
  0xD71D, 0xD6DC, 0xD69B, 0xD6DC, 0xD73D, 0xD73E, 0xD6FD, 0xD6DB,
  0xDEFB, 0xDEDA, 0xD69A, 0xDEDC, 0xDF1D, 0xDF1C, 0xDF1D, 0xDF3D,
  0xDF1D, 0xDEFC, 0xDEFC, 0xDF1D, 0xE71D, 0xE6FD, 0xDEFD, 0xDF1D,
  0xDF1D, 0xDF1D, 0xE71D, 0xE71C, 0xE71C, 0xE6DB, 0xDEBB, 0xDEBB,
  0xDEBB, 0xDEBB, 0xDEBB, 0xDEDB, 0xDEDB, 0xDEDB, 0xDEDB, 0xDEBA,
  0xDEBA, 0xDEB9, 0xDEB9, 0xDEDA, 0xDEDA, 0xDED9, 0xDED9, 0xE6FA,
  0xE75A, 0xE75A, 0xE75A, 0xE73A, 0xE73A, 0xE73A, 0xE719, 0xE6F9,
  0xE6F9, 0xE719, 0xE719, 0xE718, 0xE6F8, 0xE6F8, 0xDED8, 0xE6B7,
  0xE696, 0xE696, 0xE655, 0xDE13, 0xD5F4, 0xD615, 0xD615, 0xD614,
  0xD5F4, 0xD5D3, 0xCDB3, 0xCD92, 0xCD72, 0xCD51, 0xCD31, 0xC510,
  0xC4F0, 0xC4CF, 0xBCAF, 0xBC6E, 0xB44D, 0xB42D, 0xABEB, 0xAB8A,
  0xAB69, 0xA349, 0xA308, 0xA2C7, 0x9AA7, 0x9AE7, 0x9B08, 0x9AE8,
  0x92C7, 0x92A7, 0x9286, 0x9266, 0x8A46, 0x8A45, 0x8205, 0x81E5,
  0x81E4, 0x81C4, 0x79A3, 0x7983, 0x7983, 0x7963, 0x7142, 0x7142,
  0x7122, 0x7102, 0x6902, 0x6901, 0x6901, 0x6901, 0x6901, 0x6901,
  0x6901, 0x6901, 0x6901, 0x6901, 0x6901, 0x6901, 0x6901, 0x6901,
  0x6901, 0x6902, 0x7102, 0x7122, 0x7122, 0x7142, 0x7962, 0x7963,
  0x7983, 0x79A4, 0x81E4, 0x81E4, 0x8205, 0x8225, 0x8A45, 0x8A66,
  0x9286, 0x92A7, 0x92C7, 0x9AE7, 0x9B08, 0x9B28, 0x9B49, 0xA349,
  0xA369, 0xABAA, 0xABCA, 0xABCB, 0xABEB, 0xB40C, 0xB42C, 0xB44D,
  0xB46D, 0xBCAE, 0xBCCF, 0xBCCF, 0xC4EF, 0xC510, 0xC530, 0xC550,
  0xC550, 0xC550, 0xCD71, 0xCDB2, 0xCDD3, 0xCDD3, 0xD5F3, 0xD5F3,
  0xD5F2, 0xD5F2, 0xD5F3, 0xDE14, 0xDE55, 0xE676, 0xDE76, 0xDE77,
  0xDE97, 0xDEB7, 0xE6D8, 0xEF19, 0xEF5A, 0xEF5B, 0xF77B, 0xF79B,
  0xF79C, 0xF79C, 0xEF7B, 0xEF7B, 0xF75B, 0xF75B, 0xF75B, 0xF77B,
  0xF77C, 0xF79D, 0xF79D, 0xF77C, 0xF7BD, 0xF73A, 0xE5B4, 0xE512,
  0xF699, 0xFFBE, 0xFF9D, 0xF75C, 0xF75C, 0xEF1B, 0xEF3C, 0xF77D,
  0xF79D, 0xF79D, 0xF79E, 0xF79E, 0xF79E, 0xF79E, 0xF79E, 0xF79E,
  0xF79E, 0xEF5D, 0xEF3D, 0xEF7D, 0xF79E, 0xF79E, 0xF79E, 0xF7BF,
  0xEF9E, 0xEF5E, 0xE73D, 0xE71C, 0xE6FC, 0xE71C, 0xE71D, 0xDEFC,
  0xD6BB, 0xD67A, 0xCE7A, 0xCE7A, 0xCE7B, 0xC67B, 0xC65B, 0xCEBC,
  0xCEDC, 0xCE9B, 0xC67B, 0xC69B, 0xC65A, 0xC639, 0xCE7B, 0xD6DD,
  0xD6DC, 0xD6DB, 0xD6DB, 0xD6BA, 0xD6BA, 0xDEFC, 0xDF1C, 0xDEFC,
  0xDEFC, 0xDF1D, 0xDF1D, 0xDEDC, 0xDEFC, 0xDF1C, 0xDEFC, 0xDEDC,
  0xDEDC, 0xDEFC, 0xDF1D, 0xDEFD, 0xDEDC, 0xDEDC, 0xDEDB, 0xDEFC,
  0xDEDC, 0xDEBB, 0xDEBB, 0xDEDB, 0xDEDB, 0xDEDB, 0xDEDB, 0xDEDB,
  0xDEBB, 0xDEBA, 0xDEBA, 0xDEB9, 0xDE99, 0xDE99, 0xDED9, 0xE6FA,
  0xE6FA, 0xDED9, 0xE71A, 0xE75A, 0xE73A, 0xE739, 0xEF3A, 0xE73A,
  0xE719, 0xE719, 0xE719, 0xE739, 0xE739, 0xE719, 0xE719, 0xE6F9,
  0xDEF9, 0xDED7, 0xDE96, 0xDE75, 0xE655, 0xDE35, 0xDE35, 0xDE35,
  0xDE34, 0xD614, 0xD5F3, 0xD5D3, 0xD5D3, 0xCDB2, 0xCD92, 0xCD72,
  0xCD51, 0xCD31, 0xC510, 0xC4F0, 0xBCCF, 0xBC8E, 0xBC4D, 0xB42D,
  0xB3EC, 0xABAA, 0xAB69, 0xA349, 0xA328, 0xA2E8, 0xA2E7, 0x9AE7,
  0x9B08, 0x9AE8, 0x9AC7, 0x92A7, 0x92A7, 0x9266, 0x8A66, 0x8A46,
  0x8A25, 0x8205, 0x8205, 0x81E4, 0x81A4, 0x7983, 0x7983, 0x7963,
  0x7163, 0x7142, 0x7122, 0x7122, 0x6902, 0x6902, 0x6901, 0x6901,
  0x6901, 0x6901, 0x6901, 0x6901, 0x6901, 0x6901, 0x6901, 0x6901,
  0x6901, 0x6901, 0x6902, 0x7102, 0x7122, 0x7122, 0x7122, 0x7142,
  0x7962, 0x7963, 0x7983, 0x79C4, 0x81E4, 0x8205, 0x8A25, 0x8A25,
  0x8A45, 0x9266, 0x92A7, 0x92C7, 0x92C7, 0x9B08, 0x9B28, 0x9B28,
  0xA349, 0xA369, 0xA38A, 0xABAA, 0xABCB, 0xABEB, 0xB40B, 0xB42C,
  0xB44C, 0xB46D, 0xBC8D, 0xBCAE, 0xBCCF, 0xC4EF, 0xC50F, 0xC530,
  0xC551, 0xC571, 0xCD71, 0xCD91, 0xCDB2, 0xCDB2, 0xD5D2, 0xD5D2,
  0xD5F3, 0xD5F3, 0xCDB2, 0xCDD2, 0xD634, 0xDE55, 0xDE75, 0xDE96,
  0xDE76, 0xDE97, 0xE6B8, 0xE6F8, 0xE718, 0xEF18, 0xEF5A, 0xF77B,
  0xF77C, 0xF79C, 0xF79C, 0xF7BC, 0xF7BC, 0xF79C, 0xF77B, 0xF77B,
  0xEF7C, 0xF79C, 0xF79C, 0xF77D, 0xF77D, 0xF77C, 0xF77D, 0xF75C,
  0xEE57, 0xD4F0, 0xEE17, 0xFF9E, 0xF7BE, 0xEF5C, 0xEF7D, 0xEF7D,
  0xEF5C, 0xEF5C, 0xEF5C, 0xEF5D, 0xF77D, 0xF79E, 0xF79E, 0xF7BF,
  0xF7BF, 0xF7BF, 0xF7BE, 0xF79F, 0xEF9E, 0xEF5D, 0xEF3D, 0xEF5D,
  0xEF5D, 0xE75D, 0xE75E, 0xDF1D, 0xDEDC, 0xD6BB, 0xCE9B, 0xCE7A,
  0xC67A, 0xC65A, 0xBE19, 0xBDD8, 0xB596, 0xAD56, 0xB597, 0xB5D9,
  0xB5D8, 0xB5B8, 0xB5D8, 0xB598, 0xAD98, 0xADD8, 0xADF8, 0xADB7,
  0xB5B7, 0xC639, 0xCE9B, 0xCE7A, 0xCE5A, 0xCE9A, 0xD6BB, 0xDEDB,
  0xE6FB, 0xE71C, 0xE71C, 0xE71C, 0xE71C, 0xDEFB, 0xDEFC, 0xE6FC,
  0xDEDC, 0xDEBB, 0xD6BC, 0xD6BC, 0xD6DC, 0xD6DC, 0xD6BB, 0xD69B,
  0xD6BB, 0xDEDC, 0xDEDC, 0xDEBB, 0xDEDB, 0xDEDB, 0xDEFC, 0xDEDB,
  0xDEBB, 0xDE9A, 0xE69A, 0xE69A, 0xDEBA, 0xE699, 0xDE99, 0xDED9,
  0xDEFA, 0xE71A, 0xE73A, 0xDF1A, 0xDF19, 0xDF19, 0xE719, 0xE73A,
  0xE75A, 0xE75A, 0xE73A, 0xE73A, 0xE73A, 0xE75A, 0xE73A, 0xE739,
  0xE719, 0xE719, 0xE719, 0xDEF8, 0xDEB6, 0xDE55, 0xDE55, 0xE697,
  0xDE97, 0xDE56, 0xDE55, 0xDE34, 0xD614, 0xD5F4, 0xD5D3, 0xD5D3,
  0xCD92, 0xCD72, 0xCD51, 0xCD31, 0xC511, 0xC4F0, 0xC4CF, 0xBCAF,
  0xBC6E, 0xB42D, 0xB40C, 0xABCB, 0xAB8A, 0xAB69, 0xA369, 0xA349,
  0xA328, 0xA308, 0x9B08, 0x9AE8, 0x9AE8, 0x92C7, 0x92A7, 0x9287,
  0x9286, 0x8A66, 0x8A45, 0x8A25, 0x8205, 0x81E4, 0x81C4, 0x79A3,
  0x7983, 0x7963, 0x7963, 0x7163, 0x7142, 0x7122, 0x7122, 0x6902,
  0x6901, 0x6901, 0x6901, 0x6901, 0x6901, 0x6901, 0x6901, 0x6901,
  0x6901, 0x6901, 0x6901, 0x6901, 0x6902, 0x7102, 0x7122, 0x7122,
  0x7142, 0x7942, 0x7963, 0x7983, 0x79A3, 0x81C4, 0x81E4, 0x8205,
  0x8A25, 0x8A45, 0x8A66, 0x9286, 0x92A7, 0x92C7, 0x92E7, 0x9B08,
  0x9B28, 0xA349, 0xA369, 0xA38A, 0xA3AA, 0xABCA, 0xABCB, 0xABEB,
  0xB40B, 0xB42C, 0xBC4D, 0xBC6D, 0xBCAE, 0xBCCE, 0xC4EF, 0xC510,
  0xC50F, 0xC530, 0xC551, 0xCD71, 0xCD71, 0xCD92, 0xCDD3, 0xCDD3,
  0xD5F3, 0xD5D2, 0xD5D2, 0xD5B2, 0xCD91, 0xCD91, 0xD5F4, 0xDE35,
  0xDE55, 0xDE76, 0xDE97, 0xDEB8, 0xE6D9, 0xE6F9, 0xEF19, 0xEF39,
  0xEF5A, 0xF75B, 0xF77B, 0xF79C, 0xF79C, 0xF7BC, 0xF7BC, 0xF7BC,
  0xF77B, 0xF77B, 0xF79D, 0xF7BD, 0xF7BD, 0xEF9D, 0xEF7D, 0xF77D,
  0xF75C, 0xF75C, 0xEEFA, 0xDD32, 0xDD33, 0xEEB9, 0xF79D, 0xEF7C,
  0xF79D, 0xF79E, 0xEF9D, 0xEF7C, 0xEF5C, 0xF73C, 0xF77D, 0xEF5D,
  0xF77D, 0xF7BE, 0xF7BF, 0xEFBF, 0xF7BF, 0xF7BF, 0xEF9E, 0xE75D,
  0xE6FC, 0xDEDB, 0xDEDB, 0xD6FC, 0xD6FC, 0xCE9B, 0xC65A, 0xBE3A,
  0xBE1A, 0xADD8, 0xADB8, 0xA598, 0x9D57, 0x9D15, 0x94D4, 0x94B4,
  0x94D5, 0xA516, 0xA536, 0x9D15, 0x94F5, 0x94D5, 0x9CF5, 0x9D36,
  0x9D77, 0x9D76, 0x9D35, 0xAD76, 0xB5F8, 0xB619, 0xBE19, 0xC639,
  0xCE59, 0xD69A, 0xDEDB, 0xDF1C, 0xE71C, 0xE71C, 0xDF1C, 0xDEFB,
  0xDEFC, 0xDEFC, 0xDEDB, 0xDEBB, 0xD69B, 0xD69B, 0xD6BC, 0xD6BC,
  0xD69B, 0xD69A, 0xD69B, 0xDEBC, 0xDEDC, 0xDEDC, 0xDEDB, 0xDEDC,
  0xDEFC, 0xE6FC, 0xDE9A, 0xDE59, 0xE679, 0xE6BA, 0xE6BA, 0xE69A,
  0xE6DA, 0xE71A, 0xDF1A, 0xDF1A, 0xE73B, 0xDF3A, 0xDF1A, 0xE719,
  0xE73A, 0xE75A, 0xE75B, 0xE75A, 0xE73A, 0xE73A, 0xE75A, 0xE75A,
  0xE73A, 0xE739, 0xE739, 0xE719, 0xE719, 0xE6F8, 0xDED7, 0xDE96,
  0xDE96, 0xE6B7, 0xE697, 0xDE76, 0xDE56, 0xDE55, 0xDE35, 0xDE15,
  0xDDF4, 0xD5D3, 0xD5B3, 0xCD92, 0xCD72, 0xCD51, 0xC531, 0xC510,
  0xC4F0, 0xBCAF, 0xBC8E, 0xB44D, 0xAC0C, 0xABEB, 0xABCB, 0xABAA,
  0xA389, 0xA369, 0xA369, 0xA348, 0x9B28, 0x9AE8, 0x9AE8, 0x9AE8,
  0x92C7, 0x92A7, 0x9286, 0x8A66, 0x8A46, 0x8A25, 0x8205, 0x81E5,
  0x81E4, 0x79C4, 0x7983, 0x7983, 0x7963, 0x7963, 0x7142, 0x7142,
  0x7122, 0x7102, 0x6902, 0x6901, 0x6901, 0x6901, 0x6901, 0x6901,
  0x6901, 0x6901, 0x6901, 0x6901, 0x6901, 0x6901, 0x7102, 0x7122,
  0x7122, 0x7122, 0x7142, 0x7963, 0x7963, 0x7983, 0x79C4, 0x81E4,
  0x8204, 0x8205, 0x8A25, 0x8A46, 0x8A66, 0x9286, 0x92A7, 0x9AE7,
  0x9B08, 0x9B28, 0x9B48, 0xA369, 0xA38A, 0xA3AA, 0xABCA, 0xABEB,
  0xABEB, 0xB3EB, 0xB40C, 0xB42C, 0xBC6D, 0xBC8E, 0xBCAE, 0xBCCE,
  0xC4EF, 0xC510, 0xC50F, 0xC530, 0xCD51, 0xCD71, 0xCD72, 0xCDB2,
  0xCDD3, 0xD5D3, 0xD5F3, 0xD5F3, 0xD5F3, 0xCDB1, 0xCD71, 0xD5B2,
  0xD5F4, 0xDE36, 0xDE76, 0xDE97, 0xE6B8, 0xE6F9, 0xE71A, 0xEF1A,
  0xEF1A, 0xEF3A, 0xEF3A, 0xEF5B, 0xEF5B, 0xF77C, 0xF79C, 0xF79C,
  0xF7BC, 0xF79C, 0xF75B, 0xF75C, 0xF79D, 0xFFDE, 0xF7BE, 0xF7BE,
  0xF7BE, 0xF79D, 0xF75B, 0xEF3B, 0xEF3C, 0xE637, 0xDD74, 0xE5F6,
  0xEED9, 0xEEFA, 0xEF5C, 0xF77D, 0xF77D, 0xF77D, 0xF79D, 0xF77D,
  0xF77D, 0xEF3D, 0xEF5D, 0xF77D, 0xEF9E, 0xEF7E, 0xE75D, 0xE75D,
  0xE73D, 0xDEFC, 0xD6BB, 0xC65A, 0xC639, 0xBE3A, 0xBE19, 0xB5F9,
  0xADB8, 0xA577, 0x9D37, 0x8CF5, 0x8CD4, 0x8CD4, 0x8494, 0x7C52,
  0x7C11, 0x7C52, 0x7C32, 0x7C11, 0x8472, 0x8473, 0x7C32, 0x7C32,
  0x8453, 0x8C74, 0x8CD4, 0x8CF4, 0x8CB4, 0x8CB3, 0x94F4, 0xA597,
  0xB5B8, 0xB597, 0xBDD7, 0xC639, 0xCE9A, 0xD6BB, 0xDEDB, 0xDEFB,
  0xDF1C, 0xDF1C, 0xDEFC, 0xDEFC, 0xDEFB, 0xD6DB, 0xD69B, 0xD6BB,
  0xDEBB, 0xDEBB, 0xD6BB, 0xD6BB, 0xD6BB, 0xD6BB, 0xDEDB, 0xDEDB,
  0xDEDB, 0xDEFC, 0xDEFC, 0xDEBB, 0xDE59, 0xDE38, 0xDE99, 0xE6DA,
  0xE6DA, 0xDEDA, 0xE6FA, 0xE71B, 0xE6FA, 0xDEFA, 0xE6FA, 0xE71A,
  0xE73B, 0xE73A, 0xE75A, 0xE75B, 0xE75B, 0xE75B, 0xE77B, 0xE75A,
  0xE75A, 0xEF5A, 0xE75A, 0xE73A, 0xE739, 0xE739, 0xE719, 0xE6F8,
  0xDEF8, 0xDED8, 0xDEB7, 0xE6B7, 0xDE97, 0xDE97, 0xDE76, 0xDE56,
  0xDE35, 0xDE35, 0xDE15, 0xD5D4, 0xD5D3, 0xD5B3, 0xCD72, 0xCD71,
  0xCD51, 0xC530, 0xBCF0, 0xBCCF, 0xBCAE, 0xBC6E, 0xB42D, 0xAC0C,
  0xABEB, 0xABCB, 0xABAA, 0xAB89, 0xA369, 0xA369, 0xA349, 0x9B08,
  0x9AE8, 0x9AE7, 0x9AC8, 0x92C7, 0x92A7, 0x9286, 0x8A66, 0x8A45,
  0x8205, 0x8205, 0x81E4, 0x81C4, 0x79A3, 0x7983, 0x7983, 0x7963,
  0x7163, 0x7142, 0x7122, 0x7102, 0x6902, 0x6901, 0x6901, 0x6901,
  0x6901, 0x6901, 0x6901, 0x6901, 0x6901, 0x6901, 0x6901, 0x6902,
  0x7102, 0x7122, 0x7122, 0x7122, 0x7142, 0x7963, 0x7983, 0x79A3,
  0x79C4, 0x81E4, 0x8205, 0x8205, 0x8A45, 0x8A66, 0x9286, 0x92A7,
  0x92C7, 0x9AE7, 0x9B08, 0x9B28, 0xA349, 0xA369, 0xA38A, 0xA3AA,
  0xABCB, 0xABEB, 0xB40C, 0xB42C, 0xB40C, 0xB42D, 0xBC8E, 0xBCAE,
  0xBCCE, 0xBCCF, 0xC4EF, 0xC50F, 0xC530, 0xCD50, 0xCD71, 0xCD71,
  0xCD92, 0xD5B3, 0xD5D3, 0xD5D3, 0xD5F3, 0xD614, 0xD613, 0xD5D2,
  0xCDB2, 0xD615, 0xDE56, 0xDE76, 0xDEB7, 0xE6D8, 0xE6F9, 0xE71A,
  0xEF5A, 0xEF5B, 0xEF5B, 0xEF5B, 0xEF5B, 0xEF5B, 0xEF5B, 0xEF7C,
  0xF77C, 0xF77C, 0xF77C, 0xF77C, 0xF75B, 0xF75C, 0xFFBD, 0xFFDE,
  0xFFDE, 0xF7DE, 0xFFDF, 0xF7BD, 0xF75B, 0xEF3B, 0xEF3C, 0xE6FB,
  0xE67A, 0xE659, 0xE658, 0xE658, 0xEEDA, 0xEF3C, 0xEF3C, 0xF75C,
  0xF79E, 0xF79E, 0xEF5D, 0xEF3D, 0xEF5D, 0xEF5D, 0xE73D, 0xDF1C,
  0xD6FC, 0xD6DC, 0xCE9B, 0xC65A, 0xBE19, 0xADB8, 0xA577, 0xA577,
  0x9D57, 0x9D36, 0x8CD5, 0x8473, 0x7C52, 0x7C32, 0x73F1, 0x7C11,
  0x7411, 0x6BD0, 0x636E, 0x73CF, 0x6BAE, 0x634D, 0x6B8E, 0x73AF,
  0x6B8F, 0x6B8F, 0x6BAF, 0x73D0, 0x7C31, 0x7C52, 0x7C32, 0x73F0,
  0x7BF0, 0x94D4, 0x94D4, 0x94D4, 0xA556, 0xADB7, 0xADF8, 0xBE5A,
  0xCE9B, 0xCEDC, 0xD6FC, 0xD6DB, 0xD6DB, 0xDEDB, 0xDEDB, 0xD6DB,
  0xD6DB, 0xD6DC, 0xD6DC, 0xDEDC, 0xDEFC, 0xD6DB, 0xD6DB, 0xDEBB,
  0xDEDB, 0xDEFB, 0xE6FC, 0xDEFC, 0xDEBB, 0xDE9A, 0xDE7A, 0xDE9A,
  0xDEBA, 0xDEDB, 0xDEDA, 0xDEDA, 0xDEBA, 0xDEDA, 0xE6DA, 0xE6DA,
  0xE6FA, 0xE73B, 0xE75B, 0xE75B, 0xE75A, 0xE75B, 0xE77B, 0xE77B,
  0xE77B, 0xEF7B, 0xEF7B, 0xE75A, 0xE75A, 0xE75A, 0xE75A, 0xE739,
  0xE719, 0xE6F8, 0xDEF8, 0xE6F9, 0xE6D8, 0xE6B7, 0xDEB7, 0xDE97,
  0xDE96, 0xDE76, 0xDE56, 0xDE35, 0xDE15, 0xDDF4, 0xD5D4, 0xD5D3,
  0xD593, 0xCD72, 0xCD51, 0xC551, 0xC510, 0xBCF0, 0xBCCF, 0xBC8E,
  0xB46D, 0xB42C, 0xB40C, 0xABEB, 0xABEB, 0xABAA, 0xA38A, 0xA369,
  0xA369, 0xA349, 0x9B08, 0x9AE7, 0x9AE7, 0x92C7, 0x92A7, 0x92A7,
  0x8A66, 0x8A46, 0x8A25, 0x8205, 0x81E5, 0x81E4, 0x81C4, 0x79A3,
  0x7983, 0x7963, 0x7963, 0x7142, 0x7122, 0x7122, 0x6902, 0x6901,
  0x6901, 0x6901, 0x6901, 0x6901, 0x6901, 0x6901, 0x6901, 0x6901,
  0x6901, 0x6902, 0x7122, 0x7122, 0x7122, 0x7142, 0x7963, 0x7963,
  0x7983, 0x79A4, 0x81C4, 0x81E4, 0x8205, 0x8A25, 0x8A45, 0x8A66,
  0x9286, 0x92C7, 0x92C7, 0x9AE7, 0x9B08, 0x9B28, 0xA369, 0xA389,
  0xA3AA, 0xABCA, 0xABEB, 0xABEB, 0xB42C, 0xB44C, 0xB42C, 0xBC2D,
  0xBC8E, 0xBCCE, 0xBCEF, 0xC4EF, 0xC50F, 0xC50F, 0xCD30, 0xCD71,
  0xCD92, 0xD5B2, 0xD5B2, 0xD5B3, 0xD5D3, 0xD614, 0xD614, 0xD614,
  0xD613, 0xD5F3, 0xD614, 0xD656, 0xDE97, 0xE6B7, 0xDED7, 0xE6F8,
  0xE71A, 0xEF3A, 0xEF5B, 0xEF7B, 0xEF9C, 0xEF9C, 0xEF7C, 0xEF5C,
  0xEF5C, 0xEF7C, 0xEF7C, 0xEF7C, 0xEF7C, 0xF79D, 0xF79D, 0xF75C,
  0xF77D, 0xF7BE, 0xFFDE, 0xFFDE, 0xFFDF, 0xF7BE, 0xF79C, 0xF77C,
  0xEF5C, 0xE71C, 0xE71C, 0xE73D, 0xE6FB, 0xDE59, 0xE6BA, 0xE71C,
  0xEF1C, 0xEF3C, 0xEF7D, 0xEF5D, 0xE73C, 0xE73C, 0xDF3D, 0xDF1C,
  0xD6DC, 0xCE9B, 0xC69B, 0xBE5A, 0xB5F9, 0xA598, 0x9D56, 0x8CD4,
  0x8C94, 0x8CB5, 0x8CD5, 0x8494, 0x7C11, 0x73D0, 0x6BAF, 0x6BAF,
  0x638E, 0x638E, 0x6B8E, 0x634D, 0x52EB, 0x5B0C, 0x630C, 0x5ACB,
  0x5AEB, 0x630C, 0x632D, 0x5B0D, 0x5B0C, 0x632C, 0x6B8E, 0x6BCF,
  0x6BAF, 0x6B4E, 0x732D, 0x7BAF, 0x73AF, 0x7C31, 0x8CB3, 0x8CD3,
  0x9534, 0xA5D8, 0xB63A, 0xB65B, 0xBE9B, 0xC69A, 0xCE9A, 0xD6DB,
  0xD6DB, 0xD6DC, 0xD6DC, 0xD6FC, 0xD6FC, 0xD6FC, 0xDEFC, 0xDEFC,
  0xDEFC, 0xE6FC, 0xE6FC, 0xE6FC, 0xE71C, 0xDEDB, 0xDE9A, 0xDEBA,
  0xDEDB, 0xDEDB, 0xDEDB, 0xDEBB, 0xDE9A, 0xDEBA, 0xDE99, 0xDE99,
  0xDEDA, 0xE6FA, 0xE6FA, 0xE71A, 0xE75B, 0xE75A, 0xE73A, 0xE75B,
  0xE79C, 0xEF7B, 0xEF7B, 0xEF7B, 0xE77B, 0xE75A, 0xE75A, 0xE77A,
  0xE75A, 0xE739, 0xE719, 0xE6F8, 0xE6F8, 0xE718, 0xE6F8, 0xDED7,
  0xDEB7, 0xDEB7, 0xDE97, 0xDE76, 0xDE56, 0xDE55, 0xDE35, 0xDE15,
  0xD5F4, 0xD5D3, 0xD5B3, 0xD592, 0xCD71, 0xCD51, 0xC530, 0xC4F0,
  0xBCEF, 0xBCCF, 0xBC8E, 0xB44D, 0xB42C, 0xB40C, 0xABEB, 0xABCB,
  0xABAA, 0xA38A, 0xA36A, 0xA369, 0xA349, 0x9B08, 0x9AE7, 0x92C7,
  0x92C7, 0x92A7, 0x9286, 0x8A66, 0x8A45, 0x8A25, 0x8205, 0x81E4,
  0x81C4, 0x79A3, 0x7983, 0x7983, 0x7963, 0x7142, 0x7142, 0x7122,
  0x7102, 0x6902, 0x6901, 0x6901, 0x6901, 0x6901, 0x6901, 0x6901,
  0x6901, 0x6901, 0x6901, 0x7102, 0x7122, 0x7122, 0x7142, 0x7142,
  0x7963, 0x7963, 0x7983, 0x79A4, 0x81E4, 0x8204, 0x8205, 0x8A25,
  0x8A66, 0x9286, 0x92A7, 0x92C7, 0x9AE7, 0x9B08, 0x9B28, 0xA349,
  0xA369, 0xA38A, 0xABCA, 0xABCB, 0xABEB, 0xAC0C, 0xB44C, 0xB46D,
  0xBC4D, 0xBC4D, 0xBC8D, 0xBCCE, 0xC4EF, 0xC50F, 0xC4EF, 0xCD10,
  0xCD51, 0xCD92, 0xCD92, 0xD5B2, 0xCDB2, 0xCDB3, 0xD5D3, 0xD614,
  0xD635, 0xD634, 0xD5F3, 0xDDF4, 0xDE15, 0xDE15, 0xE676, 0xE6D8,
  0xE6F8, 0xE6F8, 0xE719, 0xEF5A, 0xEF7B, 0xEF7C, 0xF79C, 0xF7BD,
  0xEF9D, 0xF79D, 0xEF7C, 0xEF7C, 0xEF7D, 0xEF7D, 0xEF9E, 0xEFBE,
  0xF7BE, 0xF77D, 0xF75C, 0xF77D, 0xF7BE, 0xF7DE, 0xF7BE, 0xFFBE,
  0xFF9D, 0xF77D, 0xEF5D, 0xE73D, 0xDF1D, 0xDF1D, 0xDEFC, 0xDEDC,
  0xE6FB, 0xE73C, 0xE73D, 0xE73D, 0xE71D, 0xE6FB, 0xDEDB, 0xD6FC,
  0xCEDB, 0xC67B, 0xC65A, 0xB61A, 0xADF9, 0xA598, 0x9516, 0x8CB5,
  0x8473, 0x73D0, 0x6BAF, 0x7411, 0x7C32, 0x73F0, 0x6BAF, 0x6B8F,
  0x634D, 0x5B2C, 0x634D, 0x5B0C, 0x52AA, 0x4268, 0x3A28, 0x4248,
  0x4208, 0x39E7, 0x39E7, 0x4207, 0x4228, 0x4228, 0x4228, 0x4228,
  0x4A69, 0x52AB, 0x5ACB, 0x5AAA, 0x5A89, 0x5AAA, 0x630C, 0x6BAE,
  0x6BEF, 0x73CF, 0x7C11, 0x84B4, 0x9536, 0xA597, 0xA5D7, 0xAE18,
  0xB679, 0xBEBA, 0xC6BB, 0xCEBB, 0xD6BB, 0xD6DB, 0xDEFC, 0xDF1C,
  0xDF1C, 0xDF1C, 0xE71D, 0xE73D, 0xE73D, 0xE6FC, 0xDEDB, 0xDEDB,
  0xE6FB, 0xE71C, 0xE71C, 0xE6FC, 0xE6FC, 0xDEBB, 0xDE9A, 0xDEDB,
  0xE6DA, 0xDE99, 0xDEBA, 0xE6FB, 0xE6DA, 0xE6DA, 0xE71A, 0xE73A,
  0xE75A, 0xE77B, 0xE77B, 0xEF5B, 0xEF7B, 0xE77B, 0xE77B, 0xE77B,
  0xE75A, 0xE75A, 0xE759, 0xE73A, 0xE719, 0xE719, 0xE6F8, 0xE6F8,
  0xE6F8, 0xDEF8, 0xDEB7, 0xDEB7, 0xDEB7, 0xDE97, 0xDE76, 0xDE55,
  0xDE55, 0xDE35, 0xDDF4, 0xD5D4, 0xD5D3, 0xD5B3, 0xD572, 0xCD51,
  0xC551, 0xC530, 0xC4F0, 0xBCCF, 0xBCAF, 0xB46D, 0xB42C, 0xB42C,
  0xAC0C, 0xABEB, 0xABCB, 0xABAA, 0xA38A, 0xA36A, 0xA369, 0x9B29,
  0x9B08, 0x9AE7, 0x92C7, 0x92A7, 0x9287, 0x8A66, 0x8A46, 0x8A45,
  0x8A25, 0x81E5, 0x81E4, 0x79C4, 0x79A3, 0x7983, 0x7963, 0x7963,
  0x7142, 0x7122, 0x7122, 0x6902, 0x6901, 0x6901, 0x6901, 0x6901,
  0x6901, 0x6901, 0x6901, 0x6901, 0x6902, 0x7102, 0x7122, 0x7142,
  0x7142, 0x7943, 0x7963, 0x7983, 0x7983, 0x81A4, 0x81C4, 0x81E4,
  0x8225, 0x8A45, 0x8A66, 0x9286, 0x92A7, 0x92E7, 0x9B08, 0x9B08,
  0x9B28, 0xA369, 0xA389, 0xA3AA, 0xABCA, 0xABEB, 0xAC0B, 0xB42C,
  0xB44C, 0xB46D, 0xBC8D, 0xBC6D, 0xBC8E, 0xC4CE, 0xC4EF, 0xC4CF,
  0xC4F0, 0xCD51, 0xCD71, 0xCD71, 0xCDB2, 0xCDD2, 0xD5D3, 0xD5D3,
  0xD5F3, 0xD634, 0xDE55, 0xD634, 0xDDF3, 0xDDF4, 0xDE15, 0xDE15,
  0xDE77, 0xE6F9, 0xE719, 0xE6F8, 0xE719, 0xEF3A, 0xEF7B, 0xF79C,
  0xF7BC, 0xF7BD, 0xF7BD, 0xF7BD, 0xF7BD, 0xEF9D, 0xEF9D, 0xEFBE,
  0xEFBE, 0xEFBF, 0xF7BF, 0xEF9D, 0xEF3D, 0xEF5D, 0xF7BE, 0xF7BE,
  0xF7BE, 0xF79E, 0xF79E, 0xEF9E, 0xE77E, 0xE73E, 0xDF1D, 0xDEFD,
  0xDEFD, 0xDF1D, 0xDF1D, 0xDF3D, 0xDF3D, 0xE73D, 0xDF1D, 0xD6DB,
  0xCE7A, 0xC67A, 0xC69B, 0xBE5A, 0xADD9, 0xA598, 0x9557, 0x84D4,
  0x7C52, 0x73D1, 0x6BAF, 0x5B6D, 0x530C, 0x5B0C, 0x634D, 0x6B6E,
  0x634D, 0x52CB, 0x4249, 0x4228, 0x3A28, 0x31A6, 0x2124, 0x18E3,
  0x10C2, 0x10C3, 0x10C3, 0x10A2, 0x10A2, 0x10A2, 0x10A2, 0x10C2,
  0x18C3, 0x18C3, 0x18E3, 0x2104, 0x2945, 0x3185, 0x31A5, 0x39C6,
  0x4A49, 0x52CA, 0x52EB, 0x5B0D, 0x636E, 0x6BCF, 0x7C30, 0x8472,
  0x8CB3, 0x9D35, 0xA5B7, 0xAE59, 0xB69A, 0xC659, 0xCE5A, 0xD6BB,
  0xDEFC, 0xDF1C, 0xDF1D, 0xDF1D, 0xE73D, 0xE75D, 0xE73D, 0xE71C,
  0xE6FC, 0xE73C, 0xE75D, 0xE75D, 0xE73D, 0xE73C, 0xE6FC, 0xE6DB,
  0xE6FC, 0xE71C, 0xE6DB, 0xDE99, 0xDE99, 0xDEDA, 0xDEFA, 0xDEFA,
  0xE71A, 0xE73B, 0xE75B, 0xE77B, 0xE75B, 0xE75B, 0xEF7B, 0xE77B,
  0xE77B, 0xE77B, 0xEF5B, 0xE73A, 0xE719, 0xE73A, 0xE75A, 0xE73A,
  0xE719, 0xE6F8, 0xE6F8, 0xE6F8, 0xDED7, 0xE6B7, 0xE6B7, 0xDEB7,
  0xDE97, 0xDE76, 0xDE55, 0xDE35, 0xDE15, 0xD5F4, 0xD5D4, 0xD5B3,
  0xD592, 0xCD72, 0xCD51, 0xC530, 0xC4EF, 0xC4CF, 0xBCCF, 0xBC8E,
  0xB44D, 0xB42D, 0xB42C, 0xB40C, 0xABEB, 0xABCB, 0xABAA, 0xA38A,
  0xA369, 0x9B49, 0x9B28, 0x9B08, 0x9AC7, 0x92C7, 0x92A7, 0x9286,
  0x8A66, 0x8A45, 0x8A25, 0x8205, 0x81E4, 0x81C4, 0x79A4, 0x79A3,
  0x7983, 0x7963, 0x7143, 0x7142, 0x7122, 0x7102, 0x6901, 0x6901,
  0x6901, 0x6901, 0x6901, 0x6901, 0x6901, 0x6901, 0x6902, 0x7122,
  0x7122, 0x7142, 0x7142, 0x7943, 0x7963, 0x7983, 0x79A4, 0x81C4,
  0x81C4, 0x81E4, 0x8225, 0x8A45, 0x8A66, 0x9286, 0x92A7, 0x92E7,
  0x9B08, 0x9B28, 0x9B49, 0xA369, 0xA38A, 0xA3AA, 0xABCA, 0xABEB,
  0xB42C, 0xB42C, 0xB44C, 0xB46D, 0xBC8D, 0xBCAE, 0xBC8E, 0xBCAE,
  0xC4AE, 0xC4CF, 0xCD30, 0xCD71, 0xCD91, 0xCD91, 0xCDB2, 0xD5D3,
  0xD5D3, 0xD5D2, 0xD5F3, 0xD634, 0xD614, 0xD5D2, 0xD5B2, 0xDDF4,
  0xE656, 0xDE56, 0xE6B7, 0xE6F9, 0xE6F9, 0xE6F9, 0xEF39, 0xEF5A,
  0xEF7B, 0xF79C, 0xF7BD, 0xF7BD, 0xF7BD, 0xF7BD, 0xF79D, 0xF7BD,
  0xF7DE, 0xF7DE, 0xF7DE, 0xEFDF, 0xEFBF, 0xEF9E, 0xEF7E, 0xEF9E,
  0xEF9E, 0xEF7E, 0xEF9E, 0xEF9E, 0xEFBF, 0xEFBF, 0xE79F, 0xE75E,
  0xDF3E, 0xDF1E, 0xDF1D, 0xDF1D, 0xDF1D, 0xDF1D, 0xD6FC, 0xD6FC,
  0xD6DB, 0xC69A, 0xB619, 0xB5F8, 0xB5D9, 0xA598, 0x9D77, 0x8D36,
  0x7C93, 0x6BF0, 0x63AE, 0x5B4E, 0x5B2D, 0x532C, 0x52CB, 0x4A69,
  0x4249, 0x4A49, 0x39E7, 0x2124, 0x10C3, 0x10A2, 0x1082, 0x0861,
  0x0020, 0x0000, 0x0000, 0x0000, 0x0000, 0x0000, 0x0000, 0x0000,
  0x0000, 0x0000, 0x0000, 0x0000, 0x0000, 0x0000, 0x0020, 0x0861,
  0x0881, 0x10A2, 0x20E3, 0x2944, 0x31A6, 0x3A08, 0x4AAA, 0x5B0B,
  0x6B6D, 0x73CE, 0x73F0, 0x8432, 0x8C94, 0x9535, 0xA5D7, 0xB618,
  0xBE39, 0xC6BB, 0xD71C, 0xDF1D, 0xDF1D, 0xDF3D, 0xDF5D, 0xE77D,
  0xE75D, 0xE75D, 0xEF5D, 0xE77D, 0xE77D, 0xE77D, 0xE75D, 0xE73D,
  0xE6FC, 0xE6FC, 0xE73C, 0xE73C, 0xDEDB, 0xDE79, 0xDE79, 0xDEBA,
  0xE6FA, 0xE73B, 0xE73B, 0xE73B, 0xE75B, 0xE75B, 0xE75B, 0xE75B,
  0xE77B, 0xEF7C, 0xE77B, 0xEF7B, 0xE77B, 0xE73A, 0xE71A, 0xEF3A,
  0xEF5A, 0xE75A, 0xE719, 0xE6F8, 0xE6F8, 0xE6F8, 0xE6D8, 0xE6B7,
  0xDEB7, 0xDEB7, 0xDEB6, 0xDE75, 0xDE34, 0xDE34, 0xDE35, 0xDE15,
  0xD5F4, 0xD5D3, 0xD5B3, 0xD593, 0xCD71, 0xCD50, 0xC4EF, 0xC4CF,
  0xBCCF, 0xBCCF, 0xBC8E, 0xBC4D, 0xB44D, 0xB42C, 0xABEB, 0xABEB,
  0xABCB, 0xA38A, 0xA36A, 0xA349, 0x9B49, 0x9B08, 0x9AE7, 0x92C7,
  0x92A7, 0x92A7, 0x8A66, 0x8A46, 0x8A25, 0x8205, 0x81E4, 0x81E4,
  0x79C4, 0x79A3, 0x7983, 0x7963, 0x7963, 0x7142, 0x7122, 0x7102,
  0x6902, 0x6901, 0x6901, 0x6901, 0x6901, 0x6901, 0x6901, 0x6901,
  0x6902, 0x7122, 0x7122, 0x7142, 0x7142, 0x7963, 0x7963, 0x7983,
  0x79A4, 0x81C4, 0x81C4, 0x81E4, 0x8A05, 0x8A46, 0x8A86, 0x9286,
  0x92C7, 0x92E7, 0x9B08, 0x9B28, 0xA349, 0xA369, 0xA38A, 0xABCA,
  0xABEA, 0xAC0B, 0xB42C, 0xB44C, 0xB46D, 0xBC8D, 0xBCAE, 0xBCAE,
  0xBCAE, 0xBC8E, 0xC4AE, 0xCCF0, 0xCD51, 0xCD71, 0xCD91, 0xD592,
  0xD592, 0xD5B2, 0xD5B2, 0xD5D2, 0xD5F2, 0xD5F3, 0xD5B2, 0xD571,
  0xD592, 0xDDF4, 0xDE56, 0xDE76, 0xE6B7, 0xEEF8, 0xEF19, 0xE71A,
  0xEF3A, 0xEF5A, 0xEF7B, 0xF77B, 0xF79C, 0xF79C, 0xF79C, 0xF79C,
  0xF79D, 0xF7BE, 0xF7FE, 0xF7DE, 0xF7DE, 0xF7DE, 0xEFBE, 0xEFBF,
  0xE79E, 0xE77E, 0xE75D, 0xE75E, 0xEF7F, 0xEFBF, 0xEFBF, 0xEFDF,
  0xEFBF, 0xE79F, 0xE77F, 0xE75E, 0xE75E, 0xDF3D, 0xD73D, 0xD71D,
  0xCEDC, 0xCE9A, 0xBE59, 0xB5F9, 0xAD97, 0x9D15, 0x94B3, 0x8C94,
  0x8CF5, 0x7C92, 0x6BEF, 0x636D, 0x5B4D, 0x52EB, 0x4A89, 0x4248,
  0x39E7, 0x2965, 0x2104, 0x18C3, 0x0861, 0x0000, 0x0000, 0x0000,
  0x0000, 0x0000, 0x0000, 0x0000, 0x0000, 0x0000, 0x0000, 0x0000,
  0x0000, 0x0000, 0x0000, 0x0000, 0x0000, 0x0000, 0x0000, 0x0000,
  0x0000, 0x0000, 0x0000, 0x0000, 0x0000, 0x0020, 0x0861, 0x10C2,
  0x2124, 0x31C6, 0x4268, 0x52EB, 0x634D, 0x6BAF, 0x73F0, 0x8431,
  0x8CB2, 0x9D75, 0xADF8, 0xB679, 0xC6DB, 0xD71C, 0xDF1D, 0xDF3D,
  0xDF5D, 0xE75D, 0xE77D, 0xE77D, 0xE79E, 0xE79E, 0xE77D, 0xE79D,
  0xE77D, 0xE73C, 0xE71C, 0xE71C, 0xE71C, 0xE6FB, 0xDEBA, 0xDE59,
  0xDE79, 0xE6BA, 0xE6DA, 0xE71B, 0xE73C, 0xE73B, 0xE75B, 0xE75B,
  0xE75B, 0xE77B, 0xEF7B, 0xEF7B, 0xE77B, 0xE77B, 0xE77A, 0xE75B,
  0xE75B, 0xE75A, 0xE75A, 0xE75A, 0xE739, 0xE6F8, 0xE6D8, 0xE6F8,
  0xE6F8, 0xE6D8, 0xDEB7, 0xDE96, 0xDE96, 0xDE75, 0xD655, 0xDE55,
  0xDE34, 0xDE34, 0xDDF4, 0xD5D4, 0xD5D3, 0xD5B3, 0xCD72, 0xCD4F,
  0xC50F, 0xC4F0, 0xBCF0, 0xBCEF, 0xBCAE, 0xBC6D, 0xB44D, 0xB42C,
  0xAC0C, 0xABEB, 0xABCB, 0xABAA, 0xA38A, 0xA36A, 0xA349, 0x9B28,
  0x9AE8, 0x92C7, 0x92A7, 0x9287, 0x9286, 0x8A66, 0x8A46, 0x8205,
  0x8205, 0x81E4, 0x79C4, 0x79A4, 0x7983, 0x7963, 0x7963, 0x7142,
  0x7142, 0x7122, 0x6902, 0x6901, 0x6901, 0x6901, 0x6901, 0x6901,
  0x6901, 0x6902, 0x7102, 0x7122, 0x7122, 0x7142, 0x7142, 0x7963,
  0x7963, 0x7983, 0x79A4, 0x81C4, 0x81E4, 0x81E4, 0x8A05, 0x8A46,
  0x8A86, 0x92A7, 0x92C7, 0x9AE7, 0x9B08, 0x9B28, 0xA369, 0xA38A,
  0xA3AA, 0xABCA, 0xABEB, 0xAC0B, 0xB42C, 0xB44C, 0xBC6D, 0xBC8D,
  0xBCAE, 0xBCCE, 0xBCCE, 0xBCAE, 0xC4AF, 0xCD10, 0xCD51, 0xCD71,
  0xCD71, 0xCD72, 0xD592, 0xCD91, 0xD591, 0xD5B2, 0xDDB2, 0xD592,
  0xD592, 0xD5B3, 0xD5F3, 0xDDF4, 0xDE35, 0xDE56, 0xE6B7, 0xEF18,
  0xEF3A, 0xEF3A, 0xE719, 0xE71A, 0xEF3B, 0xEF5B, 0xEF5A, 0xEF5B,
  0xEF5B, 0xEF7C, 0xF7BD, 0xF7DE, 0xF7DE, 0xEFBE, 0xEFBE, 0xEF9E,
  0xEFBE, 0xE79E, 0xDF3D, 0xDF1D, 0xE73D, 0xE77E, 0xE79F, 0xEFBF,
  0xEFBF, 0xEFBF, 0xEFBF, 0xE79F, 0xE77F, 0xE77E, 0xE77D, 0xDF5D,
  0xD73D, 0xCEFD, 0xC6DC, 0xBE7B, 0xADF9, 0xA577, 0x9CD4, 0x8411,
  0x73CF, 0x7C31, 0x7C72, 0x73EF, 0x636D, 0x5B0C, 0x52AA, 0x4207,
  0x2964, 0x18C3, 0x1081, 0x0841, 0x0000, 0x0000, 0x0000, 0x0000,
  0x0000, 0x0000, 0x0000, 0x0000, 0x0000, 0x0000, 0x0000, 0x0000,
  0x0000, 0x0000, 0x0000, 0x0000, 0x0000, 0x0000, 0x0000, 0x0000,
  0x0000, 0x0000, 0x0000, 0x0000, 0x0000, 0x0000, 0x0000, 0x0000,
  0x0000, 0x0000, 0x0000, 0x0861, 0x10E3, 0x2985, 0x3A28, 0x4AEB,
  0x634D, 0x6BAE, 0x740F, 0x7C92, 0x8D14, 0x9D96, 0xAE18, 0xBEBB,
  0xCF3C, 0xD75D, 0xDF3D, 0xDF5D, 0xE77E, 0xE79E, 0xE7BE, 0xE7BE,
  0xE79E, 0xE79D, 0xEF7D, 0xEF5D, 0xEF5D, 0xE73C, 0xE71C, 0xE6FB,
  0xDEBA, 0xDE59, 0xDE9A, 0xE6BA, 0xDEDA, 0xE71B, 0xE73C, 0xE73B,
  0xE71B, 0xE73B, 0xE75B, 0xEF7B, 0xEF7B, 0xEF5B, 0xE77B, 0xE77B,
  0xEF7B, 0xEF7B, 0xEF9B, 0xE77B, 0xE75A, 0xE75A, 0xEF5A, 0xE719,
  0xE6D8, 0xE6D8, 0xE6F8, 0xE6F8, 0xDEB6, 0xDE75, 0xDE75, 0xDE76,
  0xDE96, 0xDE76, 0xDE55, 0xDE34, 0xDE14, 0xDDF4, 0xD5D3, 0xD5B3,
  0xCD92, 0xCD70, 0xCD2F, 0xC4F0, 0xC4F0, 0xBCCF, 0xBC8E, 0xBC6D,
  0xBC6D, 0xB44D, 0xAC0C, 0xABEC, 0xABEB, 0xABCB, 0xA38A, 0xA36A,
  0xA349, 0x9B29, 0x9B08, 0x9AC7, 0x92A7, 0x9286, 0x9286, 0x8A66,
  0x8A46, 0x8A25, 0x8205, 0x81E4, 0x81E4, 0x79C4, 0x7983, 0x7983,
  0x7963, 0x7143, 0x7142, 0x7122, 0x6902, 0x6902, 0x6901, 0x6901,
  0x6901, 0x6901, 0x6901, 0x6902, 0x7102, 0x7122, 0x7122, 0x7142,
  0x7963, 0x7963, 0x7963, 0x7983, 0x81A3, 0x81C4, 0x81E4, 0x81E4,
  0x8A05, 0x8A46, 0x9286, 0x92A7, 0x92C7, 0x9AE8, 0x9B08, 0x9B48,
  0xA369, 0xA38A, 0xABAA, 0xABCB, 0xAC0B, 0xB42C, 0xB42C, 0xB44D,
  0xBC8D, 0xBCAE, 0xBCCE, 0xC4EF, 0xC4EE, 0xBCAE, 0xC4AE, 0xC4EF,
  0xCD10, 0xCD30, 0xCD31, 0xCD51, 0xCD71, 0xCD92, 0xD5B2, 0xD5D3,
  0xDDB3, 0xDDD3, 0xD5D4, 0xD615, 0xDE76, 0xE676, 0xDE56, 0xDE57,
  0xE6B7, 0xE6F9, 0xEF39, 0xEF3A, 0xE6F9, 0xE6FA, 0xEF3B, 0xEF5B,
  0xEF3B, 0xE71A, 0xE71A, 0xEF5C, 0xF79D, 0xF7BE, 0xF7BE, 0xEF9D,
  0xEF7D, 0xE77D, 0xE77D, 0xDF1C, 0xDEBC, 0xDEFC, 0xE75E, 0xEF7E,
  0xE79E, 0xE79E, 0xE7BF, 0xE79F, 0xE79E, 0xE79E, 0xE79E, 0xE77E,
  0xDF5E, 0xD75D, 0xCF1D, 0xC6DB, 0xBE9B, 0xAE1A, 0x9DB9, 0x8D36,
  0x7C31, 0x6B8F, 0x6BAF, 0x73EF, 0x6B8E, 0x636D, 0x52EB, 0x3A07,
  0x2144, 0x10A2, 0x0840, 0x0000, 0x0000, 0x0000, 0x0000, 0x0000,
  0x0000, 0x0000, 0x0000, 0x0000, 0x0000, 0x0000, 0x0000, 0x0000,
  0x0000, 0x0000, 0x0000, 0x0000, 0x0000, 0x0000, 0x0000, 0x0000,
  0x0000, 0x0000, 0x0000, 0x0000, 0x0000, 0x0000, 0x0000, 0x0000,
  0x0000, 0x0000, 0x0000, 0x0000, 0x0000, 0x0000, 0x0000, 0x0020,
  0x08A2, 0x2144, 0x39E7, 0x52EB, 0x63CE, 0x7430, 0x7C51, 0x8472,
  0x9534, 0xAE17, 0xBEBA, 0xC71C, 0xD73D, 0xDF5D, 0xE79E, 0xE7BE,
  0xE7BE, 0xE7BE, 0xEFBE, 0xEF9E, 0xEF9E, 0xEF9E, 0xEF7D, 0xE73C,
  0xE71C, 0xE6FB, 0xE6BB, 0xDE7A, 0xDE9A, 0xE6DB, 0xDEFA, 0xE71B,
  0xE73B, 0xE71B, 0xE71B, 0xDF5B, 0xE75B, 0xE77B, 0xEF7B, 0xEF5B,
  0xEF5B, 0xEF7C, 0xEF7C, 0xEF7C, 0xEF9B, 0xE79B, 0xE75A, 0xEF5A,
  0xEF5A, 0xE75A, 0xE719, 0xE6F8, 0xE6D7, 0xE6D6, 0xDE96, 0xDE76,
  0xDE76, 0xE697, 0xDE97, 0xDE76, 0xDE56, 0xDE35, 0xDE34, 0xD613,
  0xD5D3, 0xD5D2, 0xD5B1, 0xCD91, 0xCD30, 0xC4F0, 0xC4F0, 0xC4CF,
  0xBCAE, 0xBC8E, 0xBC6D, 0xB44D, 0xB42C, 0xAC0C, 0xABEB, 0xABCB,
  0xABAB, 0xA38A, 0xA36A, 0x9B29, 0x9B28, 0x9AE8, 0x92C7, 0x92A7,
  0x9286, 0x9266, 0x8A46, 0x8A25, 0x8205, 0x8205, 0x81E4, 0x81C4,
  0x79A3, 0x7983, 0x7963, 0x7963, 0x7142, 0x7122, 0x7122, 0x6902,
  0x6901, 0x6901, 0x6901, 0x6901, 0x6902, 0x7102, 0x7122, 0x7122,
  0x7122, 0x7142, 0x7963, 0x7963, 0x7983, 0x79A3, 0x81A3, 0x81C4,
  0x81E4, 0x8A05, 0x8A25, 0x8A46, 0x9286, 0x92A7, 0x92C7, 0x9AE8,
  0x9B28, 0x9B49, 0xA369, 0xA38A, 0xABCA, 0xABEB, 0xAC0C, 0xB42C,
  0xB44D, 0xB46D, 0xBC8D, 0xBCAE, 0xC4CE, 0xC4EF, 0xC4EE, 0xBC8D,
  0xC48E, 0xCCCF, 0xCCEF, 0xCD10, 0xCD30, 0xCD51, 0xD591, 0xD5B3,
  0xD5D3, 0xD5D4, 0xDDD4, 0xDE15, 0xD635, 0xDE76, 0xE697, 0xE697,
  0xE697, 0xDE77, 0xE697, 0xE697, 0xEED8, 0xEF1A, 0xEF3A, 0xEF3A,
  0xEF5B, 0xEF7C, 0xEF7C, 0xEF5B, 0xEF3B, 0xEF7C, 0xEF9D, 0xEF7D,
  0xEF7D, 0xEF7D, 0xE77D, 0xE77D, 0xDF3C, 0xD69B, 0xDEDC, 0xE73D,
  0xE77D, 0xE77D, 0xE77D, 0xE77E, 0xE77E, 0xE77E, 0xE79E, 0xE77E,
  0xDF5E, 0xDF5D, 0xD73E, 0xCF3D, 0xC6BB, 0xB65A, 0xADF9, 0x9D78,
  0x8D16, 0x7CB3, 0x6C10, 0x6BAF, 0x6B8E, 0x5B2C, 0x4248, 0x39E6,
  0x2964, 0x10A2, 0x0020, 0x0000, 0x0000, 0x0000, 0x0000, 0x0000,
  0x0000, 0x0000, 0x0000, 0x0000, 0x0000, 0x0000, 0x0000, 0x0000,
  0x0000, 0x0000, 0x0000, 0x0000, 0x0000, 0x0000, 0x0000, 0x0000,
  0x0000, 0x0000, 0x0000, 0x0000, 0x0000, 0x0000, 0x0000, 0x0000,
  0x0000, 0x0000, 0x0000, 0x0000, 0x0000, 0x0000, 0x0000, 0x0000,
  0x0000, 0x0000, 0x0000, 0x0020, 0x0861, 0x2124, 0x3A48, 0x532B,
  0x6BCE, 0x742F, 0x8491, 0x9D14, 0xADB7, 0xBEDB, 0xC73D, 0xCF3C,
  0xD77D, 0xE7BE, 0xE7BE, 0xEFDE, 0xEFDF, 0xEFDE, 0xEFDE, 0xEFBE,
  0xEF9D, 0xEF3C, 0xEF1C, 0xEF5D, 0xE71C, 0xDE7A, 0xDE7A, 0xE6DB,
  0xE6FB, 0xE6FB, 0xE6FB, 0xE71C, 0xE73C, 0xDF5B, 0xDF5B, 0xE77B,
  0xE77B, 0xEF5B, 0xEF5C, 0xEF5B, 0xEF5B, 0xEF7B, 0xEFBC, 0xEF9C,
  0xEF7B, 0xEF7B, 0xE75A, 0xE75A, 0xE73A, 0xE6F8, 0xE696, 0xDE96,
  0xDEB7, 0xE6D7, 0xDEB7, 0xE697, 0xE697, 0xDE97, 0xDE76, 0xDE56,
  0xD635, 0xD614, 0xD5F3, 0xD5D2, 0xD5B1, 0xCD71, 0xC530, 0xC4EF,
  0xC4CF, 0xC4CF, 0xC4CF, 0xBCAF, 0xBC8E, 0xB46D, 0xB44D, 0xAC2C,
  0xABEC, 0xABEB, 0xABCB, 0xA3AA, 0xA36A, 0xA349, 0x9B29, 0x9B08,
  0x9AE8, 0x92A7, 0x92A7, 0x9286, 0x8A66, 0x8A45, 0x8A25, 0x8205,
  0x81E4, 0x81C4, 0x79A4, 0x7983, 0x7983, 0x7963, 0x7163, 0x7142,
  0x7122, 0x6902, 0x6902, 0x6901, 0x6901, 0x6901, 0x6902, 0x7102,
  0x7122, 0x7122, 0x7122, 0x7142, 0x7963, 0x7963, 0x7983, 0x79C4,
  0x81C4, 0x81C4, 0x81E4, 0x8A05, 0x8A25, 0x8A46, 0x9286, 0x92C7,
  0x92E8, 0x9B08, 0x9B28, 0x9B49, 0xA369, 0xA38A, 0xABCA, 0xABEB,
  0xB40C, 0xB44C, 0xBC6D, 0xBC6D, 0xBC8D, 0xBCAD, 0xBCCE, 0xBCCE,
  0xBCAD, 0xC4AE, 0xC4CF, 0xCCEF, 0xCD10, 0xCD51, 0xCD51, 0xCD51,
  0xD592, 0xD5B3, 0xD5B3, 0xD5D4, 0xDDF5, 0xDE56, 0xDE76, 0xDE97,
  0xDE97, 0xE6B7, 0xE6B8, 0xE697, 0xE697, 0xDE97, 0xE697, 0xEEF8,
  0xEF3A, 0xEF5B, 0xEF5B, 0xEF5C, 0xEF5C, 0xEF5C, 0xEF5B, 0xEF5C,
  0xEF7C, 0xEF5C, 0xE73C, 0xE73D, 0xE77D, 0xDF3C, 0xDEBB, 0xDEBB,
  0xE75D, 0xE79D, 0xE75D, 0xE73D, 0xE75D, 0xE75D, 0xEF5E, 0xE79E,
  0xE79E, 0xDF7E, 0xDF3D, 0xD6FC, 0xC6DC, 0xBE9B, 0xAE3A, 0xA5B8,
  0x9D37, 0x8CD4, 0x7C72, 0x6BEF, 0x638E, 0x634D, 0x5ACA, 0x39E7,
  0x2103, 0x1081, 0x0820, 0x0000, 0x0000, 0x0000, 0x0000, 0x0000,
  0x0000, 0x0000, 0x0000, 0x0000, 0x0000, 0x0000, 0x0000, 0x0000,
  0x0000, 0x0000, 0x0000, 0x0000, 0x0000, 0x0000, 0x0000, 0x0000,
  0x0000, 0x0000, 0x0000, 0x0000, 0x0000, 0x0000, 0x0000, 0x0000,
  0x0000, 0x0000, 0x0000, 0x0000, 0x0000, 0x0000, 0x0000, 0x0000,
  0x0000, 0x0000, 0x0000, 0x0000, 0x0000, 0x0000, 0x0000, 0x0000,
  0x1081, 0x2144, 0x4248, 0x636C, 0x7C0F, 0x8C92, 0x9515, 0xA618,
  0xB69B, 0xCEFC, 0xD73C, 0xDF5D, 0xE79D, 0xEFDF, 0xEFFF, 0xEFDF,
  0xEFDF, 0xEFDE, 0xEF9D, 0xEF5D, 0xEF5D, 0xEF7D, 0xEF5D, 0xE6BB,
  0xE69A, 0xE6FB, 0xE71C, 0xE71B, 0xE71B, 0xE73C, 0xE75C, 0xE75C,
  0xDF7B, 0xE77B, 0xE77C, 0xEF7C, 0xEF5C, 0xEF5B, 0xEF5B, 0xE75A,
  0xEF7B, 0xEF7B, 0xEF7B, 0xEF7B, 0xE77A, 0xE739, 0xE718, 0xE6D8,
  0xE6B7, 0xDEB8, 0xE6F8, 0xE6F8, 0xE6B8, 0xDE97, 0xE697, 0xE697,
  0xDE76, 0xDE56, 0xD635, 0xD614, 0xD5F4, 0xD5D3, 0xD592, 0xCD71,
  0xC530, 0xC4EF, 0xC4CE, 0xC4CF, 0xC4EF, 0xBCCF, 0xBC8D, 0xB44D,
  0xB44D, 0xB42C, 0xB40C, 0xABEB, 0xABCB, 0xABAA, 0xA36A, 0xA369,
  0x9B49, 0x9B28, 0x9AE8, 0x92C7, 0x92A7, 0x92A7, 0x8A66, 0x8A45,
  0x8A25, 0x8205, 0x8205, 0x81E4, 0x79A4, 0x79A3, 0x7983, 0x7963,
  0x7163, 0x7142, 0x7122, 0x7102, 0x6902, 0x6901, 0x6901, 0x6901,
  0x6902, 0x7102, 0x7122, 0x7122, 0x7142, 0x7142, 0x7963, 0x7963,
  0x79A4, 0x81C4, 0x81E4, 0x81E4, 0x81E4, 0x89E4, 0x8A25, 0x8A46,
  0x9287, 0x92C7, 0x92E8, 0x9B08, 0x9B28, 0x9B49, 0xA369, 0xAB8A,
  0xABCA, 0xABEB, 0xB40C, 0xB44C, 0xBC6D, 0xBC8D, 0xBCAE, 0xBCCE,
  0xBCCD, 0xBCAD, 0xBC8D, 0xC4EF, 0xC510, 0xCD30, 0xCD51, 0xCD92,
  0xCD92, 0xD592, 0xD593, 0xD5B3, 0xD5B3, 0xDDD4, 0xDE35, 0xDE96,
  0xDEB7, 0xDEB7, 0xDEB8, 0xE6D8, 0xE6B8, 0xE6B7, 0xE6D8, 0xDED8,
  0xE6B8, 0xE6B8, 0xE6D9, 0xEF1A, 0xEF3B, 0xE73B, 0xE71A, 0xE71B,
  0xE73B, 0xE73C, 0xE75C, 0xE75C, 0xE71C, 0xE73D, 0xDF3C, 0xDEBB,
  0xDE7B, 0xE73C, 0xE77D, 0xDF7C, 0xE73C, 0xE73C, 0xE73D, 0xE75D,
  0xE75E, 0xE77E, 0xE77E, 0xDF5D, 0xD71D, 0xCEDC, 0xB65A, 0xA5F8,
  0x9597, 0x8D16, 0x8473, 0x7C11, 0x6BCF, 0x636C, 0x52EA, 0x4A28,
  0x3185, 0x18E3, 0x0841, 0x0000, 0x0000, 0x0000, 0x0000, 0x0000,
  0x0000, 0x0000, 0x0000, 0x0000, 0x0000, 0x0000, 0x0000, 0x0000,
  0x0000, 0x0000, 0x0000, 0x0000, 0x0000, 0x0000, 0x0000, 0x0000,
  0x0000, 0x0000, 0x0000, 0x0000, 0x0000, 0x0000, 0x0000, 0x0000,
  0x0000, 0x0000, 0x0000, 0x0000, 0x0000, 0x0000, 0x0000, 0x0000,
  0x0000, 0x0000, 0x0000, 0x0000, 0x0000, 0x0000, 0x0000, 0x0000,
  0x0000, 0x0000, 0x0000, 0x0000, 0x10A1, 0x31A5, 0x5ACA, 0x73CF,
  0x8491, 0x9534, 0xADD7, 0xBE59, 0xCEDA, 0xD71C, 0xDF7D, 0xE7DE,
  0xE7FF, 0xE7FF, 0xEFDF, 0xEFDE, 0xEFBE, 0xEFBE, 0xEFBE, 0xEF9D,
  0xEF9D, 0xE6FC, 0xE6DB, 0xE71C, 0xEF5C, 0xE73C, 0xE73C, 0xE75C,
  0xE75C, 0xE77C, 0xE77C, 0xE77C, 0xE77C, 0xEF7C, 0xEF7C, 0xEF5B,
  0xE75A, 0xE73A, 0xE719, 0xE71A, 0xE75A, 0xEF7A, 0xEF5A, 0xE718,
  0xE6D8, 0xE6F8, 0xE71A, 0xE71A, 0xE719, 0xE6F8, 0xE6D8, 0xDEB7,
  0xDE97, 0xE697, 0xE676, 0xDE56, 0xD655, 0xD614, 0xD5D3, 0xD5B2,
  0xCD92, 0xCD72, 0xCD51, 0xC510, 0xC4CF, 0xBCCE, 0xBCCF, 0xBCAE,
  0xBC8D, 0xB44D, 0xB42C, 0xB42C, 0xB42C, 0xAC0C, 0xABCB, 0xABAB,
  0xA38A, 0xA36A, 0xA349, 0x9B28, 0x9AE8, 0x9AC7, 0x92A7, 0x92A7,
  0x9286, 0x8A66, 0x8A25, 0x8205, 0x8205, 0x81E4, 0x79C4, 0x79A4,
  0x7983, 0x7963, 0x7963, 0x7142, 0x7122, 0x7122, 0x6902, 0x6901,
  0x6901, 0x6901, 0x7102, 0x7122, 0x7122, 0x7142, 0x7142, 0x7142,
  0x7962, 0x7983, 0x79A4, 0x81E4, 0x8205, 0x81E5, 0x81E4, 0x81E4,
  0x8A05, 0x9246, 0x9287, 0x92C7, 0x92E7, 0x9AE8, 0x9B08, 0x9B29,
  0xA369, 0xABAA, 0xABCB, 0xABEB, 0xB42C, 0xB44C, 0xB46D, 0xBC8D,
  0xBCCE, 0xBCCE, 0xBCAD, 0xBC8D, 0xC4CE, 0xC510, 0xC510, 0xCD30,
  0xCD92, 0xCDB3, 0xD5D3, 0xD5D3, 0xD5F4, 0xD5F4, 0xD5F4, 0xDE15,
  0xDE76, 0xDE96, 0xDE97, 0xDEB7, 0xE6D8, 0xE6D9, 0xE6D8, 0xE6D8,
  0xE6F9, 0xE6F9, 0xE6F9, 0xE6D8, 0xE678, 0xE6B9, 0xEF1B, 0xE71B,
  0xE71B, 0xE71B, 0xE71B, 0xE71C, 0xE73C, 0xE73C, 0xE75C, 0xE73C,
  0xDEBA, 0xD67A, 0xDEFC, 0xE75D, 0xE75C, 0xDF1C, 0xDF1B, 0xE73C,
  0xE73D, 0xE73D, 0xDF5D, 0xDF7D, 0xDF5D, 0xD71D, 0xCEDC, 0xBE7B,
  0xA619, 0x9577, 0x8D15, 0x7C52, 0x6BAF, 0x632C, 0x5AEA, 0x52C9,
  0x3A07, 0x2123, 0x0861, 0x0020, 0x0000, 0x0000, 0x0000, 0x0000,
  0x0000, 0x0000, 0x0000, 0x0000, 0x0000, 0x0000, 0x0000, 0x0000,
  0x0000, 0x0000, 0x0000, 0x0000, 0x0000, 0x0000, 0x0000, 0x0000,
  0x0000, 0x0000, 0x0000, 0x0000, 0x0000, 0x0000, 0x0000, 0x0000,
  0x0000, 0x0000, 0x0000, 0x0000, 0x0000, 0x0000, 0x0000, 0x0000,
  0x0000, 0x0000, 0x0000, 0x0000, 0x0000, 0x0000, 0x0000, 0x0000,
  0x0000, 0x0000, 0x0000, 0x0000, 0x0000, 0x0000, 0x0000, 0x0020,
  0x2103, 0x4247, 0x6B6C, 0x8C92, 0x9D34, 0xA575, 0xB638, 0xCF1C,
  0xDF7D, 0xE79D, 0xE7DF, 0xE7FF, 0xE7DF, 0xEFBE, 0xEFBE, 0xEFDE,
  0xEFBE, 0xEFBE, 0xEFBE, 0xEF3C, 0xE6FB, 0xEF1C, 0xEF5D, 0xEF5C,
  0xE75C, 0xEF5C, 0xEF7C, 0xEF7D, 0xEF7C, 0xEF7C, 0xEF7C, 0xEF7C,
  0xEF7B, 0xEF5B, 0xE73B, 0xE73A, 0xE71A, 0xE6F9, 0xE73A, 0xEF39,
  0xEEF9, 0xE6F9, 0xE719, 0xE73A, 0xE73A, 0xE739, 0xE6F8, 0xE6F8,
  0xE6D8, 0xE6B7, 0xE697, 0xE696, 0xDE76, 0xDE76, 0xDE55, 0xD614,
  0xD5D3, 0xCDB3, 0xCDD3, 0xCDB3, 0xCD72, 0xC531, 0xC4F0, 0xBCCF,
  0xBCCF, 0xBCAE, 0xBC8E, 0xB46D, 0xB42C, 0xB42C, 0xB40C, 0xAC0C,
  0xABEB, 0xABCB, 0xA3AA, 0xA36A, 0xA349, 0x9B29, 0x9B08, 0x9AC8,
  0x92C7, 0x92A7, 0x9287, 0x8A66, 0x8A45, 0x8A25, 0x8205, 0x81E4,
  0x81C4, 0x79A4, 0x7983, 0x7963, 0x7963, 0x7142, 0x7142, 0x7122,
  0x6902, 0x6902, 0x6901, 0x6902, 0x7102, 0x7122, 0x7122, 0x7142,
  0x7142, 0x7142, 0x7942, 0x7983, 0x81A4, 0x81E4, 0x8205, 0x8205,
  0x8205, 0x89E4, 0x89E4, 0x8A25, 0x9266, 0x92A7, 0x92A7, 0x9AC7,
  0x9B08, 0xA329, 0xA36A, 0xA3AA, 0xABCB, 0xABEB, 0xB42C, 0xB44C,
  0xB48D, 0xBCAD, 0xBCCE, 0xBCAD, 0xBC6D, 0xC48D, 0xC4CE, 0xC4EF,
  0xC510, 0xCD51, 0xCDB2, 0xD5D3, 0xD5F3, 0xD614, 0xD635, 0xDE35,
  0xDE55, 0xDE56, 0xDE76, 0xDE97, 0xDE97, 0xE6B7, 0xE6D8, 0xE6D8,
  0xE6D8, 0xE6F9, 0xE6F9, 0xE719, 0xE71A, 0xEEFA, 0xE6B9, 0xE6B9,
  0xE6FA, 0xE73C, 0xE75C, 0xE73C, 0xE71C, 0xE6FB, 0xDEB9, 0xE6DA,
  0xE75C, 0xDEFB, 0xDE7A, 0xDEDB, 0xE75D, 0xE73C, 0xDF1C, 0xDEFB,
  0xE71C, 0xE71C, 0xE73C, 0xE73D, 0xDF5D, 0xD75D, 0xD73C, 0xCEDC,
  0xB65A, 0xA5F8, 0x9D97, 0x9535, 0x8472, 0x73CF, 0x632C, 0x52A8,
  0x4247, 0x31C5, 0x18E3, 0x0020, 0x0000, 0x0000, 0x0000, 0x0000,
  0x0000, 0x0000, 0x0000, 0x0000, 0x0000, 0x0000, 0x0000, 0x0000,
  0x0000, 0x0000, 0x0000, 0x0000, 0x0000, 0x0000, 0x0000, 0x0000,
  0x0000, 0x0000, 0x0000, 0x0000, 0x0000, 0x0000, 0x0000, 0x0000,
  0x0000, 0x0000, 0x0000, 0x0000, 0x0000, 0x0000, 0x0000, 0x0000,
  0x0000, 0x0000, 0x0000, 0x0000, 0x0000, 0x0000, 0x0000, 0x0000,
  0x0000, 0x0000, 0x0000, 0x0000, 0x0000, 0x0000, 0x0000, 0x0000,
  0x0000, 0x0000, 0x0000, 0x0861, 0x3185, 0x6B6D, 0x7C70, 0x84D2,
  0x9DB6, 0xBEDA, 0xCEFB, 0xD73C, 0xDFDE, 0xE7FF, 0xE7DE, 0xE7DE,
  0xEFDF, 0xEFDF, 0xEFDF, 0xEFDF, 0xEFDE, 0xEF5D, 0xE6FB, 0xEEFC,
  0xEF5C, 0xE75C, 0xEF5C, 0xEF7D, 0xEF9D, 0xEF9C, 0xE77C, 0xE77C,
  0xEF7C, 0xEF7C, 0xE77B, 0xE75B, 0xE73B, 0xEF5B, 0xE75B, 0xE75A,
  0xE73A, 0xE6D8, 0xE6D9, 0xEF3A, 0xE77B, 0xE75A, 0xE73A, 0xE739,
  0xE719, 0xE718, 0xE6F8, 0xE6D8, 0xE6B7, 0xDE97, 0xDE96, 0xDE75,
  0xDE55, 0xDDF4, 0xD5D3, 0xCDF4, 0xCDD3, 0xCDD3, 0xCD92, 0xC571,
  0xC510, 0xC4EF, 0xBCCF, 0xBCCF, 0xBCAF, 0xBC8E, 0xB44D, 0xB42C,
  0xAC0C, 0xABEB, 0xABEB, 0xABCB, 0xABAA, 0xA38A, 0xA369, 0xA349,
  0x9B28, 0x9AE8, 0x92C7, 0x92A7, 0x9287, 0x8A66, 0x8A46, 0x8A25,
  0x8205, 0x8205, 0x81E4, 0x79C4, 0x79A3, 0x7983, 0x7963, 0x7143,
  0x7142, 0x7122, 0x7102, 0x6902, 0x6902, 0x6902, 0x7102, 0x7122,
  0x7122, 0x7142, 0x7942, 0x7942, 0x7942, 0x7963, 0x81A4, 0x81E4,
  0x8205, 0x8A05, 0x8A25, 0x8A05, 0x8A04, 0x8A04, 0x8A25, 0x9266,
  0x92A7, 0x9AC7, 0x9AE8, 0xA329, 0xA36A, 0xABAA, 0xABEB, 0xAC0B,
  0xB44C, 0xB44D, 0xBC8D, 0xBCAE, 0xBCAE, 0xBC6C, 0xBC4C, 0xC48D,
  0xC4AE, 0xC4EF, 0xC530, 0xCD92, 0xCDD2, 0xD5D3, 0xD5F3, 0xD614,
  0xD615, 0xDE55, 0xDE56, 0xDE76, 0xDE76, 0xDE77, 0xE697, 0xE697,
  0xE6B8, 0xE6B8, 0xE6D9, 0xE6F9, 0xE719, 0xE6F9, 0xE6F9, 0xE6F9,
  0xE6D9, 0xDED9, 0xE6FA, 0xE71B, 0xE75C, 0xE75C, 0xE73B, 0xDEBA,
  0xD618, 0xDDF7, 0xDE78, 0xDE58, 0xDE9A, 0xE73D, 0xE75D, 0xE75C,
  0xDEFB, 0xDEFB, 0xDEFC, 0xDEFC, 0xDF1C, 0xDF3D, 0xDF3C, 0xCEFB,
  0xBE9A, 0xB67A, 0xA63A, 0x9DD8, 0x9535, 0x8472, 0x73CF, 0x634D,
  0x5AEA, 0x4247, 0x2944, 0x1081, 0x0000, 0x0000, 0x0000, 0x0000,
  0x0000, 0x0000, 0x0000, 0x0000, 0x0000, 0x0000, 0x0000, 0x0000,
  0x0000, 0x0000, 0x0000, 0x0000, 0x0000, 0x0000, 0x0000, 0x0000,
  0x0000, 0x0000, 0x0000, 0x0000, 0x0000, 0x0000, 0x0000, 0x0000,
  0x0000, 0x0000, 0x0000, 0x0000, 0x0000, 0x0000, 0x0000, 0x0000,
  0x0000, 0x0000, 0x0000, 0x0000, 0x0000, 0x0000, 0x0000, 0x0000,
  0x0000, 0x0000, 0x0000, 0x0000, 0x0000, 0x0000, 0x0000, 0x0000,
  0x0000, 0x0000, 0x0000, 0x0000, 0x0000, 0x0000, 0x0840, 0x2964,
  0x4AC9, 0x7430, 0x9595, 0xA638, 0xBE39, 0xC6DB, 0xD77D, 0xDFBE,
  0xE79E, 0xE7BE, 0xE7DE, 0xEFDE, 0xEFDE, 0xEFDF, 0xEFDF, 0xEF9E,
  0xEF3C, 0xEF1C, 0xEF3C, 0xEF5C, 0xEF7C, 0xEF7D, 0xE79C, 0xE79C,
  0xE77C, 0xE77C, 0xE79C, 0xE79C, 0xEF7C, 0xE75B, 0xE73B, 0xE75B,
  0xE77B, 0xE75B, 0xE71A, 0xE6F9, 0xE6FA, 0xEF1A, 0xE73B, 0xE75A,
  0xE73A, 0xE71A, 0xE719, 0xE719, 0xE6F8, 0xE6D8, 0xE6B7, 0xE697,
  0xDE96, 0xDE75, 0xDE14, 0xDDF4, 0xD5F4, 0xD615, 0xCDF4, 0xCDD3,
  0xCDB2, 0xC572, 0xC531, 0xC510, 0xBCCF, 0xBCCE, 0xBCAF, 0xBCAE,
  0xB46D, 0xB44D, 0xB42C, 0xAC0C, 0xABEB, 0xABCB, 0xABAA, 0xAB8A,
  0xA36A, 0xA349, 0x9B28, 0x9AE8, 0x9AC7, 0x92A7, 0x92A7, 0x9286,
  0x8A66, 0x8A46, 0x8225, 0x8205, 0x81E4, 0x81C4, 0x79A4, 0x7983,
  0x7963, 0x7163, 0x7142, 0x7122, 0x7102, 0x7102, 0x6902, 0x7102,
  0x7122, 0x7122, 0x7122, 0x7142, 0x7942, 0x7942, 0x7942, 0x7963,
  0x81A4, 0x81E4, 0x8A05, 0x8A25, 0x8A25, 0x8A25, 0x8A05, 0x89E4,
  0x89E4, 0x9225, 0x9286, 0x9AA7, 0x9AC7, 0xA308, 0xA36A, 0xAB8A,
  0xABCB, 0xAC0B, 0xB42C, 0xB44D, 0xBC8D, 0xBCAE, 0xBC8D, 0xBC4C,
  0xBC6D, 0xC4AE, 0xC4F0, 0xCD51, 0xCD71, 0xCD92, 0xD5B2, 0xD5D3,
  0xD5F3, 0xD5F4, 0xD614, 0xD635, 0xDE35, 0xDE55, 0xDE56, 0xE677,
  0xDE77, 0xDE77, 0xDE77, 0xE698, 0xE6D8, 0xE6F9, 0xE6F8, 0xDEB8,
  0xDE98, 0xDEB9, 0xDEB9, 0xDED9, 0xDEDA, 0xDEDA, 0xDEFA, 0xE6FA,
  0xE6DA, 0xE6FC, 0xDE9A, 0xCD34, 0xD4B3, 0xE5D7, 0xE73C, 0xE75D,
  0xE71B, 0xE6FB, 0xDEDB, 0xDEFB, 0xDEFB, 0xE71C, 0xDF1D, 0xDF1C,
  0xD6FC, 0xCEBB, 0xB67A, 0x9DF9, 0x95B8, 0x9577, 0x8CB3, 0x73AF,
  0x5B2C, 0x52EA, 0x4247, 0x2144, 0x0861, 0x0000, 0x0000, 0x0000,
  0x0000, 0x0000, 0x0000, 0x0000, 0x0000, 0x0000, 0x0000, 0x0000,
  0x0000, 0x0000, 0x0000, 0x0000, 0x0000, 0x0000, 0x0000, 0x0000,
  0x0000, 0x0000, 0x0000, 0x0000, 0x0000, 0x0000, 0x0000, 0x0000,
  0x0000, 0x0000, 0x0000, 0x0000, 0x0000, 0x0000, 0x0000, 0x0000,
  0x0000, 0x0000, 0x0000, 0x0000, 0x0000, 0x0000, 0x0000, 0x0000,
  0x0000, 0x0000, 0x0000, 0x0000, 0x0000, 0x0000, 0x0000, 0x0000,
  0x0000, 0x0000, 0x0000, 0x0000, 0x0000, 0x0000, 0x0000, 0x0000,
  0x0000, 0x0020, 0x18E3, 0x52CA, 0x84B1, 0x9D54, 0xA5B6, 0xB638,
  0xC6DB, 0xD73C, 0xE77D, 0xE7BE, 0xE7DE, 0xEFFE, 0xEFFF, 0xEFDF,
  0xF7DF, 0xF7DF, 0xEFBE, 0xEF7D, 0xEF3C, 0xEF5D, 0xE77C, 0xE77C,
  0xE77C, 0xEF9D, 0xEF7C, 0xE77C, 0xE77C, 0xEF9D, 0xEF7D, 0xEF7C,
  0xE75B, 0xE73B, 0xE75B, 0xE73A, 0xE71A, 0xE73B, 0xEF3B, 0xEF1A,
  0xE71A, 0xE71A, 0xE71A, 0xE71A, 0xE739, 0xE719, 0xE6D8, 0xE6B8,
  0xE6B8, 0xDE97, 0xDE76, 0xDE35, 0xDE14, 0xDDF4, 0xD5F4, 0xD5F4,
  0xD5F4, 0xCDD3, 0xCDB3, 0xC592, 0xC551, 0xC530, 0xBCCF, 0xBCAE,
  0xBCAF, 0xBCAF, 0xBCAE, 0xB46D, 0xB44D, 0xAC2C, 0xAC0C, 0xABEB,
  0xABCB, 0xA3AA, 0xA38A, 0xA349, 0x9B29, 0x9AE8, 0x9AE8, 0x92C7,
  0x92A7, 0x9286, 0x8A66, 0x8A46, 0x8A25, 0x8205, 0x81E4, 0x81C4,
  0x79A4, 0x7983, 0x7983, 0x7163, 0x7143, 0x7142, 0x7122, 0x7102,
  0x6902, 0x7102, 0x7122, 0x7122, 0x7122, 0x7142, 0x7942, 0x7942,
  0x7942, 0x7983, 0x81A4, 0x81E4, 0x8A25, 0x8A25, 0x8A45, 0x8A45,
  0x8A25, 0x8A05, 0x89E4, 0x8A04, 0x9246, 0x9A87, 0x9AC7, 0x9B08,
  0xA349, 0xAB8A, 0xABAB, 0xB3EB, 0xB40C, 0xB44C, 0xBC6D, 0xBC8C,
  0xBC6C, 0xBC4C, 0xBC8E, 0xC4CF, 0xC531, 0xCD71, 0xCD92, 0xCD92,
  0xD592, 0xD5B2, 0xD5F3, 0xD5F4, 0xD5F4, 0xD615, 0xD615, 0xDE35,
  0xDE36, 0xDE56, 0xDE57, 0xDE57, 0xDE57, 0xE697, 0xE6B8, 0xDEB8,
  0xDE98, 0xDE78, 0xDE99, 0xDEB9, 0xDEBA, 0xDEFA, 0xE71B, 0xDEDA,
  0xDE99, 0xE6BA, 0xE6DB, 0xEF9E, 0xE73C, 0xCD54, 0xCBF1, 0xE5F8,
  0xEF9D, 0xE73B, 0xE6BA, 0xE6BA, 0xE6FB, 0xE73C, 0xE73C, 0xE73D,
  0xDF3D, 0xD6DC, 0xCEBB, 0xBEBB, 0xB65A, 0x9D97, 0x8D15, 0x84B3,
  0x7C31, 0x6BAE, 0x52EB, 0x3A27, 0x2123, 0x0841, 0x0000, 0x0000,
  0x0000, 0x0000, 0x0000, 0x0000, 0x0000, 0x0000, 0x0000, 0x0000,
  0x0000, 0x0000, 0x0000, 0x0000, 0x0000, 0x0000, 0x0000, 0x0000,
  0x0000, 0x0000, 0x0000, 0x0000, 0x0000, 0x0000, 0x0000, 0x0000,
  0x0000, 0x0000, 0x0000, 0x0000, 0x0000, 0x0000, 0x0000, 0x0000,
  0x0000, 0x0000, 0x0000, 0x0000, 0x0000, 0x0000, 0x0000, 0x0000,
  0x0000, 0x0000, 0x0000, 0x0000, 0x0000, 0x0000, 0x0000, 0x0000,
  0x0000, 0x0000, 0x0000, 0x0000, 0x0000, 0x0000, 0x0000, 0x0000,
  0x0000, 0x0000, 0x0000, 0x0000, 0x0000, 0x2103, 0x52A9, 0x7C0F,
  0x9533, 0xA5D6, 0xB638, 0xC6DA, 0xDF5C, 0xDF5E, 0xE7BE, 0xEFFE,
  0xEFFF, 0xEFFF, 0xF7FF, 0xEFFF, 0xF7FF, 0xEF9D, 0xEF3C, 0xEF5D,
  0xE77D, 0xE77C, 0xEF7C, 0xEF9C, 0xEF7C, 0xE77C, 0xEF7C, 0xEF7C,
  0xEF9C, 0xEF7C, 0xE73B, 0xE73B, 0xE75B, 0xDF3A, 0xDF3A, 0xE75B,
  0xEF7C, 0xE73B, 0xE71A, 0xEF1A, 0xE71A, 0xE719, 0xE6F9, 0xE6F9,
  0xE6D9, 0xE6D8, 0xE6B8, 0xDE97, 0xDE35, 0xDE14, 0xDE35, 0xDE35,
  0xD5F4, 0xD5D3, 0xD5F4, 0xD5D3, 0xCDD3, 0xCD92, 0xC551, 0xC531,
  0xC510, 0xBCCF, 0xBCCF, 0xBCCF, 0xBCAF, 0xBC8E, 0xB44D, 0xB42C,
  0xAC2C, 0xABEC, 0xABCB, 0xA3AA, 0xA38A, 0xA369, 0x9B29, 0x9B08,
  0x9AE8, 0x92C7, 0x92A7, 0x9286, 0x8A66, 0x8A46, 0x8A25, 0x8205,
  0x81E4, 0x81C4, 0x81A4, 0x7983, 0x7983, 0x7963, 0x7143, 0x7142,
  0x7122, 0x7102, 0x6902, 0x7102, 0x7122, 0x7122, 0x7142, 0x7142,
  0x7963, 0x7942, 0x7963, 0x7983, 0x81C4, 0x81E4, 0x8A05, 0x8A25,
  0x8A45, 0x8A46, 0x8A46, 0x8A25, 0x8A05, 0x9205, 0x9225, 0x9A86,
  0x9AE8, 0xA308, 0xA349, 0xAB8A, 0xABCB, 0xB3EB, 0xB40C, 0xB42C,
  0xBC4C, 0xBC4B, 0xBC4B, 0xBC6D, 0xC4AE, 0xC4F0, 0xC530, 0xCD71,
  0xCD91, 0xCD92, 0xD592, 0xD5B2, 0xD5D3, 0xD5F4, 0xD5D4, 0xDDF5,
  0xDE35, 0xD636, 0xD615, 0xDE36, 0xDE36, 0xDE57, 0xDE77, 0xDE98,
  0xE6B8, 0xDE78, 0xDE78, 0xDEB9, 0xE6FA, 0xE6FA, 0xE71B, 0xE75C,
  0xE75C, 0xE6FB, 0xE6BA, 0xE71C, 0xEF5D, 0xEFBE, 0xE77C, 0xDE17,
  0xD4B3, 0xDDF8, 0xE73C, 0xE6FB, 0xE6BA, 0xE71C, 0xE75C, 0xE75C,
  0xE75C, 0xDF3C, 0xD6FB, 0xCEBB, 0xBE9B, 0xAE5A, 0xA5D7, 0x9535,
  0x8472, 0x73CF, 0x73CD, 0x638C, 0x4248, 0x1903, 0x0020, 0x0000,
  0x0000, 0x0000, 0x0000, 0x0000, 0x0000, 0x0000, 0x0000, 0x0000,
  0x0000, 0x0000, 0x0000, 0x0000, 0x0000, 0x0000, 0x0000, 0x0000,
  0x0000, 0x0000, 0x0000, 0x0000, 0x0000, 0x0000, 0x0000, 0x0000,
  0x0000, 0x0000, 0x0000, 0x0000, 0x0000, 0x0000, 0x0000, 0x0000,
  0x0000, 0x0000, 0x0000, 0x0000, 0x0000, 0x0000, 0x0000, 0x0000,
  0x0000, 0x0000, 0x0000, 0x0000, 0x0000, 0x0000, 0x0000, 0x0000,
  0x0000, 0x0000, 0x0000, 0x0000, 0x0000, 0x0000, 0x0000, 0x0000,
  0x0000, 0x0000, 0x0000, 0x0000, 0x0000, 0x0000, 0x0000, 0x0000,
  0x10A2, 0x4247, 0x7C0E, 0x9533, 0xA5F7, 0xB69A, 0xC6FB, 0xD71C,
  0xDF7D, 0xE7DE, 0xEFFF, 0xEFFF, 0xEFFF, 0xEFFF, 0xF7FF, 0xEF9E,
  0xEF5D, 0xEF5D, 0xEF5D, 0xEF5C, 0xE77C, 0xE77C, 0xE77C, 0xE77C,
  0xE75B, 0xE77B, 0xEF9C, 0xEF5C, 0xEF3B, 0xE75B, 0xE77B, 0xDF3A,
  0xDF19, 0xE73A, 0xE77C, 0xE77B, 0xE73A, 0xE71A, 0xE6F8, 0xE6B8,
  0xE698, 0xE6D8, 0xE6F8, 0xE6D8, 0xDEB7, 0xDE55, 0xDE14, 0xDE15,
  0xDE36, 0xDE56, 0xD635, 0xD5F4, 0xD5D3, 0xD5D3, 0xCDD3, 0xCDB3,
  0xCD72, 0xC531, 0xC531, 0xBCF0, 0xBCCF, 0xBCCF, 0xBCAF, 0xBC8E,
  0xB46D, 0xB44D, 0xB42C, 0xAC0C, 0xABEB, 0xABCB, 0xA38A, 0xA36A,
  0x9B29, 0x9B08, 0x9AE8, 0x9AC7, 0x92A7, 0x9287, 0x8A66, 0x8A46,
  0x8A25, 0x8A25, 0x8205, 0x81E4, 0x79C4, 0x79A3, 0x7983, 0x7963,
  0x7963, 0x7142, 0x7122, 0x7102, 0x7102, 0x7122, 0x7122, 0x7142,
  0x7142, 0x7963, 0x7963, 0x7963, 0x7963, 0x7983, 0x81C4, 0x81E4,
  0x8A05, 0x8A25, 0x8A46, 0x8A66, 0x8A46, 0x8A25, 0x9226, 0x9266,
  0x9245, 0x9266, 0x9AC7, 0xA329, 0xAB6A, 0xABAB, 0xABEB, 0xB40C,
  0xB42C, 0xBC4D, 0xBC4D, 0xBC2B, 0xBC0B, 0xBC4C, 0xC4CE, 0xC510,
  0xCD30, 0xCD51, 0xCD72, 0xD592, 0xD5B2, 0xCDB2, 0xD5B2, 0xD5B2,
  0xD5B3, 0xDDF5, 0xDE36, 0xDE56, 0xDE36, 0xDE36, 0xDE36, 0xDE57,
  0xDE97, 0xDE78, 0xDE78, 0xDE78, 0xDEB9, 0xE6FA, 0xE71B, 0xDF1B,
  0xE75C, 0xE79D, 0xE73C, 0xE6FA, 0xE73B, 0xE73B, 0xE6FA, 0xE75C,
  0xEFBD, 0xDEBA, 0xDD76, 0xDDD8, 0xE6BB, 0xE71C, 0xE73C, 0xE73C,
  0xE73C, 0xE73C, 0xDF1C, 0xD6DB, 0xCEBA, 0xBE59, 0xAE19, 0xA5F8,
  0x9576, 0x84B3, 0x6BAF, 0x632B, 0x5B2A, 0x4AA8, 0x2123, 0x0020,
  0x0000, 0x0000, 0x0000, 0x0000, 0x0000, 0x0000, 0x0000, 0x0000,
  0x0000, 0x0000, 0x0000, 0x0000, 0x0000, 0x0000, 0x0000, 0x0000,
  0x0000, 0x0000, 0x0000, 0x0000, 0x0000, 0x0000, 0x0000, 0x0000,
  0x0000, 0x0000, 0x0000, 0x0000, 0x0000, 0x0000, 0x0000, 0x0000,
  0x0000, 0x0000, 0x0000, 0x0000, 0x0000, 0x0000, 0x0000, 0x0000,
  0x0000, 0x0000, 0x0000, 0x0000, 0x0000, 0x0000, 0x0000, 0x0000,
  0x0000, 0x0000, 0x0000, 0x0000, 0x0000, 0x0000, 0x0000, 0x0000,
  0x0000, 0x0000, 0x0000, 0x0000, 0x0000, 0x0000, 0x0000, 0x0000,
  0x0000, 0x0000, 0x0000, 0x0881, 0x4227, 0x7BEE, 0x9554, 0x9E18,
  0xAE79, 0xC6DA, 0xD73C, 0xDF9D, 0xE7DE, 0xEFFE, 0xEFFE, 0xEFFF,
  0xEFDF, 0xEFBE, 0xEF9D, 0xEF7D, 0xEF5C, 0xEF5C, 0xEF7C, 0xE75C,
  0xE77C, 0xE77C, 0xE77C, 0xE75B, 0xE73B, 0xEF3B, 0xEF5B, 0xEF7C,
  0xE79C, 0xE77C, 0xE71A, 0xDF1A, 0xE75B, 0xE77B, 0xE75A, 0xE6F9,
  0xE6B8, 0xE677, 0xDE77, 0xE698, 0xE698, 0xE697, 0xDE55, 0xD615,
  0xDDF5, 0xDE36, 0xD636, 0xD656, 0xDE35, 0xD5F5, 0xD5D4, 0xCDD3,
  0xCDD3, 0xCDB3, 0xCD92, 0xC551, 0xC531, 0xC510, 0xBCEF, 0xBCCF,
  0xBCAE, 0xB48E, 0xB46D, 0xB44D, 0xB42C, 0xAC0C, 0xABEC, 0xABCB,
  0xABAA, 0xA36A, 0xA349, 0x9B08, 0x9AE8, 0x9AC7, 0x92A7, 0x92A7,
  0x9286, 0x8A66, 0x8A46, 0x8A25, 0x8205, 0x81E4, 0x81C4, 0x79A4,
  0x7983, 0x7963, 0x7963, 0x7142, 0x7122, 0x7122, 0x7102, 0x7122,
  0x7122, 0x7142, 0x7143, 0x7963, 0x7983, 0x7963, 0x7963, 0x7983,
  0x81C4, 0x81E4, 0x8A05, 0x8A05, 0x8A46, 0x9266, 0x8A46, 0x8A25,
  0x9266, 0x9AA7, 0x9A87, 0x9AA6, 0x9AC7, 0xA328, 0xAB6A, 0xABCB,
  0xABEC, 0xB42C, 0xB44D, 0xBC6D, 0xBC6D, 0xBC2C, 0xBC0B, 0xBC4C,
  0xC4CF, 0xCD30, 0xCD51, 0xCD71, 0xCD92, 0xD5D3, 0xD5F3, 0xD5D3,
  0xD592, 0xD592, 0xD593, 0xD5B4, 0xDE15, 0xDE56, 0xDE77, 0xDE77,
  0xDE77, 0xDE98, 0xDE98, 0xDE98, 0xDE99, 0xE6D9, 0xE6FA, 0xE6FA,
  0xE71B, 0xE75B, 0xE75C, 0xE6DA, 0xE6DA, 0xE75B, 0xE75B, 0xE679,
  0xDDD7, 0xDE17, 0xDE38, 0xE5D7, 0xE5F8, 0xE69B, 0xE6FC, 0xEF3D,
  0xEF5D, 0xE73C, 0xE73C, 0xE73C, 0xD6FB, 0xCE9A, 0xBE59, 0xB618,
  0xA5D7, 0x9576, 0x84D3, 0x7410, 0x636D, 0x52EA, 0x4227, 0x2123,
  0x0020, 0x0000, 0x0000, 0x0000, 0x0000, 0x0000, 0x0000, 0x0000,
  0x0000, 0x0000, 0x0000, 0x0000, 0x0000, 0x0000, 0x0000, 0x0000,
  0x0000, 0x0000, 0x0000, 0x0000, 0x0000, 0x0000, 0x0000, 0x0000,
  0x0000, 0x0000, 0x0000, 0x0000, 0x0000, 0x0000, 0x0000, 0x0000,
  0x0000, 0x0000, 0x0000, 0x0000, 0x0000, 0x0000, 0x0000, 0x0000,
  0x0000, 0x0000, 0x0000, 0x0000, 0x0000, 0x0000, 0x0000, 0x0000,
  0x0000, 0x0000, 0x0000, 0x0000, 0x0000, 0x0000, 0x0000, 0x0000,
  0x0000, 0x0000, 0x0000, 0x0000, 0x0000, 0x0000, 0x0000, 0x0000,
  0x0000, 0x0000, 0x0000, 0x0000, 0x0000, 0x0000, 0x1081, 0x4228,
  0x744F, 0x8D74, 0x9DF7, 0xC6FB, 0xD75C, 0xDF5C, 0xE79D, 0xE7DE,
  0xEFDE, 0xEFBE, 0xEFBE, 0xEFBE, 0xEFBE, 0xEF9D, 0xE77D, 0xEF5C,
  0xEF5C, 0xE75C, 0xE75C, 0xE77C, 0xE77C, 0xE73B, 0xE71A, 0xE73B,
  0xEF7C, 0xEF9D, 0xEF9C, 0xE79C, 0xE77B, 0xE71A, 0xE71A, 0xE73A,
  0xE739, 0xE6F9, 0xE6D9, 0xE698, 0xDE77, 0xE678, 0xDE57, 0xDE35,
  0xDE15, 0xDE36, 0xE657, 0xDE56, 0xD636, 0xD635, 0xDE35, 0xDE15,
  0xD5F4, 0xD5D3, 0xCDB3, 0xCDB3, 0xCDB3, 0xCD52, 0xC531, 0xC510,
  0xBCF0, 0xBCCF, 0xBCAE, 0xB48E, 0xB46D, 0xB44D, 0xB42C, 0xAC0C,
  0xABEB, 0xABCB, 0xABAB, 0xA36A, 0xA328, 0x9B08, 0x9AE8, 0x9AE8,
  0x92C7, 0x9287, 0x9266, 0x8A66, 0x8A45, 0x8A05, 0x8205, 0x81E4,
  0x81C4, 0x81C4, 0x79A3, 0x7963, 0x7943, 0x7142, 0x7122, 0x7122,
  0x7102, 0x7122, 0x7122, 0x7142, 0x7143, 0x7963, 0x7983, 0x7983,
  0x7963, 0x7983, 0x81C4, 0x81E4, 0x81E4, 0x8A05, 0x8A46, 0x9266,
  0x8A45, 0x8A25, 0x9266, 0x9AA7, 0x9AC8, 0x9AE8, 0xA308, 0xA328,
  0xAB69, 0xABAA, 0xAC0C, 0xB44D, 0xBC6D, 0xBC8D, 0xBC6D, 0xBC4D,
  0xBC4D, 0xBC8E, 0xC4AF, 0xCD30, 0xCD51, 0xCD72, 0xCD92, 0xD5D3,
  0xD5F3, 0xD5B2, 0xD5B3, 0xD5D3, 0xD5D4, 0xD5D4, 0xD5F5, 0xDE56,
  0xDE97, 0xDE98, 0xDEB9, 0xDEB9, 0xDED9, 0xDED9, 0xDEFA, 0xE71A,
  0xE73B, 0xE71B, 0xE75C, 0xE75C, 0xDEB9, 0xDDD6, 0xDDF7, 0xE6B9,
  0xE6BA, 0xE679, 0xE65A, 0xDDF8, 0xD555, 0xDD56, 0xEE5A, 0xEF5E,
  0xE77E, 0xE75D, 0xE77E, 0xE77D, 0xE75D, 0xDF3C, 0xD6FC, 0xC6BB,
  0xBE59, 0xADD7, 0x9D35, 0x8CB2, 0x7410, 0x638D, 0x5B4B, 0x4268,
  0x2123, 0x0020, 0x0000, 0x0000, 0x0000, 0x0000, 0x0000, 0x0000,
  0x0000, 0x0000, 0x0000, 0x0000, 0x0000, 0x0000, 0x0000, 0x0000,
  0x0000, 0x0000, 0x0000, 0x0000, 0x0000, 0x0000, 0x0000, 0x0000,
  0x0000, 0x0000, 0x0000, 0x0000, 0x0000, 0x0000, 0x0000, 0x0000,
  0x0000, 0x0000, 0x0000, 0x0000, 0x0000, 0x0000, 0x0000, 0x0000,
  0x0000, 0x0000, 0x0000, 0x0000, 0x0000, 0x0000, 0x0000, 0x0000,
  0x0000, 0x0000, 0x0000, 0x0000, 0x0000, 0x0000, 0x0000, 0x0000,
  0x0000, 0x0000, 0x0000, 0x0000, 0x0000, 0x0000, 0x0000, 0x0000,
  0x0000, 0x0000, 0x0000, 0x0000, 0x0000, 0x0000, 0x0000, 0x0000,
  0x0000, 0x10A2, 0x4288, 0x7C2E, 0x9D54, 0xBEBA, 0xCF3B, 0xD71B,
  0xDF3C, 0xE7BE, 0xE79D, 0xEF9D, 0xEFBE, 0xF7BE, 0xEFBE, 0xEFBE,
  0xEFBE, 0xEF5C, 0xE71B, 0xE73B, 0xEF7C, 0xE77C, 0xE77C, 0xE73B,
  0xE71A, 0xE75B, 0xE7BC, 0xEFBD, 0xEF9C, 0xE79C, 0xE77C, 0xE75B,
  0xE73A, 0xDF19, 0xDEF9, 0xE73A, 0xE73A, 0xE6F9, 0xDE98, 0xDE57,
  0xDE56, 0xDE36, 0xDE57, 0xE6B8, 0xE6B8, 0xDE97, 0xDE56, 0xD636,
  0xD615, 0xDE35, 0xD615, 0xD5D4, 0xCDB3, 0xCD92, 0xCD92, 0xCD72,
  0xC531, 0xC510, 0xBD10, 0xBCEF, 0xBCAF, 0xBC8E, 0xB48E, 0xB46D,
  0xB42C, 0xAC0C, 0xABEB, 0xABCB, 0xA3AA, 0xA369, 0xA308, 0x9AE7,
  0x9AE8, 0x9AE7, 0x9286, 0x9246, 0x9246, 0x8A45, 0x8A05, 0x89E4,
  0x81C4, 0x81C4, 0x81C4, 0x81A4, 0x7983, 0x7963, 0x7942, 0x7142,
  0x7122, 0x7122, 0x7102, 0x7122, 0x7142, 0x7142, 0x7963, 0x7963,
  0x7983, 0x7983, 0x7983, 0x7983, 0x81C4, 0x81C4, 0x81E4, 0x8A25,
  0x8A66, 0x9266, 0x9245, 0x9246, 0x9287, 0x9AA7, 0x9AC8, 0x9B08,
  0xA349, 0xAB69, 0xAB8A, 0xAB8A, 0xB3CB, 0xB42C, 0xB44D, 0xBC6D,
  0xBC0C, 0xBC0C, 0xBC6E, 0xC4CF, 0xC4AE, 0xC510, 0xCD51, 0xCD72,
  0xCD92, 0xCDB2, 0xCDB2, 0xD592, 0xD5D4, 0xD615, 0xDE36, 0xD636,
  0xD636, 0xDE56, 0xDE77, 0xDE98, 0xDEB9, 0xE6D9, 0xE6F9, 0xE71A,
  0xE71A, 0xDF1A, 0xE73B, 0xE75B, 0xE75B, 0xE71A, 0xDE37, 0xDDB6,
  0xDDD7, 0xDE18, 0xE639, 0xEEFC, 0xEF7E, 0xE71C, 0xD638, 0xD5F8,
  0xE6FC, 0xEF9E, 0xEF9E, 0xE77D, 0xE79E, 0xE79E, 0xDF7D, 0xD71C,
  0xCEDB, 0xC6BB, 0xAE5A, 0x9D97, 0x8CB3, 0x7BEF, 0x6BAD, 0x5B2B,
  0x4AA9, 0x2965, 0x0841, 0x0000, 0x0000, 0x0000, 0x0000, 0x0000,
  0x0000, 0x0000, 0x0000, 0x0000, 0x0000, 0x0000, 0x0000, 0x0000,
  0x0000, 0x0000, 0x0000, 0x0000, 0x0000, 0x0000, 0x0000, 0x0000,
  0x0000, 0x0000, 0x0000, 0x0000, 0x0000, 0x0000, 0x0000, 0x0000,
  0x0000, 0x0000, 0x0000, 0x0000, 0x0000, 0x0000, 0x0000, 0x0000,
  0x0000, 0x0000, 0x0000, 0x0000, 0x0000, 0x0000, 0x0000, 0x0000,
  0x0000, 0x0000, 0x0000, 0x0000, 0x0000, 0x0000, 0x0000, 0x0000,
  0x0000, 0x0000, 0x0000, 0x0000, 0x0000, 0x0000, 0x0000, 0x0000,
  0x0000, 0x0000, 0x0000, 0x0000, 0x0000, 0x0000, 0x0000, 0x0000,
  0x0000, 0x0000, 0x0000, 0x0000, 0x18C2, 0x5288, 0x8C70, 0xAE16,
  0xB698, 0xC6B9, 0xD6FB, 0xDF5C, 0xE75C, 0xE77D, 0xEF9E, 0xEFBE,
  0xEFBE, 0xEFDE, 0xEFBD, 0xEF3B, 0xE6FA, 0xE73B, 0xEF5C, 0xE77C,
  0xE73B, 0xE6FA, 0xE6FA, 0xE75C, 0xEFBC, 0xEFBC, 0xEF9C, 0xE79C,
  0xE77C, 0xE77C, 0xE77C, 0xE73B, 0xE71A, 0xE73B, 0xE75B, 0xE71A,
  0xDE98, 0xDE76, 0xDE77, 0xE697, 0xE6B8, 0xE6D9, 0xDED8, 0xDEB8,
  0xDE97, 0xDE56, 0xD615, 0xD615, 0xD615, 0xD5F4, 0xCDB3, 0xCD92,
  0xCD92, 0xCD92, 0xC571, 0xC531, 0xBD10, 0xBD10, 0xBCCF, 0xBCAF,
  0xBC8E, 0xB46D, 0xB44D, 0xB40C, 0xABEB, 0xABAA, 0xA36A, 0xA349,
  0xA308, 0x9AE8, 0x9AE8, 0x9AA6, 0x9265, 0x9245, 0x9245, 0x8A25,
  0x8A25, 0x8A05, 0x81E4, 0x81C4, 0x81A4, 0x81A3, 0x7983, 0x7963,
  0x7962, 0x7142, 0x7122, 0x7122, 0x7122, 0x7122, 0x7142, 0x7142,
  0x7963, 0x7983, 0x7983, 0x7983, 0x7983, 0x81A3, 0x81C4, 0x81C4,
  0x89E4, 0x8A25, 0x9266, 0x9266, 0x9246, 0x9266, 0x9287, 0x9AA7,
  0x9AC7, 0x9B09, 0xA349, 0xAB8A, 0xAB8A, 0xAB8A, 0xB389, 0xB389,
  0xB3CB, 0xB3EB, 0xBBAA, 0xBBCB, 0xBC2C, 0xC48D, 0xC48E, 0xC4CF,
  0xCD31, 0xCD92, 0xCD93, 0xCD92, 0xCD71, 0xD593, 0xDDF5, 0xDE35,
  0xDE56, 0xDE77, 0xDE77, 0xDE57, 0xDE77, 0xDE97, 0xDEB8, 0xDED9,
  0xE6D9, 0xE6FA, 0xE71A, 0xDF1A, 0xE71A, 0xE71A, 0xE6D9, 0xE677,
  0xE637, 0xE658, 0xE6BA, 0xDEBA, 0xDEBB, 0xEF3C, 0xEF7D, 0xE77D,
  0xDEFB, 0xDE9A, 0xE73D, 0xEF7E, 0xEF7D, 0xE77D, 0xE77D, 0xDF7D,
  0xDF3C, 0xD6DB, 0xC67A, 0xB63A, 0x9DD9, 0x8D56, 0x7C71, 0x6BAE,
  0x634C, 0x52CA, 0x31A5, 0x0861, 0x0000, 0x0000, 0x0000, 0x0000,
  0x0000, 0x0000, 0x0000, 0x0000, 0x0000, 0x0000, 0x0000, 0x0000,
  0x0000, 0x0000, 0x0000, 0x0000, 0x0000, 0x0000, 0x0000, 0x0000,
  0x0000, 0x0000, 0x0000, 0x0000, 0x0000, 0x0000, 0x0000, 0x0000,
  0x0000, 0x0000, 0x0000, 0x0000, 0x0000, 0x0000, 0x0000, 0x0000,
  0x0000, 0x0000, 0x0000, 0x0000, 0x0000, 0x0000, 0x0000, 0x0000,
  0x0000, 0x0000, 0x0000, 0x0000, 0x0000, 0x0000, 0x0000, 0x0000,
  0x0000, 0x0000, 0x0000, 0x0000, 0x0000, 0x0000, 0x0000, 0x0000,
  0x0000, 0x0000, 0x0000, 0x0000, 0x0000, 0x0000, 0x0000, 0x0000,
  0x0000, 0x0000, 0x0000, 0x0000, 0x0000, 0x0000, 0x0000, 0x2103,
  0x5B2B, 0x8D12, 0xA5F6, 0xB658, 0xCEBA, 0xD6FB, 0xDF3C, 0xE77D,
  0xE79D, 0xE7BD, 0xE7BD, 0xEFBD, 0xEF7C, 0xEF5C, 0xEF3C, 0xE71B,
  0xE73B, 0xE73B, 0xE71A, 0xE6FA, 0xE6FA, 0xE75B, 0xEF7C, 0xEF9C,
  0xE79C, 0xE77B, 0xE77B, 0xE77C, 0xE77C, 0xE77C, 0xE75B, 0xE73A,
  0xE73A, 0xDEF9, 0xE6B8, 0xE698, 0xE6B8, 0xE6D8, 0xE6D8, 0xE6B8,
  0xDEB8, 0xDE97, 0xDE97, 0xDE56, 0xD615, 0xD5D4, 0xD5F4, 0xD5D4,
  0xD5B3, 0xCD72, 0xCD72, 0xCD92, 0xC551, 0xC531, 0xC510, 0xBD10,
  0xBCEF, 0xBCCF, 0xBCAE, 0xB46E, 0xB46D, 0xB42C, 0xABEB, 0xABAA,
  0xAB69, 0xA329, 0xA349, 0xA349, 0x9AE8, 0x9AA7, 0x9A86, 0x92A6,
  0x9286, 0x9246, 0x8A46, 0x8A46, 0x8A25, 0x81E4, 0x81C4, 0x8183,
  0x7983, 0x7963, 0x7963, 0x7942, 0x7122, 0x7122, 0x7122, 0x7122,
  0x7142, 0x7942, 0x7963, 0x7983, 0x79A3, 0x81A3, 0x81A3, 0x81A4,
  0x81C4, 0x81C4, 0x89E4, 0x8A25, 0x9266, 0x9266, 0x9246, 0x9267,
  0x9AA7, 0x9AC7, 0x9AE8, 0x9B08, 0xA308, 0xAB29, 0xAB29, 0xAB29,
  0xAB29, 0xAB28, 0xB349, 0xB3AA, 0xBBCB, 0xBBAB, 0xBBAA, 0xBBCA,
  0xC42C, 0xC48F, 0xCD10, 0xCD71, 0xCD71, 0xCD51, 0xD572, 0xD5B4,
  0xD5F4, 0xD615, 0xD656, 0xDE56, 0xD636, 0xDE36, 0xDE57, 0xDE77,
  0xDE98, 0xDEB8, 0xDEB9, 0xDED9, 0xE6F9, 0xE6D9, 0xE6B9, 0xDE57,
  0xDE16, 0xDDF7, 0xDE17, 0xE638, 0xE6DB, 0xE75C, 0xEF3C, 0xEF3C,
  0xEF5C, 0xE6FB, 0xE679, 0xE69B, 0xE75D, 0xEF7D, 0xE75C, 0xE73C,
  0xE73C, 0xDF1C, 0xD6DB, 0xCE9B, 0xC65B, 0xA5D8, 0x8D76, 0x7CD3,
  0x6BEF, 0x634C, 0x5ACA, 0x39E6, 0x10A2, 0x0000, 0x0000, 0x0000,
  0x0000, 0x0000, 0x0000, 0x0000, 0x0000, 0x0000, 0x0000, 0x0000,
  0x0000, 0x0000, 0x0000, 0x0000, 0x0000, 0x0000, 0x0000, 0x0000,
  0x0000, 0x0000, 0x0000, 0x0000, 0x0000, 0x0000, 0x0000, 0x0000,
  0x0000, 0x0000, 0x0000, 0x0000, 0x0000, 0x0000, 0x0000, 0x0000,
  0x0000, 0x0000, 0x0000, 0x0000, 0x0000, 0x0000, 0x0000, 0x0000,
  0x0000, 0x0000, 0x0000, 0x0000, 0x0000, 0x0000, 0x0000, 0x0000,
  0x0000, 0x0000, 0x0000, 0x0000, 0x0000, 0x0000, 0x0000, 0x0000,
  0x0000, 0x0000, 0x0000, 0x0000, 0x0000, 0x0000, 0x0000, 0x0000,
  0x0000, 0x0000, 0x0000, 0x0000, 0x0000, 0x0000, 0x0000, 0x0000,
  0x0000, 0x0020, 0x2984, 0x63AC, 0x9553, 0xADD6, 0xB617, 0xC679,
  0xD73C, 0xE77D, 0xE7BD, 0xE7BD, 0xE77C, 0xE75B, 0xEF7C, 0xEF7D,
  0xEF5D, 0xE71B, 0xE6FB, 0xE6FA, 0xE71B, 0xE71B, 0xE71B, 0xE73B,
  0xE75C, 0xE77C, 0xE77C, 0xE77B, 0xDF7B, 0xE77B, 0xEF7C, 0xE77C,
  0xE75B, 0xDF1A, 0xDF19, 0xDED9, 0xDEB8, 0xE6B8, 0xE6B7, 0xE6B7,
  0xE697, 0xE696, 0xDE96, 0xDE76, 0xDE56, 0xDE35, 0xDDF4, 0xD5B3,
  0xCD72, 0xCD72, 0xCD72, 0xCD72, 0xCD72, 0xC531, 0xC4EF, 0xBCCF,
  0xC4EF, 0xBCCF, 0xBCAE, 0xBCAE, 0xBC8E, 0xB46D, 0xB44C, 0xB42C,
  0xABEB, 0xABAA, 0xA369, 0xA329, 0xA328, 0xA328, 0xA308, 0x9AC7,
  0x9AA7, 0x92A6, 0x9286, 0x9266, 0x8A45, 0x8A25, 0x8A05, 0x8205,
  0x81E4, 0x81A4, 0x7983, 0x7963, 0x7963, 0x7963, 0x7142, 0x7122,
  0x7122, 0x7122, 0x7142, 0x7962, 0x7963, 0x7983, 0x79A3, 0x81A4,
  0x81A4, 0x81A4, 0x81C4, 0x89E4, 0x89E4, 0x8A25, 0x9266, 0x9266,
  0x9246, 0x9287, 0x9AA7, 0x9AA7, 0x9AE8, 0xA308, 0xA2E8, 0xA2E8,
  0xA2E8, 0xA2E8, 0xAB08, 0xAB29, 0xB389, 0xBBEB, 0xBC0C, 0xBBCB,
  0xBB6A, 0xBB8A, 0xBBCB, 0xC44D, 0xC4AE, 0xCCEF, 0xCD10, 0xCD30,
  0xD572, 0xD5D3, 0xD5F4, 0xD615, 0xD615, 0xD615, 0xD615, 0xD616,
  0xDE56, 0xDE57, 0xDE56, 0xDE77, 0xDE98, 0xDEB9, 0xE6B9, 0xE678,
  0xE678, 0xDE16, 0xDDD6, 0xDE17, 0xE638, 0xE658, 0xE699, 0xE6DA,
  0xEEFB, 0xEF3C, 0xEF3B, 0xE699, 0xE659, 0xEEDC, 0xE71C, 0xE73C,
  0xE77C, 0xE75C, 0xDF1C, 0xD6FB, 0xD6DB, 0xC6BB, 0xB619, 0x9D76,
  0x84D3, 0x7410, 0x636D, 0x530B, 0x3A27, 0x18E3, 0x0000, 0x0000,
  0x0000, 0x0000, 0x0000, 0x0000, 0x0000, 0x0000, 0x0000, 0x0000,
  0x0000, 0x0000, 0x0000, 0x0000, 0x0000, 0x0000, 0x0000, 0x0000,
  0x0000, 0x0000, 0x0000, 0x0000, 0x0000, 0x0000, 0x0000, 0x0000,
  0x0000, 0x0000, 0x0000, 0x0000, 0x0000, 0x0000, 0x0000, 0x0000,
  0x0000, 0x0000, 0x0000, 0x0000, 0x0000, 0x0000, 0x0000, 0x0000,
  0x0000, 0x0000, 0x0000, 0x0000, 0x0000, 0x0000, 0x0000, 0x0000,
  0x0000, 0x0000, 0x0000, 0x0000, 0x0000, 0x0000, 0x0000, 0x0000,
  0x0000, 0x0000, 0x0000, 0x0000, 0x0000, 0x0000, 0x0000, 0x0000,
  0x0000, 0x0000, 0x0000, 0x0000, 0x0000, 0x0000, 0x0000, 0x0000,
  0x0000, 0x0000, 0x0000, 0x0000, 0x0860, 0x3A06, 0x73ED, 0x9533,
  0xA5D6, 0xBE79, 0xD6FA, 0xDF3B, 0xE75B, 0xE75B, 0xE73B, 0xEF5C,
  0xEF7D, 0xEF7D, 0xEF5C, 0xE71C, 0xE6FB, 0xE6FA, 0xE71B, 0xE73B,
  0xE73B, 0xE73B, 0xE75B, 0xE77C, 0xEF9C, 0xE77C, 0xDF5B, 0xE75B,
  0xE77B, 0xE77C, 0xDF5B, 0xDF1A, 0xDEF9, 0xDED8, 0xDEB7, 0xE697,
  0xE6B7, 0xE6B7, 0xE697, 0xE697, 0xE697, 0xDE97, 0xDE77, 0xDE56,
  0xDE35, 0xD5F4, 0xCD93, 0xCD52, 0xCD51, 0xC531, 0xC4EF, 0xC48E,
  0xBC8E, 0xBCAF, 0xBCCF, 0xBCAE, 0xBC8E, 0xBC6D, 0xB44D, 0xB42C,
  0xB42C, 0xAC0B, 0xABCB, 0xABAA, 0xAB6A, 0xA329, 0xA328, 0xA328,
  0xA2E8, 0x9AC7, 0x9A86, 0x9286, 0x9286, 0x9246, 0x8A25, 0x8A25,
  0x8A05, 0x8204, 0x81E4, 0x81A4, 0x7983, 0x7963, 0x7963, 0x7963,
  0x7142, 0x7142, 0x7122, 0x7122, 0x7142, 0x7962, 0x7963, 0x7983,
  0x79A3, 0x79A3, 0x81A4, 0x81C4, 0x81E4, 0x89E4, 0x8A05, 0x8A05,
  0x9245, 0x9266, 0x9246, 0x9287, 0x9AA8, 0x9AA7, 0x9AC8, 0xA308,
  0xA2E8, 0xA2C8, 0xA2C7, 0xA2C7, 0xAB08, 0xAB29, 0xB369, 0xB3AA,
  0xBBEB, 0xBBAB, 0xBBAB, 0xBBCB, 0xBBCA, 0xC40C, 0xC48E, 0xC4AE,
  0xC48E, 0xCCCF, 0xCD31, 0xD5B2, 0xD5D4, 0xD5D4, 0xD5D4, 0xD5D4,
  0xD5F5, 0xD615, 0xDE36, 0xDE56, 0xDE56, 0xDE56, 0xDE56, 0xDE57,
  0xE657, 0xE657, 0xE636, 0xDDB5, 0xDDB6, 0xE638, 0xE658, 0xE658,
  0xE699, 0xE6BA, 0xE6BA, 0xEF1B, 0xE6B9, 0xDE58, 0xE6BB, 0xEF5D,
  0xEF3C, 0xE73C, 0xE75C, 0xDF3C, 0xDEFB, 0xD6FB, 0xCEFB, 0xBE9A,
  0xA5B7, 0x94F4, 0x7C51, 0x6B8D, 0x5AEA, 0x4268, 0x2144, 0x0020,
  0x0000, 0x0000, 0x0000, 0x0000, 0x0000, 0x0000, 0x0000, 0x0000,
  0x0000, 0x0000, 0x0000, 0x0000, 0x0000, 0x0000, 0x0000, 0x0000,
  0x0000, 0x0000, 0x0000, 0x0000, 0x0000, 0x0000, 0x0000, 0x0000,
  0x0000, 0x0000, 0x0000, 0x0000, 0x0000, 0x0000, 0x0000, 0x0000,
  0x0000, 0x0000, 0x0000, 0x0000, 0x0000, 0x0000, 0x0000, 0x0000,
  0x0000, 0x0000, 0x0000, 0x0000, 0x0000, 0x0000, 0x0000, 0x0000,
  0x0000, 0x0000, 0x0000, 0x0000, 0x0000, 0x0000, 0x0000, 0x0000,
  0x0000, 0x0000, 0x0000, 0x0000, 0x0000, 0x0000, 0x0000, 0x0000,
  0x0000, 0x0000, 0x0000, 0x0000, 0x0000, 0x0000, 0x0000, 0x0000,
  0x0000, 0x0000, 0x0000, 0x0000, 0x0000, 0x0000, 0x0000, 0x10A1,
  0x4246, 0x742F, 0x9575, 0xB617, 0xC678, 0xCE78, 0xD6B9, 0xE71B,
  0xE75C, 0xE75C, 0xE75C, 0xE75C, 0xE75C, 0xEF7C, 0xEF3B, 0xE6FA,
  0xE6FA, 0xE71A, 0xE71A, 0xE71A, 0xE75B, 0xEF7B, 0xEF7B, 0xEF7C,
  0xE75B, 0xE75B, 0xE75B, 0xE77C, 0xE77C, 0xDF3A, 0xDEF9, 0xE6D8,
  0xE6D8, 0xE6D8, 0xE6D8, 0xE6D9, 0xE6D8, 0xDEB8, 0xDEB8, 0xDED8,
  0xDED8, 0xDE97, 0xDE77, 0xD656, 0xD615, 0xCD93, 0xCD31, 0xC4CF,
  0xBC6E, 0xBC4D, 0xC4AF, 0xC510, 0xC4F0, 0xBCCF, 0xBCAF, 0xBC8E,
  0xBC6D, 0xB44D, 0xB42C, 0xAC0C, 0xABEC, 0xABEB, 0xABAA, 0xAB49,
  0xA349, 0xA349, 0xA329, 0x9AE8, 0x9AA7, 0x9AA6, 0x9286, 0x9266,
  0x8A45, 0x8A25, 0x8A05, 0x81E4, 0x81C4, 0x81A3, 0x7963, 0x7963,
  0x7963, 0x7963, 0x7142, 0x7142, 0x7122, 0x7122, 0x7142, 0x7962,
  0x7963, 0x7983, 0x7983, 0x79A3, 0x81C4, 0x81E4, 0x81E4, 0x8A05,
  0x8A05, 0x9225, 0x9225, 0x9245, 0x9246, 0x9287, 0x9AC8, 0x9AC8,
  0x9AE8, 0x9B08, 0xA2E8, 0xA2C8, 0xA2C7, 0xA2E8, 0xAB28, 0xAB49,
  0xAB49, 0xB349, 0xB38A, 0xBB8A, 0xBBCB, 0xC42C, 0xC42C, 0xC40C,
  0xC46D, 0xC46E, 0xC42D, 0xC46E, 0xCCCF, 0xD572, 0xD5B3, 0xD593,
  0xD593, 0xD593, 0xD5B4, 0xD5D5, 0xD5F5, 0xD615, 0xD616, 0xD5F5,
  0xD5D4, 0xD5B4, 0xDDD5, 0xE636, 0xDDF5, 0xDD74, 0xDDB6, 0xE679,
  0xE678, 0xE699, 0xE6FB, 0xEF3C, 0xEF1B, 0xEEFB, 0xDE59, 0xDE79,
  0xE71C, 0xEF7D, 0xEF7D, 0xE75C, 0xDF1B, 0xDEFB, 0xDEFB, 0xD71B,
  0xC6DA, 0xB658, 0x9D96, 0x8CD3, 0x73EE, 0x636C, 0x52A9, 0x3185,
  0x0861, 0x0000, 0x0000, 0x0000, 0x0000, 0x0000, 0x0000, 0x0000,
  0x0000, 0x0000, 0x0000, 0x0000, 0x0000, 0x0000, 0x0000, 0x0000,
  0x0000, 0x0000, 0x0000, 0x0000, 0x0000, 0x0000, 0x0000, 0x0000,
  0x0000, 0x0000, 0x0000, 0x0000, 0x0000, 0x0000, 0x0000, 0x0000,
  0x0000, 0x0000, 0x0000, 0x0000, 0x0000, 0x0000, 0x0000, 0x0000,
  0x0000, 0x0000, 0x0000, 0x0000, 0x0000, 0x0000, 0x0000, 0x0000,
  0x0000, 0x0000, 0x0000, 0x0000, 0x0000, 0x0000, 0x0000, 0x0000,
  0x0000, 0x0000, 0x0000, 0x0000, 0x0000, 0x0000, 0x0000, 0x0000,
  0x0000, 0x0000, 0x0000, 0x0000, 0x0000, 0x0000, 0x0000, 0x0000,
  0x0000, 0x0000, 0x0000, 0x0000, 0x0000, 0x0000, 0x0000, 0x0000,
  0x0000, 0x0000, 0x2102, 0x52A9, 0x7C30, 0x9514, 0xADD6, 0xBE18,
  0xCE99, 0xDF1B, 0xE75C, 0xE71B, 0xDEFB, 0xE73B, 0xEF7C, 0xF79D,
  0xEF7C, 0xEEFB, 0xE6DA, 0xE6F9, 0xE71A, 0xE73B, 0xE73B, 0xEF3B,
  0xEF5B, 0xEF5B, 0xEF5B, 0xEF7C, 0xE75C, 0xE77C, 0xE77C, 0xDF5B,
  0xE71A, 0xE71A, 0xE6FA, 0xE6FA, 0xE6F9, 0xE71A, 0xE71A, 0xDEF9,
  0xDEF8, 0xDED8, 0xDED8, 0xDED8, 0xDE97, 0xD677, 0xD657, 0xD5D4,
  0xCD31, 0xC4D0, 0xC48F, 0xC48F, 0xC4F0, 0xC551, 0xC531, 0xBCF0,
  0xBCF0, 0xBCCF, 0xBCAF, 0xBC8E, 0xB46E, 0xB44D, 0xB42D, 0xB40C,
  0xABCB, 0xAB8A, 0xA36A, 0xA36A, 0xA349, 0x9B29, 0x9AE8, 0x9AC7,
  0x92A7, 0x9287, 0x9266, 0x8A46, 0x8A25, 0x8A04, 0x81C4, 0x8183,
  0x7963, 0x7963, 0x7963, 0x7963, 0x7142, 0x7142, 0x7122, 0x7142,
  0x7942, 0x7942, 0x7962, 0x7963, 0x7983, 0x81A3, 0x81C4, 0x81E5,
  0x8205, 0x8A05, 0x8A25, 0x9225, 0x9225, 0x9245, 0x9266, 0x9A87,
  0x9AC8, 0x9AE8, 0xA309, 0xA308, 0x9AC7, 0x9AA7, 0xA2E8, 0xAB29,
  0xAB6A, 0xB3AA, 0xB3AB, 0xB38A, 0xB369, 0xB38A, 0xBBEB, 0xC44D,
  0xC48E, 0xC44D, 0xC42D, 0xC44D, 0xC46D, 0xCCAF, 0xCCAF, 0xD531,
  0xD572, 0xD551, 0xCCF0, 0xD511, 0xD593, 0xD5B4, 0xD594, 0xD573,
  0xD573, 0xD594, 0xD5B4, 0xD593, 0xD533, 0xDDB5, 0xDDD5, 0xDDB5,
  0xE617, 0xE6DA, 0xE6DA, 0xE6DB, 0xE6FB, 0xEF3C, 0xEF5C, 0xEEDA,
  0xE679, 0xE6DB, 0xEF5C, 0xEF5C, 0xE75D, 0xE77D, 0xE75C, 0xDF1B,
  0xD6FB, 0xD6FB, 0xBE79, 0xAE17, 0x9575, 0x8491, 0x6BAD, 0x636C,
  0x4A68, 0x18C2, 0x0000, 0x0000, 0x0000, 0x0000, 0x0000, 0x0000,
  0x0000, 0x0000, 0x0000, 0x0000, 0x0000, 0x0000, 0x0000, 0x0000,
  0x0000, 0x0000, 0x0000, 0x0000, 0x0000, 0x0000, 0x0000, 0x0000,
  0x0000, 0x0000, 0x0000, 0x0000, 0x0000, 0x0000, 0x0000, 0x0000,
  0x0000, 0x0000, 0x0000, 0x0000, 0x0000, 0x0000, 0x0000, 0x0000,
  0x0000, 0x0000, 0x0000, 0x0000, 0x0000, 0x0000, 0x0000, 0x0000,
  0x0000, 0x0000, 0x0000, 0x0000, 0x0000, 0x0000, 0x0000, 0x0000,
  0x0000, 0x0000, 0x0000, 0x0000, 0x0000, 0x0000, 0x0000, 0x0000,
  0x0000, 0x0000, 0x0000, 0x0000, 0x0000, 0x0000, 0x0000, 0x0000,
  0x0000, 0x0000, 0x0000, 0x0000, 0x0000, 0x0000, 0x0000, 0x0000,
  0x0000, 0x0000, 0x0000, 0x0000, 0x0840, 0x2944, 0x52AB, 0x7C10,
  0xA554, 0xBE38, 0xCE9A, 0xD6DA, 0xDF1B, 0xDEFB, 0xDEFA, 0xE71B,
  0xEF5C, 0xEF7C, 0xEF3B, 0xEEFB, 0xE6DA, 0xEEFA, 0xEF5B, 0xEF5B,
  0xEF3B, 0xEF3B, 0xEF5B, 0xE75B, 0xE75B, 0xE77B, 0xE75B, 0xE75B,
  0xE73B, 0xE71A, 0xE73B, 0xE73B, 0xE71A, 0xE6F9, 0xE719, 0xE73A,
  0xDF5A, 0xDF19, 0xDEF9, 0xDEF8, 0xDED8, 0xDED7, 0xDEB7, 0xD677,
  0xDE56, 0xD5D4, 0xCD72, 0xC552, 0xCD32, 0xC4F0, 0xC4F0, 0xC531,
  0xC551, 0xC530, 0xBCF0, 0xBCF0, 0xBCEF, 0xBCAF, 0xB48E, 0xB46D,
  0xB42D, 0xAC0C, 0xABEB, 0xABAA, 0xA38A, 0xA36A, 0xA34A, 0x9B29,
  0x9B08, 0x9AC7, 0x92A7, 0x9287, 0x9266, 0x8A46, 0x8A25, 0x8A05,
  0x81C4, 0x81A3, 0x8183, 0x7963, 0x7963, 0x7963, 0x7942, 0x7142,
  0x7122, 0x7142, 0x7942, 0x7942, 0x7942, 0x7963, 0x7983, 0x81C4,
  0x81E4, 0x81E5, 0x8A25, 0x8A05, 0x8A05, 0x9225, 0x9225, 0x9225,
  0x9266, 0x9AA7, 0x9AC8, 0x9B09, 0xA329, 0xA2E8, 0x9AC8, 0xA308,
  0xAB49, 0xAB69, 0xB38A, 0xB3CB, 0xB3EB, 0xB3EB, 0xBBEB, 0xBC0B,
  0xBC4C, 0xBC8E, 0xC4CF, 0xC4CF, 0xC4CF, 0xCCAF, 0xCCF0, 0xCD30,
  0xCCCF, 0xCCF0, 0xD551, 0xCD10, 0xCC6E, 0xCC8F, 0xD593, 0xD5F5,
  0xD552, 0xCCB0, 0xCCD1, 0xD594, 0xDE36, 0xDDF5, 0xD553, 0xDD95,
  0xDE17, 0xE658, 0xE678, 0xE6B9, 0xE6BA, 0xE6BA, 0xE6DA, 0xE71B,
  0xEF1B, 0xE6BA, 0xE69A, 0xEF1B, 0xEF7D, 0xE75D, 0xE75D, 0xE77D,
  0xDF5C, 0xD71B, 0xD6FB, 0xCEBA, 0xB638, 0x9DB6, 0x84F3, 0x740F,
  0x738C, 0x5AEA, 0x3185, 0x0840, 0x0000, 0x0000, 0x0000, 0x0000,
  0x0000, 0x0000, 0x0000, 0x0000, 0x0000, 0x0000, 0x0000, 0x0000,
  0x0000, 0x0000, 0x0000, 0x0000, 0x0000, 0x0000, 0x0000, 0x0000,
  0x0000, 0x0000, 0x0000, 0x0000, 0x0000, 0x0000, 0x0000, 0x0000,
  0x0000, 0x0000, 0x0000, 0x0000, 0x0000, 0x0000, 0x0000, 0x0000,
  0x0000, 0x0000, 0x0000, 0x0000, 0x0000, 0x0000, 0x0000, 0x0000,
  0x0000, 0x0000, 0x0000, 0x0000, 0x0000, 0x0000, 0x0000, 0x0000,
  0x0000, 0x0000, 0x0000, 0x0000, 0x0000, 0x0000, 0x0000, 0x0000,
  0x0000, 0x0000, 0x0000, 0x0000, 0x0000, 0x0000, 0x0000, 0x0000,
  0x0000, 0x0000, 0x0000, 0x0000, 0x0000, 0x0000, 0x0000, 0x0000,
  0x0000, 0x0000, 0x0000, 0x0000, 0x0000, 0x0000, 0x0000, 0x0861,
  0x31A5, 0x634C, 0x8CB2, 0xADB6, 0xBE37, 0xCE78, 0xD6B9, 0xD6B9,
  0xDED9, 0xDF1A, 0xE73B, 0xE71A, 0xE71A, 0xE71A, 0xEF1B, 0xEF1B,
  0xEF3A, 0xEF5B, 0xEF5C, 0xEF7C, 0xEF7C, 0xE77B, 0xE77B, 0xE77B,
  0xE77B, 0xE75B, 0xE71B, 0xE71B, 0xDEFA, 0xE71A, 0xE71A, 0xDEF9,
  0xDF19, 0xE75A, 0xE75A, 0xE719, 0xE719, 0xDEF9, 0xDEF8, 0xDED8,
  0xDEB7, 0xDE97, 0xD656, 0xD5B3, 0xCD72, 0xCD93, 0xCDB4, 0xC511,
  0xC4D0, 0xC511, 0xC572, 0xC551, 0xC510, 0xBCF0, 0xBCCF, 0xBCCF,
  0xB4AE, 0xB46D, 0xB44D, 0xAC2C, 0xABEB, 0xABAA, 0xA38A, 0xA38A,
  0xA36A, 0xA329, 0x9B08, 0x9AC8, 0x92A7, 0x9287, 0x9266, 0x9246,
  0x8A25, 0x89E5, 0x81C4, 0x8183, 0x8183, 0x7963, 0x7963, 0x7963,
  0x7963, 0x7142, 0x7122, 0x7142, 0x7942, 0x7942, 0x7942, 0x7962,
  0x7983, 0x81C4, 0x81E4, 0x89E5, 0x8A25, 0x8A25, 0x8A05, 0x8A05,
  0x9225, 0x9225, 0x9266, 0x9AA7, 0x9AC8, 0x9B08, 0xA308, 0xA2E8,
  0xA2E8, 0xA349, 0xAB6A, 0xAB6A, 0xAB8A, 0xB3AA, 0xB3CA, 0xB3CB,
  0xBC0B, 0xBC2C, 0xBC6D, 0xC48E, 0xC4CF, 0xC510, 0xC530, 0xCD30,
  0xCD31, 0xD551, 0xCD31, 0xCCD0, 0xCCD0, 0xCCF0, 0xCCF1, 0xCCF1,
  0xD573, 0xD5B4, 0xD594, 0xD5B4, 0xD5B4, 0xDDD5, 0xDDD5, 0xDDD5,
  0xDDD6, 0xDE17, 0xDE58, 0xE699, 0xE6B9, 0xE69A, 0xE69A, 0xE69A,
  0xE6BA, 0xE6DA, 0xE6BA, 0xE69A, 0xE6DB, 0xEF3C, 0xEF5C, 0xE75C,
  0xE75C, 0xE73C, 0xDF1B, 0xD6FB, 0xCEDA, 0xBE79, 0xA5F7, 0x9576,
  0x7C92, 0x6BAD, 0x634B, 0x4227, 0x10A2, 0x0000, 0x0000, 0x0000,
  0x0000, 0x0000, 0x0000, 0x0000, 0x0000, 0x0000, 0x0000, 0x0000,
  0x0000, 0x0000, 0x0000, 0x0000, 0x0000, 0x0000, 0x0000, 0x0000,
  0x0000, 0x0000, 0x0000, 0x0000, 0x0000, 0x0000, 0x0000, 0x0000,
  0x0000, 0x0000, 0x0000, 0x0000, 0x0000, 0x0000, 0x0000, 0x0000,
  0x0000, 0x0000, 0x0000, 0x0000, 0x0000, 0x0000, 0x0000, 0x0000,
  0x0000, 0x0000, 0x0000, 0x0000, 0x0000, 0x0000, 0x0000, 0x0000,
  0x0000, 0x0000, 0x0000, 0x0000, 0x0000, 0x0000, 0x0000, 0x0000,
  0x0000, 0x0000, 0x0000, 0x0000, 0x0000, 0x0000, 0x0000, 0x0000,
  0x0000, 0x0000, 0x0000, 0x0000, 0x0000, 0x0000, 0x0000, 0x0000,
  0x0000, 0x0000, 0x0000, 0x0000, 0x0000, 0x0000, 0x0000, 0x0000,
  0x0000, 0x0000, 0x18E2, 0x4248, 0x73CF, 0x9CF3, 0xAD95, 0xBE16,
  0xCE58, 0xD678, 0xD6B8, 0xDED9, 0xDEDA, 0xE6DA, 0xE71A, 0xEF3B,
  0xF77D, 0xEF5C, 0xEEFA, 0xEF5B, 0xF77C, 0xEF7C, 0xEF7C, 0xEF7C,
  0xEF7C, 0xE77B, 0xE75B, 0xE77C, 0xE77C, 0xE75B, 0xDEFA, 0xDEFA,
  0xE71A, 0xE6F9, 0xDED9, 0xE71A, 0xE75A, 0xE73A, 0xE719, 0xE719,
  0xE6F8, 0xE6D8, 0xE6B7, 0xDE76, 0xD635, 0xCD92, 0xCD52, 0xD5B4,
  0xD615, 0xCD72, 0xC4CF, 0xC4F0, 0xC572, 0xC551, 0xC530, 0xBCF0,
  0xBCCF, 0xBCCF, 0xBCAE, 0xB46E, 0xB44D, 0xB42C, 0xABEB, 0xABCA,
  0xABAA, 0xA38A, 0xA36A, 0xA349, 0x9B08, 0x9AC7, 0x9AA7, 0x92A7,
  0x9286, 0x9245, 0x8A05, 0x89E4, 0x81C4, 0x81A4, 0x8183, 0x7983,
  0x7963, 0x7963, 0x7963, 0x7142, 0x7122, 0x7142, 0x7942, 0x7942,
  0x7942, 0x7963, 0x81A3, 0x81E4, 0x8205, 0x8A05, 0x8A25, 0x8A25,
  0x8A05, 0x8A05, 0x9225, 0x9225, 0x9266, 0x9A87, 0x9AA7, 0x9AC8,
  0x9AC7, 0xA2C7, 0xA2E8, 0xA329, 0xAB49, 0xAB49, 0xAB69, 0xAB89,
  0xB3AA, 0xB3EB, 0xBC2C, 0xBC4C, 0xBC6D, 0xC4AF, 0xC4EF, 0xC510,
  0xC551, 0xC551, 0xCD30, 0xCD31, 0xCD72, 0xCD11, 0xCC8F, 0xD4F2,
  0xD5D5, 0xD593, 0xCCF1, 0xD532, 0xDDF6, 0xDE77, 0xD677, 0xDE35,
  0xDD94, 0xDD74, 0xE5F6, 0xE658, 0xDE78, 0xDEB9, 0xE6DA, 0xE6BA,
  0xE6BA, 0xE6BA, 0xE6DB, 0xE6BA, 0xDE79, 0xE69A, 0xEEFB, 0xEF3C,
  0xEF5C, 0xE73C, 0xE73B, 0xDF1B, 0xD6DA, 0xD6BA, 0xC69A, 0xAE18,
  0x9D76, 0x84F4, 0x7C71, 0x73CD, 0x52E9, 0x2964, 0x0020, 0x0000,
  0x0000, 0x0000, 0x0000, 0x0000, 0x0000, 0x0000, 0x0000, 0x0000,
  0x0000, 0x0000, 0x0000, 0x0000, 0x0000, 0x0000, 0x0000, 0x0000,
  0x0000, 0x0000, 0x0000, 0x0000, 0x0000, 0x0000, 0x0000, 0x0000,
  0x0000, 0x0000, 0x0000, 0x0000, 0x0000, 0x0000, 0x0000, 0x0000,
  0x0000, 0x0000, 0x0000, 0x0000, 0x0000, 0x0000, 0x0000, 0x0000,
  0x0000, 0x0000, 0x0000, 0x0000, 0x0000, 0x0000, 0x0000, 0x0000,
  0x0000, 0x0000, 0x0000, 0x0000, 0x0000, 0x0000, 0x0000, 0x0000,
  0x0000, 0x0000, 0x0000, 0x0000, 0x0000, 0x0000, 0x0000, 0x0000,
  0x0000, 0x0000, 0x0000, 0x0000, 0x0000, 0x0000, 0x0000, 0x0000,
  0x0000, 0x0000, 0x0000, 0x0000, 0x0000, 0x0000, 0x0000, 0x0000,
  0x0000, 0x0000, 0x0000, 0x0000, 0x0840, 0x2964, 0x5AEA, 0x8410,
  0x9D13, 0xAD95, 0xBDF6, 0xCE17, 0xCE57, 0xD698, 0xDEB9, 0xDEDA,
  0xE71B, 0xEF7C, 0xF79C, 0xEF5C, 0xEF1B, 0xEF3B, 0xF75B, 0xEF5B,
  0xEF5B, 0xEF7C, 0xEF5B, 0xE75B, 0xE75B, 0xE75C, 0xE77C, 0xE77C,
  0xE71B, 0xDEFA, 0xE71A, 0xE719, 0xE6F9, 0xE6FA, 0xE73A, 0xE73A,
  0xE719, 0xE719, 0xE719, 0xE6F8, 0xDE97, 0xD636, 0xD615, 0xCD92,
  0xCD52, 0xD5B3, 0xD615, 0xCDB3, 0xBCF0, 0xBCCF, 0xC531, 0xC551,
  0xC531, 0xBD10, 0xBCF0, 0xBCCF, 0xBCAE, 0xB46E, 0xB44D, 0xB42C,
  0xABEB, 0xABCB, 0xABAB, 0xA38A, 0xA36A, 0xA349, 0x9B09, 0x9AA7,
  0x9A87, 0x92A7, 0x9287, 0x8A25, 0x89E4, 0x89E4, 0x81C4, 0x81A4,
  0x8183, 0x7983, 0x7963, 0x7963, 0x7963, 0x7942, 0x7122, 0x7142,
  0x7942, 0x7942, 0x7963, 0x7983, 0x81A3, 0x81E4, 0x8205, 0x8A05,
  0x8A25, 0x8A25, 0x8A25, 0x8A25, 0x9205, 0x9225, 0x9246, 0x9246,
  0x9A67, 0x9AA7, 0x9AA7, 0xA2C8, 0xA308, 0xA308, 0xAB29, 0xAB49,
  0xAB6A, 0xABAA, 0xB3EB, 0xB42C, 0xBC4D, 0xBC4D, 0xBC6E, 0xBCAF,
  0xC4F0, 0xC510, 0xC510, 0xC510, 0xC4EF, 0xCD11, 0xCD73, 0xD573,
  0xCD32, 0xD573, 0xD5F5, 0xD5D4, 0xCD32, 0xD574, 0xDE37, 0xDE78,
  0xDE98, 0xDE77, 0xDE16, 0xDDD5, 0xDDD5, 0xE616, 0xE678, 0xE6B9,
  0xE6BA, 0xE6BA, 0xE6BA, 0xE6FB, 0xE6FB, 0xE6BA, 0xE679, 0xE6BA,
  0xE73B, 0xEF5C, 0xEF5C, 0xE73C, 0xE73C, 0xDF1B, 0xD6DA, 0xC69A,
  0xB679, 0xA5B7, 0x8CF4, 0x7C51, 0x7C2F, 0x73CD, 0x4267, 0x10A1,
  0x0000, 0x0000, 0x0000, 0x0000, 0x0000, 0x0000, 0x0000, 0x0000,
  0x0000, 0x0000, 0x0000, 0x0000, 0x0000, 0x0000, 0x0000, 0x0000,
  0x0000, 0x0000, 0x0000, 0x0000, 0x0000, 0x0000, 0x0000, 0x0000,
  0x0000, 0x0000, 0x0000, 0x0000, 0x0000, 0x0000, 0x0000, 0x0000,
  0x0000, 0x0000, 0x0000, 0x0000, 0x0000, 0x0000, 0x0000, 0x0000,
  0x0000, 0x0000, 0x0000, 0x0000, 0x0000, 0x0000, 0x0000, 0x0000,
  0x0000, 0x0000, 0x0000, 0x0000, 0x0000, 0x0000, 0x0000, 0x0000,
  0x0000, 0x0000, 0x0000, 0x0000, 0x0000, 0x0000, 0x0000, 0x0000,
  0x0000, 0x0000, 0x0000, 0x0000, 0x0000, 0x0000, 0x0000, 0x0000,
  0x0000, 0x0000, 0x0000, 0x0000, 0x0000, 0x0000, 0x0000, 0x0000,
  0x0000, 0x0000, 0x0000, 0x0000, 0x0000, 0x0000, 0x0000, 0x18C2,
  0x4226, 0x738D, 0x9492, 0xA534, 0xBD95, 0xC5D6, 0xC5D6, 0xCE17,
  0xDE98, 0xDEDA, 0xE71B, 0xEF3B, 0xEF5B, 0xEF5B, 0xEF5C, 0xEF1A,
  0xEF1A, 0xEF3A, 0xEF5B, 0xEF5C, 0xEF5B, 0xEF5C, 0xE75B, 0xE75B,
  0xE75B, 0xE75B, 0xE73B, 0xE71A, 0xE71A, 0xE71A, 0xE71A, 0xE71A,
  0xDF3A, 0xDF1A, 0xE719, 0xE719, 0xE719, 0xE6D8, 0xDE97, 0xD656,
  0xD615, 0xD5D4, 0xCD93, 0xCDB3, 0xD5D4, 0xCDB3, 0xC531, 0xC4F0,
  0xC510, 0xC530, 0xC530, 0xC510, 0xBCF0, 0xBCCF, 0xBCAF, 0xB46E,
  0xB46D, 0xB42C, 0xABEB, 0xABCB, 0xABAB, 0xA38A, 0xA36A, 0xA349,
  0x9B29, 0x9AC7, 0x9A66, 0x9266, 0x9266, 0x8A05, 0x89E4, 0x89E4,
  0x81C4, 0x8183, 0x8183, 0x7983, 0x7983, 0x7963, 0x7963, 0x7962,
  0x7122, 0x7142, 0x7963, 0x7963, 0x7963, 0x8183, 0x81A4, 0x81E4,
  0x8A04, 0x8A05, 0x8A25, 0x8A45, 0x9245, 0x9245, 0x9225, 0x9225,
  0x9225, 0x9225, 0x9A66, 0xA2A7, 0xA2C7, 0xA2E8, 0xAB29, 0xAB6A,
  0xAB6A, 0xAB6A, 0xB3AB, 0xB3EC, 0xB42D, 0xB44D, 0xBC6D, 0xBC6D,
  0xBC6E, 0xBCAF, 0xBCF0, 0xC510, 0xC4EF, 0xBCAF, 0xC4AF, 0xCD31,
  0xCD93, 0xD5F4, 0xD615, 0xD615, 0xD5F4, 0xD615, 0xD636, 0xDE78,
  0xDE98, 0xDEB9, 0xDEB8, 0xDEB9, 0xDEB8, 0xE678, 0xDE16, 0xDDD5,
  0xDE17, 0xE679, 0xDE99, 0xDE79, 0xE679, 0xE6DA, 0xE6DB, 0xE699,
  0xE699, 0xEEFB, 0xEF5C, 0xEF5C, 0xEF7D, 0xE75C, 0xE73C, 0xDF1C,
  0xD6DB, 0xC69A, 0xAE38, 0xA597, 0x8472, 0x6BCF, 0x6BAD, 0x5B2B,
  0x29A5, 0x0020, 0x0000, 0x0000, 0x0000, 0x0000, 0x0000, 0x0000,
  0x0000, 0x0000, 0x0000, 0x0000, 0x0000, 0x0000, 0x0000, 0x0000,
  0x0000, 0x0000, 0x0000, 0x0000, 0x0000, 0x0000, 0x0000, 0x0000,
  0x0000, 0x0000, 0x0000, 0x0000, 0x0000, 0x0000, 0x0000, 0x0000,
  0x0000, 0x0000, 0x0000, 0x0000, 0x0000, 0x0000, 0x0000, 0x0000,
  0x0000, 0x0000, 0x0000, 0x0000, 0x0000, 0x0000, 0x0000, 0x0000,
  0x0000, 0x0000, 0x0000, 0x0000, 0x0000, 0x0000, 0x0000, 0x0000,
  0x0000, 0x0000, 0x0000, 0x0000, 0x0000, 0x0000, 0x0000, 0x0000,
  0x0000, 0x0000, 0x0000, 0x0000, 0x0000, 0x0000, 0x0000, 0x0000,
  0x0000, 0x0000, 0x0000, 0x0000, 0x0000, 0x0000, 0x0000, 0x0000,
  0x0000, 0x0000, 0x0000, 0x0000, 0x0000, 0x0000, 0x0000, 0x0000,
  0x0000, 0x1061, 0x3185, 0x6B2B, 0x8C30, 0x9CF3, 0xAD75, 0xBDB6,
  0xBD75, 0xC5B5, 0xD656, 0xDEB9, 0xE699, 0xE6D9, 0xE71A, 0xEF3B,
  0xEF3B, 0xEF1A, 0xEF1A, 0xEF1A, 0xEF3B, 0xEF7C, 0xE75C, 0xEF7C,
  0xEF7C, 0xE75C, 0xE73B, 0xE73B, 0xE73A, 0xE73B, 0xE73B, 0xE71A,
  0xE71A, 0xE75B, 0xDF3A, 0xDF1A, 0xE71A, 0xE71A, 0xDED8, 0xDEB7,
  0xE6B7, 0xDE98, 0xD656, 0xD5F5, 0xCD93, 0xCD72, 0xCD72, 0xCD72,
  0xCD51, 0xC531, 0xC510, 0xBCEF, 0xC4EF, 0xC510, 0xBCF0, 0xBCCF,
  0xBCAF, 0xB48E, 0xB44D, 0xAC2C, 0xABEB, 0xABCB, 0xABCB, 0xA38A,
  0xA36A, 0xA369, 0x9B29, 0x9AC7, 0x9A45, 0x9225, 0x9205, 0x8A05,
  0x89E4, 0x89C4, 0x81C4, 0x81A3, 0x8183, 0x8183, 0x7983, 0x7983,
  0x7963, 0x7963, 0x7122, 0x7142, 0x7963, 0x7963, 0x7963, 0x7983,
  0x81C4, 0x81E4, 0x8A05, 0x8A05, 0x8A25, 0x8A46, 0x9246, 0x9246,
  0x9245, 0x9225, 0x9225, 0x9A66, 0x9AA7, 0x9AA7, 0xA2E8, 0xAB29,
  0xAB8A, 0xABCB, 0xABEB, 0xABCB, 0xABCB, 0xB40C, 0xB44D, 0xB46D,
  0xBC6E, 0xBC6D, 0xBC6D, 0xBC8E, 0xBCCF, 0xC4F0, 0xC4CF, 0xBCAF,
  0xC4F0, 0xCD73, 0xCDD4, 0xD5F4, 0xD615, 0xD615, 0xD615, 0xDE57,
  0xDE98, 0xDEB9, 0xDEB9, 0xDED9, 0xDEB8, 0xE6B8, 0xDEB9, 0xE6D9,
  0xE6B9, 0xDE16, 0xDDF6, 0xE658, 0xE6BA, 0xDE79, 0xDE59, 0xE699,
  0xE679, 0xE659, 0xEEBA, 0xEF3C, 0xEF5C, 0xEF5C, 0xEF7D, 0xE77D,
  0xE75C, 0xDEFB, 0xD6DA, 0xC699, 0xADF7, 0x94F4, 0x7410, 0x6B8E,
  0x5B0C, 0x4207, 0x10A2, 0x0000, 0x0000, 0x0000, 0x0000, 0x0000,
  0x0000, 0x0000, 0x0000, 0x0000, 0x0000, 0x0000, 0x0000, 0x0000,
  0x0000, 0x0000, 0x0000, 0x0000, 0x0000, 0x0000, 0x0000, 0x0000,
  0x0000, 0x0000, 0x0000, 0x0000, 0x0000, 0x0000, 0x0000, 0x0000,
  0x0000, 0x0000, 0x0000, 0x0000, 0x0000, 0x0000, 0x0000, 0x0000,
  0x0000, 0x0000, 0x0000, 0x0000, 0x0000, 0x0000, 0x0000, 0x0000,
  0x0000, 0x0000, 0x0000, 0x0000, 0x0000, 0x0000, 0x0000, 0x0000,
  0x0000, 0x0000, 0x0000, 0x0000, 0x0000, 0x0000, 0x0000, 0x0000,
  0x0000, 0x0000, 0x0000, 0x0000, 0x0000, 0x0000, 0x0000, 0x0000,
  0x0000, 0x0000, 0x0000, 0x0000, 0x0000, 0x0000, 0x0000, 0x0000,
  0x0000, 0x0000, 0x0000, 0x0000, 0x0000, 0x0000, 0x0000, 0x0000,
  0x0000, 0x0000, 0x0000, 0x0020, 0x2103, 0x5288, 0x738E, 0x8C92,
  0xAD75, 0xB575, 0xBD34, 0xC574, 0xCE16, 0xD658, 0xDE57, 0xE6B9,
  0xE6FA, 0xE6FA, 0xEF3B, 0xEF7C, 0xEF5C, 0xEF1B, 0xEF3B, 0xEF7C,
  0xE77C, 0xE77C, 0xEF7D, 0xEF7D, 0xEF3C, 0xE73B, 0xDF3B, 0xE71B,
  0xE73B, 0xE73A, 0xDF1A, 0xE73B, 0xE75B, 0xE73A, 0xE71A, 0xE6F9,
  0xDED8, 0xDEB7, 0xDEB8, 0xDEB8, 0xD656, 0xD5F5, 0xCD93, 0xCD51,
  0xC530, 0xCD72, 0xCD72, 0xCD72, 0xC531, 0xBCCF, 0xC4CF, 0xC4F0,
  0xBCF0, 0xBCCF, 0xBCAE, 0xB48E, 0xB44D, 0xB42D, 0xABEC, 0xABCB,
  0xABCB, 0xA38A, 0xA36A, 0xA329, 0x9B08, 0x9A86, 0x9225, 0x9205,
  0x91E5, 0x91E5, 0x89E5, 0x89C4, 0x89C4, 0x81A4, 0x81A4, 0x81A4,
  0x79A4, 0x7983, 0x7983, 0x7963, 0x7142, 0x7142, 0x7963, 0x7963,
  0x7963, 0x7983, 0x81A4, 0x81E4, 0x8A04, 0x8A04, 0x8A05, 0x8A46,
  0x9266, 0x9246, 0x9246, 0x9266, 0x9A66, 0x9AA7, 0x9AA7, 0x9AA7,
  0xA309, 0xAB8A, 0xABCB, 0xABEC, 0xAC0C, 0xB40C, 0xABCB, 0xABCB,
  0xB40C, 0xBC4D, 0xBC4D, 0xBC4D, 0xB44D, 0xBC6D, 0xBC8E, 0xBCAF,
  0xC4CF, 0xC4F1, 0xC531, 0xC572, 0xCDB4, 0xD615, 0xD615, 0xD615,
  0xD636, 0xDE77, 0xDEB8, 0xDEB8, 0xDEB8, 0xDEB8, 0xDEB8, 0xE6B9,
  0xE6D9, 0xE6D9, 0xDEB9, 0xDE37, 0xDE17, 0xE658, 0xE6BA, 0xE69A,
  0xDE59, 0xE638, 0xE658, 0xE6BA, 0xEF1C, 0xEF5C, 0xEF5C, 0xEF5C,
  0xEF5D, 0xE75C, 0xDF1C, 0xD6FB, 0xCEBA, 0xBE59, 0xAD96, 0x8C92,
  0x73CE, 0x6B8D, 0x52EA, 0x2964, 0x0020, 0x0000, 0x0000, 0x0000,
  0x0000, 0x0000, 0x0000, 0x0000, 0x0000, 0x0000, 0x0000, 0x0000,
  0x0000, 0x0000, 0x0000, 0x0000, 0x0000, 0x0000, 0x0000, 0x0000,
  0x0000, 0x0000, 0x0000, 0x0000, 0x0000, 0x0000, 0x0000, 0x0000,
  0x0000, 0x0000, 0x0000, 0x0000, 0x0000, 0x0000, 0x0000, 0x0000,
  0x0000, 0x0000, 0x0000, 0x0000, 0x0000, 0x0000, 0x0000, 0x0000,
  0x0000, 0x0000, 0x0000, 0x0000, 0x0000, 0x0000, 0x0000, 0x0000,
  0x0000, 0x0000, 0x0000, 0x0000, 0x0000, 0x0000, 0x0000, 0x0000,
  0x0000, 0x0000, 0x0000, 0x0000, 0x0000, 0x0000, 0x0000, 0x0000,
  0x0000, 0x0000, 0x0000, 0x0000, 0x0000, 0x0000, 0x0000, 0x0000,
  0x0000, 0x0000, 0x0000, 0x0000, 0x0000, 0x0000, 0x0000, 0x0000,
  0x0000, 0x0000, 0x0000, 0x0000, 0x0000, 0x0000, 0x10A2, 0x31C5,
  0x530B, 0x7C31, 0xA555, 0xBD96, 0xBD54, 0xC594, 0xCDF6, 0xCE16,
  0xDE57, 0xE6B8, 0xE6DA, 0xE6FA, 0xEF1B, 0xEF5C, 0xEF7C, 0xEF5C,
  0xEF5C, 0xEF7D, 0xE77C, 0xE75C, 0xEF5C, 0xEF5C, 0xEF7C, 0xE77C,
  0xDF3B, 0xE71B, 0xE73B, 0xE73A, 0xDF1A, 0xE73A, 0xE75B, 0xE73A,
  0xE71A, 0xDEF8, 0xDED8, 0xDEB8, 0xDED8, 0xDEB8, 0xD636, 0xCDD4,
  0xCD72, 0xCD51, 0xCD72, 0xCDB3, 0xCDB3, 0xCD92, 0xC551, 0xC4F0,
  0xBCAF, 0xBCCF, 0xBCF0, 0xBCCF, 0xBCAE, 0xB48E, 0xB44D, 0xB42C,
  0xABEC, 0xABEB, 0xABCB, 0xA38A, 0xA328, 0xA2E8, 0xA2A7, 0x9A66,
  0x9225, 0x9205, 0x9205, 0x9205, 0x8A05, 0x89E5, 0x89E4, 0x81C4,
  0x81C4, 0x81C4, 0x79A4, 0x79A3, 0x7983, 0x7963, 0x7142, 0x7942,
  0x7963, 0x7963, 0x7963, 0x7983, 0x81A4, 0x81E4, 0x8A04, 0x8A04,
  0x8A05, 0x8A46, 0x9266, 0x9266, 0x9286, 0x9286, 0x9AA7, 0x9AE8,
  0x9AC8, 0x9AA7, 0xA349, 0xABAB, 0xABEB, 0xABEC, 0xAC0C, 0xB40C,
  0xABEB, 0xABAB, 0xB3EB, 0xBC2D, 0xB42D, 0xB40C, 0xB40C, 0xBC2D,
  0xBC2D, 0xBC4E, 0xBCAF, 0xC510, 0xC531, 0xC572, 0xCDB4, 0xD615,
  0xD615, 0xCE15, 0xD636, 0xD677, 0xD697, 0xDE98, 0xDE98, 0xDEB8,
  0xDEB9, 0xDED9, 0xE6D9, 0xE6DA, 0xDED9, 0xDE78, 0xE658, 0xE678,
  0xE69A, 0xE6BA, 0xDE79, 0xE618, 0xEE9A, 0xEF3C, 0xEF3C, 0xEF5D,
  0xEF5C, 0xEF5C, 0xE73C, 0xE71C, 0xDEFB, 0xD6FB, 0xC6BA, 0xB639,
  0x9D76, 0x8C92, 0x73AF, 0x634C, 0x4268, 0x18E2, 0x0000, 0x0000,
  0x0000, 0x0000, 0x0000, 0x0000, 0x0000, 0x0000, 0x0000, 0x0000,
  0x0000, 0x0000, 0x0000, 0x0000, 0x0000, 0x0000, 0x0000, 0x0000,
  0x0000, 0x0000, 0x0000, 0x0000, 0x0000, 0x0000, 0x0000, 0x0000,
  0x0000, 0x0000, 0x0000, 0x0000, 0x0000, 0x0000, 0x0000, 0x0000,
  0x0000, 0x0000, 0x0000, 0x0000, 0x0000, 0x0000, 0x0000, 0x0000,
  0x0000, 0x0000, 0x0000, 0x0000, 0x0000, 0x0000, 0x0000, 0x0000,
  0x0000, 0x0000, 0x0000, 0x0000, 0x0000, 0x0000, 0x0000, 0x0000,
  0x0000, 0x0000, 0x0000, 0x0000, 0x0000, 0x0000, 0x0000, 0x0000,
  0x0000, 0x0000, 0x0000, 0x0000, 0x0000, 0x0000, 0x0000, 0x0000,
  0x0000, 0x0000, 0x0000, 0x0000, 0x0000, 0x0000, 0x0000, 0x0000,
  0x0000, 0x0000, 0x0000, 0x0000, 0x0000, 0x0000, 0x0000, 0x0000,
  0x0840, 0x1903, 0x4248, 0x6BCF, 0x9D14, 0xBDD7, 0xBD95, 0xBD74,
  0xC5B5, 0xCDD5, 0xDE37, 0xDE98, 0xE6B9, 0xEEFA, 0xEEFA, 0xE6FA,
  0xEF3B, 0xEF5C, 0xEF7C, 0xEF7D, 0xEF7D, 0xE75B, 0xE71A, 0xE71A,
  0xE75B, 0xE75C, 0xE73B, 0xE71A, 0xE71A, 0xE71A, 0xDEFA, 0xE6FA,
  0xE71A, 0xDF3A, 0xDEF9, 0xDED8, 0xDED9, 0xDED9, 0xDEB8, 0xD697,
  0xD615, 0xCDB4, 0xCDB4, 0xD5D4, 0xD5D4, 0xCDF4, 0xCDB3, 0xC592,
  0xC572, 0xC531, 0xBCAF, 0xBC8E, 0xBCCF, 0xBCCF, 0xBCAE, 0xB48E,
  0xB46D, 0xB40C, 0xABCA, 0xABAA, 0xAB8A, 0xAB49, 0xA2E7, 0xA2A7,
  0xA2A7, 0x9A66, 0x9A46, 0x9266, 0x9246, 0x9225, 0x8A05, 0x8A05,
  0x89E5, 0x81E4, 0x81C4, 0x81C4, 0x81C4, 0x79A4, 0x7983, 0x7963,
  0x7142, 0x7942, 0x7963, 0x7963, 0x7983, 0x7983, 0x81C4, 0x81E4,
  0x8A04, 0x8A04, 0x8A25, 0x8A46, 0x9286, 0x92A7, 0x9AA7, 0x9AA7,
  0x9AC7, 0x9AE8, 0xA2E8, 0xA2E8, 0xA36A, 0xABCB, 0xABEB, 0xABEC,
  0xAC0C, 0xB40C, 0xB3EC, 0xABEB, 0xB3EC, 0xB42D, 0xB42D, 0xB3EC,
  0xB3EC, 0xBC0C, 0xBC2D, 0xBC6E, 0xBC8F, 0xBCCF, 0xC531, 0xCD93,
  0xCDD4, 0xCE15, 0xCE15, 0xD615, 0xD656, 0xD677, 0xD677, 0xD677,
  0xDE98, 0xDEB9, 0xDEB9, 0xDEB9, 0xDEB9, 0xE6DA, 0xE6DA, 0xDE98,
  0xDE37, 0xE658, 0xE69A, 0xEEDB, 0xE6DA, 0xE679, 0xE6BB, 0xF75D,
  0xF75D, 0xEF7D, 0xEF7D, 0xEF5D, 0xE75D, 0xE75C, 0xDEFB, 0xD6DB,
  0xC6BA, 0xAE39, 0x9555, 0x8472, 0x6BAF, 0x4ACA, 0x2985, 0x0861,
  0x0000, 0x0000, 0x0000, 0x0000, 0x0000, 0x0000, 0x0000, 0x0000,
  0x0000, 0x0000, 0x0000, 0x0000, 0x0000, 0x0000, 0x0000, 0x0000,
  0x0000, 0x0000, 0x0000, 0x0000, 0x0000, 0x0000, 0x0000, 0x0000,
  0x0000, 0x0000, 0x0000, 0x0000, 0x0000, 0x0000, 0x0000, 0x0000,
  0x0000, 0x0000, 0x0000, 0x0000, 0x0000, 0x0000, 0x0000, 0x0000,
  0x0000, 0x0000, 0x0000, 0x0000, 0x0000, 0x0000, 0x0000, 0x0000,
  0x0000, 0x0000, 0x0000, 0x0000, 0x0000, 0x0000, 0x0000, 0x0000,
  0x0000, 0x0000, 0x0000, 0x0000, 0x0000, 0x0000, 0x0000, 0x0000,
  0x0000, 0x0000, 0x0000, 0x0000, 0x0000, 0x0000, 0x0000, 0x0000,
  0x0000, 0x0000, 0x0000, 0x0000, 0x0000, 0x0000, 0x0000, 0x0000,
  0x0000, 0x0000, 0x0000, 0x0000, 0x0000, 0x0000, 0x0000, 0x0000,
  0x0000, 0x0000, 0x0020, 0x10A2, 0x39C6, 0x5B4C, 0x84B2, 0xAD96,
  0xBDB6, 0xBD95, 0xC595, 0xCDD6, 0xD617, 0xDE57, 0xE699, 0xE6D9,
  0xE6F9, 0xE6FA, 0xEEFA, 0xEF3B, 0xEF5C, 0xEF7C, 0xEF5C, 0xE73B,
  0xDF1A, 0xE6FA, 0xE71A, 0xE71B, 0xDEDA, 0xDED9, 0xE6FA, 0xE71A,
  0xDEFA, 0xDED9, 0xE6D9, 0xE6F9, 0xDED8, 0xDED8, 0xDEF9, 0xDEF9,
  0xDEB8, 0xD677, 0xD615, 0xD5D4, 0xD5F5, 0xD615, 0xD5F5, 0xCDF4,
  0xCDB3, 0xC592, 0xC572, 0xC551, 0xBCF0, 0xBC6E, 0xBC6E, 0xBC8E,
  0xB48D, 0xB44D, 0xB42C, 0xABCA, 0xAB69, 0xAB49, 0xAB49, 0xAAE8,
  0xA2C7, 0xA2E8, 0xA2E8, 0x9A87, 0x9A66, 0x9A87, 0x9287, 0x9225,
  0x8A05, 0x8A05, 0x8A05, 0x81E4, 0x81E4, 0x81C4, 0x81C4, 0x79A4,
  0x7983, 0x7963, 0x7142, 0x7963, 0x7963, 0x7983, 0x7983, 0x8183,
  0x81A4, 0x81E4, 0x8A04, 0x8A04, 0x8A25, 0x9266, 0x9287, 0x92C7,
  0x9AE8, 0x9AC7, 0x9AC8, 0x9AE8, 0xA308, 0xA329, 0xA36A, 0xABAB,
  0xABEB, 0xABEC, 0xAC0C, 0xB3EC, 0xB3EC, 0xB3EC, 0xB40C, 0xB42D,
  0xB40C, 0xB3CB, 0xB3CB, 0xBC4D, 0xBCCF, 0xC4F0, 0xC4D0, 0xC4F0,
  0xC552, 0xCDB3, 0xCDF4, 0xCDF4, 0xCDF5, 0xD636, 0xD677, 0xDE97,
  0xD677, 0xD677, 0xDE98, 0xDEB8, 0xDEB9, 0xDEB9, 0xDEB9, 0xE6DA,
  0xE6B9, 0xDE78, 0xDE17, 0xDE58, 0xEEBA, 0xEF1B, 0xF75C, 0xE6FB,
  0xE69A, 0xEF1B, 0xF79D, 0xEF7D, 0xEF7D, 0xEF7D, 0xEF7D, 0xE77D,
  0xDF3C, 0xCEDB, 0xBE9A, 0xAE18, 0x9534, 0x7C31, 0x5B8D, 0x3A68,
  0x2103, 0x0020, 0x0000, 0x0000, 0x0000, 0x0000, 0x0000, 0x0000,
  0x0000, 0x0000, 0x0000, 0x0000, 0x0000, 0x0000, 0x0000, 0x0000,
  0x0000, 0x0000, 0x0000, 0x0000, 0x0000, 0x0000, 0x0000, 0x0000,
  0x0000, 0x0000, 0x0000, 0x0000, 0x0000, 0x0000, 0x0000, 0x0000,
  0x0000, 0x0000, 0x0000, 0x0000, 0x0000, 0x0000, 0x0000, 0x0000,
  0x0000, 0x0000, 0x0000, 0x0000, 0x0000, 0x0000, 0x0000, 0x0000,
  0x0000, 0x0000, 0x0000, 0x0000, 0x0000, 0x0000, 0x0000, 0x0000,
  0x0000, 0x0000, 0x0000, 0x0000, 0x0000, 0x0000, 0x0000, 0x0000,
  0x0000, 0x0000, 0x0000, 0x0000, 0x0000, 0x0000, 0x0000, 0x0000,
  0x0000, 0x0000, 0x0000, 0x0000, 0x0000, 0x0000, 0x0000, 0x0000,
  0x0000, 0x0000, 0x0000, 0x0000, 0x0000, 0x0000, 0x0000, 0x0000,
  0x0000, 0x0000, 0x0000, 0x0000, 0x0000, 0x1061, 0x31A5, 0x52EA,
  0x7C10, 0xA514, 0xB5B6, 0xBDB6, 0xC5B6, 0xCDD6, 0xD616, 0xDE57,
  0xDE78, 0xE6B9, 0xE71A, 0xEF1B, 0xEEFA, 0xEEFB, 0xEF3C, 0xEF7C,
  0xE73B, 0xE71B, 0xE73B, 0xDF1A, 0xE6FA, 0xDEDA, 0xDE99, 0xDE98,
  0xDED9, 0xDEF9, 0xDEFA, 0xDED9, 0xDEB8, 0xE6B8, 0xDEB8, 0xD697,
  0xDED8, 0xDEF9, 0xDED8, 0xD697, 0xD635, 0xD5F5, 0xCDF5, 0xCDF4,
  0xCDF4, 0xCDF4, 0xCDB3, 0xCD93, 0xC572, 0xC551, 0xC510, 0xBC6E,
  0xB42C, 0xB40B, 0xB40B, 0xB40C, 0xB3CB, 0xB369, 0xAB28, 0xAB29,
  0xAB09, 0xAB09, 0xA329, 0xA349, 0xA329, 0x9AA7, 0x9A86, 0x9AA7,
  0x92A7, 0x9226, 0x8A05, 0x8A05, 0x8A05, 0x89E4, 0x81E4, 0x81C4,
  0x81C4, 0x79A4, 0x7983, 0x7963, 0x7142, 0x7963, 0x7963, 0x7983,
  0x7983, 0x81A3, 0x81A4, 0x81E4, 0x8A05, 0x8A05, 0x8A25, 0x9266,
  0x9287, 0x92A7, 0x9AE8, 0x9AE8, 0x9AC7, 0x9AC7, 0x9AE8, 0xA349,
  0xA36A, 0xABAB, 0xABCB, 0xABEC, 0xABEC, 0xB40C, 0xABEC, 0xB3EC,
  0xB3EC, 0xB3EC, 0xB3CB, 0xB3AB, 0xB3EC, 0xBC6E, 0xBCF0, 0xC510,
  0xC511, 0xC551, 0xC572, 0xC593, 0xCDD4, 0xCDD4, 0xCDF4, 0xD635,
  0xD677, 0xD677, 0xD677, 0xD657, 0xD677, 0xDE77, 0xD677, 0xDE98,
  0xDEB9, 0xDEB8, 0xDE98, 0xDE78, 0xDE58, 0xE69A, 0xEEFB, 0xF73C,
  0xF77D, 0xEF3C, 0xDE79, 0xE69A, 0xF77E, 0xEF9E, 0xEF9D, 0xEF7D,
  0xE77D, 0xE77D, 0xDF5C, 0xCEFB, 0xBE59, 0xA596, 0x8CB3, 0x7410,
  0x5B4C, 0x3A07, 0x10A2, 0x0000, 0x0000, 0x0000, 0x0000, 0x0000,
  0x0000, 0x0000, 0x0000, 0x0000, 0x0000, 0x0000, 0x0000, 0x0000,
  0x0000, 0x0000, 0x0000, 0x0000, 0x0000, 0x0000, 0x0000, 0x0000,
  0x0000, 0x0000, 0x0000, 0x0000, 0x0000, 0x0000, 0x0000, 0x0000,
  0x0000, 0x0000, 0x0000, 0x0000, 0x0000, 0x0000, 0x0000, 0x0000,
  0x0000, 0x0000, 0x0000, 0x0000, 0x0000, 0x0000, 0x0000, 0x0000,
  0x0000, 0x0000, 0x0000, 0x0000, 0x0000, 0x0000, 0x0000, 0x0000,
  0x0000, 0x0000, 0x0000, 0x0000, 0x0000, 0x0000, 0x0000, 0x0000,
  0x0000, 0x0000, 0x0000, 0x0000, 0x0000, 0x0000, 0x0000, 0x0000,
  0x0000, 0x0000, 0x0000, 0x0000, 0x0000, 0x0000, 0x0000, 0x0000,
  0x0000, 0x0000, 0x0000, 0x0000, 0x0000, 0x0000, 0x0000, 0x0000,
  0x0000, 0x0000, 0x0000, 0x0000, 0x0000, 0x0000, 0x0000, 0x0861,
  0x2944, 0x4A89, 0x73AE, 0x9CF4, 0xB5B6, 0xB595, 0xBD55, 0xC5B6,
  0xCE17, 0xD658, 0xDE58, 0xDE79, 0xE6FB, 0xEF3C, 0xEF1B, 0xE6FA,
  0xEF1B, 0xEF3B, 0xE71A, 0xE71A, 0xE73B, 0xDF3B, 0xDED9, 0xE6DA,
  0xDEDA, 0xDED9, 0xDED9, 0xDEF9, 0xDEFA, 0xDEFA, 0xDEB9, 0xDE98,
  0xDE98, 0xD697, 0xD697, 0xDEB8, 0xDED8, 0xDEB7, 0xD656, 0xCDF5,
  0xD5F5, 0xCDF4, 0xCDD3, 0xCDB3, 0xCDB3, 0xC572, 0xC551, 0xC510,
  0xBCCF, 0xBC6D, 0xBC2C, 0xB3EB, 0xB38A, 0xB38A, 0xB38A, 0xB36A,
  0xAB4A, 0xAB6A, 0xAB6A, 0xA36A, 0xA36A, 0xA36A, 0xA308, 0x9AA7,
  0x9A87, 0x9AA7, 0x9287, 0x9226, 0x9205, 0x8A25, 0x8A05, 0x8A05,
  0x81E4, 0x81E4, 0x81C4, 0x79A4, 0x7983, 0x7983, 0x7142, 0x7963,
  0x7963, 0x7963, 0x7983, 0x81A3, 0x81A4, 0x81E4, 0x8A05, 0x8A05,
  0x8A25, 0x9286, 0x92A7, 0x92A7, 0x9AE8, 0x9B08, 0x9AC7, 0x9AA7,
  0x9AE8, 0xA329, 0xA36A, 0xAB8A, 0xABAB, 0xABCB, 0xABEB, 0xABEC,
  0xABEB, 0xB3EC, 0xB40C, 0xB3CB, 0xABCB, 0xB3EC, 0xBC4D, 0xBCAF,
  0xC4F0, 0xC511, 0xC551, 0xC572, 0xC573, 0xC5B4, 0xCDF5, 0xCE15,
  0xCE36, 0xD677, 0xD677, 0xD698, 0xD677, 0xD677, 0xD657, 0xD657,
  0xD657, 0xD677, 0xD677, 0xD656, 0xDE98, 0xE6DA, 0xE6FB, 0xE6DB,
  0xEEFB, 0xF75C, 0xF77D, 0xEF7D, 0xE6BB, 0xDE59, 0xE6FC, 0xF7BE,
  0xF7BE, 0xEF7D, 0xE77D, 0xDF5C, 0xDF5C, 0xCEDB, 0xB618, 0x9D55,
  0x8493, 0x73F0, 0x5B2C, 0x31C6, 0x0881, 0x0000, 0x0000, 0x0000,
  0x0000, 0x0000, 0x0000, 0x0000, 0x0000, 0x0000, 0x0000, 0x0000,
  0x0000, 0x0000, 0x0000, 0x0000, 0x0000, 0x0000, 0x0000, 0x0000,
  0x0000, 0x0000, 0x0000, 0x0000, 0x0000, 0x0000, 0x0000, 0x0000,
  0x0000, 0x0000, 0x0000, 0x0000, 0x0000, 0x0000, 0x0000, 0x0000,
  0x0000, 0x0000, 0x0000, 0x0000, 0x0000, 0x0000, 0x0000, 0x0000,
  0x0000, 0x0000, 0x0000, 0x0000, 0x0000, 0x0000, 0x0000, 0x0000,
  0x0000, 0x0000, 0x0000, 0x0000, 0x0000, 0x0000, 0x0000, 0x0000,
  0x0000, 0x0000, 0x0000, 0x0000, 0x0000, 0x0000, 0x0000, 0x0000,
  0x0000, 0x0000, 0x0000, 0x0000, 0x0000, 0x0000, 0x0000, 0x0000,
  0x0000, 0x0000, 0x0000, 0x0000, 0x0000, 0x0000, 0x0000, 0x0000,
  0x0000, 0x0000, 0x0000, 0x0000, 0x0000, 0x0000, 0x0000, 0x0000,
  0x0000, 0x0840, 0x1903, 0x39E7, 0x632C, 0x8CB2, 0xAD96, 0xB555,
  0xB533, 0xBDB5, 0xCDF6, 0xCDF7, 0xD5F6, 0xDE37, 0xDE99, 0xE6FA,
  0xE71B, 0xE6FA, 0xE6F9, 0xE71A, 0xE71A, 0xE71A, 0xE73B, 0xDF3B,
  0xDEFA, 0xE6DA, 0xE71B, 0xDEFA, 0xDE98, 0xDEB9, 0xDEFA, 0xDF1A,
  0xDEFA, 0xDEB9, 0xD697, 0xD656, 0xD656, 0xDE97, 0xE6B8, 0xDE97,
  0xD655, 0xCDD4, 0xCDD4, 0xCDD4, 0xCDB2, 0xC572, 0xCD72, 0xC551,
  0xC4EF, 0xBCAE, 0xBC6D, 0xB42C, 0xBC2C, 0xBC2D, 0xB3EC, 0xB38A,
  0xB36A, 0xB3AB, 0xABCB, 0xABCB, 0xABAB, 0xA38A, 0xA38A, 0xA369,
  0xA328, 0x9AA7, 0x9A86, 0x9A87, 0x9286, 0x9246, 0x9225, 0x8A25,
  0x8A05, 0x8A05, 0x8205, 0x81E4, 0x81C4, 0x79A4, 0x7983, 0x7983,
  0x7142, 0x7942, 0x7963, 0x7963, 0x7983, 0x81A3, 0x81C4, 0x81E4,
  0x8A04, 0x8A04, 0x8A25, 0x9286, 0x92A7, 0x92C7, 0x9AC7, 0x9AE8,
  0x9AC7, 0x9AC7, 0xA308, 0xA349, 0xAB8A, 0xAB8B, 0xABAB, 0xABAB,
  0xABCB, 0xABCB, 0xABCB, 0xB3EC, 0xB3EC, 0xB3EC, 0xB3EC, 0xB3EC,
  0xBC6E, 0xBCF0, 0xC510, 0xC531, 0xC572, 0xC593, 0xC5B3, 0xCDD4,
  0xCDF4, 0xCDD3, 0xCDF4, 0xD615, 0xD636, 0xD677, 0xD697, 0xD698,
  0xD677, 0xD677, 0xD677, 0xDE77, 0xD657, 0xD657, 0xDE98, 0xE6DA,
  0xEF1B, 0xEF1B, 0xE71B, 0xEF3C, 0xF75D, 0xF77D, 0xEF5D, 0xE6FC,
  0xDEDB, 0xF77D, 0xF7DE, 0xEFBE, 0xE75D, 0xDF5C, 0xD73C, 0xC6BA,
  0xB5F7, 0x9D55, 0x84B3, 0x73D0, 0x52CA, 0x2164, 0x0040, 0x0000,
  0x0000, 0x0000, 0x0000, 0x0000, 0x0000, 0x0000, 0x0000, 0x0000,
  0x0000, 0x0000, 0x0000, 0x0000, 0x0000, 0x0000, 0x0000, 0x0000,
  0x0000, 0x0000, 0x0000, 0x0000, 0x0000, 0x0000, 0x0000, 0x0000,
  0x0000, 0x0000, 0x0000, 0x0000, 0x0000, 0x0000, 0x0000, 0x0000,
  0x0000, 0x0000, 0x0000, 0x0000, 0x0000, 0x0000, 0x0000, 0x0000,
  0x0000, 0x0000, 0x0000, 0x0000, 0x0000, 0x0000, 0x0000, 0x0000,
  0x0000, 0x0000, 0x0000, 0x0000, 0x0000, 0x0000, 0x0000, 0x0000,
  0x0000, 0x0000, 0x0000, 0x0000, 0x0000, 0x0000, 0x0000, 0x0000,
  0x0000, 0x0000, 0x0000, 0x0000, 0x0000, 0x0000, 0x0000, 0x0000,
  0x0000, 0x0000, 0x0000, 0x0000, 0x0000, 0x0000, 0x0000, 0x0000,
  0x0000, 0x0000, 0x0000, 0x0000, 0x0000, 0x0000, 0x0000, 0x0000,
  0x0000, 0x0000, 0x0000, 0x0000, 0x10A2, 0x31A5, 0x52CA, 0x740F,
  0x9CD3, 0xAD13, 0xB553, 0xBDD5, 0xCDF6, 0xCDF6, 0xD5F6, 0xDE17,
  0xDE78, 0xDED9, 0xE71A, 0xE6FA, 0xE6D9, 0xE6F9, 0xE71A, 0xE6FA,
  0xE6FA, 0xE71B, 0xE71B, 0xE6FB, 0xE71B, 0xDEFA, 0xDE98, 0xDE77,
  0xDEB9, 0xDEFA, 0xDF1A, 0xDED9, 0xD6B8, 0xD656, 0xD636, 0xDE77,
  0xDE97, 0xDE76, 0xD614, 0xCD93, 0xCD93, 0xCDD3, 0xCD92, 0xC571,
  0xC572, 0xCD51, 0xC4EF, 0xBC8E, 0xBC8E, 0xBC8E, 0xBC8E, 0xBC8E,
  0xB44D, 0xB3CC, 0xB3AB, 0xB3EB, 0xABEC, 0xABEC, 0xABCB, 0xA3AA,
  0xA36A, 0xA369, 0xA328, 0x9AC7, 0x9A66, 0x9A46, 0x9246, 0x9246,
  0x9246, 0x8A25, 0x8A05, 0x8A05, 0x8205, 0x81E4, 0x81C4, 0x79A4,
  0x79A3, 0x7983, 0x7142, 0x7942, 0x7963, 0x7963, 0x7983, 0x81A3,
  0x81C4, 0x81E4, 0x8A04, 0x8A04, 0x8A25, 0x9266, 0x92A7, 0x92C7,
  0x9AE8, 0x9AE8, 0x9AC7, 0x9AC7, 0xA308, 0xA369, 0xAB8A, 0xABCB,
  0xABCB, 0xABCB, 0xABCB, 0xABCB, 0xABCB, 0xABCB, 0xB3EC, 0xB42C,
  0xB42D, 0xB3EC, 0xBC4E, 0xBCF0, 0xBD10, 0xC531, 0xC572, 0xC593,
  0xC593, 0xCD92, 0xCD72, 0xC571, 0xCD71, 0xCD92, 0xCDB4, 0xCDF4,
  0xCE35, 0xD656, 0xD677, 0xD677, 0xD677, 0xDE98, 0xDEB9, 0xE6B9,
  0xE6D9, 0xEEDA, 0xEF1B, 0xEF3C, 0xEF3C, 0xEF5C, 0xEF5D, 0xF77D,
  0xF7BE, 0xF7BE, 0xE73C, 0xEF1C, 0xEF7E, 0xEFBE, 0xE77D, 0xDF3C,
  0xD71C, 0xC69A, 0xADD7, 0x9514, 0x8472, 0x738E, 0x4A69, 0x18E3,
  0x0000, 0x0000, 0x0000, 0x0000, 0x0000, 0x0000, 0x0000, 0x0000,
  0x0000, 0x0000, 0x0000, 0x0000, 0x0000, 0x0000, 0x0000, 0x0000,
  0x0000, 0x0000, 0x0000, 0x0000, 0x0000, 0x0000, 0x0000, 0x0000,
  0x0000, 0x0000, 0x0000, 0x0000, 0x0000, 0x0000, 0x0000, 0x0000,
  0x0000, 0x0000, 0x0000, 0x0000, 0x0000, 0x0000, 0x0000, 0x0000,
  0x0000, 0x0000, 0x0000, 0x0000, 0x0000, 0x0000, 0x0000, 0x0000,
  0x0000, 0x0000, 0x0000, 0x0000, 0x0000, 0x0000, 0x0000, 0x0000,
  0x0000, 0x0000, 0x0000, 0x0000, 0x0000, 0x0000, 0x0000, 0x0000,
  0x0000, 0x0000, 0x0000, 0x0000, 0x0000, 0x0000, 0x0000, 0x0000,
  0x0000, 0x0000, 0x0000, 0x0000, 0x0000, 0x0000, 0x0000, 0x0000,
  0x0000, 0x0000, 0x0000, 0x0000, 0x0000, 0x0000, 0x0000, 0x0000,
  0x0000, 0x0000, 0x0000, 0x0000, 0x0000, 0x0000, 0x1081, 0x29A5,
  0x4A89, 0x6B6D, 0x8C51, 0xA4F3, 0xB574, 0xBDB5, 0xCE16, 0xCE36,
  0xD636, 0xDE57, 0xDE98, 0xE6FA, 0xE73B, 0xE71B, 0xE6DA, 0xE6FA,
  0xEEFB, 0xE6FA, 0xE6FA, 0xE71B, 0xE73C, 0xDF1B, 0xDF1B, 0xE71B,
  0xDEB9, 0xD657, 0xDEB8, 0xDEF9, 0xDEFA, 0xDED9, 0xDED9, 0xD698,
  0xD677, 0xDE77, 0xDE77, 0xD656, 0xD614, 0xCDB3, 0xCDB3, 0xCDD4,
  0xCDD4, 0xCD93, 0xCD92, 0xCD92, 0xC530, 0xBC8E, 0xC48F, 0xC4D0,
  0xBCCF, 0xBC6E, 0xB44D, 0xB40C, 0xB40C, 0xB40C, 0xAC0C, 0xABEC,
  0xABCB, 0xABAB, 0xA36A, 0xA369, 0xA349, 0x9AE8, 0x9A66, 0x9A26,
  0x9246, 0x9246, 0x9246, 0x8A25, 0x8A25, 0x8A25, 0x8205, 0x81E4,
  0x81C4, 0x79A4, 0x79A3, 0x7983, 0x7122, 0x7142, 0x7962, 0x7963,
  0x7983, 0x81A3, 0x81C4, 0x81E4, 0x8A04, 0x8A04, 0x8A25, 0x9266,
  0x92A7, 0x92C7, 0x9B08, 0x9B08, 0x9AC7, 0x9AC7, 0xA308, 0xA349,
  0xAB6A, 0xABCB, 0xABEB, 0xABCB, 0xABAB, 0xABCB, 0xB3CB, 0xB3EC,
  0xB40C, 0xB44D, 0xB44D, 0xBC4D, 0xBC6E, 0xBCD0, 0xBD31, 0xC531,
  0xC551, 0xC551, 0xC531, 0xC530, 0xCD52, 0xCD93, 0xCD93, 0xCD93,
  0xCD93, 0xCDB4, 0xCDD5, 0xCE15, 0xD656, 0xD677, 0xDE98, 0xDED9,
  0xE71B, 0xE73B, 0xE75C, 0xEF3C, 0xEF3C, 0xEF5C, 0xF77D, 0xF77D,
  0xEF7D, 0xEF7D, 0xF7BE, 0xF7DE, 0xEF9D, 0xE6DB, 0xE6BB, 0xE73C,
  0xE75C, 0xDF1B, 0xCEDA, 0xBE79, 0xA5B7, 0x8CD3, 0x7BEF, 0x630C,
  0x39E7, 0x1082, 0x0000, 0x0000, 0x0000, 0x0000, 0x0000, 0x0000,
  0x0000, 0x0000, 0x0000, 0x0000, 0x0000, 0x0000, 0x0000, 0x0000,
  0x0000, 0x0000, 0x0000, 0x0000, 0x0000, 0x0000, 0x0000, 0x0000,
  0x0000, 0x0000, 0x0000, 0x0000, 0x0000, 0x0000, 0x0000, 0x0000,
  0x0000, 0x0000, 0x0000, 0x0000, 0x0000, 0x0000, 0x0000, 0x0000,
  0x0000, 0x0000, 0x0000, 0x0000, 0x0000, 0x0000, 0x0000, 0x0000,
  0x0000, 0x0000, 0x0000, 0x0000, 0x0000, 0x0000, 0x0000, 0x0000,
  0x0000, 0x0000, 0x0000, 0x0000, 0x0000, 0x0000, 0x0000, 0x0000,
  0x0000, 0x0000, 0x0000, 0x0000, 0x0000, 0x0000, 0x0000, 0x0000,
  0x0000, 0x0000, 0x0000, 0x0000, 0x0000, 0x0000, 0x0000, 0x0000,
  0x0000, 0x0000, 0x0000, 0x0000, 0x0000, 0x0000, 0x0000, 0x0000,
  0x0000, 0x0000, 0x0000, 0x0000, 0x0000, 0x0000, 0x0000, 0x0000,
  0x0861, 0x2984, 0x4A68, 0x6B4C, 0x8C71, 0xA534, 0xAD74, 0xB574,
  0xC5F6, 0xCE56, 0xD676, 0xD697, 0xDED9, 0xE71B, 0xEF5C, 0xE75C,
  0xE71B, 0xE6FB, 0xE6FA, 0xE6DA, 0xE6DA, 0xE71B, 0xE73B, 0xDF1B,
  0xE6FB, 0xE71B, 0xDEFA, 0xDE98, 0xDEB9, 0xDF1A, 0xDEFA, 0xDEB9,
  0xDED9, 0xDED9, 0xDEB8, 0xDE77, 0xD676, 0xD656, 0xD615, 0xCDB4,
  0xCDB4, 0xD615, 0xD615, 0xCDF4, 0xCDB3, 0xCD92, 0xC551, 0xC4CF,
  0xC48E, 0xC4AF, 0xBCAF, 0xBC4D, 0xB42C, 0xB42D, 0xB44D, 0xB42D,
  0xAC0C, 0xAC0C, 0xABCB, 0xABAB, 0xA38A, 0xA36A, 0xA349, 0x9AE8,
  0x9A66, 0x9A26, 0x9246, 0x9246, 0x9245, 0x8A25, 0x8A25, 0x8A25,
  0x8205, 0x81C4, 0x81C4, 0x81A4, 0x79A3, 0x7983, 0x7142, 0x7142,
  0x7942, 0x7963, 0x7983, 0x81A3, 0x81C4, 0x81E4, 0x89E4, 0x89E4,
  0x8A25, 0x9266, 0x92A7, 0x9AC7, 0x9B08, 0x9B08, 0x92A7, 0x9AA7,
  0xA2E8, 0xA328, 0xA349, 0xAB6A, 0xABAB, 0xABAB, 0xAB8B, 0xABCB,
  0xB3EC, 0xB42D, 0xB44D, 0xB44D, 0xB44D, 0xBC8E, 0xBCAF, 0xBCCF,
  0xC531, 0xC531, 0xC510, 0xC510, 0xC531, 0xCD93, 0xCDF5, 0xD636,
  0xD656, 0xD656, 0xD656, 0xD677, 0xD698, 0xD6B9, 0xDED9, 0xDEFA,
  0xDF1A, 0xE73B, 0xDF5C, 0xE75C, 0xEF5C, 0xEF7D, 0xEF7D, 0xEF7D,
  0xF79D, 0xF79E, 0xF79E, 0xEF9E, 0xEF9D, 0xF79D, 0xEF7D, 0xE6DA,
  0xDE79, 0xDE99, 0xDEBA, 0xD67A, 0xC659, 0xB638, 0x9DD7, 0x8CF3,
  0x73CE, 0x4A89, 0x2144, 0x0841, 0x0000, 0x0000, 0x0000, 0x0000,
  0x0000, 0x0000, 0x0000, 0x0000, 0x0000, 0x0000, 0x0000, 0x0000,
  0x0000, 0x0000, 0x0000, 0x0000, 0x0000, 0x0000, 0x0000, 0x0000,
  0x0000, 0x0000, 0x0000, 0x0000, 0x0000, 0x0000, 0x0000, 0x0000,
  0x0000, 0x0000, 0x0000, 0x0000, 0x0000, 0x0000, 0x0000, 0x0000,
  0x0000, 0x0000, 0x0000, 0x0000, 0x0000, 0x0000, 0x0000, 0x0000,
  0x0000, 0x0000, 0x0000, 0x0000, 0x0000, 0x0000, 0x0000, 0x0000,
  0x0000, 0x0000, 0x0000, 0x0000, 0x0000, 0x0000, 0x0000, 0x0000,
  0x0000, 0x0000, 0x0000, 0x0000, 0x0000, 0x0000, 0x0000, 0x0000,
  0x0000, 0x0000, 0x0000, 0x0000, 0x0000, 0x0000, 0x0000, 0x0000,
  0x0000, 0x0000, 0x0000, 0x0000, 0x0000, 0x0000, 0x0000, 0x0000,
  0x0000, 0x0000, 0x0000, 0x0000, 0x0000, 0x0000, 0x0000, 0x0000,
  0x0000, 0x0000, 0x0840, 0x2123, 0x4227, 0x632C, 0x8C92, 0xA575,
  0xAD75, 0xB595, 0xC5F6, 0xCE77, 0xD697, 0xD6B8, 0xDEDA, 0xE71B,
  0xE75C, 0xEF7C, 0xEF5C, 0xEF3B, 0xE71B, 0xE6BA, 0xDE58, 0xDE78,
  0xDEFA, 0xDEFA, 0xDEB9, 0xDEBA, 0xE6FA, 0xE6DA, 0xDED9, 0xDF1A,
  0xDF1A, 0xDED9, 0xD6B8, 0xD6B8, 0xD6B8, 0xD697, 0xD6B7, 0xD697,
  0xD636, 0xCDB4, 0xCDB4, 0xD615, 0xD615, 0xCDD3, 0xCD92, 0xCD72,
  0xCD72, 0xC531, 0xBCAE, 0xBC4D, 0xBC4D, 0xBC4E, 0xB46E, 0xB46E,
  0xB46D, 0xB44D, 0xAC0C, 0xABEB, 0xABCB, 0xABAB, 0xA38A, 0xA36A,
  0xA349, 0x9AC8, 0x9A46, 0x9A26, 0x9246, 0x9245, 0x9225, 0x8A45,
  0x8A46, 0x8A25, 0x8204, 0x81E4, 0x81C4, 0x81C4, 0x7983, 0x7983,
  0x7142, 0x7942, 0x7942, 0x7962, 0x7983, 0x81A4, 0x81C4, 0x81C4,
  0x81E4, 0x89E4, 0x9225, 0x9266, 0x9AA6, 0x9AE7, 0x9AE7, 0x92A7,
  0x9286, 0x9AC7, 0xA328, 0xA349, 0xA349, 0xAB29, 0xA36A, 0xABAB,
  0xB3EB, 0xB3EC, 0xB40C, 0xB42D, 0xB44D, 0xB44D, 0xBC6E, 0xBCAF,
  0xBCD0, 0xBCCF, 0xBCCF, 0xC510, 0xC531, 0xC552, 0xCD93, 0xCDD4,
  0xCDF5, 0xD636, 0xD677, 0xD677, 0xD676, 0xD677, 0xDED9, 0xDF1A,
  0xD71A, 0xDF1A, 0xE73B, 0xE75C, 0xE77C, 0xE77D, 0xEF7D, 0xEF9D,
  0xEF9E, 0xEF9E, 0xEFBE, 0xF7BE, 0xF7BE, 0xF7DE, 0xF7BE, 0xF77D,
  0xEF5D, 0xE71B, 0xDEDA, 0xD6BA, 0xD69A, 0xD679, 0xC619, 0xB5F7,
  0x9DB6, 0x84F3, 0x638E, 0x3A28, 0x1904, 0x0041, 0x0000, 0x0000,
  0x0000, 0x0000, 0x0000, 0x0000, 0x0000, 0x0000, 0x0000, 0x0000,
  0x0000, 0x0000, 0x0000, 0x0000, 0x0000, 0x0000, 0x0000, 0x0000,
  0x0000, 0x0000, 0x0000, 0x0000, 0x0000, 0x0000, 0x0000, 0x0000,
  0x0000, 0x0000, 0x0000, 0x0000, 0x0000, 0x0000, 0x0000, 0x0000,
  0x0000, 0x0000, 0x0000, 0x0000, 0x0000, 0x0000, 0x0000, 0x0000,
  0x0000, 0x0000, 0x0000, 0x0000, 0x0000, 0x0000, 0x0000, 0x0000,
  0x0000, 0x0000, 0x0000, 0x0000, 0x0000, 0x0000, 0x0000, 0x0000,
  0x0000, 0x0000, 0x0000, 0x0000, 0x0000, 0x0000, 0x0000, 0x0000,
  0x0000, 0x0000, 0x0000, 0x0000, 0x0000, 0x0000, 0x0000, 0x0000,
  0x0000, 0x0000, 0x0000, 0x0000, 0x0000, 0x0000, 0x0000, 0x0000,
  0x0000, 0x0000, 0x0000, 0x0000, 0x0000, 0x0000, 0x0000, 0x0000,
  0x0000, 0x0000, 0x0000, 0x0000, 0x0020, 0x1903, 0x4247, 0x634B,
  0x8471, 0xA535, 0xAD95, 0xB5D5, 0xC616, 0xD698, 0xDEB9, 0xDEB9,
  0xDEB9, 0xDF1A, 0xE71B, 0xE73C, 0xEF5C, 0xEF3C, 0xE71B, 0xE6DA,
  0xE699, 0xDE58, 0xDE78, 0xDE79, 0xDE79, 0xDE98, 0xDEB9, 0xDE99,
  0xDE98, 0xE6D9, 0xE6FA, 0xDED9, 0xD6B8, 0xD6B8, 0xD6B8, 0xDED8,
  0xDED8, 0xD6D8, 0xD697, 0xCDF4, 0xCDB3, 0xD5F5, 0xD615, 0xCDB3,
  0xCD92, 0xCD72, 0xCD72, 0xC551, 0xBCAF, 0xB40C, 0xB42C, 0xBC8E,
  0xB48E, 0xB46E, 0xB44D, 0xB44D, 0xAC0C, 0xABEB, 0xABCB, 0xABAA,
  0xA36A, 0xA38A, 0xA349, 0x9AA7, 0x9A46, 0x9A46, 0x9266, 0x9225,
  0x9245, 0x8A46, 0x8A46, 0x8A25, 0x8205, 0x81E4, 0x81C4, 0x81A4,
  0x7983, 0x7963, 0x7142, 0x7942, 0x7942, 0x7942, 0x7983, 0x81A4,
  0x81C4, 0x81E4, 0x81E4, 0x89E4, 0x8A04, 0x9225, 0x9266, 0x9AA6,
  0x9A86, 0x9286, 0x9AC7, 0x9B08, 0xA349, 0xA38A, 0xAB6A, 0xA329,
  0xA329, 0xAB8A, 0xB3CB, 0xB3CC, 0xB3EC, 0xB40C, 0xB42D, 0xB44D,
  0xBC8E, 0xBCAF, 0xBCD0, 0xBCD0, 0xBCAF, 0xC4F0, 0xC552, 0xCDB3,
  0xCDD4, 0xCDD4, 0xCDD4, 0xCE15, 0xD656, 0xDE77, 0xD677, 0xD677,
  0xD6B8, 0xDEF9, 0xDF1A, 0xDF1B, 0xDF3B, 0xE75C, 0xE77C, 0xE79D,
  0xEF9D, 0xEF9D, 0xEFBE, 0xEFBE, 0xEFBE, 0xEFBE, 0xF7BE, 0xEFBE,
  0xEF9D, 0xEF7D, 0xEF5D, 0xEF5D, 0xDF3C, 0xD6FB, 0xCE9A, 0xCE79,
  0xC638, 0xB5F7, 0xA596, 0x84B3, 0x5B6D, 0x3A07, 0x1903, 0x0840,
  0x0000, 0x0000, 0x0000, 0x0000, 0x0000, 0x0000, 0x0000, 0x0000,
  0x0000, 0x0000, 0x0000, 0x0000, 0x0000, 0x0000, 0x0000, 0x0000,
  0x0000, 0x0000, 0x0000, 0x0000, 0x0000, 0x0000, 0x0000, 0x0000,
  0x0000, 0x0000, 0x0000, 0x0000, 0x0000, 0x0000, 0x0000, 0x0000,
  0x0000, 0x0000, 0x0000, 0x0000, 0x0000, 0x0000, 0x0000, 0x0000,
  0x0000, 0x0000, 0x0000, 0x0000, 0x0000, 0x0000, 0x0000, 0x0000,
  0x0000, 0x0000, 0x0000, 0x0000, 0x0000, 0x0000, 0x0000, 0x0000,
  0x0000, 0x0000, 0x0000, 0x0000, 0x0000, 0x0000, 0x0000, 0x0000,
  0x0000, 0x0000, 0x0000, 0x0000, 0x0000, 0x0000, 0x0000, 0x0000,
  0x0000, 0x0000, 0x0000, 0x0000, 0x0000, 0x0000, 0x0000, 0x0000,
  0x0000, 0x0000, 0x0000, 0x0000, 0x0000, 0x0000, 0x0000, 0x0000,
  0x0000, 0x0000, 0x0000, 0x0000, 0x0000, 0x0000, 0x0000, 0x1902,
  0x4247, 0x5B2A, 0x7C30, 0x9D15, 0xADB7, 0xBDF6, 0xC637, 0xD699,
  0xDEDA, 0xDEDA, 0xDEDA, 0xDEFA, 0xDF1B, 0xE71B, 0xE71B, 0xE71B,
  0xE6DB, 0xE6BA, 0xE6FA, 0xE6DA, 0xDE78, 0xDE79, 0xE6B9, 0xDEB9,
  0xDE98, 0xDE78, 0xDE57, 0xDE78, 0xDE98, 0xDE98, 0xD6B8, 0xDED9,
  0xDED9, 0xDED9, 0xDED8, 0xD6B8, 0xD6B7, 0xD635, 0xD5B3, 0xD5B4,
  0xCDB4, 0xC572, 0xCD72, 0xC571, 0xC531, 0xC4F0, 0xBC6E, 0xB40C,
  0xB44D, 0xBCAF, 0xB48E, 0xB46D, 0xB44D, 0xB42C, 0xAC0C, 0xABEC,
  0xABCB, 0xABAA, 0xA38A, 0xA38A, 0xA329, 0x9A86, 0x9A26, 0x9A46,
  0x9246, 0x9225, 0x9246, 0x8A66, 0x8A66, 0x8A25, 0x81E4, 0x81A4,
  0x81A4, 0x81A4, 0x7983, 0x7963, 0x7142, 0x7942, 0x7942, 0x7942,
  0x7983, 0x81C4, 0x81C4, 0x81E4, 0x89E4, 0x89E4, 0x89E4, 0x89E4,
  0x9205, 0x9225, 0x9245, 0x9AA7, 0x9B08, 0xA329, 0xA369, 0xA3AA,
  0xABAB, 0xAB6A, 0xA34A, 0xAB6A, 0xB38B, 0xABAB, 0xB3CB, 0xB40C,
  0xB42D, 0xBC6E, 0xBC6E, 0xBC6E, 0xBCAF, 0xBCCF, 0xBCAF, 0xC4F1,
  0xC573, 0xC593, 0xC572, 0xCD93, 0xCDF4, 0xCE35, 0xD677, 0xDEB8,
  0xDED9, 0xDED9, 0xDEF9, 0xDEFA, 0xDF1A, 0xDF3B, 0xDF5C, 0xE77C,
  0xE79D, 0xEF9D, 0xEFBE, 0xEFBE, 0xEFBE, 0xEFDE, 0xEFBE, 0xEFBE,
  0xEF9E, 0xEF9D, 0xE77C, 0xEF5C, 0xEF5D, 0xE75D, 0xDF3C, 0xD6DB,
  0xCE9A, 0xC678, 0xBE37, 0xADB6, 0xA535, 0x8472, 0x532C, 0x31E6,
  0x18E3, 0x0820, 0x0000, 0x0000, 0x0000, 0x0000, 0x0000, 0x0000,
  0x0000, 0x0000, 0x0000, 0x0000, 0x0000, 0x0000, 0x0000, 0x0000,
  0x0000, 0x0000, 0x0000, 0x0000, 0x0000, 0x0000, 0x0000, 0x0000,
  0x0000, 0x0000, 0x0000, 0x0000, 0x0000, 0x0000, 0x0000, 0x0000,
  0x0000, 0x0000, 0x0000, 0x0000, 0x0000, 0x0000, 0x0000, 0x0000,
  0x0000, 0x0000, 0x0000, 0x0000, 0x0000, 0x0000, 0x0000, 0x0000,
  0x0000, 0x0000, 0x0000, 0x0000, 0x0000, 0x0000, 0x0000, 0x0000,
  0x0000, 0x0000, 0x0000, 0x0000, 0x0000, 0x0000, 0x0000, 0x0000,
  0x0000, 0x0000, 0x0000, 0x0000, 0x0000, 0x0000, 0x0000, 0x0000,
  0x0000, 0x0000, 0x0000, 0x0000, 0x0000, 0x0000, 0x0000, 0x0000,
  0x0000, 0x0000, 0x0000, 0x0000, 0x0000, 0x0000, 0x0000, 0x0000,
  0x0000, 0x0000, 0x0000, 0x0000, 0x0000, 0x0000, 0x0000, 0x0000,
  0x0000, 0x10C2, 0x3A06, 0x52C9, 0x6BCF, 0x8CF4, 0xADB6, 0xBE17,
  0xC678, 0xD699, 0xDEDA, 0xDEDA, 0xDEDA, 0xDEDA, 0xDEFA, 0xDF1B,
  0xE71A, 0xE6FB, 0xE6DA, 0xE678, 0xE6DA, 0xE71B, 0xE6B9, 0xE699,
  0xE6FA, 0xE6FA, 0xDED9, 0xDEB9, 0xDE98, 0xDE77, 0xDE36, 0xD636,
  0xD677, 0xDE98, 0xDEB8, 0xDED9, 0xDED9, 0xDEB8, 0xD697, 0xD656,
  0xD5D4, 0xCD72, 0xC552, 0xC511, 0xC4F0, 0xC4CF, 0xC48E, 0xBC6D,
  0xBC4D, 0xBC4E, 0xBC8F, 0xBCAF, 0xBCAE, 0xB46E, 0xB44D, 0xB42D,
  0xB42C, 0xAC0C, 0xABCB, 0xABAB, 0xA3AB, 0xA36A, 0xA2E8, 0x9A66,
  0x9A26, 0x9A46, 0x9246, 0x9246, 0x9246, 0x8A66, 0x8A46, 0x8A05,
  0x81C4, 0x81A4, 0x81A4, 0x81A4, 0x79A3, 0x7983, 0x7142, 0x7943,
  0x7962, 0x7942, 0x7983, 0x81C4, 0x81C4, 0x81C4, 0x89E4, 0x89E4,
  0x89C4, 0x89C4, 0x89E4, 0x8A04, 0x9245, 0x9AC7, 0xA328, 0xA329,
  0xA349, 0xABAA, 0xABCB, 0xABAB, 0xAB8A, 0xAB6A, 0xAB8A, 0xABAB,
  0xB3CC, 0xB40C, 0xBC6E, 0xBCAF, 0xBC6E, 0xBC4D, 0xBC8E, 0xBCAF,
  0xBCAF, 0xC511, 0xCD72, 0xC572, 0xC552, 0xCDB3, 0xCE15, 0xD636,
  0xD656, 0xD698, 0xDED9, 0xDF1A, 0xDF3A, 0xDF3A, 0xDF3B, 0xDF3B,
  0xDF5C, 0xDF7C, 0xE79D, 0xEFBE, 0xEFBE, 0xEFBE, 0xEFDE, 0xEFDE,
  0xEFBE, 0xEFBE, 0xEFBE, 0xE79D, 0xE77C, 0xE75C, 0xE73C, 0xE75C,
  0xDF1B, 0xD69A, 0xCE79, 0xCE79, 0xB617, 0xA555, 0x94D4, 0x7C30,
  0x52EB, 0x31A6, 0x10A2, 0x0020, 0x0000, 0x0000, 0x0000, 0x0000,
  0x0000, 0x0000, 0x0000, 0x0000, 0x0000, 0x0000, 0x0000, 0x0000,
  0x0000, 0x0000, 0x0000, 0x0000, 0x0000, 0x0000, 0x0000, 0x0000,
  0x0000, 0x0000, 0x0000, 0x0000, 0x0000, 0x0000, 0x0000, 0x0000,
  0x0000, 0x0000, 0x0000, 0x0000, 0x0000, 0x0000, 0x0000, 0x0000,
  0x0000, 0x0000, 0x0000, 0x0000, 0x0000, 0x0000, 0x0000, 0x0000,
  0x0000, 0x0000, 0x0000, 0x0000, 0x0000, 0x0000, 0x0000, 0x0000,
  0x0000, 0x0000, 0x0000, 0x0000, 0x0000, 0x0000, 0x0000, 0x0000,
  0x0000, 0x0000, 0x0000, 0x0000, 0x0000, 0x0000, 0x0000, 0x0000,
  0x0000, 0x0000, 0x0000, 0x0000, 0x0000, 0x0000, 0x0000, 0x0000,
  0x0000, 0x0000, 0x0000, 0x0000, 0x0000, 0x0000, 0x0000, 0x0000,
  0x0000, 0x0000, 0x0000, 0x0000, 0x0000, 0x0000, 0x0000, 0x0000,
  0x0000, 0x0000, 0x0000, 0x0881, 0x2984, 0x4267, 0x5B4C, 0x8492,
  0xAD96, 0xBE17, 0xC678, 0xD6B9, 0xD6DA, 0xD6DA, 0xDED9, 0xDEB9,
  0xDED9, 0xDEFA, 0xE6FA, 0xE71B, 0xE6FB, 0xE678, 0xE658, 0xE6B9,
  0xDE99, 0xDE98, 0xE6D9, 0xE6FA, 0xE6DA, 0xE6FA, 0xE6FA, 0xDED9,
  0xDE57, 0xD615, 0xD615, 0xD635, 0xD657, 0xDE98, 0xDEB8, 0xDE97,
  0xD677, 0xD656, 0xCDD4, 0xC552, 0xC532, 0xC4F0, 0xC46E, 0xBC0D,
  0xBC0C, 0xBC4D, 0xBC8E, 0xBCAF, 0xBCAF, 0xBCAF, 0xBCAE, 0xB48E,
  0xB46D, 0xB44D, 0xB42C, 0xAC0C, 0xABCB, 0xABCB, 0xA3AB, 0xA329,
  0xA287, 0x9A66, 0x9A66, 0x9A46, 0x9246, 0x9246, 0x9266, 0x9246,
  0x8A25, 0x89E4, 0x81E4, 0x81E4, 0x81C4, 0x81C4, 0x79A3, 0x7983,
  0x7142, 0x7942, 0x7962, 0x7962, 0x7963, 0x81A4, 0x81C4, 0x89C4,
  0x89E4, 0x8A05, 0x89E4, 0x81C3, 0x89C3, 0x9204, 0x9266, 0x9AE8,
  0xA329, 0xA329, 0xA349, 0xABAA, 0xABCB, 0xABCB, 0xABCB, 0xA38A,
  0xABAA, 0xB3CB, 0xB3EC, 0xB40C, 0xB46E, 0xBC8E, 0xBC8E, 0xBC8E,
  0xBCAF, 0xBCAF, 0xBCAF, 0xC511, 0xC572, 0xCD93, 0xCDB3, 0xCDF5,
  0xD636, 0xD656, 0xD656, 0xD676, 0xDEB8, 0xDEFA, 0xE73B, 0xE75B,
  0xE75C, 0xE75C, 0xDF7C, 0xDF7C, 0xE79D, 0xEFBD, 0xEFBE, 0xEFDE,
  0xEFDE, 0xF7DE, 0xEFDE, 0xEFBE, 0xEFBE, 0xEFBF, 0xE7BE, 0xE77D,
  0xE75C, 0xDF3C, 0xDEFB, 0xD699, 0xCE58, 0xC638, 0xBE38, 0xADB7,
  0x94F4, 0x6BCF, 0x42A9, 0x29C5, 0x10A2, 0x0000, 0x0000, 0x0000,
  0x0000, 0x0000, 0x0000, 0x0000, 0x0000, 0x0000, 0x0000, 0x0000,
  0x0000, 0x0000, 0x0000, 0x0000, 0x0000, 0x0000, 0x0000, 0x0000,
  0x0000, 0x0000, 0x0000, 0x0000, 0x0000, 0x0000, 0x0000, 0x0000,
  0x0000, 0x0000, 0x0000, 0x0000, 0x0000, 0x0000, 0x0000, 0x0000,
  0x0000, 0x0000, 0x0000, 0x0000, 0x0000, 0x0000, 0x0000, 0x0000,
  0x0000, 0x0000, 0x0000, 0x0000, 0x0000, 0x0000, 0x0000, 0x0000,
  0x0000, 0x0000, 0x0000, 0x0000, 0x0000, 0x0000, 0x0000, 0x0000,
  0x0000, 0x0000, 0x0000, 0x0000, 0x0000, 0x0000, 0x0000, 0x0000,
  0x0000, 0x0000, 0x0000, 0x0000, 0x0000, 0x0000, 0x0000, 0x0000,
  0x0000, 0x0000, 0x0000, 0x0000, 0x0000, 0x0000, 0x0000, 0x0000,
  0x0000, 0x0000, 0x0000, 0x0000, 0x0000, 0x0000, 0x0000, 0x0000,
  0x0000, 0x0000, 0x0000, 0x0000, 0x0000, 0x0841, 0x1924, 0x3A06,
  0x530B, 0x7C71, 0xA596, 0xB5F7, 0xC658, 0xD699, 0xD6DA, 0xD6D9,
  0xD6FA, 0xDEFA, 0xDF1A, 0xDED9, 0xDEDA, 0xDF1B, 0xE71B, 0xE699,
  0xDE37, 0xE678, 0xE6B9, 0xE699, 0xE6B9, 0xE6DA, 0xE6FA, 0xE6FA,
  0xE6FA, 0xE6FA, 0xDED9, 0xDE98, 0xD657, 0xD636, 0xD636, 0xD636,
  0xD635, 0xD635, 0xD655, 0xD635, 0xCDB3, 0xCD52, 0xCD52, 0xC531,
  0xC4F0, 0xC46F, 0xC42E, 0xBC6E, 0xBCF0, 0xBCF0, 0xBCCF, 0xBCAF,
  0xBCAE, 0xBC8E, 0xB46E, 0xB44D, 0xB42C, 0xABEC, 0xABEB, 0xABCB,
  0xA36A, 0xA2C8, 0xA2A7, 0xA2A7, 0x9A66, 0x9A66, 0x9A66, 0x9246,
  0x9225, 0x9225, 0x8A25, 0x8A05, 0x8A05, 0x81E5, 0x81C4, 0x81C4,
  0x79A4, 0x7983, 0x7142, 0x7142, 0x7963, 0x7963, 0x7963, 0x7983,
  0x81C4, 0x89C4, 0x89E4, 0x8A25, 0x8A25, 0x89E4, 0x89E4, 0x9225,
  0x9266, 0x9B08, 0xA329, 0xA349, 0xA369, 0xA3AA, 0xABAB, 0xABEB,
  0xABEC, 0xABCB, 0xABCB, 0xABCB, 0xB40C, 0xB40C, 0xB42C, 0xB44D,
  0xBC8E, 0xBCAF, 0xBCCF, 0xBCD0, 0xBD11, 0xC531, 0xC572, 0xCDD4,
  0xCDF4, 0xCDF5, 0xD636, 0xD657, 0xD657, 0xD677, 0xD697, 0xDED9,
  0xDF1A, 0xE75B, 0xE77C, 0xE77C, 0xDF7C, 0xDF7C, 0xDF9D, 0xE7BE,
  0xEFBE, 0xEFBE, 0xEFDF, 0xEFDF, 0xEFDE, 0xEFBD, 0xE79D, 0xEFBE,
  0xEFBE, 0xE79D, 0xE77C, 0xE75C, 0xDF1B, 0xD6BA, 0xCE58, 0xC638,
  0xBE38, 0xADD7, 0x8CD3, 0x638D, 0x4288, 0x29C5, 0x10A2, 0x0000,
  0x0000, 0x0000, 0x0000, 0x0000, 0x0000, 0x0000, 0x0000, 0x0000,
  0x0000, 0x0000, 0x0000, 0x0000, 0x0000, 0x0000, 0x0000, 0x0000,
  0x0000, 0x0000, 0x0000, 0x0000, 0x0000, 0x0000, 0x0000, 0x0000,
  0x0000, 0x0000, 0x0000, 0x0000, 0x0000, 0x0000, 0x0000, 0x0000,
  0x0000, 0x0000, 0x0000, 0x0000, 0x0000, 0x0000, 0x0000, 0x0000,
  0x0000, 0x0000, 0x0000, 0x0000, 0x0000, 0x0000, 0x0000, 0x0000,
  0x0000, 0x0000, 0x0000, 0x0000, 0x0000, 0x0000, 0x0000, 0x0000,
  0x0000, 0x0000, 0x0000, 0x0000, 0x0000, 0x0000, 0x0000, 0x0000,
  0x0000, 0x0000, 0x0000, 0x0000, 0x0000, 0x0000, 0x0000, 0x0000,
  0x0000, 0x0000, 0x0000, 0x0000, 0x0000, 0x0000, 0x0000, 0x0000,
  0x0000, 0x0000, 0x0000, 0x0000, 0x0000, 0x0000, 0x0000, 0x0000,
  0x0000, 0x0000, 0x0000, 0x0000, 0x0000, 0x0000, 0x0000, 0x0020,
  0x18E3, 0x31E6, 0x532B, 0x84B2, 0xA596, 0xB5D7, 0xBE38, 0xCE9A,
  0xD6DA, 0xD6DA, 0xDEFA, 0xDF1A, 0xDEFA, 0xDED9, 0xDEFA, 0xDF3B,
  0xE73B, 0xE6DA, 0xE698, 0xE6B9, 0xE6FA, 0xE6B9, 0xE678, 0xE6BA,
  0xE71B, 0xE6FA, 0xE6D9, 0xE6D9, 0xDED9, 0xD6B8, 0xD6B8, 0xDEB9,
  0xDEB8, 0xDE36, 0xD5D4, 0xD5D4, 0xD5D4, 0xCD93, 0xCD73, 0xCD93,
  0xCD72, 0xC551, 0xCD72, 0xC511, 0xBC8F, 0xBCAF, 0xBD10, 0xBD10,
  0xBCCF, 0xBCAF, 0xBC8E, 0xBC8E, 0xB46D, 0xB44D, 0xB42C, 0xAC0C,
  0xABEB, 0xAB8A, 0xA308, 0xA2C8, 0xA2E8, 0xA2A7, 0x9A66, 0x9A66,
  0x9A46, 0x9225, 0x9225, 0x8A45, 0x8A46, 0x8A25, 0x8205, 0x81E5,
  0x81E4, 0x81C4, 0x79A3, 0x7983, 0x7142, 0x7142, 0x7963, 0x7963,
  0x7963, 0x7963, 0x81A3, 0x81C4, 0x89E4, 0x8A45, 0x9266, 0x8A04,
  0x8A05, 0x9266, 0x9AA6, 0x9AE7, 0xA329, 0xA349, 0xA369, 0xAB8A,
  0xABAB, 0xABEB, 0xAC0C, 0xB40C, 0xB3EC, 0xB40C, 0xB40C, 0xB3EC,
  0xB3EB, 0xB42D, 0xBC8E, 0xBCAF, 0xBCAF, 0xBCF0, 0xBD31, 0xC572,
  0xC593, 0xCDD4, 0xCE15, 0xCE15, 0xD656, 0xD677, 0xDEB8, 0xDED9,
  0xDED9, 0xDED9, 0xDEFA, 0xDF1B, 0xDF5B, 0xE77C, 0xE77D, 0xE79D,
  0xE7BD, 0xE7BE, 0xEFDE, 0xEFDE, 0xEFDF, 0xEFDF, 0xEFBE, 0xEFBE,
  0xE79D, 0xE79D, 0xEF9E, 0xE79D, 0xE75C, 0xDF3B, 0xDF3C, 0xD6FB,
  0xCE79, 0xC638, 0xB617, 0xA5D6, 0x84B3, 0x5B4D, 0x4248, 0x2964,
  0x1081, 0x0000, 0x0000, 0x0000, 0x0000, 0x0000, 0x0000, 0x0000,
  0x0000, 0x0000, 0x0000, 0x0000, 0x0000, 0x0000, 0x0000, 0x0000,
  0x0000, 0x0000, 0x0000, 0x0000, 0x0000, 0x0000, 0x0000, 0x0000,
  0x0000, 0x0000, 0x0000, 0x0000, 0x0000, 0x0000, 0x0000, 0x0000,
  0x0000, 0x0000, 0x0000, 0x0000, 0x0000, 0x0000, 0x0000, 0x0000,
  0x0000, 0x0000, 0x0000, 0x0000, 0x0000, 0x0000, 0x0000, 0x0000,
  0x0000, 0x0000, 0x0000, 0x0000, 0x0000, 0x0000, 0x0000, 0x0000,
  0x0000, 0x0000, 0x0000, 0x0000, 0x0000, 0x0000, 0x0000, 0x0000,
  0x0000, 0x0000, 0x0000, 0x0000, 0x0000, 0x0000, 0x0000, 0x0000,
  0x0000, 0x0000, 0x0000, 0x0000, 0x0000, 0x0000, 0x0000, 0x0000,
  0x0000, 0x0000, 0x0000, 0x0000, 0x0000, 0x0000, 0x0000, 0x0000,
  0x0000, 0x0000, 0x0000, 0x0000, 0x0000, 0x0000, 0x0000, 0x0000,
  0x0000, 0x0020, 0x10E2, 0x31E6, 0x5B4D, 0x7C92, 0x9D75, 0xB5F7,
  0xBE79, 0xCEB9, 0xD6BA, 0xD6FA, 0xDF1B, 0xDF1A, 0xDEDA, 0xDEFA,
  0xDF3A, 0xDF5B, 0xE75B, 0xE71A, 0xEEFA, 0xEEFA, 0xEF1B, 0xE6D9,
  0xE678, 0xE6B9, 0xE71B, 0xE6FA, 0xE6D9, 0xE698, 0xDE98, 0xDEB8,
  0xDED9, 0xDEF9, 0xDED9, 0xDE77, 0xDE36, 0xD635, 0xD5D4, 0xCD31,
  0xCD32, 0xCD73, 0xCD51, 0xCD31, 0xCD72, 0xC551, 0xBCD0, 0xBCF0,
  0xC510, 0xBCF0, 0xBCCF, 0xBCAF, 0xBC8E, 0xBC6E, 0xB44D, 0xB44D,
  0xB42C, 0xAC0C, 0xABCB, 0xAB49, 0xAB08, 0xA329, 0xA329, 0xA2C8,
  0x9A87, 0x9A66, 0x9A66, 0x9246, 0x9266, 0x8A66, 0x8A66, 0x8A26,
  0x8205, 0x81E5, 0x81E4, 0x79C4, 0x79A3, 0x7983, 0x7142, 0x7942,
  0x7963, 0x7983, 0x8183, 0x7962, 0x7983, 0x81A3, 0x89E4, 0x8A25,
  0x9266, 0x8A25, 0x8A05, 0x9266, 0x9AC7, 0x9AE7, 0xA328, 0xA349,
  0xA349, 0xA38A, 0xABAA, 0xABEB, 0xAC0B, 0xB42C, 0xB42C, 0xB40C,
  0xB3CB, 0xB3AB, 0xB3EC, 0xBC4D, 0xBC6D, 0xBC6E, 0xBCAF, 0xBCF0,
  0xBD51, 0xC572, 0xC593, 0xCDB4, 0xCDF4, 0xCE35, 0xD656, 0xD697,
  0xDEF9, 0xE71A, 0xE73B, 0xE73B, 0xDF3B, 0xDF3B, 0xDF5C, 0xDF7C,
  0xE77D, 0xE7BD, 0xE7BE, 0xE7BE, 0xE7BE, 0xEFDE, 0xEFDE, 0xEFDF,
  0xEFBF, 0xEFBE, 0xEFBE, 0xE79D, 0xE79D, 0xE77D, 0xE75C, 0xDF3B,
  0xDF3B, 0xD6FA, 0xC699, 0xBE38, 0xB5F7, 0x9DB6, 0x84D3, 0x5B0D,
  0x39C6, 0x2123, 0x0861, 0x0000, 0x0000, 0x0000, 0x0000, 0x0000,
  0x0000, 0x0000, 0x0000, 0x0000, 0x0000, 0x0000, 0x0000, 0x0000,
  0x0000, 0x0000, 0x0000, 0x0000, 0x0000, 0x0000, 0x0000, 0x0000,
  0x0000, 0x0000, 0x0000, 0x0000, 0x0000, 0x0000, 0x0000, 0x0000,
  0x0000, 0x0000, 0x0000, 0x0000, 0x0000, 0x0000, 0x0000, 0x0000,
  0x0000, 0x0000, 0x0000, 0x0000, 0x0000, 0x0000, 0x0000, 0x0000,
  0x0000, 0x0000, 0x0000, 0x0000, 0x0000, 0x0000, 0x0000, 0x0000,
  0x0000, 0x0000, 0x0000, 0x0000, 0x0000, 0x0000, 0x0000, 0x0000,
  0x0000, 0x0000, 0x0000, 0x0000, 0x0000, 0x0000, 0x0000, 0x0000,
  0x0000, 0x0000, 0x0000, 0x0000, 0x0000, 0x0000, 0x0000, 0x0000,
  0x0000, 0x0000, 0x0000, 0x0000, 0x0000, 0x0000, 0x0000, 0x0000,
  0x0000, 0x0000, 0x0000, 0x0000, 0x0000, 0x0000, 0x0000, 0x0000,
  0x0000, 0x0000, 0x0000, 0x0000, 0x10C2, 0x29E6, 0x5B4C, 0x7C51,
  0x9554, 0xB637, 0xC698, 0xCE99, 0xD6BA, 0xD71A, 0xD73B, 0xDF3B,
  0xDF1B, 0xDF3B, 0xDF5B, 0xDF5C, 0xE77C, 0xE77C, 0xE73B, 0xEF1B,
  0xEF1B, 0xEEFA, 0xE6B8, 0xE678, 0xE698, 0xE6D9, 0xE6B8, 0xDE98,
  0xDE77, 0xDE98, 0xDEB8, 0xDED8, 0xDEB8, 0xDEB8, 0xDEB8, 0xDE97,
  0xD636, 0xCD73, 0xCD31, 0xCD52, 0xCD52, 0xCD51, 0xC531, 0xC510,
  0xBCF0, 0xBD11, 0xC4F0, 0xBCF0, 0xBCCF, 0xBCAF, 0xBC8E, 0xB46E,
  0xB44D, 0xB42D, 0xAC2C, 0xABEB, 0xAB8A, 0xAB49, 0xAB4A, 0xA36A,
  0xA329, 0x9B08, 0x9AC8, 0x9AA7, 0x9A66, 0x9286, 0x9287, 0x8A86,
  0x8A66, 0x8A26, 0x8A25, 0x8205, 0x81E4, 0x79C4, 0x79A3, 0x7983,
  0x7142, 0x7942, 0x7963, 0x7983, 0x81A3, 0x8183, 0x8183, 0x81A3,
  0x89E4, 0x8A25, 0x9266, 0x9245, 0x8A05, 0x9246, 0x9AE7, 0xA308,
  0xA328, 0xA328, 0xA349, 0xA36A, 0xABAA, 0xABEB, 0xAC0B, 0xB44C,
  0xB42C, 0xB3EC, 0xB3AB, 0xB38B, 0xB3EC, 0xBC2C, 0xBC0C, 0xBC2D,
  0xBCAF, 0xBD11, 0xC552, 0xC572, 0xC593, 0xC5B4, 0xCDD4, 0xCDD4,
  0xCE15, 0xD677, 0xDED9, 0xE71A, 0xE73B, 0xEF7C, 0xEF7C, 0xE77C,
  0xE79C, 0xE79D, 0xE79D, 0xE7BD, 0xE7BE, 0xE7BE, 0xE7BE, 0xE7BE,
  0xEFDE, 0xEFDF, 0xEFDE, 0xEFDE, 0xEFBE, 0xE79D, 0xE77D, 0xE77D,
  0xE77D, 0xDF5C, 0xDF3B, 0xCEDA, 0xC699, 0xBE58, 0xADF7, 0x9DB6,
  0x84B2, 0x5B0B, 0x2985, 0x18E3, 0x0861, 0x0000, 0x0000, 0x0000,
  0x0000, 0x0000, 0x0000, 0x0000, 0x0000, 0x0000, 0x0000, 0x0000,
  0x0000, 0x0000, 0x0000, 0x0000, 0x0000, 0x0000, 0x0000, 0x0000,
  0x0000, 0x0000, 0x0000, 0x0000, 0x0000, 0x0000, 0x0000, 0x0000,
  0x0000, 0x0000, 0x0000, 0x0000, 0x0000, 0x0000, 0x0000, 0x0000,
  0x0000, 0x0000, 0x0000, 0x0000, 0x0000, 0x0000, 0x0000, 0x0000,
  0x0000, 0x0000, 0x0000, 0x0000, 0x0000, 0x0000, 0x0000, 0x0000,
  0x0000, 0x0000, 0x0000, 0x0000, 0x0000, 0x0000, 0x0000, 0x0000,
  0x0000, 0x0000, 0x0000, 0x0000, 0x0000, 0x0000, 0x0000, 0x0000,
  0x0000, 0x0000, 0x0000, 0x0000, 0x0000, 0x0000, 0x0000, 0x0000,
  0x0000, 0x0000, 0x0000, 0x0000, 0x0000, 0x0000, 0x0000, 0x0000,
  0x0000, 0x0000, 0x0000, 0x0000, 0x0000, 0x0000, 0x0000, 0x0000,
  0x0000, 0x0000, 0x0000, 0x0000, 0x0000, 0x0000, 0x0881, 0x21A5,
  0x5B4C, 0x84B2, 0x9575, 0xADF7, 0xC658, 0xCE79, 0xCEDA, 0xD71B,
  0xDF3C, 0xDF5C, 0xDF3C, 0xDF3C, 0xDF5C, 0xE77C, 0xE79D, 0xE77C,
  0xE73B, 0xEF3C, 0xF75C, 0xEF3B, 0xE6D9, 0xDE36, 0xE616, 0xE677,
  0xE698, 0xDE98, 0xDE77, 0xDE57, 0xDE77, 0xDEB8, 0xDEB8, 0xDED8,
  0xDEB8, 0xD697, 0xD656, 0xCDB3, 0xCD11, 0xCD31, 0xCD93, 0xCD73,
  0xC531, 0xBCF0, 0xC4F1, 0xC531, 0xC511, 0xBD10, 0xBCF0, 0xBCCF,
  0xBC8E, 0xB46D, 0xB44D, 0xB42D, 0xB40C, 0xABAB, 0xAB6A, 0xAB8A,
  0xA3AB, 0xA36A, 0xA329, 0x9AE8, 0x9AE8, 0x9AA7, 0x9A86, 0x9286,
  0x9287, 0x9286, 0x8A46, 0x8A26, 0x8A25, 0x8205, 0x81E4, 0x81C4,
  0x7983, 0x7963, 0x7142, 0x7142, 0x7963, 0x7983, 0x81A4, 0x81A3,
  0x81A3, 0x81C4, 0x8A05, 0x8A25, 0x9266, 0x9266, 0x9225, 0x9225,
  0x9AC7, 0xA329, 0xA328, 0x9B08, 0x9B07, 0xA349, 0xABAA, 0xABCB,
  0xAC0B, 0xAC2C, 0xB40C, 0xB3EB, 0xB3CC, 0xB3CB, 0xB3CB, 0xB3EB,
  0xBC2C, 0xBC4D, 0xBC8F, 0xBD11, 0xBD52, 0xC572, 0xC593, 0xC5B4,
  0xCDF5, 0xCE15, 0xCE36, 0xD657, 0xDEB8, 0xE71A, 0xEF7B, 0xEF7C,
  0xEF7C, 0xEF9C, 0xEF9D, 0xE7BD, 0xE7BD, 0xE7BD, 0xE7BE, 0xE7BE,
  0xE79E, 0xE7BE, 0xEFDE, 0xE7FE, 0xE7DE, 0xE7BD, 0xE79D, 0xE79D,
  0xE79D, 0xE77D, 0xDF7D, 0xDF5C, 0xDF3B, 0xD6FA, 0xCEB9, 0xC678,
  0xAE17, 0x9555, 0x7C31, 0x530B, 0x29E6, 0x1923, 0x0861, 0x0000,
  0x0000, 0x0000, 0x0000, 0x0000, 0x0000, 0x0000, 0x0000, 0x0000,
  0x0000, 0x0000, 0x0000, 0x0000, 0x0000, 0x0000, 0x0000, 0x0000,
  0x0000, 0x0000, 0x0000, 0x0000, 0x0000, 0x0000, 0x0000, 0x0000,
  0x0000, 0x0000, 0x0000, 0x0000, 0x0000, 0x0000, 0x0000, 0x0000,
  0x0000, 0x0000, 0x0000, 0x0000, 0x0000, 0x0000, 0x0000, 0x0000,
  0x0000, 0x0000, 0x0000, 0x0000, 0x0000, 0x0000, 0x0000, 0x0000,
  0x0000, 0x0000, 0x0000, 0x0000, 0x0000, 0x0000, 0x0000, 0x0000,
  0x0000, 0x0000, 0x0000, 0x0000, 0x0000, 0x0000, 0x0000, 0x0000,
  0x0000, 0x0000, 0x0000, 0x0000, 0x0000, 0x0000, 0x0000, 0x0000,
  0x0000, 0x0000, 0x0000, 0x0000, 0x0000, 0x0000, 0x0000, 0x0000,
  0x0000, 0x0000, 0x0000, 0x0000, 0x0000, 0x0000, 0x0000, 0x0000,
  0x0000, 0x0000, 0x0000, 0x0000, 0x0000, 0x0000, 0x0000, 0x0000,
  0x1082, 0x31A6, 0x636D, 0x8514, 0x9DD6, 0xB5D6, 0xBE17, 0xC678,
  0xCEB9, 0xD6FA, 0xD71A, 0xDF3B, 0xDF3B, 0xDF3C, 0xE75C, 0xE77D,
  0xEF9E, 0xE75D, 0xE6FA, 0xEF1A, 0xF7BD, 0xEF7D, 0xE6FA, 0xDE56,
  0xDDF5, 0xDE16, 0xDE56, 0xDE97, 0xDE78, 0xDE57, 0xDE37, 0xDE98,
  0xDED9, 0xDED9, 0xDEB8, 0xD677, 0xD656, 0xCD93, 0xC4F0, 0xCD32,
  0xCDF5, 0xCDB4, 0xC552, 0xC511, 0xC531, 0xC552, 0xC531, 0xBD10,
  0xBCF0, 0xBCCF, 0xBC8E, 0xB44D, 0xB44D, 0xB42D, 0xABEC, 0xAB8A,
  0xAB8A, 0xABCB, 0xA3AB, 0xA36A, 0xA329, 0x9AE8, 0x9AE8, 0x9AC8,
  0x9AA7, 0x9287, 0x9286, 0x9266, 0x8A66, 0x8A26, 0x8A25, 0x8205,
  0x81E4, 0x81C4, 0x7983, 0x7963, 0x7142, 0x7142, 0x7963, 0x7983,
  0x81A4, 0x81C4, 0x81A3, 0x81C4, 0x8A05, 0x8A25, 0x9266, 0x9286,
  0x9245, 0x9225, 0x9AA7, 0xA329, 0xA329, 0xA328, 0x9B08, 0xA328,
  0xA36A, 0xABCB, 0xAC0C, 0xAC2C, 0xAC0C, 0xB40C, 0xB40C, 0xB40C,
  0xB40C, 0xB40C, 0xBC4D, 0xBC6D, 0xBC6E, 0xBCF0, 0xBD51, 0xC551,
  0xC552, 0xC5B4, 0xCE15, 0xCE57, 0xD698, 0xDEB8, 0xDED9, 0xE71A,
  0xEF7B, 0xEF7C, 0xEF7C, 0xEF9C, 0xEFBD, 0xEFBD, 0xE7BD, 0xEFBE,
  0xEFBE, 0xE7BE, 0xDFBE, 0xE7BE, 0xE7DE, 0xE7DE, 0xE7DE, 0xE7BD,
  0xE79D, 0xE79C, 0xE75C, 0xDF3B, 0xE75C, 0xDF5C, 0xDF1B, 0xD6DA,
  0xCEBA, 0xBE78, 0xB5F7, 0x9D35, 0x7431, 0x530B, 0x3206, 0x2143,
  0x0861, 0x0000, 0x0000, 0x0000, 0x0000, 0x0000, 0x0000, 0x0000,
  0x0000, 0x0000, 0x0000, 0x0000, 0x0000, 0x0000, 0x0000, 0x0000,
  0x0000, 0x0000, 0x0000, 0x0000, 0x0000, 0x0000, 0x0000, 0x0000,
  0x0000, 0x0000, 0x0000, 0x0000, 0x0000, 0x0000, 0x0000, 0x0000,
  0x0000, 0x0000, 0x0000, 0x0000, 0x0000, 0x0000, 0x0000, 0x0000,
  0x0000, 0x0000, 0x0000, 0x0000, 0x0000, 0x0000, 0x0000, 0x0000,
  0x0000, 0x0000, 0x0000, 0x0000, 0x0000, 0x0000, 0x0000, 0x0000,
  0x0000, 0x0000, 0x0000, 0x0000, 0x0000, 0x0000, 0x0000, 0x0000,
  0x0000, 0x0000, 0x0000, 0x0000, 0x0000, 0x0000, 0x0000, 0x0000,
  0x0000, 0x0000, 0x0000, 0x0000, 0x0000, 0x0000, 0x0000, 0x0000,
  0x0000, 0x0000, 0x0000, 0x0000, 0x0000, 0x0000, 0x0000, 0x0000,
  0x0000, 0x0000, 0x0000, 0x0000, 0x0000, 0x0000, 0x0000, 0x0000,
  0x0000, 0x0020, 0x18E2, 0x4207, 0x636D, 0x84D3, 0xA5B6, 0xB5F7,
  0xC617, 0xC679, 0xCEDA, 0xD6FB, 0xD6FA, 0xDF1A, 0xE73B, 0xE75C,
  0xE73C, 0xE75C, 0xE77D, 0xEF5D, 0xE6B9, 0xE6B8, 0xEF7C, 0xEF7D,
  0xE6FA, 0xE678, 0xE657, 0xE657, 0xDE36, 0xDE36, 0xDE57, 0xDE57,
  0xDE57, 0xDE78, 0xDEB8, 0xDED9, 0xDE98, 0xD656, 0xD635, 0xCDD4,
  0xCD32, 0xC531, 0xCDB3, 0xCDB4, 0xC531, 0xC511, 0xC551, 0xC572,
  0xC531, 0xBD10, 0xBCF0, 0xBCCF, 0xBC8E, 0xB44D, 0xB44D, 0xB40C,
  0xABCB, 0xABAB, 0xABCB, 0xABCB, 0xA3AA, 0xA36A, 0xA329, 0x9B08,
  0x9AE8, 0x9AE8, 0x92C7, 0x92A7, 0x9286, 0x8A66, 0x8A66, 0x8A26,
  0x8A25, 0x8205, 0x81E4, 0x81C4, 0x7983, 0x7963, 0x7142, 0x7942,
  0x7963, 0x7983, 0x81A4, 0x81C4, 0x81C4, 0x81C4, 0x8A05, 0x8A25,
  0x9245, 0x9286, 0x9265, 0x9245, 0x9A86, 0x9B08, 0xA349, 0xA328,
  0x9B08, 0xA329, 0xA349, 0xABCB, 0xAC2C, 0xAC0C, 0xAC2C, 0xB42C,
  0xB42C, 0xB44C, 0xB46D, 0xBC6E, 0xBC8E, 0xBC6D, 0xBC6D, 0xBC8E,
  0xBCCF, 0xC4F1, 0xC552, 0xC5D4, 0xCE36, 0xD698, 0xD6B8, 0xDEF9,
  0xDEF9, 0xDF3A, 0xE75B, 0xEF7C, 0xEF7C, 0xEF9C, 0xEFBD, 0xEFBD,
  0xE7BD, 0xEFBD, 0xEFBE, 0xE7DE, 0xE7DE, 0xEFDE, 0xE7DE, 0xE7BE,
  0xEFBD, 0xEFBD, 0xE77C, 0xE75B, 0xE75B, 0xE75C, 0xE75C, 0xDF3C,
  0xD71B, 0xD6DA, 0xCE9A, 0xBE58, 0xB5D7, 0xA575, 0x7C71, 0x52EB,
  0x31E6, 0x2144, 0x0861, 0x0000, 0x0000, 0x0000, 0x0000, 0x0000,
  0x0000, 0x0000, 0x0000, 0x0000, 0x0000, 0x0000, 0x0000, 0x0000,
  0x0000, 0x0000, 0x0000, 0x0000, 0x0000, 0x0000, 0x0000, 0x0000,
  0x0000, 0x0000, 0x0000, 0x0000, 0x0000, 0x0000, 0x0000, 0x0000,
  0x0000, 0x0000, 0x0000, 0x0000, 0x0000, 0x0000, 0x0000, 0x0000,
  0x0000, 0x0000, 0x0000, 0x0000, 0x0000, 0x0000, 0x0000, 0x0000,
  0x0000, 0x0000, 0x0000, 0x0000, 0x0000, 0x0000, 0x0000, 0x0000,
  0x0000, 0x0000, 0x0000, 0x0000, 0x0000, 0x0000, 0x0000, 0x0000,
  0x0000, 0x0000, 0x0000, 0x0000, 0x0000, 0x0000, 0x0000, 0x0000,
  0x0000, 0x0000, 0x0000, 0x0000, 0x0000, 0x0000, 0x0000, 0x0000,
  0x0000, 0x0000, 0x0000, 0x0000, 0x0000, 0x0000, 0x0000, 0x0000,
  0x0000, 0x0000, 0x0000, 0x0000, 0x0000, 0x0000, 0x0000, 0x0000,
  0x0000, 0x0000, 0x0000, 0x0020, 0x1903, 0x3A47, 0x638D, 0x8CF3,
  0xA5D6, 0xB5F7, 0xBDF7, 0xC637, 0xD6B9, 0xDEFA, 0xDEFA, 0xDF1B,
  0xDF5C, 0xE77D, 0xE75C, 0xE73B, 0xE77C, 0xEF7D, 0xE6DA, 0xE677,
  0xE6D9, 0xEF5C, 0xE6FB, 0xE6B9, 0xE698, 0xDE57, 0xDE35, 0xDE15,
  0xDE37, 0xDE78, 0xDE98, 0xDE78, 0xDE98, 0xDEB8, 0xDE97, 0xD656,
  0xD635, 0xD615, 0xCDB4, 0xC532, 0xCD32, 0xCD73, 0xC531, 0xBCF0,
  0xC531, 0xC572, 0xC531, 0xBD10, 0xBCF0, 0xBCCF, 0xBC8E, 0xB44D,
  0xB40C, 0xABCB, 0xABCB, 0xABEC, 0xABEC, 0xABCB, 0xA3AA, 0xA36A,
  0xA328, 0x9AE8, 0x9AE8, 0x9AE8, 0x92C8, 0x92A7, 0x9287, 0x8A86,
  0x8A66, 0x8A26, 0x8A25, 0x8205, 0x81E4, 0x81A4, 0x7963, 0x7963,
  0x7142, 0x7942, 0x7963, 0x7983, 0x81A4, 0x81C4, 0x81C4, 0x81C4,
  0x89E4, 0x8A25, 0x9245, 0x9266, 0x9286, 0x9245, 0x9246, 0x9AE7,
  0xA349, 0x9B28, 0x9AE8, 0xA329, 0xA36A, 0xABCB, 0xAC0C, 0xB42C,
  0xB44D, 0xB42C, 0xB42C, 0xB46D, 0xBC8E, 0xBCAF, 0xBCAF, 0xBC8E,
  0xBC4C, 0xBC2C, 0xBC6E, 0xC4D0, 0xC593, 0xCE15, 0xD656, 0xD698,
  0xD698, 0xD6D8, 0xDF19, 0xDF5B, 0xE75B, 0xE77C, 0xEF7C, 0xEF9C,
  0xEF9D, 0xEFBD, 0xEFBD, 0xEFBD, 0xEFBE, 0xEFDE, 0xEFFF, 0xEFFF,
  0xEFDE, 0xE7BE, 0xE7BD, 0xEFBD, 0xE77C, 0xE73B, 0xE75B, 0xEF7C,
  0xE75C, 0xDF3B, 0xDF1B, 0xD6FA, 0xD6B9, 0xC638, 0xB5F7, 0xA596,
  0x7C70, 0x52EA, 0x3206, 0x2164, 0x0881, 0x0000, 0x0000, 0x0000,
  0x0000, 0x0000, 0x0000, 0x0000, 0x0000, 0x0000, 0x0000, 0x0000,
  0x0000, 0x0000, 0x0000, 0x0000, 0x0000, 0x0000, 0x0000, 0x0000,
  0x0000, 0x0000, 0x0000, 0x0000, 0x0000, 0x0000, 0x0000, 0x0000,
  0x0000, 0x0000, 0x0000, 0x0000, 0x0000, 0x0000, 0x0000, 0x0000,
  0x0000, 0x0000, 0x0000, 0x0000, 0x0000, 0x0000, 0x0000, 0x0000,
  0x0000, 0x0000, 0x0000, 0x0000, 0x0000, 0x0000, 0x0000, 0x0000,
  0x0000, 0x0000, 0x0000, 0x0000, 0x0000, 0x0000, 0x0000, 0x0000,
  0x0000, 0x0000, 0x0000, 0x0000, 0x0000, 0x0000, 0x0000, 0x0000,
  0x0000, 0x0000, 0x0000, 0x0000, 0x0000, 0x0000, 0x0000, 0x0000,
  0x0000, 0x0000, 0x0000, 0x0000, 0x0000, 0x0000, 0x0000, 0x0000,
  0x0000, 0x0000, 0x0000, 0x0000, 0x0000, 0x0000, 0x0000, 0x0000,
  0x0000, 0x0000, 0x0000, 0x0000, 0x0000, 0x0020, 0x1903, 0x3A88,
  0x6BEE, 0x94F3, 0xA596, 0xB5F7, 0xBDD6, 0xC5F6, 0xD658, 0xDEBA,
  0xDEDA, 0xDEFA, 0xDF3B, 0xDF5C, 0xE75C, 0xE77C, 0xE77C, 0xE77D,
  0xE71C, 0xDEB9, 0xDEB8, 0xEF3B, 0xEF1B, 0xE6B8, 0xDE77, 0xDE36,
  0xDE36, 0xDE36, 0xDE57, 0xDE98, 0xDE98, 0xDE98, 0xDE77, 0xD677,
  0xD697, 0xD656, 0xD656, 0xD656, 0xCDD5, 0xCD52, 0xC511, 0xC552,
  0xC532, 0xBCF1, 0xC531, 0xC572, 0xBD31, 0xBD10, 0xBCF0, 0xBCCF,
  0xBC8E, 0xB42D, 0xB3CB, 0xABCB, 0xAC0C, 0xAC0C, 0xABEC, 0xABAB,
  0xA38A, 0xA349, 0xA2E8, 0xA2C8, 0x9AE8, 0x9AE8, 0x92C8, 0x92A7,
  0x9287, 0x8A86, 0x8A66, 0x8A26, 0x8A25, 0x8205, 0x81C4, 0x8183,
  0x7963, 0x7963, 0x7142, 0x7942, 0x7963, 0x7963, 0x81A4, 0x81C4,
  0x81C4, 0x81C4, 0x89E4, 0x8A25, 0x9225, 0x9266, 0x9286, 0x9245,
  0x9246, 0x9AA7, 0xA329, 0x9B28, 0x9AE7, 0xA349, 0xAB8A, 0xAB8A,
  0xABEB, 0xB42C, 0xB44D, 0xB44D, 0xB42C, 0xB44D, 0xBC8E, 0xBCCE,
  0xBCEF, 0xBCEF, 0xBC6D, 0xBC2C, 0xBC8F, 0xC531, 0xCDB4, 0xCE15,
  0xD656, 0xD698, 0xD698, 0xD6B8, 0xDEF9, 0xDF5A, 0xDF7B, 0xE77C,
  0xE77C, 0xE79D, 0xEF9D, 0xEFBD, 0xE7BD, 0xE7BD, 0xEFBD, 0xE7BE,
  0xE7DF, 0xEFDE, 0xEFDE, 0xE7BE, 0xE7BD, 0xE79D, 0xE77D, 0xEF5C,
  0xEF5C, 0xEF5B, 0xE73B, 0xE73B, 0xDF1B, 0xDEFA, 0xD6B9, 0xC678,
  0xB5F7, 0xA575, 0x7C51, 0x530B, 0x4267, 0x31C5, 0x10A2, 0x0000,
  0x0000, 0x0000, 0x0000, 0x0000, 0x0000, 0x0000, 0x0000, 0x0000,
  0x0000, 0x0000, 0x0000, 0x0000, 0x0000, 0x0000, 0x0000, 0x0000,
  0x0000, 0x0000, 0x0000, 0x0000, 0x0000, 0x0000, 0x0000, 0x0000,
  0x0000, 0x0000, 0x0000, 0x0000, 0x0000, 0x0000, 0x0000, 0x0000,
  0x0000, 0x0000, 0x0000, 0x0000, 0x0000, 0x0000, 0x0000, 0x0000,
  0x0000, 0x0000, 0x0000, 0x0000, 0x0000, 0x0000, 0x0000, 0x0000,
  0x0000, 0x0000, 0x0000, 0x0000, 0x0000, 0x0000, 0x0000, 0x0000,
  0x0000, 0x0000, 0x0000, 0x0000, 0x0000, 0x0000, 0x0000, 0x0000,
  0x0000, 0x0000, 0x0000, 0x0000, 0x0000, 0x0000, 0x0000, 0x0000,
  0x0000, 0x0000, 0x0000, 0x0000, 0x0000, 0x0000, 0x0000, 0x0000,
  0x0000, 0x0000, 0x0000, 0x0000, 0x0000, 0x0000, 0x0000, 0x0000,
  0x0000, 0x0000, 0x0000, 0x0000, 0x0000, 0x0000, 0x0000, 0x0020,
  0x1903, 0x4AAA, 0x7410, 0x8C93, 0xA534, 0xB5F6, 0xC637, 0xCE37,
  0xD658, 0xD6B9, 0xD6BA, 0xD698, 0xDED9, 0xDEFA, 0xE73C, 0xE77C,
  0xE73B, 0xE73B, 0xEF3C, 0xE71B, 0xE6DA, 0xEF1B, 0xE71B, 0xDEB9,
  0xDE57, 0xDE57, 0xDE57, 0xDE57, 0xDE57, 0xDE77, 0xDE98, 0xDEB8,
  0xDE77, 0xD656, 0xD677, 0xD677, 0xD656, 0xD636, 0xCDF5, 0xCD73,
  0xC531, 0xCD31, 0xC552, 0xBD11, 0xBD11, 0xC551, 0xBD10, 0xBCF0,
  0xBCCF, 0xBC8E, 0xBC4D, 0xB3EC, 0xB3CB, 0xB3EC, 0xAC2C, 0xAC0C,
  0xABEB, 0xABAB, 0xA38A, 0xA329, 0xA2E8, 0xA2E8, 0x9B08, 0x9AE8,
  0x9AC7, 0x92A7, 0x9287, 0x8A86, 0x8A66, 0x8A45, 0x8225, 0x81E5,
  0x81A3, 0x7963, 0x7963, 0x7983, 0x7142, 0x7963, 0x7963, 0x7963,
  0x8183, 0x81A4, 0x81E4, 0x81E4, 0x89E4, 0x8A05, 0x9225, 0x9266,
  0x9286, 0x9286, 0x9266, 0x9A86, 0xA2E8, 0x9B08, 0x9AE7, 0xA349,
  0xABAB, 0xAB8A, 0xABAA, 0xB42C, 0xB44C, 0xB42C, 0xB40C, 0xB42C,
  0xBCAD, 0xBCEE, 0xBCEF, 0xBCEF, 0xBCCF, 0xBCAE, 0xC4F0, 0xC572,
  0xCDB3, 0xCE14, 0xD656, 0xD677, 0xD698, 0xD6B7, 0xDEB7, 0xDED8,
  0xE73A, 0xE77C, 0xE79D, 0xE79D, 0xE79D, 0xEFBD, 0xE7BD, 0xEF9D,
  0xEFBD, 0xE7BE, 0xE7BE, 0xE7BD, 0xEF9D, 0xE79C, 0xE77C, 0xE77C,
  0xE75C, 0xEF7C, 0xEF7D, 0xEF5C, 0xE73C, 0xE75C, 0xE73C, 0xDF1B,
  0xD6B9, 0xC678, 0xBE17, 0xAD96, 0x84B2, 0x5B6D, 0x4AA8, 0x4246,
  0x1923, 0x0020, 0x0000, 0x0000, 0x0000, 0x0000, 0x0000, 0x0000,
  0x0000, 0x0000, 0x0000, 0x0000, 0x0000, 0x0000, 0x0000, 0x0000,
  0x0000, 0x0000, 0x0000, 0x0000, 0x0000, 0x0000, 0x0000, 0x0000,
  0x0000, 0x0000, 0x0000, 0x0000, 0x0000, 0x0000, 0x0000, 0x0000,
  0x0000, 0x0000, 0x0000, 0x0000, 0x0000, 0x0000, 0x0000, 0x0000,
  0x0000, 0x0000, 0x0000, 0x0000, 0x0000, 0x0000, 0x0000, 0x0000,
  0x0000, 0x0000, 0x0000, 0x0000, 0x0000, 0x0000, 0x0000, 0x0000,
  0x0000, 0x0000, 0x0000, 0x0000, 0x0000, 0x0000, 0x0000, 0x0000,
  0x0000, 0x0000, 0x0000, 0x0000, 0x0000, 0x0000, 0x0000, 0x0000,
  0x0000, 0x0000, 0x0000, 0x0000, 0x0000, 0x0000, 0x0000, 0x0000,
  0x0000, 0x0000, 0x0000, 0x0000, 0x0000, 0x0000, 0x0000, 0x0000,
  0x0000, 0x0000, 0x0000, 0x0000, 0x0000, 0x0000, 0x0000, 0x0000,
  0x0000, 0x0040, 0x2123, 0x52EB, 0x8451, 0x9CF4, 0xA575, 0xB5F6,
  0xC657, 0xCE79, 0xCE79, 0xD6B9, 0xDEBA, 0xDE78, 0xDE98, 0xDED8,
  0xDEFA, 0xE71B, 0xE6D9, 0xE6DA, 0xE73B, 0xEF3B, 0xE6FA, 0xE71A,
  0xE6FA, 0xDEDA, 0xDE98, 0xDE97, 0xDE77, 0xDE36, 0xDE16, 0xDE77,
  0xDEB9, 0xDEB9, 0xDE97, 0xD636, 0xD636, 0xD657, 0xD636, 0xCE15,
  0xCDF5, 0xCD93, 0xC511, 0xC511, 0xC531, 0xC511, 0xBCF0, 0xC511,
  0xBD10, 0xBCCF, 0xBCAF, 0xBC6E, 0xB40C, 0xB40C, 0xB42D, 0xB42D,
  0xAC0C, 0xAC0C, 0xABEB, 0xABCB, 0xA38A, 0xA308, 0xA2C7, 0x9B08,
  0x9B08, 0x9AC8, 0x9AA7, 0x92A7, 0x9287, 0x8A66, 0x8A46, 0x8A46,
  0x8A05, 0x81C4, 0x8183, 0x8183, 0x79A4, 0x7983, 0x7142, 0x7963,
  0x7963, 0x7963, 0x7983, 0x81A4, 0x81E4, 0x81C4, 0x89E4, 0x8A05,
  0x9225, 0x9266, 0x9286, 0x9286, 0x9A86, 0x9A86, 0xA2C7, 0xA2C7,
  0x9AE7, 0xA349, 0xABAA, 0xAB8A, 0xAB8A, 0xB40B, 0xB44C, 0xB40C,
  0xB3EB, 0xB42C, 0xBC8D, 0xBCCE, 0xBCEF, 0xBCEF, 0xBD10, 0xBD10,
  0xC510, 0xC530, 0xC572, 0xCDB3, 0xCE15, 0xD677, 0xD677, 0xD677,
  0xD676, 0xD6B7, 0xDF19, 0xE77C, 0xE79C, 0xE79D, 0xE79D, 0xEFBD,
  0xEFBD, 0xEFBD, 0xEFBD, 0xEFBD, 0xE79D, 0xE79D, 0xE77C, 0xE75C,
  0xE75C, 0xE75C, 0xE73C, 0xE75C, 0xEF9D, 0xEF9D, 0xEF7C, 0xE75C,
  0xE75C, 0xE71B, 0xD6B9, 0xC657, 0xBDF7, 0xAD97, 0x94F4, 0x6BCF,
  0x530A, 0x4AA7, 0x2143, 0x0020, 0x0000, 0x0000, 0x0000, 0x0000,
  0x0000, 0x0000, 0x0000, 0x0000, 0x0000, 0x0000, 0x0000, 0x0000,
  0x0000, 0x0000, 0x0000, 0x0000, 0x0000, 0x0000, 0x0000, 0x0000,
  0x0000, 0x0000, 0x0000, 0x0000, 0x0000, 0x0000, 0x0000, 0x0000,
  0x0000, 0x0000, 0x0000, 0x0000, 0x0000, 0x0000, 0x0000, 0x0000,
  0x0000, 0x0000, 0x0000, 0x0000, 0x0000, 0x0000, 0x0000, 0x0000,
  0x0000, 0x0000, 0x0000, 0x0000, 0x0000, 0x0000, 0x0000, 0x0000,
  0x0000, 0x0000, 0x0000, 0x0000, 0x0000, 0x0000, 0x0000, 0x0000,
  0x0000, 0x0000, 0x0000, 0x0000, 0x0000, 0x0000, 0x0000, 0x0000,
  0x0000, 0x0000, 0x0000, 0x0000, 0x0000, 0x0000, 0x0000, 0x0000,
  0x0000, 0x0000, 0x0000, 0x0000, 0x0000, 0x0000, 0x0000, 0x0000,
  0x0000, 0x0000, 0x0000, 0x0000, 0x0000, 0x0000, 0x0000, 0x0000,
  0x0000, 0x0000, 0x0000, 0x0840, 0x2164, 0x534C, 0x8492, 0x9D15,
  0xAD96, 0xBE37, 0xC679, 0xCEBA, 0xCEB9, 0xD679, 0xDE59, 0xDE59,
  0xDEB9, 0xE73A, 0xE73B, 0xDED9, 0xDE78, 0xE6B9, 0xEF3B, 0xEF3B,
  0xE6F9, 0xDEB8, 0xDED9, 0xDEFA, 0xE6D9, 0xDE97, 0xDE77, 0xDE36,
  0xDE37, 0xDE78, 0xDE98, 0xDEB8, 0xDE98, 0xD656, 0xD616, 0xD636,
  0xD616, 0xCDF5, 0xCDF4, 0xCD93, 0xC4F0, 0xBCD0, 0xC552, 0xC531,
  0xBCD0, 0xBCF0, 0xBCF0, 0xB4AF, 0xB46E, 0xB42D, 0xB40C, 0xB42D,
  0xB44D, 0xB42D, 0xAC0C, 0xAC0C, 0xABCB, 0xABCB, 0xA38A, 0xA308,
  0xA2E8, 0x9B29, 0x9B09, 0x9AC8, 0x92A7, 0x92A7, 0x9287, 0x8A66,
  0x8A66, 0x8A46, 0x8205, 0x81A3, 0x81A3, 0x81A4, 0x79A4, 0x7983,
  0x7142, 0x7963, 0x7963, 0x7963, 0x7983, 0x81A4, 0x81E4, 0x81E4,
  0x89E4, 0x8A04, 0x8A25, 0x9266, 0x9AA6, 0x9A86, 0x9A86, 0x9A87,
  0xA2C7, 0xA2C7, 0x9AC7, 0xA348, 0xAB8A, 0xAB8A, 0xABAA, 0xABEB,
  0xB42C, 0xB44C, 0xB44D, 0xB46D, 0xBC8E, 0xBCAE, 0xBCEF, 0xBD0F,
  0xBD30, 0xBD30, 0xBD10, 0xC510, 0xC531, 0xC572, 0xCDB3, 0xCDF5,
  0xD615, 0xD635, 0xD677, 0xDED9, 0xDF1A, 0xE75B, 0xE77B, 0xE79C,
  0xE79D, 0xE79C, 0xE79C, 0xE79D, 0xEF9D, 0xEF9D, 0xE79D, 0xE79D,
  0xE79D, 0xEF9D, 0xEF9D, 0xEF7D, 0xEF5C, 0xEF5C, 0xEF7D, 0xEF9D,
  0xEF7D, 0xEF5C, 0xE73C, 0xE71B, 0xD6B9, 0xC637, 0xB5D6, 0xAD96,
  0x9D15, 0x7C10, 0x5B0A, 0x4A88, 0x2964, 0x0841, 0x0000, 0x0000,
  0x0000, 0x0000, 0x0000, 0x0000, 0x0000, 0x0000, 0x0000, 0x0000,
  0x0000, 0x0000, 0x0000, 0x0000, 0x0000, 0x0000, 0x0000, 0x0000,
  0x0000, 0x0000, 0x0000, 0x0000, 0x0000, 0x0000, 0x0000, 0x0000,
  0x0000, 0x0000, 0x0000, 0x0000, 0x0000, 0x0000, 0x0000, 0x0000,
  0x0000, 0x0000, 0x0000, 0x0000, 0x0000, 0x0000, 0x0000, 0x0000,
  0x0000, 0x0000, 0x0000, 0x0000, 0x0000, 0x0000, 0x0000, 0x0000,
  0x0000, 0x0000, 0x0000, 0x0000, 0x0000, 0x0000, 0x0000, 0x0000,
  0x0000, 0x0000, 0x0000, 0x0000, 0x0000, 0x0000, 0x0000, 0x0000,
  0x0000, 0x0000, 0x0000, 0x0000, 0x0000, 0x0000, 0x0000, 0x0000,
  0x0000, 0x0000, 0x0000, 0x0000, 0x0000, 0x0000, 0x0000, 0x0000,
  0x0000, 0x0000, 0x0000, 0x0000, 0x0000, 0x0000, 0x0000, 0x0000,
  0x0000, 0x0000, 0x0000, 0x0000, 0x0000, 0x0040, 0x29A5, 0x5B8D,
  0x7CD3, 0x9555, 0xADB6, 0xC638, 0xCE99, 0xD71A, 0xD6DA, 0xD638,
  0xD5D6, 0xDE38, 0xE699, 0xE71A, 0xE71A, 0xDEB9, 0xDE78, 0xE6B9,
  0xEF1B, 0xEF3B, 0xE6FA, 0xDEB8, 0xDEB9, 0xDEFA, 0xDED9, 0xDE97,
  0xDE77, 0xDE98, 0xDE78, 0xDE78, 0xDE98, 0xDEB8, 0xDE98, 0xD657,
  0xCE15, 0xCE15, 0xCE16, 0xCDD4, 0xCD93, 0xC552, 0xBCF0, 0xBCAF,
  0xC531, 0xC552, 0xBCF0, 0xBCAF, 0xBCAF, 0xB48E, 0xB44D, 0xB42D,
  0xB44D, 0xB46E, 0xB44D, 0xAC2C, 0xAC0C, 0xABEC, 0xABCB, 0xABCB,
  0xA369, 0xA2E8, 0xA308, 0x9B29, 0x9B09, 0x9AE8, 0x92A7, 0x92A7,
  0x9287, 0x8A66, 0x8A66, 0x8A25, 0x81C4, 0x81A3, 0x81C4, 0x81C4,
  0x79A3, 0x7983, 0x7142, 0x7943, 0x7963, 0x7963, 0x7983, 0x81A4,
  0x81E4, 0x81E4, 0x81E4, 0x8A04, 0x8A25, 0x9266, 0x9AA6, 0x9AA6,
  0x9266, 0x9A86, 0x9AA6, 0x9AA6, 0x9AC7, 0xA349, 0xA389, 0xABAA,
  0xABEB, 0xABEB, 0xAC0B, 0xB46D, 0xB4AE, 0xBCCF, 0xBCCF, 0xBCCF,
  0xBCEF, 0xBD10, 0xC530, 0xBD30, 0xBD30, 0xC571, 0xCD72, 0xCD92,
  0xCD93, 0xCDB3, 0xCDD4, 0xCDF5, 0xD657, 0xDED9, 0xDF1A, 0xDEFA,
  0xDF3A, 0xE77B, 0xE77C, 0xE77C, 0xE77C, 0xDF5B, 0xE75C, 0xEF9C,
  0xE79D, 0xE79D, 0xEF9D, 0xEF9D, 0xEF9D, 0xEF7C, 0xEF7C, 0xF77D,
  0xEF9D, 0xEF7D, 0xEF7D, 0xEF5C, 0xE73B, 0xDF1A, 0xD6B9, 0xC637,
  0xB595, 0xAD95, 0xA555, 0x8431, 0x5AEB, 0x4A47, 0x2964, 0x0861,
  0x0000, 0x0000, 0x0000, 0x0000, 0x0000, 0x0000, 0x0000, 0x0000,
  0x0000, 0x0000, 0x0000, 0x0000, 0x0000, 0x0000, 0x0000, 0x0000,
  0x0000, 0x0000, 0x0000, 0x0000, 0x0000, 0x0000, 0x0000, 0x0000,
  0x0000, 0x0000, 0x0000, 0x0000, 0x0000, 0x0000, 0x0000, 0x0000,
  0x0000, 0x0000, 0x0000, 0x0000, 0x0000, 0x0000, 0x0000, 0x0000,
  0x0000, 0x0000, 0x0000, 0x0000, 0x0000, 0x0000, 0x0000, 0x0000,
  0x0000, 0x0000, 0x0000, 0x0000, 0x0000, 0x0000, 0x0000, 0x0000,
  0x0000, 0x0000, 0x0000, 0x0000, 0x0000, 0x0000, 0x0000, 0x0000,
  0x0000, 0x0000, 0x0000, 0x0000, 0x0000, 0x0000, 0x0000, 0x0000,
  0x0000, 0x0000, 0x0000, 0x0000, 0x0000, 0x0000, 0x0000, 0x0000,
  0x0000, 0x0000, 0x0000, 0x0000, 0x0000, 0x0000, 0x0000, 0x0000,
  0x0000, 0x0000, 0x0000, 0x0000, 0x0000, 0x0000, 0x0000, 0x0861,
  0x31E7, 0x6BAE, 0x7CD2, 0x9595, 0xADF7, 0xBE38, 0xCE99, 0xD6FA,
  0xDEDA, 0xDE38, 0xD5D6, 0xE657, 0xE698, 0xDEB8, 0xDEDA, 0xE6DA,
  0xE6DA, 0xE6D9, 0xEF1B, 0xEF3C, 0xE6FB, 0xE6DA, 0xDED9, 0xDED9,
  0xDEB9, 0xDE98, 0xDE98, 0xDED9, 0xDEB9, 0xDE77, 0xDE77, 0xDE97,
  0xDE77, 0xD656, 0xCE15, 0xCDF5, 0xCDF5, 0xC593, 0xC552, 0xC551,
  0xC511, 0xC4D0, 0xC511, 0xC552, 0xBCF0, 0xBC8E, 0xBCAF, 0xBC6E,
  0xB40D, 0xB42D, 0xBC6E, 0xB46E, 0xB44D, 0xAC2C, 0xAC0C, 0xABEC,
  0xABCB, 0xA3AB, 0xA349, 0xA2E8, 0xA328, 0x9B29, 0x9B08, 0x9AE8,
  0x92A7, 0x92A7, 0x9287, 0x8A66, 0x8A46, 0x8A04, 0x81A3, 0x81A3,
  0x81A4, 0x81A4, 0x79A3, 0x7983, 0x7142, 0x7943, 0x7963, 0x7963,
  0x7983, 0x81A4, 0x81E4, 0x81E4, 0x8204, 0x8A04, 0x8A25, 0x9245,
  0x9286, 0x9AA6, 0x9286, 0x9A66, 0x9245, 0x9245, 0x9AC7, 0xAB6A,
  0xABA9, 0xABCA, 0xAC0B, 0xAC0B, 0xAC0B, 0xB48D, 0xB4CF, 0xB4CF,
  0xBCF0, 0xBD10, 0xBD10, 0xBD10, 0xC530, 0xBD2F, 0xBD0F, 0xC571,
  0xCDD3, 0xCDF4, 0xCDF4, 0xCDF5, 0xD615, 0xCE35, 0xD656, 0xDE98,
  0xDED9, 0xDED9, 0xDEF9, 0xE73A, 0xE75B, 0xE77C, 0xE75C, 0xDF3B,
  0xE73B, 0xE75B, 0xEF7C, 0xEF7C, 0xEF7C, 0xEF5C, 0xEF5C, 0xEF5C,
  0xEF5C, 0xEF7D, 0xEF9D, 0xEF9D, 0xEF7D, 0xEF5C, 0xE73A, 0xDEF9,
  0xD698, 0xC5F6, 0xB574, 0xAD95, 0xA554, 0x8430, 0x5AEB, 0x4A68,
  0x31A5, 0x1081, 0x0000, 0x0000, 0x0000, 0x0000, 0x0000, 0x0000,
  0x0000, 0x0000, 0x0000, 0x0000, 0x0000, 0x0000, 0x0000, 0x0000,
  0x0000, 0x0000, 0x0000, 0x0000, 0x0000, 0x0000, 0x0000, 0x0000,
  0x0000, 0x0000, 0x0000, 0x0000, 0x0000, 0x0000, 0x0000, 0x0000,
  0x0000, 0x0000, 0x0000, 0x0000, 0x0000, 0x0000, 0x0000, 0x0000,
  0x0000, 0x0000, 0x0000, 0x0000, 0x0000, 0x0000, 0x0000, 0x0000,
  0x0000, 0x0000, 0x0000, 0x0000, 0x0000, 0x0000, 0x0000, 0x0000,
  0x0000, 0x0000, 0x0000, 0x0000, 0x0000, 0x0000, 0x0000, 0x0000,
  0x0000, 0x0000, 0x0000, 0x0000, 0x0000, 0x0000, 0x0000, 0x0000,
  0x0000, 0x0000, 0x0000, 0x0000, 0x0000, 0x0000, 0x0000, 0x0000,
  0x0000, 0x0000, 0x0000, 0x0000, 0x0000, 0x0000, 0x0000, 0x0000,
  0x0000, 0x0000, 0x0000, 0x0000, 0x0000, 0x0000, 0x0000, 0x0000,
  0x0000, 0x18C3, 0x4A89, 0x73CF, 0x8492, 0x9596, 0xB658, 0xC679,
  0xCE99, 0xD6DA, 0xDEDA, 0xDEB9, 0xDEB9, 0xE6D9, 0xE6D9, 0xDEB9,
  0xDEDA, 0xEF1C, 0xEF1B, 0xEEFA, 0xEF1B, 0xEF3C, 0xEF1B, 0xE6DA,
  0xDEDA, 0xDED9, 0xDEB8, 0xDEB8, 0xDEB9, 0xDEB9, 0xDE98, 0xDE57,
  0xDE56, 0xDE57, 0xD656, 0xD636, 0xCE15, 0xCDD4, 0xCDB4, 0xCD93,
  0xCD73, 0xCD73, 0xCD73, 0xC511, 0xBCF0, 0xBD10, 0xBCD0, 0xBC6E,
  0xBCAF, 0xB42D, 0xB3EC, 0xB44D, 0xBC8E, 0xB46E, 0xB44D, 0xAC2C,
  0xAC0C, 0xABEC, 0xABCB, 0xA3AA, 0xA329, 0xA2E8, 0xA329, 0x9B29,
  0x9B08, 0x9AC7, 0x92A7, 0x92A7, 0x9287, 0x8A66, 0x8A25, 0x89E4,
  0x81A3, 0x81A3, 0x81A4, 0x81A3, 0x7983, 0x7983, 0x7142, 0x7963,
  0x7963, 0x7963, 0x7983, 0x81A3, 0x81C4, 0x89E4, 0x8A05, 0x8A04,
  0x8A25, 0x9245, 0x9266, 0x9AA6, 0x9AA6, 0x9A66, 0x9204, 0x9204,
  0x9A86, 0xAB69, 0xABAA, 0xABEA, 0xABEB, 0xABEB, 0xAC2C, 0xB46D,
  0xB4AF, 0xBCCF, 0xBCF0, 0xBD51, 0xBD51, 0xC531, 0xC550, 0xC550,
  0xBD0F, 0xC510, 0xC591, 0xCDD3, 0xCE15, 0xCE56, 0xD677, 0xD656,
  0xD677, 0xD698, 0xDEB8, 0xDE98, 0xDE98, 0xE6FA, 0xE75B, 0xE73B,
  0xE73B, 0xE75C, 0xE77C, 0xE75B, 0xE73A, 0xE71A, 0xE73B, 0xEF5B,
  0xEF7C, 0xEF7D, 0xEF7C, 0xEF5C, 0xEF7C, 0xF77D, 0xEF7D, 0xEF3C,
  0xEF1B, 0xE6FA, 0xDEB8, 0xCE37, 0xBDB5, 0xB574, 0xA4F3, 0x840F,
  0x630B, 0x4A68, 0x31C5, 0x10A1, 0x0000, 0x0000, 0x0000, 0x0000,
  0x0000, 0x0000, 0x0000, 0x0000, 0x0000, 0x0000, 0x0000, 0x0000,
  0x0000, 0x0000, 0x0000, 0x0000, 0x0000, 0x0000, 0x0000, 0x0000,
  0x0000, 0x0000, 0x0000, 0x0000, 0x0000, 0x0000, 0x0000, 0x0000,
  0x0000, 0x0000, 0x0000, 0x0000, 0x0000, 0x0000, 0x0000, 0x0000,
  0x0000, 0x0000, 0x0000, 0x0000, 0x0000, 0x0000, 0x0000, 0x0000,
  0x0000, 0x0000, 0x0000, 0x0000, 0x0000, 0x0000, 0x0000, 0x0000,
  0x0000, 0x0000, 0x0000, 0x0000, 0x0000, 0x0000, 0x0000, 0x0000,
  0x0000, 0x0000, 0x0000, 0x0000, 0x0000, 0x0000, 0x0000, 0x0000,
  0x0000, 0x0000, 0x0000, 0x0000, 0x0000, 0x0000, 0x0000, 0x0000,
  0x0000, 0x0000, 0x0000, 0x0000, 0x0000, 0x0000, 0x0000, 0x0000,
  0x0000, 0x0000, 0x0000, 0x0000, 0x0000, 0x0000, 0x0000, 0x0000,
  0x0000, 0x0000, 0x0020, 0x2965, 0x632C, 0x8431, 0x8CD3, 0xA596,
  0xBE59, 0xCE9A, 0xD6B9, 0xD6B9, 0xDEB9, 0xDED9, 0xDEFA, 0xE6FA,
  0xDEBA, 0xDEB9, 0xE6DA, 0xEF1C, 0xEF1B, 0xEEFB, 0xEF1B, 0xEF3B,
  0xEF3C, 0xE6FA, 0xE6D9, 0xDE98, 0xDE78, 0xDE78, 0xE698, 0xDE98,
  0xDE57, 0xDE16, 0xD616, 0xD636, 0xD636, 0xCE36, 0xCE16, 0xC5B4,
  0xC572, 0xCD73, 0xCD93, 0xCD93, 0xC593, 0xBD31, 0xBCAF, 0xBC4D,
  0xBC4E, 0xBC8F, 0xB46E, 0xB40C, 0xB40C, 0xB46E, 0xB48E, 0xB44D,
  0xB42D, 0xAC0C, 0xAC0C, 0xABEC, 0xABCB, 0xA38A, 0xA329, 0xA328,
  0xA349, 0x9B29, 0x9B08, 0x9AC8, 0x92A7, 0x92A7, 0x9287, 0x8A46,
  0x8A05, 0x89E4, 0x81C4, 0x81C4, 0x81A4, 0x8184, 0x7983, 0x7963,
  0x7142, 0x7963, 0x7963, 0x7963, 0x7983, 0x81A3, 0x81C4, 0x8A05,
  0x8A05, 0x8A04, 0x8A25, 0x9245, 0x9266, 0x9A86, 0x9AC7, 0x9A86,
  0x9204, 0x89E3, 0x9A45, 0xA2E8, 0xAB8A, 0xB3EA, 0xABCA, 0xABCB,
  0xAC2C, 0xB44D, 0xB4AE, 0xBCCF, 0xBCF0, 0xBD51, 0xBD72, 0xC571,
  0xC571, 0xC571, 0xC530, 0xBCEE, 0xBD0F, 0xC571, 0xCDD4, 0xD636,
  0xD677, 0xD676, 0xD697, 0xD6D8, 0xDED8, 0xDEB8, 0xDEB8, 0xDED9,
  0xE71A, 0xE71A, 0xDED9, 0xE6FA, 0xE75B, 0xEF7C, 0xE75B, 0xE75B,
  0xE73B, 0xEF3B, 0xEF3B, 0xEF5C, 0xEF7C, 0xEF5B, 0xEF5C, 0xF75C,
  0xEF5C, 0xEF3B, 0xEEFB, 0xE6DA, 0xDEB9, 0xD678, 0xC5F6, 0xB554,
  0xACF3, 0x8C92, 0x636D, 0x4268, 0x31C6, 0x18C2, 0x0000, 0x0000,
  0x0000, 0x0000, 0x0000, 0x0000, 0x0000, 0x0000, 0x0000, 0x0000,
  0x0000, 0x0000, 0x0000, 0x0000, 0x0000, 0x0000, 0x0000, 0x0000,
  0x0000, 0x0000, 0x0000, 0x0000, 0x0000, 0x0000, 0x0000, 0x0000,
  0x0000, 0x0000, 0x0000, 0x0000, 0x0000, 0x0000, 0x0000, 0x0000,
  0x0000, 0x0000, 0x0000, 0x0000, 0x0000, 0x0000, 0x0000, 0x0000,
  0x0000, 0x0000, 0x0000, 0x0000, 0x0000, 0x0000, 0x0000, 0x0000,
  0x0000, 0x0000, 0x0000, 0x0000, 0x0000, 0x0000, 0x0000, 0x0000,
  0x0000, 0x0000, 0x0000, 0x0000, 0x0000, 0x0000, 0x0000, 0x0000,
  0x0000, 0x0000, 0x0000, 0x0000, 0x0000, 0x0000, 0x0000, 0x0000,
  0x0000, 0x0000, 0x0000, 0x0000, 0x0000, 0x0000, 0x0000, 0x0000,
  0x0000, 0x0000, 0x0000, 0x0000, 0x0000, 0x0000, 0x0000, 0x0000,
  0x0000, 0x0000, 0x0000, 0x0000, 0x0861, 0x39C6, 0x6B8E, 0x8492,
  0x94F3, 0xAD95, 0xBE58, 0xC658, 0xCE58, 0xD678, 0xD657, 0xD678,
  0xE6FA, 0xE6FB, 0xDE99, 0xDE58, 0xE6B9, 0xEEFB, 0xEEFB, 0xEF1B,
  0xEF1B, 0xEF3B, 0xEF3B, 0xEEFA, 0xE6B9, 0xE698, 0xDE78, 0xDE78,
  0xE677, 0xDE57, 0xDE36, 0xD5F6, 0xD5F6, 0xD616, 0xCE16, 0xCE16,
  0xCE16, 0xC5D4, 0xC572, 0xCD52, 0xCD73, 0xC593, 0xC593, 0xC572,
  0xBC8F, 0xB3CC, 0xBBED, 0xBC6E, 0xB40C, 0xB40C, 0xB46E, 0xB46E,
  0xB44D, 0xB44D, 0xAC2D, 0xAC0C, 0xABEC, 0xABEC, 0xABCB, 0xA36A,
  0xA329, 0xA329, 0xA349, 0x9B29, 0x9AE8, 0x9AC7, 0x92C7, 0x92A7,
  0x9266, 0x8A25, 0x89E4, 0x89E5, 0x8205, 0x81E4, 0x81C4, 0x7983,
  0x7963, 0x7963, 0x7142, 0x7943, 0x7963, 0x7963, 0x7983, 0x81A3,
  0x81C4, 0x8204, 0x8A05, 0x8A05, 0x8A24, 0x9245, 0x9266, 0x9A86,
  0x9AA6, 0x9A86, 0x9225, 0x8A04, 0x9245, 0xA2C7, 0xAB69, 0xB3CA,
  0xB3CA, 0xABCA, 0xB42C, 0xB46D, 0xB48D, 0xBCAE, 0xBCF0, 0xBD31,
  0xBD71, 0xC571, 0xC592, 0xC592, 0xC571, 0xBD2F, 0xC50F, 0xC530,
  0xC571, 0xCDB3, 0xD614, 0xD675, 0xD697, 0xDEB8, 0xDED8, 0xDEF9,
  0xDEF9, 0xDED8, 0xDED8, 0xDEF9, 0xDEF9, 0xE6DA, 0xE71B, 0xE77C,
  0xEF7C, 0xE77B, 0xE73B, 0xEF1B, 0xEF3B, 0xEF5B, 0xEF5B, 0xEF7B,
  0xEF5C, 0xEF3B, 0xEF3B, 0xEF1B, 0xEEDA, 0xE6BA, 0xDE99, 0xD678,
  0xC5F6, 0xBD54, 0xB555, 0xA535, 0x7C30, 0x52CA, 0x39E6, 0x2103,
  0x0840, 0x0000, 0x0000, 0x0000, 0x0000, 0x0000, 0x0000, 0x0000,
  0x0000, 0x0000, 0x0000, 0x0000, 0x0000, 0x0000, 0x0000, 0x0000,
  0x0000, 0x0000, 0x0000, 0x0000, 0x0000, 0x0000, 0x0000, 0x0000,
  0x0000, 0x0000, 0x0000, 0x0000, 0x0000, 0x0000, 0x0000, 0x0000,
  0x0000, 0x0000, 0x0000, 0x0000, 0x0000, 0x0000, 0x0000, 0x0000,
  0x0000, 0x0000, 0x0000, 0x0000, 0x0000, 0x0000, 0x0000, 0x0000,
  0x0000, 0x0000, 0x0000, 0x0000, 0x0000, 0x0000, 0x0000, 0x0000,
  0x0000, 0x0000, 0x0000, 0x0000, 0x0000, 0x0000, 0x0000, 0x0000,
  0x0000, 0x0000, 0x0000, 0x0000, 0x0000, 0x0000, 0x0000, 0x0000,
  0x0000, 0x0000, 0x0000, 0x0000, 0x0000, 0x0000, 0x0000, 0x0000,
  0x0000, 0x0000, 0x0000, 0x0000, 0x0000, 0x0000, 0x0000, 0x0000,
  0x0000, 0x0000, 0x0000, 0x0000, 0x0000, 0x0000, 0x0881, 0x3A07,
  0x6B8E, 0x8471, 0x94D2, 0xAD73, 0xBE16, 0xC636, 0xCE17, 0xD678,
  0xDE58, 0xDE37, 0xDE99, 0xE6DA, 0xE699, 0xDE58, 0xE699, 0xEEFB,
  0xEEFB, 0xEF1B, 0xEF3C, 0xF75C, 0xEF3B, 0xEEFA, 0xE699, 0xE678,
  0xDE77, 0xDE57, 0xDE57, 0xDE37, 0xD616, 0xD5F5, 0xD5D5, 0xD5F5,
  0xCDF5, 0xCE16, 0xCE16, 0xCDD4, 0xC572, 0xCD52, 0xCD73, 0xC572,
  0xCD72, 0xC572, 0xBCD0, 0xBC0D, 0xB3CC, 0xBC0D, 0xB3EC, 0xB44D,
  0xB48E, 0xB46E, 0xB44D, 0xB44D, 0xAC2D, 0xABEC, 0xABEC, 0xABCB,
  0xABAB, 0xA329, 0xA308, 0xA329, 0xA349, 0x9B29, 0x9AE8, 0x9AC7,
  0x92C7, 0x9287, 0x8A25, 0x89E5, 0x89E5, 0x8A05, 0x8205, 0x81E5,
  0x81C4, 0x7983, 0x7963, 0x7963, 0x7142, 0x7942, 0x7963, 0x7963,
  0x7983, 0x81A4, 0x81C4, 0x81E4, 0x8A04, 0x8A05, 0x8A04, 0x9225,
  0x9245, 0x9266, 0x9265, 0x9245, 0x9A66, 0x9A66, 0x9AA6, 0xA308,
  0xA348, 0xABA9, 0xABAA, 0xABCA, 0xAC0C, 0xB46D, 0xB46D, 0xB48D,
  0xBCCF, 0xBD30, 0xBD51, 0xBD51, 0xC572, 0xC5B3, 0xC5B2, 0xC571,
  0xC550, 0xC550, 0xC550, 0xC551, 0xCD71, 0xD5D3, 0xD635, 0xD676,
  0xDEB8, 0xDEF9, 0xDF1A, 0xDEF9, 0xDED8, 0xDF19, 0xE73A, 0xE73B,
  0xE73B, 0xE73B, 0xEF5B, 0xEF5B, 0xEF5B, 0xEF3B, 0xEF3B, 0xEF1A,
  0xEF1A, 0xEF3B, 0xEF3B, 0xEF3B, 0xEF3B, 0xEF1B, 0xEEFB, 0xE6DB,
  0xE6DA, 0xDE99, 0xCDF6, 0xBD75, 0xB596, 0xB596, 0x9492, 0x632C,
  0x4247, 0x2944, 0x0861, 0x0000, 0x0000, 0x0000, 0x0000, 0x0000,
  0x0000, 0x0000, 0x0000, 0x0000, 0x0000, 0x0000, 0x0000, 0x0000,
  0x0000, 0x0000, 0x0000, 0x0000, 0x0000, 0x0000, 0x0000, 0x0000,
  0x0000, 0x0000, 0x0000, 0x0000, 0x0000, 0x0000, 0x0000, 0x0000,
  0x0000, 0x0000, 0x0000, 0x0000, 0x0000, 0x0000, 0x0000, 0x0000,
  0x0000, 0x0000, 0x0000, 0x0000, 0x0000, 0x0000, 0x0000, 0x0000,
  0x0000, 0x0000, 0x0000, 0x0000, 0x0000, 0x0000, 0x0000, 0x0000,
  0x0000, 0x0000, 0x0000, 0x0000, 0x0000, 0x0000, 0x0000, 0x0000,
  0x0000, 0x0000, 0x0000, 0x0000, 0x0000, 0x0000, 0x0000, 0x0000,
  0x0000, 0x0000, 0x0000, 0x0000, 0x0000, 0x0000, 0x0000, 0x0000,
  0x0000, 0x0000, 0x0000, 0x0000, 0x0000, 0x0000, 0x0000, 0x0000,
  0x0000, 0x0000, 0x0000, 0x0000, 0x0000, 0x0000, 0x0000, 0x0000,
  0x10C2, 0x4269, 0x63AE, 0x8430, 0x9CB0, 0xAD52, 0xBDD4, 0xCE16,
  0xD616, 0xDE98, 0xDEBA, 0xDE79, 0xDE57, 0xE6B9, 0xE6DA, 0xDE99,
  0xE6B9, 0xEEFB, 0xEF1B, 0xEF1B, 0xF73C, 0xF75C, 0xEF5C, 0xEEFA,
  0xE6B9, 0xE698, 0xE657, 0xDE16, 0xDE57, 0xDE57, 0xD5D5, 0xCD94,
  0xCDD5, 0xCDF5, 0xCDD4, 0xCDD4, 0xCDD4, 0xC593, 0xC532, 0xC552,
  0xCD72, 0xCD52, 0xCD31, 0xCD52, 0xC4D0, 0xBC0D, 0xB38B, 0xB3CB,
  0xBC2D, 0xBC8E, 0xB48E, 0xB46E, 0xB46E, 0xB44D, 0xAC2D, 0xABEC,
  0xABEC, 0xABCB, 0xA38A, 0xA308, 0xA2E8, 0xA349, 0xA349, 0x9B29,
  0x9AE8, 0x92C7, 0x92A7, 0x9266, 0x9205, 0x8A05, 0x8A25, 0x8A25,
  0x8205, 0x81E4, 0x81A3, 0x7983, 0x7963, 0x7963, 0x7142, 0x7942,
  0x7963, 0x7963, 0x7983, 0x81A4, 0x81C4, 0x81E4, 0x8A04, 0x8A05,
  0x8A05, 0x8A04, 0x9224, 0x9225, 0x9225, 0x9245, 0x9A86, 0x9AA6,
  0xA2C7, 0xA328, 0xA349, 0xAB69, 0xAB89, 0xABAA, 0xB40C, 0xB46D,
  0xB48D, 0xB48D, 0xBCCE, 0xBD10, 0xBD51, 0xBD51, 0xC572, 0xCDB3,
  0xCDD3, 0xC5B3, 0xC592, 0xC571, 0xC571, 0xC551, 0xC530, 0xCD30,
  0xCD72, 0xD5F4, 0xDE97, 0xDEF9, 0xE73A, 0xE73A, 0xE73A, 0xE73A,
  0xE77B, 0xE75B, 0xEF3A, 0xEF3B, 0xEF5C, 0xEF7C, 0xEF7C, 0xEF5B,
  0xEF3A, 0xEF1A, 0xEF3A, 0xEF1B, 0xEF1B, 0xEF5C, 0xEF7D, 0xEF5C,
  0xEF3C, 0xEF3C, 0xEF1B, 0xE6BA, 0xD638, 0xC5D7, 0xBDD7, 0xB5B6,
  0x9CD3, 0x6B8E, 0x4A89, 0x2984, 0x1061, 0x0000, 0x0000, 0x0000,
  0x0000, 0x0000, 0x0000, 0x0000, 0x0000, 0x0000, 0x0000, 0x0000,
  0x0000, 0x0000, 0x0000, 0x0000, 0x0000, 0x0000, 0x0000, 0x0000,
  0x0000, 0x0000, 0x0000, 0x0000, 0x0000, 0x0000, 0x0000, 0x0000,
  0x0000, 0x0000, 0x0000, 0x0000, 0x0000, 0x0000, 0x0000, 0x0000,
  0x0000, 0x0000, 0x0000, 0x0000, 0x0000, 0x0000, 0x0000, 0x0000,
  0x0000, 0x0000, 0x0000, 0x0000, 0x0000, 0x0000, 0x0000, 0x0000,
  0x0000, 0x0000, 0x0000, 0x0000, 0x0000, 0x0000, 0x0000, 0x0000,
  0x0000, 0x0000, 0x0000, 0x0000, 0x0000, 0x0000, 0x0000, 0x0000,
  0x0000, 0x0000, 0x0000, 0x0000, 0x0000, 0x0000, 0x0000, 0x0000,
  0x0000, 0x0000, 0x0000, 0x0000, 0x0000, 0x0000, 0x0000, 0x0000,
  0x0000, 0x0000, 0x0000, 0x0000, 0x0000, 0x0000, 0x0000, 0x0000,
  0x0000, 0x0020, 0x2123, 0x4AEA, 0x73EF, 0x8C50, 0x9CD1, 0xB553,
  0xBDD6, 0xC617, 0xCE16, 0xDE78, 0xE6DA, 0xE6BA, 0xDE77, 0xDE98,
  0xDEB9, 0xDE99, 0xDE99, 0xE6FA, 0xE6FB, 0xEF1B, 0xEF1B, 0xEF1C,
  0xEF3C, 0xEF1B, 0xE6FA, 0xE6D9, 0xE698, 0xDE16, 0xDE16, 0xDE16,
  0xD574, 0xCD32, 0xCDD4, 0xCE16, 0xCDD4, 0xC573, 0xC573, 0xC552,
  0xC511, 0xC511, 0xC531, 0xC531, 0xC552, 0xC531, 0xC44E, 0xBB6A,
  0xB36A, 0xB40D, 0xB48E, 0xB48E, 0xB48E, 0xB46E, 0xB46E, 0xB44D,
  0xAC0C, 0xAC0C, 0xABEC, 0xABCB, 0xA349, 0xA2E8, 0xA309, 0xA34A,
  0x9B49, 0x9B29, 0x9AE8, 0x92A7, 0x9246, 0x9225, 0x9225, 0x8A46,
  0x8A25, 0x8225, 0x8205, 0x81C4, 0x8183, 0x7983, 0x7983, 0x7963,
  0x7142, 0x7942, 0x7963, 0x7963, 0x7983, 0x81A4, 0x81C4, 0x81C4,
  0x89E4, 0x8A04, 0x8A05, 0x8A05, 0x9204, 0x9204, 0x9245, 0x9A66,
  0x9A86, 0x9A86, 0xA2A7, 0xAB29, 0xAB6A, 0xAB89, 0xA368, 0xAB68,
  0xB40B, 0xB48D, 0xB4AE, 0xB48D, 0xB4AD, 0xBD10, 0xBD51, 0xC572,
  0xC572, 0xC5B3, 0xC5D4, 0xCDF4, 0xCDD3, 0xCDD4, 0xCDB3, 0xCD92,
  0xCDB2, 0xCD92, 0xC552, 0xCD73, 0xDE16, 0xDEF8, 0xDF3A, 0xDF1A,
  0xE73A, 0xE75A, 0xE75A, 0xDF3A, 0xE73A, 0xE73B, 0xE77C, 0xEF9C,
  0xEF9C, 0xEF7C, 0xEF5C, 0xEF7D, 0xEF7D, 0xEF5C, 0xF73C, 0xEF3C,
  0xEF5C, 0xEF5C, 0xEF3C, 0xEF1B, 0xEEFB, 0xE6DA, 0xDE79, 0xCE17,
  0xC5D6, 0xBDB7, 0xA535, 0x7410, 0x52EA, 0x3185, 0x1082, 0x0000,
  0x0000, 0x0000, 0x0000, 0x0000, 0x0000, 0x0000, 0x0000, 0x0000,
  0x0000, 0x0000, 0x0000, 0x0000, 0x0000, 0x0000, 0x0000, 0x0000,
  0x0000, 0x0000, 0x0000, 0x0000, 0x0000, 0x0000, 0x0000, 0x0000,
  0x0000, 0x0000, 0x0000, 0x0000, 0x0000, 0x0000, 0x0000, 0x0000,
  0x0000, 0x0000, 0x0000, 0x0000, 0x0000, 0x0000, 0x0000, 0x0000,
  0x0000, 0x0000, 0x0000, 0x0000, 0x0000, 0x0000, 0x0000, 0x0000,
  0x0000, 0x0000, 0x0000, 0x0000, 0x0000, 0x0000, 0x0000, 0x0000,
  0x0000, 0x0000, 0x0000, 0x0000, 0x0000, 0x0000, 0x0000, 0x0000,
  0x0000, 0x0000, 0x0000, 0x0000, 0x0000, 0x0000, 0x0000, 0x0000,
  0x0000, 0x0000, 0x0000, 0x0000, 0x0000, 0x0000, 0x0000, 0x0000,
  0x0000, 0x0000, 0x0000, 0x0000, 0x0000, 0x0000, 0x0000, 0x0000,
  0x0000, 0x0000, 0x0000, 0x0861, 0x29A5, 0x530B, 0x7BCF, 0x9470,
  0xA512, 0xB595, 0xC637, 0xCE99, 0xCE57, 0xD637, 0xE699, 0xE6FA,
  0xDE99, 0xDE58, 0xDE58, 0xDE58, 0xDE58, 0xE6BA, 0xE6DA, 0xE6DA,
  0xEEDA, 0xEEFB, 0xEF3B, 0xEF1B, 0xEEFB, 0xE6FA, 0xE6D9, 0xDE77,
  0xDDD5, 0xD553, 0xD4D1, 0xD4B1, 0xD553, 0xD5F5, 0xCDD4, 0xC573,
  0xC552, 0xC573, 0xC573, 0xC511, 0xCCD0, 0xCD11, 0xCD72, 0xC4F1,
  0xBBED, 0xBB4A, 0xBBCC, 0xBC8F, 0xBCAF, 0xB48E, 0xB46E, 0xB46E,
  0xB46E, 0xB44D, 0xAC0C, 0xAC0C, 0xAC0C, 0xABAB, 0xA329, 0xA308,
  0xA349, 0xA36A, 0x9B29, 0x9B09, 0x9AE8, 0x9A66, 0x9205, 0x9205,
  0x9225, 0x8A25, 0x8A25, 0x8A05, 0x81E4, 0x81A4, 0x8183, 0x7983,
  0x7983, 0x7963, 0x7122, 0x7142, 0x7963, 0x7963, 0x7983, 0x81A4,
  0x81A4, 0x81C4, 0x81E4, 0x89E4, 0x8A04, 0x8A04, 0x89E4, 0x9204,
  0x9A45, 0x9A66, 0x9A86, 0x9A66, 0xA286, 0xAB08, 0xAB8A, 0xA3AA,
  0xA368, 0xA348, 0xABCA, 0xB46D, 0xB4AE, 0xB48D, 0xB48D, 0xBCCF,
  0xC551, 0xC572, 0xC572, 0xC5B3, 0xC5F4, 0xCE14, 0xCDF4, 0xCDF4,
  0xCDF4, 0xD5F4, 0xD615, 0xD636, 0xCE15, 0xD5B4, 0xD5B4, 0xDE56,
  0xDEB8, 0xDEF9, 0xE71A, 0xE719, 0xDF1A, 0xE73A, 0xE75C, 0xE77C,
  0xDF7C, 0xDF5B, 0xE77B, 0xEF9C, 0xEFBE, 0xF7DF, 0xEFBE, 0xEF7C,
  0xEF3C, 0xEF1B, 0xEF1B, 0xEF3C, 0xF73C, 0xEF3B, 0xEF1B, 0xE6FA,
  0xDE78, 0xCE16, 0xC5D6, 0xC5D7, 0xB5D7, 0x8CB3, 0x5B4D, 0x39E6,
  0x18E2, 0x0041, 0x0000, 0x0000, 0x0000, 0x0000, 0x0000, 0x0000,
  0x0000, 0x0000, 0x0000, 0x0000, 0x0000, 0x0000, 0x0000, 0x0000,
  0x0000, 0x0000, 0x0000, 0x0000, 0x0000, 0x0000, 0x0000, 0x0000,
  0x0000, 0x0000, 0x0000, 0x0000, 0x0000, 0x0000, 0x0000, 0x0000,
  0x0000, 0x0000, 0x0000, 0x0000, 0x0000, 0x0000, 0x0000, 0x0000,
  0x0000, 0x0000, 0x0000, 0x0000, 0x0000, 0x0000, 0x0000, 0x0000,
  0x0000, 0x0000, 0x0000, 0x0000, 0x0000, 0x0000, 0x0000, 0x0000,
  0x0000, 0x0000, 0x0000, 0x0000, 0x0000, 0x0000, 0x0000, 0x0000,
  0x0000, 0x0000, 0x0000, 0x0000, 0x0000, 0x0000, 0x0000, 0x0000,
  0x0000, 0x0000, 0x0000, 0x0000, 0x0000, 0x0000, 0x0000, 0x0000,
  0x0000, 0x0000, 0x0000, 0x0000, 0x0000, 0x0000, 0x0000, 0x0000,
  0x0000, 0x0000, 0x0000, 0x0000, 0x0000, 0x10C2, 0x3A48, 0x638D,
  0x7C0F, 0x94B0, 0xAD74, 0xBDD6, 0xC637, 0xD6B8, 0xDEB8, 0xD657,
  0xDE78, 0xE6DA, 0xE6BA, 0xDE58, 0xDE37, 0xD5F6, 0xD5F6, 0xDE79,
  0xE6BA, 0xE6DA, 0xEEDA, 0xEEFB, 0xEF1B, 0xEF1B, 0xE71B, 0xE6DA,
  0xE6D9, 0xDE98, 0xD5B4, 0xCD32, 0xCCD1, 0xCC4F, 0xCC0F, 0xCCB1,
  0xCDB4, 0xC593, 0xC4F1, 0xCD11, 0xCD93, 0xC4D0, 0xC42E, 0xCC4E,
  0xCC6F, 0xC46E, 0xC42E, 0xBBED, 0xBC2E, 0xBCCF, 0xBCAF, 0xB46E,
  0xB46E, 0xB46E, 0xB46D, 0xB44D, 0xAC0C, 0xAC0C, 0xABEC, 0xA38A,
  0xA2E8, 0xA329, 0xA36A, 0x9B6A, 0x9B29, 0x9AE8, 0x9AA7, 0x9225,
  0x9204, 0x9205, 0x8A25, 0x8A05, 0x8A05, 0x81E4, 0x81C4, 0x8183,
  0x8183, 0x7983, 0x7963, 0x7963, 0x7122, 0x7142, 0x7963, 0x7963,
  0x7963, 0x81A3, 0x81A4, 0x81A4, 0x81C4, 0x89E4, 0x89E4, 0x89E4,
  0x89C4, 0x91E4, 0x9A45, 0x9A65, 0x9A65, 0x9A86, 0x9AA7, 0xA2E8,
  0xAB69, 0xAB8A, 0xA369, 0xA327, 0xAB68, 0xB42C, 0xB48E, 0xB4AD,
  0xB48D, 0xBCCE, 0xBD10, 0xC551, 0xC572, 0xC5B3, 0xC5F4, 0xCDF4,
  0xCDF3, 0xCDF3, 0xCE14, 0xD635, 0xD677, 0xD698, 0xD697, 0xD635,
  0xCDB3, 0xD593, 0xD5F5, 0xDE56, 0xDE76, 0xDE76, 0xD657, 0xE6FA,
  0xE79D, 0xE7BD, 0xE79C, 0xDF5B, 0xE77B, 0xEFBD, 0xEFFF, 0xF7FF,
  0xEFBE, 0xEF9D, 0xEF5C, 0xEF3B, 0xEF1B, 0xF71B, 0xF73C, 0xF75C,
  0xEF3B, 0xEEFA, 0xDEB9, 0xD658, 0xC5D6, 0xBDB5, 0xBDD7, 0x9D14,
  0x6BCF, 0x4A89, 0x2964, 0x0881, 0x0000, 0x0000, 0x0000, 0x0000,
  0x0000, 0x0000, 0x0000, 0x0000, 0x0000, 0x0000, 0x0000, 0x0000,
  0x0000, 0x0000, 0x0000, 0x0000, 0x0000, 0x0000, 0x0000, 0x0000,
  0x0000, 0x0000, 0x0000, 0x0000, 0x0000, 0x0000, 0x0000, 0x0000,
  0x0000, 0x0000, 0x0000, 0x0000, 0x0000, 0x0000, 0x0000, 0x0000,
  0x0000, 0x0000, 0x0000, 0x0000, 0x0000, 0x0000, 0x0000, 0x0000,
  0x0000, 0x0000, 0x0000, 0x0000, 0x0000, 0x0000, 0x0000, 0x0000,
  0x0000, 0x0000, 0x0000, 0x0000, 0x0000, 0x0000, 0x0000, 0x0000,
  0x0000, 0x0000, 0x0000, 0x0000, 0x0000, 0x0000, 0x0000, 0x0000,
  0x0000, 0x0000, 0x0000, 0x0000, 0x0000, 0x0000, 0x0000, 0x0000,
  0x0000, 0x0000, 0x0000, 0x0000, 0x0000, 0x0000, 0x0000, 0x0000,
  0x0000, 0x0000, 0x0000, 0x0000, 0x0000, 0x0000, 0x0020, 0x2164,
  0x4AEA, 0x73F0, 0x8471, 0x9CD1, 0xB554, 0xC5D5, 0xCE16, 0xD657,
  0xDE98, 0xD678, 0xDE58, 0xDE78, 0xE699, 0xDE99, 0xDE79, 0xD617,
  0xD5B6, 0xD617, 0xDE9A, 0xE6DB, 0xEEDA, 0xEEDA, 0xEEFB, 0xEF1B,
  0xEF1B, 0xE6DA, 0xE698, 0xDE57, 0xD5D4, 0xD5B4, 0xCD53, 0xCC90,
  0xCC0E, 0xCC70, 0xCD32, 0xCD53, 0xC48F, 0xC40D, 0xC4B0, 0xCCB0,
  0xC490, 0xC46F, 0xC42E, 0xC46E, 0xC4AF, 0xBC6E, 0xBC6F, 0xBCD0,
  0xB48F, 0xB42D, 0xB42D, 0xB46E, 0xB46E, 0xB42D, 0xAC0C, 0xAC0C,
  0xABCB, 0xA309, 0x9AA7, 0xA329, 0xA36A, 0xA349, 0x9AE8, 0x9A87,
  0x9225, 0x9205, 0x9205, 0x9225, 0x8A25, 0x8A05, 0x89E4, 0x81E4,
  0x81C4, 0x8183, 0x7983, 0x7983, 0x7963, 0x7943, 0x7122, 0x7142,
  0x7963, 0x7963, 0x7963, 0x8183, 0x81A3, 0x81A3, 0x81A3, 0x81A3,
  0x89C3, 0x89E4, 0x89C4, 0x89E4, 0x9225, 0x9A65, 0x9A86, 0xA2C7,
  0xA2E8, 0x9AC7, 0xA328, 0xAB49, 0xAB49, 0xAB28, 0xAB68, 0xABAA,
  0xB44C, 0xB4AD, 0xB48D, 0xBCCE, 0xBCEF, 0xBD30, 0xC551, 0xC593,
  0xCDD3, 0xCDD4, 0xCDF4, 0xCDF3, 0xCE14, 0xD676, 0xDE97, 0xDE98,
  0xDEB8, 0xD6B7, 0xD655, 0xD5D4, 0xD5D4, 0xD5D4, 0xCDB3, 0xCD93,
  0xCD53, 0xDE78, 0xE77C, 0xE75B, 0xE73A, 0xEF9C, 0xEFDD, 0xEFDE,
  0xEFFE, 0xF7DF, 0xEFBE, 0xEF9D, 0xEF9D, 0xF77C, 0xF73C, 0xEF3B,
  0xEF3C, 0xF75C, 0xEF1B, 0xEEFB, 0xE6FA, 0xDE98, 0xCDD5, 0xBD75,
  0xB596, 0xA534, 0x8451, 0x634C, 0x4207, 0x18E2, 0x0000, 0x0000,
  0x0000, 0x0000, 0x0000, 0x0000, 0x0000, 0x0000, 0x0000, 0x0000,
  0x0000, 0x0000, 0x0000, 0x0000, 0x0000, 0x0000, 0x0000, 0x0000,
  0x0000, 0x0000, 0x0000, 0x0000, 0x0000, 0x0000, 0x0000, 0x0000,
  0x0000, 0x0000, 0x0000, 0x0000, 0x0000, 0x0000, 0x0000, 0x0000,
  0x0000, 0x0000, 0x0000, 0x0000, 0x0000, 0x0000, 0x0000, 0x0000,
  0x0000, 0x0000, 0x0000, 0x0000, 0x0000, 0x0000, 0x0000, 0x0000,
  0x0000, 0x0000, 0x0000, 0x0000, 0x0000, 0x0000, 0x0000, 0x0000,
  0x0000, 0x0000, 0x0000, 0x0000, 0x0000, 0x0000, 0x0000, 0x0000,
  0x0000, 0x0000, 0x0000, 0x0000, 0x0000, 0x0000, 0x0000, 0x0000,
  0x0000, 0x0000, 0x0000, 0x0000, 0x0000, 0x0000, 0x0000, 0x0000,
  0x0000, 0x0000, 0x0000, 0x0000, 0x0000, 0x0000, 0x0000, 0x0000,
  0x0861, 0x31E7, 0x5B4C, 0x7C0F, 0x94B2, 0xA4F4, 0xB513, 0xC5B5,
  0xCE57, 0xCE57, 0xD678, 0xDE99, 0xDE58, 0xDE37, 0xDE37, 0xDE99,
  0xD699, 0xD638, 0xD5D7, 0xD5D6, 0xDE58, 0xE6BA, 0xE6BA, 0xEEBA,
  0xEEFA, 0xEEFA, 0xEEFA, 0xE6DA, 0xE698, 0xDE37, 0xD5D5, 0xD615,
  0xCDB4, 0xCCF2, 0xCCD1, 0xCD33, 0xCCD1, 0xCCD1, 0xCCB0, 0xC42E,
  0xC42E, 0xCD11, 0xD593, 0xCD52, 0xC4F1, 0xC4D0, 0xBCAF, 0xBC6E,
  0xBC6F, 0xBCF0, 0xB48E, 0xAC0C, 0xAC0C, 0xB44D, 0xB46E, 0xB42D,
  0xAC0C, 0xABEC, 0xAB6A, 0x9AA7, 0x9A87, 0xA309, 0xA349, 0xA2E8,
  0x9A66, 0x9205, 0x9205, 0x9205, 0x9205, 0x9225, 0x8A25, 0x8A05,
  0x89E4, 0x81C4, 0x81A4, 0x8183, 0x7983, 0x7983, 0x7963, 0x7943,
  0x7122, 0x7142, 0x7962, 0x7962, 0x7963, 0x7963, 0x8183, 0x8183,
  0x8183, 0x81A3, 0x81C3, 0x89E4, 0x89E4, 0x8A04, 0x9245, 0x9A86,
  0x9AA7, 0xA2E7, 0xA308, 0xA308, 0xA308, 0xA328, 0xAB29, 0xAB6A,
  0xAB89, 0xA368, 0xABEA, 0xB44B, 0xB46D, 0xBCCE, 0xBCEF, 0xBD0F,
  0xC530, 0xC572, 0xCDB3, 0xCDF4, 0xCE14, 0xD615, 0xD615, 0xD656,
  0xDE76, 0xDEB7, 0xDED8, 0xDEF9, 0xDED8, 0xD697, 0xD656, 0xDE57,
  0xD5F6, 0xC573, 0xC511, 0xD616, 0xE71A, 0xDEB7, 0xD636, 0xEF3B,
  0xF7FF, 0xEFFE, 0xEFDD, 0xEFDE, 0xEFBD, 0xEF7D, 0xEF7C, 0xEF7C,
  0xF75C, 0xEF3C, 0xEF3C, 0xEF3B, 0xEF1B, 0xEEFB, 0xE6FB, 0xDE78,
  0xCDD6, 0xC5B6, 0xBDD6, 0xAD75, 0x94B2, 0x83EF, 0x5AA9, 0x2924,
  0x0840, 0x0000, 0x0000, 0x0000, 0x0000, 0x0000, 0x0000, 0x0000,
  0x0000, 0x0000, 0x0000, 0x0000, 0x0000, 0x0000, 0x0000, 0x0000,
  0x0000, 0x0000, 0x0000, 0x0000, 0x0000, 0x0000, 0x0000, 0x0000,
  0x0000, 0x0000, 0x0000, 0x0000, 0x0000, 0x0000, 0x0000, 0x0000,
  0x0000, 0x0000, 0x0000, 0x0000, 0x0000, 0x0000, 0x0000, 0x0000,
  0x0000, 0x0000, 0x0000, 0x0000, 0x0000, 0x0000, 0x0000, 0x0000,
  0x0000, 0x0000, 0x0000, 0x0000, 0x0000, 0x0000, 0x0000, 0x0000,
  0x0000, 0x0000, 0x0000, 0x0000, 0x0000, 0x0000, 0x0000, 0x0000,
  0x0000, 0x0000, 0x0000, 0x0000, 0x0000, 0x0000, 0x0000, 0x0000,
  0x0000, 0x0000, 0x0000, 0x0000, 0x0000, 0x0000, 0x0000, 0x0000,
  0x0000, 0x0000, 0x0000, 0x0000, 0x0000, 0x0000, 0x0000, 0x0000,
  0x0000, 0x0000, 0x18E3, 0x4A8A, 0x6B6D, 0x7BEF, 0x94D3, 0xB555,
  0xBD54, 0xC5F7, 0xCEB9, 0xCE99, 0xD699, 0xDE99, 0xDE79, 0xDE37,
  0xDDF6, 0xD637, 0xD658, 0xD637, 0xD5F7, 0xD5D6, 0xDDF7, 0xE679,
  0xE69A, 0xE6BA, 0xEEDA, 0xEEFA, 0xEEFA, 0xE6D9, 0xE698, 0xDE57,
  0xD616, 0xD616, 0xCDB4, 0xD512, 0xD512, 0xCD94, 0xC4D1, 0xCC6F,
  0xCD12, 0xD594, 0xCD32, 0xCD73, 0xCD93, 0xCD93, 0xCD93, 0xC531,
  0xBC8F, 0xBC4E, 0xBC8F, 0xBCD0, 0xB48F, 0xB42D, 0xABEC, 0xB40C,
  0xB42C, 0xAC0C, 0xABEC, 0xAB6A, 0xA2E8, 0x9A66, 0x9A87, 0xA2E8,
  0xA2C7, 0x9A46, 0x91E4, 0x9205, 0x9225, 0x9225, 0x9205, 0x9225,
  0x8A05, 0x89E4, 0x89E4, 0x81C4, 0x81A4, 0x8183, 0x7983, 0x7983,
  0x7963, 0x7963, 0x7122, 0x7122, 0x7142, 0x7942, 0x7963, 0x7963,
  0x7983, 0x81A3, 0x81A3, 0x81C3, 0x89E4, 0x89E4, 0x8A04, 0x9225,
  0x9265, 0x9AA7, 0x9AC7, 0xA2E7, 0xA328, 0xAB49, 0xA328, 0xA328,
  0xAB8A, 0xABEB, 0xABAA, 0xAB88, 0xAB88, 0xABC9, 0xB42C, 0xBCCE,
  0xBD0F, 0xBD10, 0xBD30, 0xC551, 0xC593, 0xCDF4, 0xCE35, 0xD635,
  0xD635, 0xD676, 0xD696, 0xDE97, 0xDEB8, 0xE6F9, 0xDF19, 0xD6B8,
  0xDEB8, 0xE71A, 0xE71A, 0xD657, 0xC5B4, 0xD636, 0xE6F9, 0xDE97,
  0xD5B5, 0xDE78, 0xEF5C, 0xEFDD, 0xEFBD, 0xEF9D, 0xEF7C, 0xEF5C,
  0xEF5C, 0xEF5C, 0xEF5C, 0xF75C, 0xF77C, 0xF75C, 0xF73C, 0xEF3C,
  0xEF3B, 0xE6DA, 0xD638, 0xCDF7, 0xC5D6, 0xB554, 0x9CD3, 0x8C51,
  0x632B, 0x39C5, 0x1081, 0x0000, 0x0000, 0x0000, 0x0000, 0x0000,
  0x0000, 0x0000, 0x0000, 0x0000, 0x0000, 0x0000, 0x0000, 0x0000,
  0x0000, 0x0000, 0x0000, 0x0000, 0x0000, 0x0000, 0x0000, 0x0000,
  0x0000, 0x0000, 0x0000, 0x0000, 0x0000, 0x0000, 0x0000, 0x0000,
  0x0000, 0x0000, 0x0000, 0x0000, 0x0000, 0x0000, 0x0000, 0x0000,
  0x0000, 0x0000, 0x0000, 0x0000, 0x0000, 0x0000, 0x0000, 0x0000,
  0x0000, 0x0000, 0x0000, 0x0000, 0x0000, 0x0000, 0x0000, 0x0000,
  0x0000, 0x0000, 0x0000, 0x0000, 0x0000, 0x0000, 0x0000, 0x0000,
  0x0000, 0x0000, 0x0000, 0x0000, 0x0000, 0x0000, 0x0000, 0x0000,
  0x0000, 0x0000, 0x0000, 0x0000, 0x0000, 0x0000, 0x0000, 0x0000,
  0x0000, 0x0000, 0x0000, 0x0000, 0x0000, 0x0000, 0x0000, 0x0000,
  0x0000, 0x0000, 0x0000, 0x0040, 0x31A6, 0x632B, 0x7BEE, 0x8450,
  0x9D13, 0xB5B5, 0xC5F6, 0xCE78, 0xD6BA, 0xD6BA, 0xDEDA, 0xDEDA,
  0xDEB9, 0xDE99, 0xDE59, 0xD617, 0xD637, 0xD638, 0xCE17, 0xD5D6,
  0xDDD7, 0xE679, 0xE6BA, 0xE6B9, 0xE6B9, 0xEEFA, 0xEEFA, 0xE6D9,
  0xE698, 0xDE57, 0xDE57, 0xD637, 0xD5F6, 0xD574, 0xD512, 0xD552,
  0xCCF1, 0xCCD0, 0xD553, 0xD5D5, 0xD5D4, 0xCD93, 0xCD93, 0xCD93,
  0xCD93, 0xCD52, 0xBC8F, 0xBC4E, 0xBCB0, 0xBCF0, 0xB48E, 0xB44D,
  0xB3EC, 0xB38B, 0xAB8A, 0xAB8A, 0xAB4A, 0xAAE9, 0xA287, 0xA246,
  0x9A46, 0x9A46, 0x9A25, 0x9225, 0x9225, 0x9A66, 0x9A46, 0x9246,
  0x9246, 0x9226, 0x8A05, 0x8A05, 0x8A05, 0x81E4, 0x81A4, 0x8183,
  0x7983, 0x7983, 0x7963, 0x7942, 0x7122, 0x7122, 0x7142, 0x7942,
  0x7963, 0x7963, 0x7983, 0x81A3, 0x81C4, 0x89E4, 0x8A04, 0x8A04,
  0x9225, 0x9245, 0x9266, 0x9AA7, 0x9AE8, 0xA308, 0xA328, 0xA349,
  0xA349, 0xA369, 0xABCB, 0xAC0C, 0xAC0C, 0xB3CA, 0xAB68, 0xAB69,
  0xB40B, 0xBCAE, 0xBCEF, 0xBD10, 0xBD30, 0xC551, 0xC592, 0xCDD3,
  0xCE15, 0xCE35, 0xD655, 0xD656, 0xD676, 0xD676, 0xDE97, 0xDED8,
  0xDEF8, 0xDEB7, 0xDEB8, 0xE73A, 0xEF5B, 0xE71A, 0xDEB8, 0xDE98,
  0xDE98, 0xE678, 0xDE57, 0xD636, 0xDE98, 0xEF3B, 0xEF9D, 0xEF7C,
  0xEF5C, 0xF73B, 0xF75B, 0xEF5C, 0xF75C, 0xF77D, 0xF79C, 0xF77C,
  0xF77C, 0xF77D, 0xEF3C, 0xEF1B, 0xDEB9, 0xCE38, 0xC5D6, 0xB595,
  0xAD34, 0x9492, 0x738E, 0x4248, 0x20E2, 0x0020, 0x0000, 0x0000,
  0x0000, 0x0000, 0x0000, 0x0000, 0x0000, 0x0000, 0x0000, 0x0000,
  0x0000, 0x0000, 0x0000, 0x0000, 0x0000, 0x0000, 0x0000, 0x0000,
  0x0000, 0x0000, 0x0000, 0x0000, 0x0000, 0x0000, 0x0000, 0x0000,
  0x0000, 0x0000, 0x0000, 0x0000, 0x0000, 0x0000, 0x0000, 0x0000,
  0x0000, 0x0000, 0x0000, 0x0000, 0x0000, 0x0000, 0x0000, 0x0000,
  0x0000, 0x0000, 0x0000, 0x0000, 0x0000, 0x0000, 0x0000, 0x0000,
  0x0000, 0x0000, 0x0000, 0x0000, 0x0000, 0x0000, 0x0000, 0x0000,
  0x0000, 0x0000, 0x0000, 0x0000, 0x0000, 0x0000, 0x0000, 0x0000,
  0x0000, 0x0000, 0x0000, 0x0000, 0x0000, 0x0000, 0x0000, 0x0000,
  0x0000, 0x0000, 0x0000, 0x0000, 0x0000, 0x0000, 0x0000, 0x0000,
  0x0000, 0x0000, 0x0000, 0x0000, 0x0000, 0x10C2, 0x4AAA, 0x73AE,
  0x7C0F, 0x94B2, 0xADB5, 0xBDF6, 0xC658, 0xD699, 0xD6BA, 0xDEDA,
  0xE6FA, 0xDEDA, 0xDEBA, 0xDEBA, 0xDE99, 0xD617, 0xD5F7, 0xD617,
  0xD617, 0xD5D7, 0xDDF7, 0xDE79, 0xE6FB, 0xE6BA, 0xE699, 0xEEFA,
  0xEF1A, 0xE6DA, 0xE698, 0xDE78, 0xDE78, 0xD657, 0xD637, 0xD5D5,
  0xD533, 0xD553, 0xD553, 0xD553, 0xD553, 0xD593, 0xD593, 0xCD93,
  0xCD93, 0xCDB3, 0xCDB3, 0xC552, 0xBC4E, 0xBBEC, 0xBC4E, 0xBC6E,
  0xB44D, 0xB3EB, 0xAB6A, 0xAB29, 0xAB08, 0xA2C7, 0xA2C8, 0xA287,
  0x9A46, 0x9A25, 0x9A25, 0x9A46, 0x9A87, 0x9AA7, 0x9A87, 0x9A87,
  0x9266, 0x9266, 0x9286, 0x9246, 0x8A25, 0x8A25, 0x8205, 0x81E4,
  0x81A4, 0x8183, 0x79A3, 0x7983, 0x7963, 0x7942, 0x7122, 0x7122,
  0x7142, 0x7942, 0x7963, 0x7983, 0x7983, 0x81C4, 0x81E4, 0x89E4,
  0x8A04, 0x8A05, 0x9225, 0x9265, 0x9266, 0x9AA7, 0x9AE8, 0x9B28,
  0xA349, 0xA349, 0xA349, 0xAB8A, 0xABCB, 0xAC0B, 0xAC4C, 0xB42C,
  0xB3AA, 0xB38A, 0xB40B, 0xBCAD, 0xBCCE, 0xBCEF, 0xBD30, 0xC571,
  0xC592, 0xC5B3, 0xC5F4, 0xCE14, 0xCE35, 0xCE35, 0xD655, 0xD675,
  0xD696, 0xDE97, 0xDE76, 0xDE55, 0xDE76, 0xE6D9, 0xE73A, 0xEF3B,
  0xE71A, 0xDED8, 0xDE76, 0xDE97, 0xE71A, 0xDED9, 0xDE99, 0xE6FA,
  0xEF5C, 0xEF5B, 0xEF5B, 0xEF3B, 0xEF3B, 0xF75C, 0xF75C, 0xF77C,
  0xF77C, 0xF77D, 0xF77D, 0xF79D, 0xEF5C, 0xEF1B, 0xE6DA, 0xD678,
  0xC5F7, 0xBDD6, 0xAD74, 0xA513, 0x8C51, 0x632C, 0x31C5, 0x0881,
  0x0000, 0x0000, 0x0000, 0x0000, 0x0000, 0x0000, 0x0000, 0x0000,
  0x0000, 0x0000, 0x0000, 0x0000, 0x0000, 0x0000, 0x0000, 0x0000,
  0x0000, 0x0000, 0x0000, 0x0000, 0x0000, 0x0000, 0x0000, 0x0000,
  0x0000, 0x0000, 0x0000, 0x0000, 0x0000, 0x0000, 0x0000, 0x0000,
  0x0000, 0x0000, 0x0000, 0x0000, 0x0000, 0x0000, 0x0000, 0x0000,
  0x0000, 0x0000, 0x0000, 0x0000, 0x0000, 0x0000, 0x0000, 0x0000,
  0x0000, 0x0000, 0x0000, 0x0000, 0x0000, 0x0000, 0x0000, 0x0000,
  0x0000, 0x0000, 0x0000, 0x0000, 0x0000, 0x0000, 0x0000, 0x0000,
  0x0000, 0x0000, 0x0000, 0x0000, 0x0000, 0x0000, 0x0000, 0x0000,
  0x0000, 0x0000, 0x0000, 0x0000, 0x0000, 0x0000, 0x0000, 0x0000,
  0x0000, 0x0000, 0x0000, 0x0000, 0x0000, 0x0000, 0x0861, 0x31C6,
  0x636D, 0x7BEF, 0x8411, 0x9CD3, 0xBDD6, 0xC658, 0xCE58, 0xD679,
  0xDEBA, 0xDEDA, 0xDEDA, 0xDE9A, 0xDEBA, 0xDEBA, 0xD699, 0xD618,
  0xD5F7, 0xD618, 0xD5F7, 0xD5F7, 0xDE18, 0xDE79, 0xE6DA, 0xE6DA,
  0xEE99, 0xEEDA, 0xEF1A, 0xE6FA, 0xE698, 0xDE57, 0xDE57, 0xD657,
  0xD637, 0xCDD5, 0xCD74, 0xCD73, 0xD5B4, 0xD5B4, 0xD573, 0xD552,
  0xCD32, 0xCD32, 0xCD52, 0xCD72, 0xC551, 0xC4CF, 0xBBEB, 0xB38A,
  0xB3AB, 0xB3CB, 0xB3CB, 0xAB6A, 0xAB09, 0xAB09, 0xAB29, 0xAAE8,
  0xA2A7, 0x9A66, 0x9A26, 0x9A46, 0x9A66, 0x9AC7, 0xA308, 0xA2E8,
  0x9AA7, 0x9266, 0x9246, 0x9266, 0x9286, 0x8A66, 0x8A25, 0x8A25,
  0x8205, 0x81E4, 0x81A3, 0x81A4, 0x79A3, 0x7983, 0x7963, 0x7942,
  0x7122, 0x7122, 0x7142, 0x7942, 0x7963, 0x7983, 0x7983, 0x81C4,
  0x81E4, 0x8A04, 0x8A05, 0x8A25, 0x9245, 0x9265, 0x9286, 0x9AA6,
  0x9AE7, 0x9B28, 0xA349, 0xA369, 0xA369, 0xAB8A, 0xABCA, 0xABEB,
  0xAC2C, 0xB44C, 0xB40B, 0xB3CA, 0xB3EB, 0xB46D, 0xBCCE, 0xBCEF,
  0xBD30, 0xC551, 0xC572, 0xC592, 0xC5B3, 0xCDD3, 0xCE14, 0xCE34,
  0xCE55, 0xD655, 0xD676, 0xD655, 0xDE35, 0xDE55, 0xDE56, 0xDE97,
  0xE6F9, 0xE719, 0xE719, 0xE6D8, 0xDE97, 0xDEB7, 0xEF19, 0xEF3A,
  0xE71A, 0xE71A, 0xEF5B, 0xEF5B, 0xEF5B, 0xEF5B, 0xEF3B, 0xF75B,
  0xF73B, 0xEF3B, 0xF75C, 0xF79D, 0xF79D, 0xF79D, 0xEF7C, 0xE73B,
  0xE6D9, 0xDE58, 0xCE17, 0xBDB6, 0xB5B5, 0xB595, 0xA514, 0x8410,
  0x52CA, 0x2123, 0x0020, 0x0000, 0x0000, 0x0000, 0x0000, 0x0000,
  0x0000, 0x0000, 0x0000, 0x0000, 0x0000, 0x0000, 0x0000, 0x0000,
  0x0000, 0x0000, 0x0000, 0x0000, 0x0000, 0x0000, 0x0000, 0x0000,
  0x0000, 0x0000, 0x0000, 0x0000, 0x0000, 0x0000, 0x0000, 0x0000,
  0x0000, 0x0000, 0x0000, 0x0000, 0x0000, 0x0000, 0x0000, 0x0000,
  0x0000, 0x0000, 0x0000, 0x0000, 0x0000, 0x0000, 0x0000, 0x0000,
  0x0000, 0x0000, 0x0000, 0x0000, 0x0000, 0x0000, 0x0000, 0x0000,
  0x0000, 0x0000, 0x0000, 0x0000, 0x0000, 0x0000, 0x0000, 0x0000,
  0x0000, 0x0000, 0x0000, 0x0000, 0x0000, 0x0000, 0x0000, 0x0000,
  0x0000, 0x0000, 0x0000, 0x0000, 0x0000, 0x0000, 0x0000, 0x0000,
  0x0000, 0x0000, 0x0000, 0x0000, 0x0000, 0x0000, 0x0000, 0x0000,
  0x1923, 0x4ACA, 0x6B8E, 0x8410, 0x9451, 0xA4B2, 0xB594, 0xCE99,
  0xCE99, 0xD699, 0xDEBA, 0xDEBA, 0xDE9A, 0xDE9A, 0xDEBA, 0xDEBA,
  0xD679, 0xD638, 0xD618, 0xD618, 0xD618, 0xD5F7, 0xDDF7, 0xDE58,
  0xDEBA, 0xE6DA, 0xEEB9, 0xEEB9, 0xEEFA, 0xEEFA, 0xE698, 0xDE36,
  0xDE36, 0xD637, 0xD616, 0xCDD5, 0xCDB4, 0xCD73, 0xD5B4, 0xD5D4,
  0xD5B4, 0xD573, 0xCD52, 0xCD11, 0xCCF1, 0xC4F0, 0xC4AE, 0xBC0C,
  0xBBCB, 0xB3AB, 0xB38A, 0xB38A, 0xB38A, 0xB38B, 0xAB4A, 0xAB4A,
  0xAB8B, 0xAB6B, 0xA2C8, 0x9A26, 0x9A46, 0x9AA8, 0xA2E8, 0xA329,
  0x9B29, 0x9AE8, 0x9A87, 0x9266, 0x9246, 0x9266, 0x8A66, 0x8A46,
  0x8A25, 0x8A25, 0x8205, 0x81C4, 0x81A3, 0x79A4, 0x79A3, 0x7983,
  0x7963, 0x7942, 0x7122, 0x7122, 0x7142, 0x7942, 0x7963, 0x7963,
  0x7983, 0x81C4, 0x81E4, 0x8204, 0x8A25, 0x8A25, 0x9245, 0x9286,
  0x92A6, 0x9AC7, 0x9AE7, 0x9B28, 0xA369, 0xA369, 0xA389, 0xA38A,
  0xABAA, 0xABEB, 0xABEB, 0xB40B, 0xB40B, 0xB3EB, 0xB3EB, 0xB44C,
  0xB4AD, 0xBCCE, 0xBCEF, 0xC530, 0xC551, 0xC572, 0xC592, 0xCDB2,
  0xCDF3, 0xCE14, 0xD634, 0xD635, 0xD634, 0xD615, 0xDE56, 0xDE97,
  0xDE97, 0xDE96, 0xE6B7, 0xE6F8, 0xE6F9, 0xE6F9, 0xDEF8, 0xDED8,
  0xE6D8, 0xEEF9, 0xEF19, 0xE719, 0xE739, 0xEF5A, 0xEF5B, 0xEF5B,
  0xEF5B, 0xF75C, 0xEF3B, 0xEF1A, 0xF73C, 0xF77C, 0xF77C, 0xF77D,
  0xEF7C, 0xEF3B, 0xE6B9, 0xDE58, 0xD5F7, 0xC595, 0xBDB5, 0xBDF7,
  0xB596, 0x9492, 0x6B8E, 0x4208, 0x10A2, 0x0000, 0x0000, 0x0000,
  0x0000, 0x0000, 0x0000, 0x0000, 0x0000, 0x0000, 0x0000, 0x0000,
  0x0000, 0x0000, 0x0000, 0x0000, 0x0000, 0x0000, 0x0000, 0x0000,
  0x0000, 0x0000, 0x0000, 0x0000, 0x0000, 0x0000, 0x0000, 0x0000,
  0x0000, 0x0000, 0x0000, 0x0000, 0x0000, 0x0000, 0x0000, 0x0000,
  0x0000, 0x0000, 0x0000, 0x0000, 0x0000, 0x0000, 0x0000, 0x0000,
  0x0000, 0x0000, 0x0000, 0x0000, 0x0000, 0x0000, 0x0000, 0x0000,
  0x0000, 0x0000, 0x0000, 0x0000, 0x0000, 0x0000, 0x0000, 0x0000,
  0x0000, 0x0000, 0x0000, 0x0000, 0x0000, 0x0000, 0x0000, 0x0000,
  0x0000, 0x0000, 0x0000, 0x0000, 0x0000, 0x0000, 0x0000, 0x0000,
  0x0000, 0x0000, 0x0000, 0x0000, 0x0000, 0x0000, 0x0000, 0x0000,
  0x0000, 0x0881, 0x3207, 0x636D, 0x73CE, 0x8C72, 0xA4F3, 0xA4D2,
  0xAD33, 0xCE57, 0xD6DA, 0xD6FA, 0xDEDA, 0xDEBA, 0xE6BA, 0xDEBA,
  0xDEBA, 0xDE99, 0xDE58, 0xD617, 0xD5F7, 0xDE59, 0xDE79, 0xDE38,
  0xD5D7, 0xDE17, 0xDE99, 0xE6BA, 0xE6B9, 0xEEB9, 0xEEFA, 0xE6FA,
  0xE678, 0xDE17, 0xDE16, 0xD616, 0xD616, 0xD5F5, 0xD5B5, 0xCD73,
  0xD573, 0xD5B4, 0xD5B4, 0xD5B4, 0xD593, 0xCD52, 0xC531, 0xC4CF,
  0xBC2D, 0xBBCC, 0xBC0D, 0xBC0D, 0xB3AB, 0xB3AB, 0xB3CC, 0xB40C,
  0xB3EC, 0xABAB, 0xABAB, 0xAB4A, 0x9A87, 0x9A25, 0xA2A7, 0xA329,
  0xA309, 0x9B08, 0x9B08, 0x9AE8, 0x9A87, 0x9266, 0x9266, 0x9266,
  0x8A66, 0x8A46, 0x8A25, 0x8225, 0x81E5, 0x81C4, 0x81C4, 0x79A4,
  0x79A3, 0x7983, 0x7963, 0x7142, 0x7122, 0x7122, 0x7142, 0x7142,
  0x7963, 0x7963, 0x7983, 0x81A3, 0x81E4, 0x89E5, 0x8A25, 0x8A45,
  0x9265, 0x9286, 0x92A7, 0x9AC7, 0x9AE8, 0x9B28, 0xA349, 0xA369,
  0xA38A, 0xA3AA, 0xABAA, 0xABCA, 0xABEA, 0xB3EB, 0xB3EB, 0xB3CB,
  0xB3EB, 0xBC4C, 0xB48D, 0xBCAE, 0xBCCE, 0xBD0F, 0xC530, 0xC551,
  0xC591, 0xC5B2, 0xCDD2, 0xCDD2, 0xD5F3, 0xD5F3, 0xD5F4, 0xD636,
  0xD697, 0xDE97, 0xDE96, 0xDE97, 0xDEB7, 0xDEF9, 0xE719, 0xE71A,
  0xDEF9, 0xDEF8, 0xDEF9, 0xE6D8, 0xE6D7, 0xEED7, 0xEED8, 0xEED8,
  0xEEF9, 0xEF1A, 0xEF3B, 0xEF3B, 0xEF3B, 0xEF1A, 0xEEFA, 0xEF1B,
  0xEF5C, 0xEF5C, 0xEF3B, 0xEEFA, 0xE6BA, 0xDE78, 0xD617, 0xCDB5,
  0xC554, 0xBD55, 0xBD75, 0xA4F3, 0x7C30, 0x632D, 0x31A6, 0x0840,
  0x0000, 0x0000, 0x0000, 0x0000, 0x0000, 0x0000, 0x0000, 0x0000,
  0x0000, 0x0000, 0x0000, 0x0000, 0x0000, 0x0000, 0x0000, 0x0000,
  0x0000, 0x0000, 0x0000, 0x0000, 0x0000, 0x0000, 0x0000, 0x0000,
  0x0000, 0x0000, 0x0000, 0x0000, 0x0000, 0x0000, 0x0000, 0x0000,
  0x0000, 0x0000, 0x0000, 0x0000, 0x0000, 0x0000, 0x0000, 0x0000,
  0x0000, 0x0000, 0x0000, 0x0000, 0x0000, 0x0000, 0x0000, 0x0000,
  0x0000, 0x0000, 0x0000, 0x0000, 0x0000, 0x0000, 0x0000, 0x0000,
  0x0000, 0x0000, 0x0000, 0x0000, 0x0000, 0x0000, 0x0000, 0x0000,
  0x0000, 0x0000, 0x0000, 0x0000, 0x0000, 0x0000, 0x0000, 0x0000,
  0x0000, 0x0000, 0x0000, 0x0000, 0x0000, 0x0000, 0x0000, 0x0000,
  0x0000, 0x0000, 0x0020, 0x2964, 0x5B0B, 0x73CE, 0x8451, 0x9514,
  0xA595, 0xB595, 0xBD75, 0xC595, 0xD658, 0xE6FB, 0xE71B, 0xDEDA,
  0xDEBA, 0xDEDA, 0xDE9A, 0xDE58, 0xDE17, 0xD5D6, 0xDE18, 0xE679,
  0xDE99, 0xDE58, 0xDDF7, 0xDDF7, 0xDE38, 0xDE79, 0xE679, 0xE699,
  0xE6B9, 0xE6D9, 0xE678, 0xDE16, 0xDDF6, 0xDE16, 0xD5F5, 0xD5D5,
  0xCDD5, 0xD594, 0xCD53, 0xCD52, 0xD5B3, 0xD5D4, 0xCD93, 0xCD52,
  0xCD52, 0xC4F0, 0xBC2D, 0xBC0D, 0xBC4E, 0xBBEC, 0xB36A, 0xB3AB,
  0xB40C, 0xB44D, 0xAC0C, 0xABCB, 0xAB8A, 0xA309, 0x9A26, 0x9A46,
  0xA309, 0xA329, 0xA309, 0x9B08, 0x9AE8, 0x9AC7, 0x9A87, 0x9266,
  0x9266, 0x9286, 0x8A66, 0x8A46, 0x8A25, 0x8205, 0x81C4, 0x81C4,
  0x81C4, 0x79A4, 0x7983, 0x7983, 0x7963, 0x7142, 0x7122, 0x7122,
  0x7142, 0x7142, 0x7142, 0x7963, 0x7983, 0x79A3, 0x81C4, 0x89E4,
  0x8A25, 0x8A25, 0x9265, 0x9286, 0x92A7, 0x9AC7, 0x9B08, 0x9B28,
  0x9B49, 0xA349, 0xA389, 0xA3AA, 0xABAA, 0xABCA, 0xABEA, 0xB3EB,
  0xABAA, 0xB38A, 0xB3CB, 0xBC2C, 0xBC6C, 0xBC8D, 0xBCAE, 0xBCCF,
  0xBD0F, 0xC530, 0xC530, 0xC551, 0xCD91, 0xCD92, 0xD5B2, 0xD5F4,
  0xD615, 0xD656, 0xD676, 0xDE97, 0xDE97, 0xDE96, 0xDEB7, 0xDED8,
  0xDEF8, 0xE6F8, 0xDEF9, 0xDEF8, 0xE719, 0xE6F8, 0xE6D8, 0xEEF9,
  0xEF1A, 0xEF19, 0xEF1A, 0xEF3A, 0xEF3B, 0xEF3B, 0xEF3A, 0xEF1A,
  0xEEFA, 0xEEFA, 0xEF1B, 0xEF3B, 0xEF3B, 0xEF1A, 0xE6FA, 0xDE99,
  0xD637, 0xCDD6, 0xC575, 0xBD34, 0xBD34, 0xAD54, 0x94D3, 0x7C31,
  0x52CB, 0x2123, 0x0000, 0x0000, 0x0000, 0x0000, 0x0000, 0x0000,
  0x0000, 0x0000, 0x0000, 0x0000, 0x0000, 0x0000, 0x0000, 0x0000,
  0x0000, 0x0000, 0x0000, 0x0000, 0x0000, 0x0000, 0x0000, 0x0000,
  0x0000, 0x0000, 0x0000, 0x0000, 0x0000, 0x0000, 0x0000, 0x0000,
  0x0000, 0x0000, 0x0000, 0x0000, 0x0000, 0x0000, 0x0000, 0x0000,
  0x0000, 0x0000, 0x0000, 0x0000, 0x0000, 0x0000, 0x0000, 0x0000,
  0x0000, 0x0000, 0x0000, 0x0000, 0x0000, 0x0000, 0x0000, 0x0000,
  0x0000, 0x0000, 0x0000, 0x0000, 0x0000, 0x0000, 0x0000, 0x0000,
  0x0000, 0x0000, 0x0000, 0x0000, 0x0000, 0x0000, 0x0000, 0x0000,
  0x0000, 0x0000, 0x0000, 0x0000, 0x0000, 0x0000, 0x0000, 0x0000,
  0x0000, 0x0000, 0x0000, 0x0000, 0x10C2, 0x4268, 0x6B8D, 0x83EF,
  0x9492, 0xA555, 0xB5F7, 0xC618, 0xCE18, 0xCDF7, 0xD5D7, 0xDE59,
  0xE6FB, 0xE6FB, 0xE6DA, 0xDE79, 0xD617, 0xD5D6, 0xDDF7, 0xDE18,
  0xE658, 0xE699, 0xE699, 0xDE58, 0xDDF7, 0xDDD6, 0xDE17, 0xDE38,
  0xDE37, 0xDE57, 0xE6B9, 0xE6B9, 0xE637, 0xDDD5, 0xD5B5, 0xD5F5,
  0xD5F5, 0xD5D4, 0xCDB4, 0xD594, 0xCD53, 0xCD52, 0xD572, 0xCD93,
  0xCD73, 0xCD52, 0xCD72, 0xC4F0, 0xBC2D, 0xBC2D, 0xBC4E, 0xB40C,
  0xB38A, 0xB36A, 0xB3CC, 0xB44D, 0xAC2C, 0xAB8A, 0xAB09, 0xA2A7,
  0x9A46, 0xA2A8, 0xA349, 0xA349, 0xA329, 0x9B08, 0x9AC7, 0x9A87,
  0x9A86, 0x9246, 0x9266, 0x9266, 0x8A66, 0x8A46, 0x8A25, 0x81E5,
  0x81C4, 0x81C4, 0x81C4, 0x79A3, 0x7983, 0x7963, 0x7163, 0x7142,
  0x7122, 0x7122, 0x7142, 0x7142, 0x7142, 0x7963, 0x7983, 0x79A3,
  0x81C4, 0x81E4, 0x8A05, 0x8A25, 0x9245, 0x9266, 0x9286, 0x9AA7,
  0x9AE7, 0x9B08, 0x9B28, 0xA328, 0xA349, 0xA389, 0xAB8A, 0xAB8A,
  0xABAA, 0xABA9, 0xAB69, 0xAB69, 0xB3AA, 0xB3CB, 0xB3EB, 0xBC0C,
  0xBC4D, 0xBC8D, 0xBCAE, 0xBCCF, 0xC4EF, 0xC530, 0xCD91, 0xCDB3,
  0xD5F4, 0xD635, 0xD655, 0xD655, 0xD655, 0xDE76, 0xDE76, 0xDE76,
  0xDE96, 0xDEB7, 0xDED8, 0xDED8, 0xDED8, 0xDED8, 0xE6D9, 0xE719,
  0xE719, 0xE73A, 0xEF5B, 0xEF5B, 0xEF5B, 0xEF5B, 0xEF5C, 0xEF5B,
  0xEF3A, 0xEF3A, 0xEF3A, 0xEF1B, 0xEF3B, 0xEF3C, 0xEF5B, 0xEF3B,
  0xE71A, 0xDEB9, 0xD658, 0xCDF6, 0xC596, 0xBD55, 0xB555, 0xB596,
  0xA535, 0x9492, 0x7BAF, 0x4A49, 0x10A2, 0x0000, 0x0000, 0x0000,
  0x0000, 0x0000, 0x0000, 0x0000, 0x0000, 0x0000, 0x0000, 0x0000,
  0x0000, 0x0000, 0x0000, 0x0000, 0x0000, 0x0000, 0x0000, 0x0000,
  0x0000, 0x0000, 0x0000, 0x0000, 0x0000, 0x0000, 0x0000, 0x0000,
  0x0000, 0x0000, 0x0000, 0x0000, 0x0000, 0x0000, 0x0000, 0x0000,
  0x0000, 0x0000, 0x0000, 0x0000, 0x0000, 0x0000, 0x0000, 0x0000,
  0x0000, 0x0000, 0x0000, 0x0000, 0x0000, 0x0000, 0x0000, 0x0000,
  0x0000, 0x0000, 0x0000, 0x0000, 0x0000, 0x0000, 0x0000, 0x0000,
  0x0000, 0x0000, 0x0000, 0x0000, 0x0000, 0x0000, 0x0000, 0x0000,
  0x0000, 0x0000, 0x0000, 0x0000, 0x0000, 0x0000, 0x0000, 0x0000,
  0x0000, 0x0000, 0x0000, 0x0000, 0x0000, 0x0861, 0x31C5, 0x5B0B,
  0x73AE, 0x8410, 0xA4D4, 0xB596, 0xBE18, 0xC639, 0xCE59, 0xD69A,
  0xDE79, 0xDE79, 0xE69A, 0xE6DB, 0xE6BA, 0xDE18, 0xD595, 0xD5B6,
  0xDE18, 0xE679, 0xE699, 0xE679, 0xE679, 0xE659, 0xDE38, 0xDDD7,
  0xDDF7, 0xDE37, 0xDE37, 0xE616, 0xE678, 0xDE78, 0xDE37, 0xDDF6,
  0xD5B4, 0xD594, 0xD5B4, 0xD5B4, 0xCD73, 0xCD53, 0xCD53, 0xD573,
  0xD573, 0xCD32, 0xCD72, 0xCD52, 0xCD52, 0xC4CF, 0xBC2D, 0xBC4E,
  0xB44D, 0xB3EB, 0xB38A, 0xAB29, 0xAB6A, 0xB40C, 0xB3EC, 0xAB29,
  0xA287, 0x9A66, 0xA287, 0xA309, 0xA349, 0xA349, 0x9B29, 0x9AE8,
  0x92A7, 0x9286, 0x9A86, 0x9245, 0x9246, 0x9246, 0x8A46, 0x8A25,
  0x8A05, 0x81E4, 0x81C4, 0x81C4, 0x81C4, 0x79A3, 0x7983, 0x7963,
  0x7143, 0x7142, 0x7122, 0x7122, 0x7142, 0x7142, 0x7942, 0x7963,
  0x7983, 0x79A3, 0x81C4, 0x81E4, 0x8A04, 0x8A25, 0x8A45, 0x9245,
  0x9265, 0x9A86, 0x9AA7, 0x9AE7, 0xA308, 0xA308, 0xA328, 0xAB69,
  0xAB69, 0xAB69, 0xAB69, 0xAB48, 0xAB28, 0xB38A, 0xB3AA, 0xAB69,
  0xB36A, 0xBBCB, 0xBC0C, 0xB42C, 0xBC6D, 0xBCCF, 0xC510, 0xC551,
  0xCD92, 0xCDF3, 0xD614, 0xD635, 0xD655, 0xD635, 0xD635, 0xD655,
  0xD676, 0xD676, 0xDE96, 0xDEB7, 0xDEB8, 0xDED8, 0xDED8, 0xDED8,
  0xDED9, 0xE6F9, 0xE719, 0xE719, 0xE719, 0xE75A, 0xE75B, 0xEF5B,
  0xEF7B, 0xE75B, 0xEF5B, 0xEF5B, 0xEF5C, 0xEF5B, 0xEF3B, 0xEF3B,
  0xEF3B, 0xEF1A, 0xE6FA, 0xE6DA, 0xDE99, 0xCE17, 0xC5D6, 0xBD95,
  0xBD95, 0xBDB7, 0xB576, 0x9C92, 0x8C31, 0x736F, 0x39E7, 0x0840,
  0x0000, 0x0000, 0x0000, 0x0000, 0x0000, 0x0000, 0x0000, 0x0000,
  0x0000, 0x0000, 0x0000, 0x0000, 0x0000, 0x0000, 0x0000, 0x0000,
  0x0000, 0x0000, 0x0000, 0x0000, 0x0000, 0x0000, 0x0000, 0x0000,
  0x0000, 0x0000, 0x0000, 0x0000, 0x0000, 0x0000, 0x0000, 0x0000,
  0x0000, 0x0000, 0x0000, 0x0000, 0x0000, 0x0000, 0x0000, 0x0000,
  0x0000, 0x0000, 0x0000, 0x0000, 0x0000, 0x0000, 0x0000, 0x0000,
  0x0000, 0x0000, 0x0000, 0x0000, 0x0000, 0x0000, 0x0000, 0x0000,
  0x0000, 0x0000, 0x0000, 0x0000, 0x0000, 0x0000, 0x0000, 0x0000,
  0x0000, 0x0000, 0x0000, 0x0000, 0x0000, 0x0000, 0x0000, 0x0000,
  0x0000, 0x0000, 0x0000, 0x0000, 0x0000, 0x0000, 0x0000, 0x2124,
  0x52AA, 0x6B8D, 0x7C0F, 0x8C92, 0xAD55, 0xBDF8, 0xC659, 0xCE59,
  0xD679, 0xDEBA, 0xDF1B, 0xE6DA, 0xDE79, 0xDE79, 0xDE59, 0xDE38,
  0xDDF7, 0xDDF7, 0xE639, 0xE69A, 0xE679, 0xE679, 0xE679, 0xE699,
  0xE679, 0xDE18, 0xDDF7, 0xDE37, 0xE658, 0xE617, 0xE617, 0xDE16,
  0xDE16, 0xDE16, 0xDDD5, 0xD553, 0xD573, 0xD5B4, 0xD593, 0xCD73,
  0xCD53, 0xD574, 0xD573, 0xC532, 0xC552, 0xC552, 0xC4F1, 0xC46F,
  0xBC4E, 0xBCAF, 0xB46E, 0xB3CB, 0xB349, 0xAB09, 0xAB4A, 0xB3AB,
  0xAB6A, 0xA2E8, 0x9A66, 0x9A67, 0xA2C8, 0xA329, 0xA349, 0xA349,
  0x9B29, 0x9AE8, 0x92A7, 0x9287, 0x9286, 0x9266, 0x9246, 0x8A46,
  0x8A25, 0x8A05, 0x81E4, 0x81E4, 0x81C4, 0x81C4, 0x79C4, 0x79A3,
  0x7983, 0x7963, 0x7142, 0x7122, 0x7122, 0x7122, 0x7142, 0x7142,
  0x7142, 0x7963, 0x7983, 0x7983, 0x81C4, 0x81E4, 0x8A05, 0x8A25,
  0x8A45, 0x9245, 0x9266, 0x9A86, 0x9AA7, 0x9AE7, 0xA308, 0xA308,
  0xA328, 0xA369, 0xA38A, 0xAB8A, 0xAB8A, 0xAB49, 0xAB6A, 0xB3AA,
  0xB38A, 0xAB69, 0xB38A, 0xB3EB, 0xBC2C, 0xBC4C, 0xBC8E, 0xC510,
  0xC551, 0xCD72, 0xCD92, 0xCDD3, 0xCDF4, 0xD614, 0xD634, 0xD635,
  0xD635, 0xD655, 0xD676, 0xD676, 0xDE76, 0xDE97, 0xD697, 0xDEB8,
  0xDED9, 0xDEF9, 0xDEF9, 0xDEF9, 0xE719, 0xE6F9, 0xE6F9, 0xE719,
  0xE73A, 0xE75B, 0xE75B, 0xE75B, 0xE75B, 0xEF7C, 0xEF7C, 0xEF5C,
  0xEF3B, 0xEF1A, 0xEEFB, 0xE6DA, 0xE6FA, 0xE6FB, 0xE6DA, 0xD679,
  0xCE17, 0xC5B6, 0xC5B6, 0xC5D6, 0xB5B6, 0xA4F3, 0x9472, 0x8C32,
  0x632D, 0x2144, 0x0020, 0x0000, 0x0000, 0x0000, 0x0000, 0x0000,
  0x0000, 0x0000, 0x0000, 0x0000, 0x0000, 0x0000, 0x0000, 0x0000,
  0x0000, 0x0000, 0x0000, 0x0000, 0x0000, 0x0000, 0x0000, 0x0000,
  0x0000, 0x0000, 0x0000, 0x0000, 0x0000, 0x0000, 0x0000, 0x0000,
  0x0000, 0x0000, 0x0000, 0x0000, 0x0000, 0x0000, 0x0000, 0x0000,
  0x0000, 0x0000, 0x0000, 0x0000, 0x0000, 0x0000, 0x0000, 0x0000,
  0x0000, 0x0000, 0x0000, 0x0000, 0x0000, 0x0000, 0x0000, 0x0000,
  0x0000, 0x0000, 0x0000, 0x0000, 0x0000, 0x0000, 0x0000, 0x0000,
  0x0000, 0x0000, 0x0000, 0x0000, 0x0000, 0x0000, 0x0000, 0x0000,
  0x0000, 0x0000, 0x0000, 0x0000, 0x0000, 0x0000, 0x0000, 0x0000,
  0x18C2, 0x4A48, 0x6B4D, 0x73EF, 0x8491, 0x9D55, 0xB5B7, 0xC639,
  0xCE9A, 0xD6BA, 0xD6BA, 0xDE9A, 0xDEBA, 0xE6DA, 0xE69A, 0xDE59,
  0xDE39, 0xDE79, 0xDE99, 0xE679, 0xE659, 0xE659, 0xE679, 0xE679,
  0xE679, 0xE6BA, 0xE6BA, 0xE679, 0xDE17, 0xDE38, 0xE699, 0xDE78,
  0xDE37, 0xDDF6, 0xDDD5, 0xDDF5, 0xD5F6, 0xD594, 0xD594, 0xD5B4,
  0xD5D4, 0xD5B4, 0xD593, 0xD573, 0xCD53, 0xC552, 0xC511, 0xC511,
  0xBCAF, 0xBC2E, 0xBC4E, 0xBCD0, 0xBCAF, 0xB3EC, 0xB349, 0xB309,
  0xAB6A, 0xB38B, 0xAB49, 0xA2E8, 0xA2E8, 0xA2C8, 0xA2C8, 0xA329,
  0xA349, 0xA349, 0x9B29, 0x9AE8, 0x9AA7, 0x9287, 0x9286, 0x9266,
  0x9246, 0x8A25, 0x8A05, 0x8A05, 0x81E4, 0x81C4, 0x81C4, 0x81C4,
  0x79A4, 0x7983, 0x7963, 0x7963, 0x7142, 0x7122, 0x7122, 0x7122,
  0x7142, 0x7142, 0x7142, 0x7962, 0x7963, 0x7983, 0x81A4, 0x81E4,
  0x8A05, 0x8A25, 0x8A45, 0x9266, 0x9286, 0x9286, 0x9AA7, 0x9B08,
  0x9B08, 0xA308, 0xA328, 0xA369, 0xA38A, 0xABCA, 0xABCA, 0xB3CA,
  0xB3CA, 0xB3AA, 0xB3AA, 0xB3CB, 0xB3EB, 0xBC0C, 0xBC4D, 0xBC8E,
  0xBCCF, 0xC510, 0xC531, 0xCD72, 0xCDB3, 0xCDD3, 0xCDF3, 0xD614,
  0xD614, 0xD635, 0xD635, 0xD656, 0xDE76, 0xDE96, 0xDE96, 0xDE97,
  0xDE97, 0xDEB8, 0xDED8, 0xDED8, 0xDEF9, 0xDF1A, 0xE73B, 0xE73B,
  0xE71A, 0xE719, 0xE71A, 0xE75B, 0xE77B, 0xE75B, 0xE73B, 0xE75B,
  0xE75C, 0xE75B, 0xE73B, 0xE6FA, 0xE6FB, 0xE6FB, 0xE6FB, 0xE6DA,
  0xE6FB, 0xDEDA, 0xD679, 0xCDF7, 0xCD95, 0xC5B6, 0xB595, 0xAD34,
  0xA4F4, 0x94D4, 0x8431, 0x52CA, 0x2103, 0x0000, 0x0000, 0x0000,
  0x0000, 0x0000, 0x0000, 0x0000, 0x0000, 0x0000, 0x0000, 0x0000,
  0x0000, 0x0000, 0x0000, 0x0000, 0x0000, 0x0000, 0x0000, 0x0000,
  0x0000, 0x0000, 0x0000, 0x0000, 0x0000, 0x0000, 0x0000, 0x0000,
  0x0000, 0x0000, 0x0000, 0x0000, 0x0000, 0x0000, 0x0000, 0x0000,
  0x0000, 0x0000, 0x0000, 0x0000, 0x0000, 0x0000, 0x0000, 0x0000,
  0x0000, 0x0000, 0x0000, 0x0000, 0x0000, 0x0000, 0x0000, 0x0000,
  0x0000, 0x0000, 0x0000, 0x0000, 0x0000, 0x0000, 0x0000, 0x0000,
  0x0000, 0x0000, 0x0000, 0x0000, 0x0000, 0x0000, 0x0000, 0x0000,
  0x0000, 0x0000, 0x0000, 0x0000, 0x0000, 0x0000, 0x0000, 0x0000,
  0x0000, 0x1081, 0x3A06, 0x6B4C, 0x73AE, 0x7C10, 0x9D14, 0xB5B7,
  0xBDF8, 0xC659, 0xCEBA, 0xD6BA, 0xD6BA, 0xDE9A, 0xDE9A, 0xE6DB,
  0xE6FB, 0xDE9A, 0xDE39, 0xDE79, 0xE6BA, 0xE6BA, 0xE679, 0xE659,
  0xE659, 0xDE79, 0xDE99, 0xE6BA, 0xE6BA, 0xE6B9, 0xE699, 0xE678,
  0xE698, 0xE678, 0xE657, 0xDE16, 0xDDF6, 0xD5F5, 0xD5F5, 0xD5D5,
  0xD5D5, 0xD5D5, 0xD5D5, 0xD5D4, 0xD5B4, 0xCD72, 0xCD31, 0xC511,
  0xC4F1, 0xC4F0, 0xBC6E, 0xB40C, 0xBC2D, 0xBC6E, 0xBC6E, 0xBC2D,
  0xB3AB, 0xB329, 0xB38A, 0xABAB, 0xAB29, 0xAB09, 0xAB4A, 0xA2E8,
  0xA2C8, 0xA309, 0xA36A, 0xA349, 0x9B08, 0x9AC7, 0x9A87, 0x9287,
  0x9286, 0x9266, 0x8A25, 0x8A05, 0x8A05, 0x8A05, 0x81E4, 0x81C4,
  0x81C4, 0x79C4, 0x79A4, 0x7983, 0x7963, 0x7963, 0x7142, 0x7122,
  0x7122, 0x7122, 0x7122, 0x7142, 0x7142, 0x7942, 0x7963, 0x7983,
  0x81A3, 0x81E4, 0x8204, 0x8A25, 0x8A45, 0x9266, 0x9266, 0x9266,
  0x9AA7, 0x9AE7, 0x9B07, 0xA308, 0xA348, 0xA369, 0xA38A, 0xABAA,
  0xABCB, 0xABEB, 0xABCB, 0xB3CA, 0xB3EB, 0xB42C, 0xB42C, 0xB44D,
  0xBC6D, 0xBCAE, 0xBCCF, 0xC4EF, 0xC530, 0xC571, 0xCDB3, 0xCDD3,
  0xCDF4, 0xD614, 0xD614, 0xD635, 0xD635, 0xDE76, 0xDE76, 0xDE96,
  0xDE96, 0xDE96, 0xDE97, 0xDEB7, 0xDEB8, 0xDEB8, 0xDEF9, 0xDF3A,
  0xE75B, 0xE75B, 0xE73A, 0xE71A, 0xE71A, 0xE75B, 0xEF7B, 0xE75B,
  0xE73B, 0xE75C, 0xE75C, 0xE73B, 0xE73C, 0xE73C, 0xEF3C, 0xEF3C,
  0xE6FB, 0xE6DA, 0xE6DA, 0xE6DB, 0xDE9A, 0xD638, 0xCE37, 0xC617,
  0xBDB6, 0xBD96, 0xAD76, 0x9D55, 0x94F4, 0x7C10, 0x4228, 0x1082,
  0x0000, 0x0000, 0x0000, 0x0000, 0x0000, 0x0000, 0x0000, 0x0000,
  0x0000, 0x0000, 0x0000, 0x0000, 0x0000, 0x0000, 0x0000, 0x0000,
  0x0000, 0x0000, 0x0000, 0x0000, 0x0000, 0x0000, 0x0000, 0x0000,
  0x0000, 0x0000, 0x0000, 0x0000, 0x0000, 0x0000, 0x0000, 0x0000,
  0x0000, 0x0000, 0x0000, 0x0000, 0x0000, 0x0000, 0x0000, 0x0000,
  0x0000, 0x0000, 0x0000, 0x0000, 0x0000, 0x0000, 0x0000, 0x0000,
  0x0000, 0x0000, 0x0000, 0x0000, 0x0000, 0x0000, 0x0000, 0x0000,
  0x0000, 0x0000, 0x0000, 0x0000, 0x0000, 0x0000, 0x0000, 0x0000,
  0x0000, 0x0000, 0x0000, 0x0000, 0x0000, 0x0000, 0x0000, 0x0000,
  0x0000, 0x0000, 0x0841, 0x3185, 0x5AEB, 0x73AE, 0x7C0F, 0x8C92,
  0xAD56, 0xBDF9, 0xC619, 0xC638, 0xCE59, 0xCE79, 0xD67A, 0xDE9A,
  0xDE9A, 0xE6FC, 0xE6FC, 0xDE7A, 0xDE18, 0xDE18, 0xE67A, 0xE699,
  0xE659, 0xDE59, 0xDE59, 0xDE59, 0xDE79, 0xE6B9, 0xE6BA, 0xE6DA,
  0xE6DA, 0xE6DA, 0xE6B9, 0xE699, 0xE658, 0xDE37, 0xDE36, 0xD636,
  0xD615, 0xD5F5, 0xD5F5, 0xD5F5, 0xD5D4, 0xD5D4, 0xD5B4, 0xCD52,
  0xC4F0, 0xC4F1, 0xC4F1, 0xC48F, 0xBBEC, 0xB3EC, 0xBC4D, 0xBC2D,
  0xBC0D, 0xBBCC, 0xB36A, 0xB349, 0xB3AB, 0xAB6A, 0xAB09, 0xAB4A,
  0xAB8B, 0xA309, 0x9AC8, 0xA309, 0xA34A, 0xA329, 0x9AE8, 0x9A87,
  0x9286, 0x9286, 0x9286, 0x9246, 0x8A25, 0x8A05, 0x8A05, 0x8A05,
  0x81E4, 0x81C4, 0x81C4, 0x79A4, 0x79A3, 0x7983, 0x7963, 0x7143,
  0x7122, 0x7122, 0x7122, 0x7122, 0x7122, 0x7142, 0x7142, 0x7942,
  0x7963, 0x7963, 0x79A3, 0x81E4, 0x8204, 0x8A25, 0x8A45, 0x8A45,
  0x9266, 0x9286, 0x9AC7, 0x9AC7, 0x9AE7, 0x9B08, 0xA349, 0xA369,
  0xA38A, 0xABAA, 0xABCB, 0xABEB, 0xABCB, 0xABEB, 0xB40C, 0xB44C,
  0xB46D, 0xB48D, 0xBC8D, 0xBCAE, 0xC4EF, 0xC510, 0xC530, 0xC571,
  0xCDB2, 0xCDD3, 0xD5F4, 0xD5F4, 0xD614, 0xD635, 0xD656, 0xDE76,
  0xDE76, 0xDE76, 0xDE76, 0xDE76, 0xD696, 0xDE97, 0xDED8, 0xDED9,
  0xDEF9, 0xDF1A, 0xE75B, 0xE75B, 0xE73A, 0xDF19, 0xE71A, 0xEF5B,
  0xEF7B, 0xE77B, 0xE75B, 0xE75C, 0xE75C, 0xEF3C, 0xEF5C, 0xEF5D,
  0xE75C, 0xE73C, 0xE71B, 0xE6DA, 0xDEDA, 0xE6DA, 0xDEBA, 0xD699,
  0xCE58, 0xCE17, 0xC5D6, 0xBDD7, 0xB5D7, 0xADB6, 0x9D55, 0x8C92,
  0x6B8E, 0x3A07, 0x1082, 0x0000, 0x0000, 0x0000, 0x0000, 0x0000,
  0x0000, 0x0000, 0x0000, 0x0000, 0x0000, 0x0000, 0x0000, 0x0000,
  0x0000, 0x0000, 0x0000, 0x0000, 0x0000, 0x0000, 0x0000, 0x0000,
  0x0000, 0x0000, 0x0000, 0x0000, 0x0000, 0x0000, 0x0000, 0x0000,
  0x0000, 0x0000, 0x0000, 0x0000, 0x0000, 0x0000, 0x0000, 0x0000,
  0x0000, 0x0000, 0x0000, 0x0000, 0x0000, 0x0000, 0x0000, 0x0000,
  0x0000, 0x0000, 0x0000, 0x0000, 0x0000, 0x0000, 0x0000, 0x0000,
  0x0000, 0x0000, 0x0000, 0x0000, 0x0000, 0x0000, 0x0000, 0x0000,
  0x0000, 0x0000, 0x0000, 0x0000, 0x0000, 0x0000, 0x0000, 0x0000,
  0x0000, 0x0000, 0x0000, 0x0020, 0x2144, 0x52CB, 0x738E, 0x7BCF,
  0x8C71, 0xA535, 0xB5B7, 0xBE19, 0xC639, 0xC5B6, 0xC575, 0xCDD7,
  0xD659, 0xD659, 0xDE7A, 0xDEBA, 0xE69B, 0xE65A, 0xDE18, 0xDDF8,
  0xDE18, 0xE639, 0xE659, 0xDE79, 0xD658, 0xD638, 0xDE58, 0xE6B9,
  0xE6BA, 0xE6DA, 0xEEFA, 0xEF1B, 0xEEFA, 0xE6D9, 0xE678, 0xDE78,
  0xDE77, 0xDE57, 0xD616, 0xD5F5, 0xD5F5, 0xD5F5, 0xD5D4, 0xD593,
  0xCD72, 0xC511, 0xC4D0, 0xC4F1, 0xC4F1, 0xBC2E, 0xBBAC, 0xBC2D,
  0xBC8E, 0xBC6E, 0xBC2D, 0xB38A, 0xB329, 0xAB49, 0xAB8A, 0xAB29,
  0xAB29, 0xAB8B, 0xAB6A, 0xA309, 0x9AE8, 0xA309, 0xA329, 0xA309,
  0x9AC8, 0x9287, 0x9266, 0x9286, 0x9266, 0x9246, 0x8A25, 0x8A05,
  0x8A25, 0x8A05, 0x81E4, 0x81C4, 0x81A4, 0x79A4, 0x7983, 0x7963,
  0x7963, 0x7142, 0x7122, 0x7122, 0x7102, 0x7122, 0x7122, 0x7142,
  0x7142, 0x7962, 0x7962, 0x7963, 0x7983, 0x81C4, 0x8204, 0x8A05,
  0x8A45, 0x8A66, 0x9286, 0x92A7, 0x92C7, 0x9AC7, 0x9AE7, 0x9B28,
  0xA349, 0xA36A, 0xA38A, 0xABAA, 0xABCB, 0xABEB, 0xABEB, 0xAC0C,
  0xB42C, 0xB44C, 0xB46D, 0xBC8E, 0xBCAE, 0xBCAE, 0xBCEF, 0xC510,
  0xC551, 0xC571, 0xCD92, 0xCDB3, 0xD5F3, 0xCDF4, 0xCDF4, 0xD615,
  0xD635, 0xD656, 0xD655, 0xD634, 0xD614, 0xD635, 0xD676, 0xD696,
  0xD676, 0xDE98, 0xDEF9, 0xDF1A, 0xE73A, 0xE75A, 0xE71A, 0xDEF9,
  0xE71A, 0xE75B, 0xE77C, 0xE77C, 0xE77C, 0xE75C, 0xEF5C, 0xEF5D,
  0xEF5D, 0xE73C, 0xE73C, 0xE71B, 0xE71B, 0xE6FB, 0xDEDA, 0xDEB9,
  0xDE99, 0xD678, 0xCE17, 0xCDF7, 0xC5F7, 0xC5F7, 0xBDF8, 0xB5D7,
  0xA555, 0x94B3, 0x8C92, 0x73AE, 0x39E7, 0x0881, 0x0000, 0x0000,
  0x0000, 0x0000, 0x0000, 0x0000, 0x0000, 0x0000, 0x0000, 0x0000,
  0x0000, 0x0000, 0x0000, 0x0000, 0x0000, 0x0000, 0x0000, 0x0000,
  0x0000, 0x0000, 0x0000, 0x0000, 0x0000, 0x0000, 0x0000, 0x0000,
  0x0000, 0x0000, 0x0000, 0x0000, 0x0000, 0x0000, 0x0000, 0x0000,
  0x0000, 0x0000, 0x0000, 0x0000, 0x0000, 0x0000, 0x0000, 0x0000,
  0x0000, 0x0000, 0x0000, 0x0000, 0x0000, 0x0000, 0x0000, 0x0000,
  0x0000, 0x0000, 0x0000, 0x0000, 0x0000, 0x0000, 0x0000, 0x0000,
  0x0000, 0x0000, 0x0000, 0x0000, 0x0000, 0x0000, 0x0000, 0x0000,
  0x0000, 0x0000, 0x0000, 0x0000, 0x0040, 0x2123, 0x4A89, 0x6B4D,
  0x7BAF, 0x8C31, 0x9CD3, 0xAD75, 0xBDF7, 0xC659, 0xCE7A, 0xC596,
  0xC514, 0xCD96, 0xD659, 0xD679, 0xDE79, 0xDE39, 0xDDF8, 0xDE18,
  0xE69A, 0xE679, 0xDDF8, 0xDE38, 0xE699, 0xDE79, 0xDE38, 0xDE38,
  0xDE79, 0xE6B9, 0xE6B9, 0xE6B9, 0xE6B9, 0xEEFA, 0xEF1B, 0xE6FA,
  0xE6B9, 0xE698, 0xDE78, 0xDE57, 0xD616, 0xD5D5, 0xD5D5, 0xD5D5,
  0xD5B4, 0xCD52, 0xC511, 0xC4D0, 0xC4B0, 0xBC8F, 0xBCB0, 0xBBED,
  0xB3CC, 0xBC4E, 0xBCAF, 0xBC8E, 0xBC6E, 0xB3EB, 0xB34A, 0xB34A,
  0xAB49, 0xAAE8, 0xAB4A, 0xB3AB, 0xA32A, 0xA2E9, 0x9AC8, 0x9AE9,
  0x9B09, 0x9AE8, 0x9AA7, 0x9287, 0x9266, 0x9266, 0x9266, 0x9246,
  0x8A25, 0x8A25, 0x8A25, 0x89E5, 0x81C4, 0x79A4, 0x79A4, 0x79A3,
  0x7983, 0x7963, 0x7963, 0x7142, 0x7122, 0x7122, 0x7102, 0x7122,
  0x7122, 0x7122, 0x7142, 0x7963, 0x7963, 0x7963, 0x7983, 0x81C4,
  0x81E4, 0x8A05, 0x8A25, 0x8A66, 0x8A66, 0x92A6, 0x92A7, 0x9AC7,
  0x9AE8, 0x9B28, 0xA349, 0xA369, 0xA38A, 0xABAA, 0xABCB, 0xABEB,
  0xAC0B, 0xAC2C, 0xB44C, 0xB44D, 0xB46D, 0xBC8E, 0xBCAE, 0xBCAF,
  0xBCCF, 0xBD10, 0xC551, 0xC571, 0xCD92, 0xCDB3, 0xCDD3, 0xCDF4,
  0xCDF4, 0xD5F4, 0xD635, 0xD635, 0xD614, 0xD5F4, 0xD5B3, 0xD5D4,
  0xDE56, 0xD675, 0xD5D3, 0xD5D4, 0xDE98, 0xDF19, 0xDF3A, 0xE73A,
  0xE71A, 0xE6FA, 0xE71A, 0xE77B, 0xE77B, 0xE77B, 0xE77C, 0xEF5C,
  0xEF5C, 0xE75C, 0xE75C, 0xE73C, 0xE71B, 0xE71B, 0xE71B, 0xE71B,
  0xDEDA, 0xD678, 0xD617, 0xDE17, 0xD638, 0xD658, 0xCE59, 0xC638,
  0xC618, 0xBDD7, 0xAD55, 0xA514, 0xA4F3, 0x8C92, 0x636D, 0x31C7,
  0x0861, 0x0000, 0x0000, 0x0000, 0x0000, 0x0000, 0x0000, 0x0000,
  0x0000, 0x0000, 0x0000, 0x0000, 0x0000, 0x0000, 0x0000, 0x0000,
  0x0000, 0x0000, 0x0000, 0x0000, 0x0000, 0x0000, 0x0000, 0x0000,
  0x0000, 0x0000, 0x0000, 0x0000, 0x0000, 0x0000, 0x0000, 0x0000,
  0x0000, 0x0000, 0x0000, 0x0000, 0x0000, 0x0000, 0x0000, 0x0000,
  0x0000, 0x0000, 0x0000, 0x0000, 0x0000, 0x0000, 0x0000, 0x0000,
  0x0000, 0x0000, 0x0000, 0x0000, 0x0000, 0x0000, 0x0000, 0x0000,
  0x0000, 0x0000, 0x0000, 0x0000, 0x0000, 0x0000, 0x0000, 0x0000,
  0x0000, 0x0000, 0x0000, 0x0000, 0x0000, 0x0020, 0x2124, 0x4A89,
  0x6B6D, 0x73AD, 0x7BF0, 0x94B4, 0xA555, 0xAD95, 0xBDF7, 0xCE79,
  0xCE7A, 0xCE19, 0xCDD8, 0xD619, 0xD67A, 0xDE9A, 0xDE9A, 0xDE39,
  0xD576, 0xD576, 0xE69A, 0xE6DB, 0xDE79, 0xDE79, 0xE699, 0xDE59,
  0xDE58, 0xDE79, 0xDEBA, 0xE6BA, 0xE6BA, 0xE699, 0xE698, 0xE6B9,
  0xEEFA, 0xEEFA, 0xE6D9, 0xE6B8, 0xDE77, 0xDE36, 0xD5D5, 0xD5D5,
  0xD5D4, 0xD5B4, 0xCD73, 0xCD32, 0xC4F1, 0xC4D0, 0xBC6F, 0xBC0D,
  0xBC0D, 0xB3AC, 0xB3CC, 0xBC4E, 0xBC8F, 0xBC6E, 0xB46D, 0xB42D,
  0xB3AB, 0xB34A, 0xAB29, 0xAAE8, 0xAB29, 0xAB6A, 0xA309, 0xA2C8,
  0x9AC8, 0x9AC8, 0x9AC8, 0x9AA7, 0x9287, 0x9287, 0x9286, 0x9266,
  0x9266, 0x8A46, 0x8A25, 0x8A25, 0x8A05, 0x81E4, 0x81C4, 0x79A3,
  0x79A3, 0x7983, 0x7983, 0x7963, 0x7143, 0x7142, 0x7122, 0x7122,
  0x6902, 0x7102, 0x7122, 0x7122, 0x7142, 0x7142, 0x7963, 0x7963,
  0x7963, 0x81A3, 0x81C4, 0x8204, 0x8A05, 0x8A45, 0x8A66, 0x9286,
  0x92A7, 0x92C7, 0x9AE7, 0x9B28, 0x9B49, 0xA369, 0xA38A, 0xA3AA,
  0xABCA, 0xABEB, 0xAC0B, 0xAC2C, 0xB42C, 0xB44D, 0xB46D, 0xB46D,
  0xBCAE, 0xBCCF, 0xBCCF, 0xBCEF, 0xC530, 0xC551, 0xCD72, 0xCD92,
  0xCDB3, 0xCDD4, 0xCDF4, 0xCDF4, 0xCE14, 0xCE14, 0xCDF3, 0xD614,
  0xD5F4, 0xD5B4, 0xDE56, 0xD655, 0xCD92, 0xD552, 0xDE35, 0xDED8,
  0xDF19, 0xE73A, 0xE73A, 0xE6FA, 0xE6F9, 0xEF5B, 0xEF7C, 0xE77B,
  0xEF5C, 0xEF5C, 0xE75C, 0xE75B, 0xDF3B, 0xE71B, 0xE71B, 0xE6FB,
  0xE71C, 0xE73C, 0xE71C, 0xD699, 0xD618, 0xDE58, 0xDE99, 0xD679,
  0xD679, 0xD679, 0xC617, 0xBDB6, 0xB596, 0xB595, 0xAD14, 0x9CB2,
  0x8472, 0x636E, 0x31E7, 0x0881, 0x0000, 0x0000, 0x0000, 0x0000,
  0x0000, 0x0000, 0x0000, 0x0000, 0x0000, 0x0000, 0x0000, 0x0000,
  0x0000, 0x0000, 0x0000, 0x0000, 0x0000, 0x0000, 0x0000, 0x0000,
  0x0000, 0x0000, 0x0000, 0x0000, 0x0000, 0x0000, 0x0000, 0x0000,
  0x0000, 0x0000, 0x0000, 0x0000, 0x0000, 0x0000, 0x0000, 0x0000,
  0x0000, 0x0000, 0x0000, 0x0000, 0x0000, 0x0000, 0x0000, 0x0000,
  0x0000, 0x0000, 0x0000, 0x0000, 0x0000, 0x0000, 0x0000, 0x0000,
  0x0000, 0x0000, 0x0000, 0x0000, 0x0000, 0x0000, 0x0000, 0x0000,
  0x0000, 0x0000, 0x0000, 0x0000, 0x0000, 0x0000, 0x0861, 0x2944,
  0x52A9, 0x6B6D, 0x7BCF, 0x8431, 0x94D3, 0xAD56, 0xB5D7, 0xBE18,
  0xC618, 0xCE59, 0xD67A, 0xD67B, 0xD69B, 0xD6BB, 0xDEDB, 0xDEBB,
  0xDEFB, 0xDEBB, 0xD5B8, 0xD535, 0xD5B6, 0xDE38, 0xE69A, 0xE69A,
  0xDE79, 0xDE39, 0xDE79, 0xE6BA, 0xDEBA, 0xDE99, 0xE6BA, 0xE6B9,
  0xE698, 0xE6B9, 0xE6D9, 0xE6D9, 0xE6D9, 0xE6B9, 0xDE98, 0xDE36,
  0xD5B4, 0xD5B4, 0xD5B4, 0xCD93, 0xCD52, 0xC511, 0xC4F1, 0xC4B0,
  0xBC6F, 0xB3ED, 0xB38B, 0xB34A, 0xB3AB, 0xBC2D, 0xBC6E, 0xB44D,
  0xB44D, 0xB40C, 0xB3AB, 0xB34A, 0xAB09, 0xAB09, 0xAB29, 0xA2E9,
  0x9AA8, 0x9AC8, 0x9AA8, 0x9A87, 0x9A66, 0x9266, 0x9287, 0x9287,
  0x9286, 0x9266, 0x9266, 0x8A46, 0x8A46, 0x8A25, 0x81E5, 0x81C4,
  0x79A4, 0x79A3, 0x7983, 0x7983, 0x7963, 0x7963, 0x7143, 0x7122,
  0x7122, 0x7122, 0x6902, 0x7102, 0x7122, 0x7122, 0x7142, 0x7142,
  0x7963, 0x7963, 0x7963, 0x81A3, 0x81C4, 0x81E4, 0x8A05, 0x8A25,
  0x8A66, 0x9286, 0x92A7, 0x92C7, 0x9AE7, 0x9B08, 0x9B28, 0x9B49,
  0xA369, 0xA38A, 0xA3CA, 0xABEB, 0xAC0B, 0xAC0C, 0xB42C, 0xB44D,
  0xB44D, 0xB46D, 0xBC8E, 0xBCAE, 0xBCCF, 0xBCEF, 0xC510, 0xC551,
  0xC551, 0xCD92, 0xCDB3, 0xCDD3, 0xCDF3, 0xCDF3, 0xCDF3, 0xCDF3,
  0xCDF3, 0xD635, 0xD614, 0xD593, 0xDDD3, 0xD5B3, 0xD572, 0xD592,
  0xD614, 0xDEB7, 0xE719, 0xE73A, 0xE719, 0xE6F9, 0xE6F9, 0xEF5B,
  0xEF9C, 0xEF7C, 0xEF7B, 0xEF7B, 0xE71B, 0xDEFA, 0xDEFA, 0xE71B,
  0xE71B, 0xE71B, 0xE6FB, 0xE73B, 0xE73C, 0xDEDB, 0xDE79, 0xDEDA,
  0xDEBA, 0xD617, 0xD658, 0xD699, 0xCE17, 0xC595, 0xBDB6, 0xBDB6,
  0xAD14, 0x9492, 0x8C92, 0x8471, 0x638E, 0x3A29, 0x10C3, 0x0000,
  0x0000, 0x0000, 0x0000, 0x0000, 0x0000, 0x0000, 0x0000, 0x0000,
  0x0000, 0x0000, 0x0000, 0x0000, 0x0000, 0x0000, 0x0000, 0x0000,
  0x0000, 0x0000, 0x0000, 0x0000, 0x0000, 0x0000, 0x0000, 0x0000,
  0x0000, 0x0000, 0x0000, 0x0000, 0x0000, 0x0000, 0x0000, 0x0000,
  0x0000, 0x0000, 0x0000, 0x0000, 0x0000, 0x0000, 0x0000, 0x0000,
  0x0000, 0x0000, 0x0000, 0x0000, 0x0000, 0x0000, 0x0000, 0x0000,
  0x0000, 0x0000, 0x0000, 0x0000, 0x0000, 0x0000, 0x0000, 0x0000,
  0x0000, 0x0000, 0x0000, 0x0000, 0x0000, 0x0000, 0x0000, 0x0861,
  0x2124, 0x4A48, 0x6B8D, 0x7BEF, 0x8430, 0x9492, 0xA514, 0xB596,
  0xC5F8, 0xCE39, 0xCE59, 0xD659, 0xD659, 0xD67A, 0xDEDB, 0xDEFC,
  0xE6FC, 0xE6FC, 0xE73C, 0xE6FC, 0xDE7A, 0xD5D8, 0xD576, 0xDDB6,
  0xE659, 0xE6BA, 0xDE58, 0xDE38, 0xDE39, 0xDE79, 0xDE79, 0xDE58,
  0xDE99, 0xE6B9, 0xE6B9, 0xE6B9, 0xE6D9, 0xE6B9, 0xE6B8, 0xE6B8,
  0xE698, 0xDE57, 0xDDD5, 0xD593, 0xD573, 0xCD52, 0xCD11, 0xC4D0,
  0xC48F, 0xC46F, 0xBC6F, 0xBC4E, 0xB40D, 0xB3CC, 0xB3EC, 0xB42D,
  0xB42D, 0xB42D, 0xB3EC, 0xB3AB, 0xB36B, 0xB36B, 0xAB09, 0xAB08,
  0xA2E8, 0x9AC8, 0x9AA7, 0x9AC8, 0x9AA7, 0x9266, 0x9245, 0x9246,
  0x9266, 0x9287, 0x9266, 0x9266, 0x9246, 0x8A46, 0x8A46, 0x8A25,
  0x81E5, 0x81C4, 0x79A3, 0x7983, 0x7983, 0x7963, 0x7963, 0x7163,
  0x7142, 0x7142, 0x7122, 0x7102, 0x6901, 0x7102, 0x7122, 0x7122,
  0x7142, 0x7142, 0x7963, 0x7963, 0x7963, 0x7983, 0x81C4, 0x81E4,
  0x89E4, 0x8A04, 0x8A45, 0x9286, 0x92A6, 0x92C7, 0x9AE7, 0x9AE7,
  0x9B08, 0x9B49, 0xA369, 0xA369, 0xA3AA, 0xABCA, 0xABEB, 0xAC0C,
  0xB42C, 0xB44C, 0xB44D, 0xB46D, 0xB46D, 0xBCAE, 0xBCCF, 0xBCEF,
  0xBD10, 0xC551, 0xC551, 0xCD72, 0xCD92, 0xCDB3, 0xCDD3, 0xCDD3,
  0xCDD3, 0xCDD2, 0xD5F3, 0xD635, 0xD614, 0xD572, 0xD551, 0xD572,
  0xD5B3, 0xD5D3, 0xD615, 0xDED8, 0xDEF8, 0xE6D8, 0xE6F8, 0xE6F9,
  0xE719, 0xEF5B, 0xEF9C, 0xEF7B, 0xE75B, 0xE75B, 0xE71A, 0xDED9,
  0xDEFA, 0xE71B, 0xE73C, 0xE73B, 0xE6FA, 0xE6FA, 0xE71B, 0xE6FB,
  0xDEDA, 0xDEFA, 0xDE99, 0xD5D6, 0xD638, 0xD678, 0xCE37, 0xCDF7,
  0xC617, 0xBDF7, 0xAD75, 0xA514, 0x9CF3, 0x94B2, 0x8451, 0x73AE,
  0x4229, 0x18C3, 0x0000, 0x0000, 0x0000, 0x0000, 0x0000, 0x0000,
  0x0000, 0x0000, 0x0000, 0x0000, 0x0000, 0x0000, 0x0000, 0x0000,
  0x0000, 0x0000, 0x0000, 0x0000, 0x0000, 0x0000, 0x0000, 0x0000,
  0x0000, 0x0000, 0x0000, 0x0000, 0x0000, 0x0000, 0x0000, 0x0000,
  0x0000, 0x0000, 0x0000, 0x0000, 0x0000, 0x0000, 0x0000, 0x0000,
  0x0000, 0x0000, 0x0000, 0x0000, 0x0000, 0x0000, 0x0000, 0x0000,
  0x0000, 0x0000, 0x0000, 0x0000, 0x0000, 0x0000, 0x0000, 0x0000,
  0x0000, 0x0000, 0x0000, 0x0000, 0x0000, 0x0000, 0x0000, 0x0000,
  0x0841, 0x2944, 0x4A48, 0x630B, 0x73CE, 0x8C71, 0x94B2, 0x9C92,
  0xA472, 0xBD34, 0xCE18, 0xD67A, 0xD69A, 0xDEBB, 0xDEBA, 0xDE9A,
  0xDEBB, 0xE6FC, 0xE6FC, 0xEF3D, 0xEF3D, 0xE71C, 0xDEFC, 0xDEBB,
  0xDE18, 0xDDB6, 0xDDF7, 0xDE9A, 0xDE7A, 0xDE39, 0xD5F8, 0xD618,
  0xDE38, 0xD617, 0xDE37, 0xE699, 0xE6D9, 0xE6D9, 0xE6D9, 0xE6D9,
  0xE6B8, 0xE698, 0xE677, 0xDE57, 0xDE36, 0xD5D4, 0xD573, 0xD532,
  0xCD12, 0xC4F1, 0xC4D0, 0xC4B0, 0xC4B0, 0xC4B0, 0xBC8F, 0xBC6F,
  0xBC4E, 0xBC2D, 0xB3EC, 0xB3EC, 0xB3AB, 0xAB6A, 0xAB6B, 0xAB6A,
  0xA2E8, 0xA2A7, 0xA2A8, 0xA2C8, 0xA2E8, 0xA2E8, 0x9AA7, 0x9266,
  0x9266, 0x9A66, 0x9266, 0x9266, 0x9266, 0x9266, 0x8A46, 0x8A46,
  0x8A46, 0x8A25, 0x81E5, 0x81C4, 0x79A3, 0x7983, 0x7983, 0x7983,
  0x7963, 0x7143, 0x7142, 0x7142, 0x7122, 0x7102, 0x6901, 0x6902,
  0x7122, 0x7122, 0x7122, 0x7142, 0x7963, 0x7963, 0x7963, 0x7983,
  0x81A4, 0x81C4, 0x81E4, 0x89E4, 0x8A25, 0x9266, 0x9286, 0x92A6,
  0x92C7, 0x9AE7, 0x9B08, 0x9B49, 0xA349, 0xA369, 0xA389, 0xABAA,
  0xABCB, 0xABEB, 0xAC0B, 0xAC2C, 0xB44C, 0xB46D, 0xB46D, 0xBC8E,
  0xBCAF, 0xBCCF, 0xBD0F, 0xC530, 0xC551, 0xC571, 0xCD92, 0xCD92,
  0xCDB3, 0xCDD3, 0xCDD3, 0xCDD2, 0xD5F4, 0xDE35, 0xD634, 0xD5B3,
  0xD592, 0xD5D3, 0xDE35, 0xD615, 0xD5F4, 0xDE76, 0xDE97, 0xDEB7,
  0xDED8, 0xE719, 0xE6F9, 0xE73A, 0xE77B, 0xE77A, 0xE75B, 0xE73B,
  0xE73B, 0xE71B, 0xE71B, 0xE73B, 0xE73B, 0xE73B, 0xE71A, 0xDEDA,
  0xDEDA, 0xE6FB, 0xE6FB, 0xE6BA, 0xDE59, 0xD618, 0xDE59, 0xD679,
  0xD658, 0xCE38, 0xC638, 0xC618, 0xBDD7, 0xBDD6, 0xB596, 0x9CF3,
  0x9492, 0x8C30, 0x738E, 0x4269, 0x2104, 0x0020, 0x0000, 0x0000,
  0x0000, 0x0000, 0x0000, 0x0000, 0x0000, 0x0000, 0x0000, 0x0000,
  0x0000, 0x0000, 0x0000, 0x0000, 0x0000, 0x0000, 0x0000, 0x0000,
  0x0000, 0x0000, 0x0000, 0x0000, 0x0000, 0x0000, 0x0000, 0x0000,
  0x0000, 0x0000, 0x0000, 0x0000, 0x0000, 0x0000, 0x0000, 0x0000,
  0x0000, 0x0000, 0x0000, 0x0000, 0x0000, 0x0000, 0x0000, 0x0000,
  0x0000, 0x0000, 0x0000, 0x0000, 0x0000, 0x0000, 0x0000, 0x0000,
  0x0000, 0x0000, 0x0000, 0x0000, 0x0000, 0x0000, 0x0000, 0x0000,
  0x0000, 0x1081, 0x2944, 0x4A48, 0x630B, 0x736E, 0x83F0, 0x94B3,
  0xA535, 0xACF4, 0xACD3, 0xBD34, 0xCDF7, 0xD69A, 0xDEDC, 0xE73D,
  0xE73D, 0xE6FB, 0xDEBB, 0xE6FC, 0xE71D, 0xEF1D, 0xEF1D, 0xE71C,
  0xE71C, 0xE6FC, 0xE6BB, 0xDE19, 0xDD96, 0xDDB6, 0xE65A, 0xDE3A,
  0xD5D8, 0xD5D7, 0xD5F7, 0xD5F6, 0xDE17, 0xDE78, 0xE6B9, 0xE6D9,
  0xEEFA, 0xEED9, 0xE6B9, 0xE698, 0xE677, 0xDE57, 0xDE56, 0xDE15,
  0xD593, 0xCD32, 0xCD32, 0xCD32, 0xC511, 0xC4F0, 0xC4D0, 0xC4D0,
  0xBCD0, 0xBCAF, 0xBC8F, 0xBC4D, 0xB3EC, 0xB3CB, 0xAB8B, 0xAB6B,
  0xAB6B, 0xAB6A, 0xA2C8, 0x9A66, 0x9A67, 0xA2C8, 0xA309, 0xA309,
  0x9AC8, 0x9AA7, 0x9A87, 0x9A87, 0x9266, 0x9266, 0x9246, 0x9246,
  0x8A46, 0x8A45, 0x8A25, 0x8A05, 0x81E5, 0x81C4, 0x79A3, 0x7983,
  0x7983, 0x7983, 0x7963, 0x7143, 0x7142, 0x7122, 0x7122, 0x7102,
  0x6901, 0x6902, 0x7102, 0x7122, 0x7122, 0x7142, 0x7142, 0x7963,
  0x7963, 0x7963, 0x81A3, 0x81C4, 0x81C4, 0x81E4, 0x8A04, 0x8A45,
  0x9286, 0x92A6, 0x92C7, 0x9AE7, 0x9B08, 0x9B28, 0x9B49, 0xA369,
  0xA389, 0xA3AA, 0xABCA, 0xABEB, 0xABEB, 0xAC0B, 0xB42C, 0xB44D,
  0xB46D, 0xBC8D, 0xBCAE, 0xBCCF, 0xBCEF, 0xC510, 0xC550, 0xC551,
  0xCD71, 0xCD72, 0xCDB2, 0xCDD2, 0xCDD2, 0xCDD3, 0xD614, 0xDE55,
  0xD635, 0xD613, 0xD634, 0xDE55, 0xDE97, 0xDE76, 0xD5F3, 0xD5D4,
  0xDE56, 0xDED9, 0xDEF9, 0xDEF9, 0xDED9, 0xE719, 0xE75A, 0xE77B,
  0xEF5B, 0xE73B, 0xE73B, 0xE75B, 0xE75B, 0xE73B, 0xE71B, 0xE73B,
  0xE71A, 0xDEDA, 0xDEBA, 0xE71B, 0xE6FB, 0xE679, 0xDE58, 0xDE9A,
  0xDEBA, 0xDE99, 0xD658, 0xCE38, 0xCE18, 0xCE58, 0xC618, 0xC617,
  0xBDF7, 0xAD55, 0x9CD3, 0x9451, 0x8430, 0x73EF, 0x52CB, 0x2966,
  0x0861, 0x0000, 0x0000, 0x0000, 0x0000, 0x0000, 0x0000, 0x0000,
  0x0000, 0x0000, 0x0000, 0x0000, 0x0000, 0x0000, 0x0000, 0x0000,
  0x0000, 0x0000, 0x0000, 0x0000, 0x0000, 0x0000, 0x0000, 0x0000,
  0x0000, 0x0000, 0x0000, 0x0000, 0x0000, 0x0000, 0x0000, 0x0000,
  0x0000, 0x0000, 0x0000, 0x0000, 0x0000, 0x0000, 0x0000, 0x0000,
  0x0000, 0x0000, 0x0000, 0x0000, 0x0000, 0x0000, 0x0000, 0x0000,
  0x0000, 0x0000, 0x0000, 0x0000, 0x0000, 0x0000, 0x0000, 0x0000,
  0x0000, 0x0020, 0x10C2, 0x39C6, 0x5289, 0x62EB, 0x6B6D, 0x83F0,
  0x9452, 0xA4F4, 0xB576, 0xBDD7, 0xC5F7, 0xC596, 0xCDB6, 0xD618,
  0xDEBB, 0xE73E, 0xEF5E, 0xEF3D, 0xE6FC, 0xE6FC, 0xE71C, 0xE6FC,
  0xE6DC, 0xE6DB, 0xE6DB, 0xE6BB, 0xE69B, 0xE67B, 0xDDB7, 0xD513,
  0xD555, 0xDDF8, 0xDDF8, 0xD5D7, 0xD5B6, 0xD5B6, 0xDE17, 0xDE58,
  0xE698, 0xE6B9, 0xE6F9, 0xEEF9, 0xE6D9, 0xE698, 0xE677, 0xDE57,
  0xDE36, 0xD5F5, 0xD593, 0xCD31, 0xCD11, 0xC511, 0xC4F0, 0xBCAF,
  0xBC8E, 0xBCAE, 0xBCAF, 0xBCAF, 0xB4AF, 0xB48E, 0xBC2D, 0xB3CB,
  0xAB8B, 0xAB6B, 0xAB6B, 0xAB4A, 0xA309, 0x9A87, 0x9A66, 0x9AA7,
  0x9AE8, 0x9AE8, 0x9AA8, 0x9AA7, 0x9AA7, 0x9287, 0x9266, 0x9266,
  0x9246, 0x8A25, 0x8A25, 0x8A25, 0x8A25, 0x8205, 0x81E5, 0x81C4,
  0x79A3, 0x7983, 0x7983, 0x7963, 0x7963, 0x7143, 0x7122, 0x7122,
  0x7102, 0x6902, 0x6901, 0x6902, 0x6902, 0x7122, 0x7122, 0x7142,
  0x7142, 0x7962, 0x7963, 0x7963, 0x7983, 0x81A3, 0x81C4, 0x81C4,
  0x89E4, 0x8A25, 0x9266, 0x9286, 0x92A7, 0x9AC7, 0x9AE7, 0x9B08,
  0x9B49, 0x9B69, 0xA389, 0xA3AA, 0xABCA, 0xABEB, 0xABCA, 0xABEA,
  0xAC0C, 0xB42C, 0xB46D, 0xB48D, 0xBC8D, 0xBCAF, 0xBCCF, 0xBCEF,
  0xC510, 0xC530, 0xC530, 0xCD51, 0xCD92, 0xCDB2, 0xCDB1, 0xCDD3,
  0xD614, 0xD634, 0xD634, 0xD634, 0xD655, 0xDE76, 0xDE77, 0xDE76,
  0xD655, 0xD656, 0xD697, 0xDED8, 0xDEF9, 0xDEF9, 0xDF19, 0xDF19,
  0xE75A, 0xE77B, 0xE77B, 0xE73B, 0xE73B, 0xE75B, 0xE75B, 0xE73B,
  0xE73B, 0xE71B, 0xE6DA, 0xE6DA, 0xE6FB, 0xE6FB, 0xE6DA, 0xDE79,
  0xDE99, 0xDEFB, 0xDEDA, 0xDE79, 0xDE38, 0xDE58, 0xD67A, 0xD69A,
  0xCE7A, 0xC638, 0xBDF7, 0xB5B6, 0xA534, 0x9CD3, 0x94D3, 0x94B3,
  0x7BF0, 0x630D, 0x3A08, 0x18E3, 0x0020, 0x0000, 0x0000, 0x0000,
  0x0000, 0x0000, 0x0000, 0x0000, 0x0000, 0x0000, 0x0000, 0x0000,
  0x0000, 0x0000, 0x0000, 0x0000, 0x0000, 0x0000, 0x0000, 0x0000,
  0x0000, 0x0000, 0x0000, 0x0000, 0x0000, 0x0000, 0x0000, 0x0000,
  0x0000, 0x0000, 0x0000, 0x0000, 0x0000, 0x0000, 0x0000, 0x0000,
  0x0000, 0x0000, 0x0000, 0x0000, 0x0000, 0x0000, 0x0000, 0x0000,
  0x0000, 0x0000, 0x0000, 0x0000, 0x0000, 0x0000, 0x0000, 0x0000,
  0x0000, 0x0000, 0x0861, 0x2103, 0x39E6, 0x5ACA, 0x6B4D, 0x73AE,
  0x8410, 0x9C93, 0xA4D4, 0xB576, 0xC618, 0xC639, 0xCDF8, 0xCDB6,
  0xD596, 0xD596, 0xD5F8, 0xDE9B, 0xE71D, 0xEF5E, 0xEF5D, 0xE6FB,
  0xE69A, 0xE69B, 0xE6DC, 0xE6FC, 0xE6DB, 0xE69B, 0xDE7B, 0xDE7B,
  0xDE5A, 0xDD76, 0xCCB2, 0xD514, 0xDDF8, 0xDE39, 0xD5B6, 0xCD75,
  0xD5B6, 0xDE37, 0xE698, 0xE6B9, 0xE6D9, 0xE6F9, 0xE6D9, 0xE6B8,
  0xE677, 0xDE57, 0xDE36, 0xD5D4, 0xCD93, 0xCD52, 0xC511, 0xC4D0,
  0xC4AF, 0xBC8E, 0xBC6E, 0xBC6D, 0xBC6E, 0xBC8E, 0xB48F, 0xB48E,
  0xB46E, 0xB3EC, 0xAB8B, 0xAB4A, 0xAB4A, 0xA34A, 0xA329, 0x9AE8,
  0x9AA7, 0x9287, 0x9287, 0x9266, 0x9266, 0x9287, 0x9AA7, 0x9AA7,
  0x9287, 0x9266, 0x9266, 0x8A25, 0x8A25, 0x8A05, 0x8A05, 0x8205,
  0x81E4, 0x81C4, 0x79A3, 0x7983, 0x7983, 0x7963, 0x7963, 0x7142,
  0x7122, 0x7122, 0x6902, 0x6901, 0x6901, 0x6901, 0x6902, 0x7102,
  0x7122, 0x7122, 0x7142, 0x7942, 0x7962, 0x7963, 0x7983, 0x81A3,
  0x81A3, 0x81C3, 0x81E4, 0x8A05, 0x8A46, 0x9286, 0x9286, 0x92A6,
  0x9AC7, 0x9B07, 0x9B28, 0x9B49, 0xA369, 0xA38A, 0xA3AA, 0xABEB,
  0xABCB, 0xABCA, 0xABEB, 0xB42C, 0xB46D, 0xB48D, 0xBC8D, 0xBCAE,
  0xBCCF, 0xBCEF, 0xC4EF, 0xC50F, 0xC530, 0xC550, 0xC571, 0xCD71,
  0xCD91, 0xCDD3, 0xD5F3, 0xD5F3, 0xD613, 0xD634, 0xD655, 0xDE76,
  0xDE76, 0xD676, 0xD677, 0xD697, 0xD6D8, 0xDEF9, 0xE719, 0xE719,
  0xE739, 0xE739, 0xDF5A, 0xE77B, 0xE75B, 0xE75B, 0xE75B, 0xE75B,
  0xE75B, 0xE73B, 0xE73B, 0xE71B, 0xE6DA, 0xE6DA, 0xE71B, 0xE71B,
  0xE6BA, 0xE679, 0xE69A, 0xDEDB, 0xDEFB, 0xDE79, 0xDE17, 0xDE59,
  0xE71C, 0xDEDB, 0xDEBB, 0xCE79, 0xC638, 0xBDF7, 0xB5D6, 0xAD55,
  0xA514, 0x9CD4, 0x8C72, 0x7C31, 0x6B8D, 0x4A69, 0x2945, 0x1062,
  0x0000, 0x0000, 0x0000, 0x0000, 0x0000, 0x0000, 0x0000, 0x0000,
  0x0000, 0x0000, 0x0000, 0x0000, 0x0000, 0x0000, 0x0000, 0x0000,
  0x0000, 0x0000, 0x0000, 0x0000, 0x0000, 0x0000, 0x0000, 0x0000,
  0x0000, 0x0000, 0x0000, 0x0000, 0x0000, 0x0000, 0x0000, 0x0000,
  0x0000, 0x0000, 0x0000, 0x0000, 0x0000, 0x0000, 0x0000, 0x0000,
  0x0000, 0x0000, 0x0000, 0x0000, 0x0000, 0x0000, 0x0000, 0x0000,
  0x0000, 0x0000, 0x0020, 0x10A2, 0x2985, 0x4A48, 0x62CB, 0x734E,
  0x7BEF, 0x8C51, 0x94B3, 0xA514, 0xB596, 0xC5F8, 0xCE38, 0xCE18,
  0xCDB6, 0xCDD7, 0xD5F8, 0xD5D8, 0xD5D8, 0xDE5A, 0xE6DC, 0xE73D,
  0xE71C, 0xE69A, 0xDE38, 0xE69A, 0xE71C, 0xE71D, 0xE6FC, 0xE6FC,
  0xE6DB, 0xDEBB, 0xDEBB, 0xDE5A, 0xD596, 0xCCD1, 0xD513, 0xDE39,
  0xE69A, 0xD5F6, 0xD595, 0xDE17, 0xE698, 0xE698, 0xE698, 0xE698,
  0xE6B8, 0xE6B8, 0xDE77, 0xDE56, 0xD615, 0xD5D4, 0xCD93, 0xCD73,
  0xC531, 0xC4AF, 0xC48F, 0xBC8F, 0xBC8E, 0xBC4E, 0xBC2D, 0xBC4D,
  0xBC4D, 0xB44D, 0xB44D, 0xABEC, 0xABAB, 0xA34A, 0xA329, 0xA329,
  0xA329, 0x9B09, 0x9AE8, 0x92A8, 0x9287, 0x8A26, 0x8A05, 0x9246,
  0x9287, 0x9A87, 0x9287, 0x9287, 0x9266, 0x8A46, 0x8A25, 0x8A05,
  0x8205, 0x8205, 0x81E4, 0x81C4, 0x79A3, 0x7983, 0x7983, 0x7963,
  0x7163, 0x7142, 0x7122, 0x7102, 0x6902, 0x6901, 0x6901, 0x6901,
  0x6901, 0x7102, 0x7122, 0x7122, 0x7142, 0x7142, 0x7962, 0x7963,
  0x7963, 0x81A3, 0x81A3, 0x81A4, 0x81E4, 0x8A04, 0x8A45, 0x9266,
  0x9286, 0x9286, 0x92A6, 0x9AC7, 0x9B07, 0x9B28, 0x9B49, 0xA38A,
  0xA3AA, 0xA3CB, 0xABCB, 0xABCA, 0xABCA, 0xB40C, 0xB46D, 0xBC8D,
  0xBC8D, 0xBC8E, 0xBCAE, 0xBCEF, 0xC4EF, 0xC4EF, 0xC50F, 0xC530,
  0xC550, 0xC571, 0xCD91, 0xCD92, 0xCDD2, 0xD5F3, 0xD5F3, 0xD634,
  0xD654, 0xDE55, 0xDE76, 0xDE77, 0xDE77, 0xDEB7, 0xDED8, 0xDEF8,
  0xE719, 0xE719, 0xE719, 0xE719, 0xE73A, 0xE75A, 0xE73A, 0xE75B,
  0xE75B, 0xE75B, 0xE75B, 0xE73B, 0xE73B, 0xE73B, 0xE71B, 0xE6FB,
  0xE71B, 0xE6FA, 0xE699, 0xDE79, 0xE699, 0xE6BA, 0xE6DB, 0xDE79,
  0xDE39, 0xDE9A, 0xE6FB, 0xDEFB, 0xDE9A, 0xD659, 0xCE59, 0xCE79,
  0xC659, 0xBDD7, 0xAD76, 0xA555, 0x9CD3, 0x8471, 0x7C0F, 0x736E,
  0x5ACB, 0x39E7, 0x10A2, 0x0020, 0x0000, 0x0000, 0x0000, 0x0000,
  0x0000, 0x0000, 0x0000, 0x0000, 0x0000, 0x0000, 0x0000, 0x0000,
  0x0000, 0x0000, 0x0000, 0x0000, 0x0000, 0x0000, 0x0000, 0x0000,
  0x0000, 0x0000, 0x0000, 0x0000, 0x0000, 0x0000, 0x0000, 0x0000,
  0x0000, 0x0000, 0x0000, 0x0000, 0x0000, 0x0000, 0x0000, 0x0000,
  0x0000, 0x0000, 0x0000, 0x0000, 0x0000, 0x0000, 0x0000, 0x0000,
  0x0000, 0x0000, 0x0000, 0x0861, 0x2103, 0x39C5, 0x4A69, 0x630B,
  0x736E, 0x83F0, 0x9472, 0xA4F4, 0xAD56, 0xB5B7, 0xC5F7, 0xCDF7,
  0xCDF7, 0xCDB6, 0xCDB6, 0xD619, 0xDEBB, 0xDEBB, 0xDE9A, 0xE6BB,
  0xE6DB, 0xDEBB, 0xDE7A, 0xDE5A, 0xE67A, 0xDEBA, 0xE6FB, 0xE71C,
  0xE71C, 0xE71C, 0xE6FB, 0xDEDB, 0xDE9A, 0xDE9B, 0xDE5A, 0xD595,
  0xD4D1, 0xD533, 0xE638, 0xE679, 0xDE17, 0xDDF6, 0xDE17, 0xDE37,
  0xDE57, 0xDE77, 0xDE77, 0xDE77, 0xDE57, 0xDE36, 0xD615, 0xD5D4,
  0xCDB3, 0xCD93, 0xC552, 0xC4F1, 0xC4AF, 0xBCAF, 0xBCAF, 0xBC8E,
  0xBC4D, 0xBC4D, 0xB40D, 0xB3EC, 0xABEC, 0xABEC, 0xABCC, 0xA36A,
  0x9B29, 0x9B08, 0x9AE8, 0x9AE8, 0x9AC8, 0x92C8, 0x92A7, 0x9266,
  0x8A25, 0x8A05, 0x9226, 0x9246, 0x9266, 0x9287, 0x9266, 0x8A46,
  0x8A25, 0x8A05, 0x81E4, 0x81E4, 0x81E4, 0x81C4, 0x7983, 0x7983,
  0x7963, 0x7963, 0x7163, 0x7142, 0x7122, 0x7102, 0x6902, 0x6901,
  0x6901, 0x6901, 0x6901, 0x7102, 0x7102, 0x7122, 0x7122, 0x7142,
  0x7962, 0x7963, 0x7963, 0x7983, 0x81A3, 0x81A4, 0x81C4, 0x8A04,
  0x8A25, 0x9245, 0x9286, 0x9286, 0x9286, 0x92A6, 0x9AC7, 0x9AE7,
  0x9B28, 0xA369, 0xA38A, 0xA3AA, 0xABCB, 0xABEB, 0xABEB, 0xAC0B,
  0xB44D, 0xBC6D, 0xBC8E, 0xBCAE, 0xBCAE, 0xBCCF, 0xC4EF, 0xC50F,
  0xC4EF, 0xC50F, 0xC530, 0xC550, 0xCD71, 0xCD71, 0xCDB2, 0xCDD2,
  0xD5D2, 0xD5F3, 0xD634, 0xD635, 0xDE56, 0xDE76, 0xDE97, 0xDE97,
  0xDEB8, 0xDED8, 0xDEF8, 0xDEF8, 0xDEF8, 0xDED8, 0xE6F9, 0xE71A,
  0xE73A, 0xE75A, 0xE75B, 0xE75B, 0xE73B, 0xE71A, 0xE71A, 0xE71A,
  0xE71B, 0xE73B, 0xE71B, 0xE6BA, 0xE69A, 0xE6BA, 0xE6BA, 0xE6BA,
  0xE69A, 0xE67A, 0xDE9B, 0xDEBA, 0xDE79, 0xDE9A, 0xD67A, 0xD639,
  0xD639, 0xD679, 0xD69A, 0xC659, 0xBE18, 0xB5D7, 0xA534, 0x9471,
  0x8C51, 0x8C30, 0x83CF, 0x6B4D, 0x4249, 0x2965, 0x10A2, 0x0020,
  0x0000, 0x0000, 0x0000, 0x0000, 0x0000, 0x0000, 0x0000, 0x0000,
  0x0000, 0x0000, 0x0000, 0x0000, 0x0000, 0x0000, 0x0000, 0x0000,
  0x0000, 0x0000, 0x0000, 0x0000, 0x0000, 0x0000, 0x0000, 0x0000,
  0x0000, 0x0000, 0x0000, 0x0000, 0x0000, 0x0000, 0x0000, 0x0000,
  0x0000, 0x0000, 0x0000, 0x0000, 0x0000, 0x0000, 0x0000, 0x0000,
  0x0000, 0x0000, 0x0000, 0x0840, 0x18C2, 0x3185, 0x4A27, 0x5AA9,
  0x6B0C, 0x736E, 0x8410, 0x9492, 0xA4F4, 0xB576, 0xBDF8, 0xC639,
  0xCE18, 0xCDF7, 0xCDF7, 0xD618, 0xD638, 0xD69A, 0xDEFC, 0xDF3D,
  0xE73C, 0xE71C, 0xE6DB, 0xDE7A, 0xDE5A, 0xE6BB, 0xE71C, 0xE6FB,
  0xDE9A, 0xE6BA, 0xE6FC, 0xE6FC, 0xE6DB, 0xE6BB, 0xDE9A, 0xDE79,
  0xDE79, 0xDE59, 0xDDB5, 0xD511, 0xD512, 0xDDD6, 0xE678, 0xDE37,
  0xDDD6, 0xDDF5, 0xDE16, 0xDE36, 0xDE57, 0xDE57, 0xDE56, 0xD616,
  0xD5F5, 0xD5D4, 0xCDB3, 0xCD93, 0xC552, 0xC531, 0xC4F0, 0xBCCF,
  0xBCAF, 0xBC8E, 0xBC6E, 0xBC4D, 0xB40D, 0xABCC, 0xABCB, 0xABEC,
  0xABEC, 0xA38B, 0xA349, 0x9B29, 0x9AE8, 0x9AE8, 0x9AC7, 0x92A7,
  0x92A7, 0x9287, 0x8A46, 0x8A05, 0x8A25, 0x8A25, 0x8A45, 0x9246,
  0x8A46, 0x8A46, 0x8A25, 0x8205, 0x81E4, 0x81E4, 0x81C4, 0x81A4,
  0x7983, 0x7983, 0x7963, 0x7963, 0x7142, 0x7142, 0x7122, 0x7102,
  0x6902, 0x6901, 0x6901, 0x6901, 0x6901, 0x7101, 0x7102, 0x7122,
  0x7122, 0x7142, 0x7142, 0x7963, 0x7963, 0x7983, 0x81A3, 0x81A3,
  0x81A3, 0x89E4, 0x8A25, 0x8A45, 0x9266, 0x9286, 0x9286, 0x92A6,
  0x92A6, 0x9AC6, 0x9AE7, 0xA328, 0xA369, 0xA38A, 0xABCA, 0xABCA,
  0xABCA, 0xAC0B, 0xB42C, 0xB44D, 0xBC8E, 0xBCAE, 0xBCAE, 0xBCCF,
  0xBCEF, 0xBD0F, 0xC4EF, 0xC4EF, 0xC4EF, 0xC50F, 0xC530, 0xCD51,
  0xCD91, 0xCD91, 0xCD91, 0xD5B2, 0xDDF3, 0xDE55, 0xDE76, 0xDE76,
  0xDE76, 0xDE97, 0xDE97, 0xDEB8, 0xDED8, 0xDED8, 0xDED8, 0xDE97,
  0xDEB8, 0xE6F9, 0xE719, 0xE73A, 0xE73A, 0xE73A, 0xE71A, 0xE6FA,
  0xE6FA, 0xE6FA, 0xE6FB, 0xE71B, 0xE71B, 0xE6BA, 0xE6DB, 0xE71B,
  0xE6FB, 0xE6BA, 0xE679, 0xE6BB, 0xE6FB, 0xE6BB, 0xDE59, 0xDE18,
  0xDE59, 0xDE7A, 0xD639, 0xCE18, 0xD69A, 0xCE99, 0xC638, 0xB5B6,
  0xAD55, 0xA514, 0xAD35, 0x9CF3, 0x8450, 0x73CF, 0x738F, 0x632D,
  0x4A69, 0x2965, 0x10A2, 0x0020, 0x0000, 0x0000, 0x0000, 0x0000,
  0x0000, 0x0000, 0x0000, 0x0000, 0x0000, 0x0000, 0x0000, 0x0000,
  0x0000, 0x0000, 0x0000, 0x0000, 0x0000, 0x0000, 0x0000, 0x0000,
  0x0000, 0x0000, 0x0000, 0x0000, 0x0000, 0x0000, 0x0000, 0x0000,
  0x0000, 0x0000, 0x0000, 0x0000, 0x0000, 0x0000, 0x0000, 0x0000,
  0x0000, 0x0000, 0x0000, 0x0860, 0x20E2, 0x3184, 0x4207, 0x5288,
  0x630A, 0x736D, 0x7BCF, 0x8430, 0x9C92, 0xA514, 0xAD96, 0xBDF8,
  0xCE59, 0xD69B, 0xCE59, 0xD639, 0xDE7A, 0xDEDC, 0xDEFC, 0xDEDB,
  0xDEDB, 0xDEFC, 0xE71C, 0xE71C, 0xE6BB, 0xDE7A, 0xDEBB, 0xE6FC,
  0xE6FC, 0xE71C, 0xDE9A, 0xDE79, 0xE6DB, 0xE71C, 0xE71C, 0xE6FB,
  0xE6BA, 0xDE79, 0xDE59, 0xDE79, 0xDE99, 0xD636, 0xD512, 0xD4D0,
  0xDDD5, 0xE658, 0xDE16, 0xD5D5, 0xD5D5, 0xDDF5, 0xDE36, 0xDE36,
  0xDE36, 0xD615, 0xD5F5, 0xCDB4, 0xCDB3, 0xCD93, 0xC552, 0xC511,
  0xC4F0, 0xBCD0, 0xBCAF, 0xBC6E, 0xB46E, 0xB44D, 0xB42D, 0xABEC,
  0xABCB, 0xABEC, 0xABCC, 0xAB8B, 0xA34A, 0xA329, 0x9B08, 0x9AE8,
  0x92C7, 0x92A7, 0x92A7, 0x9286, 0x8A46, 0x8A46, 0x8A46, 0x8A25,
  0x8A25, 0x8A05, 0x8A25, 0x8A25, 0x8A25, 0x8205, 0x81E4, 0x81C4,
  0x81C4, 0x79A4, 0x7983, 0x7983, 0x7963, 0x7143, 0x7142, 0x7122,
  0x7122, 0x6902, 0x6902, 0x6901, 0x6901, 0x6901, 0x6901, 0x6901,
  0x7102, 0x7102, 0x7122, 0x7122, 0x7142, 0x7142, 0x7963, 0x7963,
  0x7983, 0x81A3, 0x81A3, 0x81C3, 0x8A04, 0x8A25, 0x9245, 0x9266,
  0x9286, 0x92A6, 0x92A6, 0x9AC6, 0x9AE7, 0xA328, 0xA348, 0xA369,
  0xA369, 0xA369, 0xABAA, 0xABEB, 0xAC2C, 0xAC2C, 0xB46D, 0xBC8E,
  0xBCAE, 0xBCCE, 0xBCCF, 0xBCEF, 0xBCEF, 0xBCEF, 0xC4CE, 0xC4CE,
  0xC510, 0xCD71, 0xCD70, 0xCD70, 0xCD91, 0xCDB2, 0xD5D3, 0xDE14,
  0xDE55, 0xDE55, 0xDE55, 0xD676, 0xDE76, 0xDE97, 0xDED8, 0xDED8,
  0xDEB7, 0xDE76, 0xDE97, 0xE6D8, 0xE6F8, 0xE71A, 0xDF1A, 0xDF19,
  0xDEF9, 0xE6FA, 0xE71A, 0xE71A, 0xE71B, 0xE73B, 0xE6FA, 0xE6DA,
  0xEF1B, 0xE73B, 0xEF1B, 0xEEFB, 0xE6BA, 0xE6DA, 0xE6FB, 0xE6FB,
  0xE69A, 0xDE18, 0xDE18, 0xDE9A, 0xDE9A, 0xD618, 0xD639, 0xCE58,
  0xC5D6, 0xBD96, 0xBDF8, 0xB5F8, 0xBDF8, 0xAD96, 0x94D3, 0x8430,
  0x8410, 0x8411, 0x7BAF, 0x630C, 0x4A69, 0x3165, 0x20E3, 0x1081,
  0x0020, 0x0000, 0x0000, 0x0000, 0x0000, 0x0000, 0x0000, 0x0000,
  0x0000, 0x0000, 0x0000, 0x0000, 0x0000, 0x0000, 0x0000, 0x0000,
  0x0000, 0x0000, 0x0000, 0x0000, 0x0000, 0x0000, 0x0000, 0x0000,
  0x0000, 0x0000, 0x0000, 0x0000, 0x0000, 0x0000, 0x0000, 0x0000,
  0x0000, 0x0000, 0x0840, 0x1081, 0x2902, 0x39A5, 0x4A27, 0x5A88,
  0x62EA, 0x6B2B, 0x738D, 0x8430, 0x9492, 0xA4D3, 0xAD15, 0xB597,
  0xC619, 0xCE59, 0xCE7A, 0xD6BB, 0xDEDC, 0xDE9A, 0xDE9B, 0xE6FD,
  0xE73E, 0xE71C, 0xDEDB, 0xDEFB, 0xEF5D, 0xEF5D, 0xDEDB, 0xDE9A,
  0xDEDB, 0xE71C, 0xE6FC, 0xE6DB, 0xE6BB, 0xDE9A, 0xE6BA, 0xE71B,
  0xE73C, 0xE71C, 0xE6DA, 0xDE99, 0xDE78, 0xDE78, 0xDE99, 0xDEB9,
  0xDE58, 0xD553, 0xD511, 0xDD73, 0xDD94, 0xD573, 0xD593, 0xD5B4,
  0xD5D5, 0xD5F5, 0xD615, 0xD5F5, 0xD5D4, 0xCDB4, 0xCD93, 0xCD72,
  0xC532, 0xC511, 0xBCF0, 0xBCD0, 0xBC8F, 0xB44D, 0xB44D, 0xB44D,
  0xB42D, 0xB40C, 0xB3EC, 0xABEC, 0xABEC, 0xABAB, 0xA34A, 0x9AE8,
  0x9AE8, 0x9AE8, 0x92A7, 0x9287, 0x9287, 0x9287, 0x9266, 0x8A46,
  0x8A46, 0x8A46, 0x8A26, 0x8A05, 0x81E4, 0x8A05, 0x8A05, 0x8205,
  0x81E4, 0x81C4, 0x79A4, 0x79A4, 0x7983, 0x7963, 0x7963, 0x7142,
  0x7142, 0x7122, 0x6902, 0x6902, 0x6901, 0x6901, 0x6901, 0x6901,
  0x6901, 0x6901, 0x6902, 0x7102, 0x7122, 0x7122, 0x7122, 0x7142,
  0x7963, 0x7963, 0x7983, 0x7983, 0x81A3, 0x81C4, 0x89E4, 0x8A25,
  0x8A45, 0x9266, 0x9286, 0x9286, 0x92A6, 0x92A6, 0x9AE7, 0xA328,
  0xA348, 0xA348, 0xA328, 0xA328, 0xAB6A, 0xABCB, 0xAC0C, 0xAC2C,
  0xB44D, 0xB48E, 0xB48E, 0xBCCE, 0xBCCF, 0xBCCF, 0xBCCF, 0xBCCE,
  0xBCAD, 0xC4CE, 0xC4EE, 0xC4EE, 0xC4EF, 0xCD30, 0xCD92, 0xD5D2,
  0xD5B2, 0xD5D2, 0xD613, 0xDE34, 0xD655, 0xD655, 0xD675, 0xDE96,
  0xDE96, 0xDE97, 0xDE96, 0xDE56, 0xDE76, 0xDEB7, 0xE6F9, 0xE71A,
  0xE6F9, 0xDEB8, 0xDEB8, 0xE71A, 0xE73B, 0xE71A, 0xE71A, 0xE73B,
  0xE71B, 0xE6DB, 0xE6FB, 0xE6FB, 0xE71B, 0xEF1B, 0xE6FB, 0xE6DB,
  0xE6FB, 0xE6FB, 0xE6DA, 0xE6BB, 0xDE7A, 0xDE79, 0xE6DA, 0xDE9A,
  0xD618, 0xCE17, 0xCE18, 0xCE19, 0xCE59, 0xC65A, 0xC65A, 0xBE39,
  0xA576, 0x94B2, 0x8C31, 0x9432, 0x8C32, 0x8410, 0x738D, 0x62CA,
  0x5A69, 0x4207, 0x2944, 0x18C2, 0x0841, 0x0000, 0x0000, 0x0000,
  0x0000, 0x0000, 0x0000, 0x0000, 0x0000, 0x0000, 0x0000, 0x0000,
  0x0000, 0x0000, 0x0000, 0x0000, 0x0000, 0x0000, 0x0000, 0x0000,
  0x0000, 0x0000, 0x0000, 0x0000, 0x0000, 0x0000, 0x0000, 0x0000,
  0x0000, 0x0820, 0x1060, 0x18A1, 0x2923, 0x39A4, 0x5247, 0x5AC9,
  0x62CA, 0x6B0B, 0x7B6D, 0x83EF, 0x8C51, 0x9CB3, 0xAD14, 0xB555,
  0xBD96, 0xC618, 0xCE5A, 0xD67A, 0xD69B, 0xDEDC, 0xE75D, 0xE6FC,
  0xDEBB, 0xE6FC, 0xE73D, 0xE73D, 0xE6FB, 0xDEDB, 0xE73C, 0xEF5D,
  0xE6DB, 0xE6BA, 0xE6FB, 0xE71C, 0xE6FC, 0xDEDB, 0xE6DB, 0xDEDA,
  0xDEB9, 0xDEB9, 0xE6DA, 0xE6FB, 0xE6BA, 0xE6B9, 0xDE99, 0xDE98,
  0xDE78, 0xE699, 0xE6BA, 0xDE78, 0xD573, 0xCCAF, 0xCCB0, 0xD532,
  0xD553, 0xD593, 0xCDB4, 0xCD93, 0xCDB3, 0xCDB4, 0xCD93, 0xCD93,
  0xCD93, 0xCD72, 0xCD52, 0xC531, 0xBCF0, 0xBCAF, 0xBC8E, 0xB44D,
  0xB44D, 0xB42D, 0xB42C, 0xB40C, 0xB3EC, 0xABEB, 0xABEC, 0xABCB,
  0xA36A, 0x9AE8, 0x9AA7, 0x9AA7, 0x92A7, 0x92A7, 0x9287, 0x9266,
  0x9266, 0x8A46, 0x8A46, 0x8A46, 0x8A46, 0x8A25, 0x8A05, 0x89E4,
  0x81E4, 0x81E4, 0x81E4, 0x81C4, 0x79A4, 0x7983, 0x7983, 0x7963,
  0x7163, 0x7142, 0x7122, 0x7122, 0x7102, 0x6901, 0x6901, 0x6901,
  0x6901, 0x6901, 0x6901, 0x6901, 0x6902, 0x7102, 0x7122, 0x7122,
  0x7122, 0x7142, 0x7962, 0x7963, 0x7983, 0x7983, 0x7983, 0x81C4,
  0x81E4, 0x8A04, 0x8A45, 0x9265, 0x9286, 0x9286, 0x9286, 0x92A6,
  0x9AE7, 0x9B08, 0xA328, 0xA328, 0xA328, 0xA328, 0xAB69, 0xABAB,
  0xAC0B, 0xAC2C, 0xAC4D, 0xB46D, 0xB48E, 0xB4AF, 0xBCCF, 0xBCCF,
  0xBCCE, 0xBCAD, 0xBCAE, 0xC4CE, 0xC4CD, 0xC4AD, 0xC4EF, 0xCD51,
  0xCD92, 0xD5B2, 0xD5B2, 0xD5D2, 0xD5F3, 0xD635, 0xD676, 0xD675,
  0xDE75, 0xDE75, 0xD676, 0xDE76, 0xDE97, 0xDE77, 0xDE56, 0xDE76,
  0xE6B7, 0xE6F8, 0xE6D7, 0xE697, 0xE6B8, 0xE71A, 0xE71A, 0xE6F9,
  0xE6FA, 0xE73B, 0xE73B, 0xE6DA, 0xE6BA, 0xE6FB, 0xE71B, 0xE73C,
  0xEF5C, 0xE71C, 0xE6DB, 0xE6DB, 0xE71B, 0xE73C, 0xE71C, 0xE6DB,
  0xE6BA, 0xDE38, 0xD5D7, 0xD638, 0xD69A, 0xDEBB, 0xD6BB, 0xCE7A,
  0xCE7A, 0xC67A, 0xB618, 0xA555, 0xA4B2, 0x9CB3, 0x9CB3, 0x8C72,
  0x83EF, 0x7B6D, 0x7B4D, 0x732C, 0x5ACA, 0x4A28, 0x31A6, 0x2904,
  0x18A2, 0x1081, 0x0840, 0x0020, 0x0000, 0x0000, 0x0000, 0x0000,
  0x0000, 0x0000, 0x0000, 0x0000, 0x0000, 0x0000, 0x0000, 0x0000,
  0x0000, 0x0000, 0x0000, 0x0000, 0x0000, 0x0000, 0x0020, 0x0840,
  0x0840, 0x1081, 0x18A1, 0x2902, 0x3163, 0x41C5, 0x5227, 0x5AA9,
  0x6B0B, 0x734C, 0x736D, 0x83AF, 0x8C11, 0x9493, 0xA4F4, 0xB555,
  0xBD97, 0xBDD7, 0xC5F8, 0xCE39, 0xD65A, 0xD69B, 0xDEFC, 0xE71D,
  0xEF5E, 0xE71C, 0xDE9A, 0xDEBA, 0xE71D, 0xE75D, 0xE75D, 0xE71C,
  0xE71C, 0xEF3D, 0xE6FC, 0xE6FB, 0xE73C, 0xEF3D, 0xE71C, 0xE6FC,
  0xDEFB, 0xE6FB, 0xE6DA, 0xDE99, 0xE678, 0xE699, 0xE6BA, 0xE6DA,
  0xE6FA, 0xDEB9, 0xDE78, 0xDE58, 0xDE99, 0xDEB9, 0xDE37, 0xCCF1,
  0xC44E, 0xCCD0, 0xD573, 0xD593, 0xCD93, 0xCD73, 0xCD72, 0xCD72,
  0xCD72, 0xCD52, 0xCD52, 0xCD72, 0xCD72, 0xC531, 0xC4F0, 0xBC8E,
  0xB46E, 0xB46E, 0xB44D, 0xB44D, 0xB42C, 0xABEC, 0xABCB, 0xABAB,
  0xA38A, 0xA38A, 0xA36A, 0x9B08, 0x92A7, 0x9287, 0x9AA7, 0x9AA7,
  0x9266, 0x8A46, 0x8A25, 0x8A46, 0x8A46, 0x8A46, 0x8A46, 0x8A46,
  0x8A25, 0x8A05, 0x81C4, 0x81A3, 0x81A4, 0x81A4, 0x79A3, 0x7983,
  0x7963, 0x7963, 0x7163, 0x7142, 0x7122, 0x7122, 0x6902, 0x6901,
  0x6901, 0x6901, 0x6901, 0x6901, 0x6901, 0x6901, 0x6902, 0x7102,
  0x7102, 0x7122, 0x7122, 0x7122, 0x7942, 0x7963, 0x7983, 0x7983,
  0x7983, 0x81A3, 0x81E4, 0x8204, 0x8A25, 0x8A45, 0x9265, 0x9265,
  0x9265, 0x9286, 0x92E7, 0x9B07, 0xA328, 0xA328, 0xA308, 0xA329,
  0xAB69, 0xA38A, 0xABCB, 0xAC0C, 0xAC0C, 0xAC4C, 0xB46D, 0xB4AE,
  0xBCCF, 0xBCEE, 0xBCAD, 0xBC8C, 0xBC8D, 0xC48D, 0xC4AD, 0xC4EF,
  0xCD31, 0xCD71, 0xCD71, 0xCD91, 0xD5D2, 0xD5D2, 0xD5F3, 0xD635,
  0xD655, 0xDE55, 0xDE55, 0xDE56, 0xD676, 0xDE76, 0xDE97, 0xDE97,
  0xD635, 0xDE14, 0xDE34, 0xDE96, 0xDEB7, 0xE6D8, 0xE6F9, 0xE6F9,
  0xDED9, 0xE6D9, 0xE6FA, 0xE6FA, 0xE6FA, 0xE6DA, 0xE6FB, 0xEF1B,
  0xEF3C, 0xEF3C, 0xEF5C, 0xEF1B, 0xE6DB, 0xE6FB, 0xEF3C, 0xEF3D,
  0xEF3D, 0xE73C, 0xDE78, 0xDD75, 0xDDD7, 0xDE9A, 0xDEDB, 0xDEDB,
  0xDEFC, 0xD6BB, 0xCE7A, 0xC67A, 0xBE59, 0xBDD7, 0xB575, 0xB576,
  0xAD55, 0x9CD3, 0x9492, 0x8C10, 0x83AF, 0x83AF, 0x7BCF, 0x738E,
  0x632C, 0x5ACB, 0x5249, 0x41E7, 0x3185, 0x2103, 0x18C2, 0x18A2,
  0x1061, 0x0841, 0x0840, 0x0020, 0x0020, 0x0000, 0x0000, 0x0020,
  0x0020, 0x0020, 0x0020, 0x0020, 0x0840, 0x0841, 0x1081, 0x18A1,
  0x18E2, 0x2923, 0x3164, 0x41A5, 0x49C6, 0x5227, 0x5A89, 0x62CA,
  0x6B0C, 0x736D, 0x7BAE, 0x83F0, 0x9431, 0x9C93, 0xA4F4, 0xAD35,
  0xB555, 0xBDD7, 0xCE39, 0xCE59, 0xCE38, 0xD639, 0xD67B, 0xDEDC,
  0xE73D, 0xEF5E, 0xE73D, 0xE71C, 0xDE79, 0xDE59, 0xE6DC, 0xE71D,
  0xEF5D, 0xE75D, 0xE73C, 0xE71C, 0xE6FB, 0xE71C, 0xEF5D, 0xEF5D,
  0xEF3C, 0xE75C, 0xE73C, 0xE71B, 0xE71B, 0xE6DA, 0xE699, 0xE678,
  0xE6BA, 0xE71B, 0xE71A, 0xE6F9, 0xDE98, 0xDE58, 0xDE57, 0xDE57,
  0xDE78, 0xDDF6, 0xCCD1, 0xCC6E, 0xD531, 0xD593, 0xCDB4, 0xCD93,
  0xCD73, 0xCD52, 0xCD52, 0xC531, 0xC532, 0xC552, 0xC531, 0xC511,
  0xC4F0, 0xBCAE, 0xB46E, 0xB48E, 0xB46E, 0xB44D, 0xB42C, 0xABEC,
  0xABAB, 0xABAB, 0xA34A, 0xA329, 0xA329, 0x9B08, 0x9AC7, 0x9AA7,
  0x9AA7, 0x9287, 0x8A66, 0x8A46, 0x8A25, 0x8A25, 0x8A25, 0x8A25,
  0x8A25, 0x8A25, 0x8A26, 0x8A25, 0x81E4, 0x81A4, 0x7983, 0x7983,
  0x7983, 0x7983, 0x7963, 0x7963, 0x7142, 0x7142, 0x7122, 0x7102,
  0x6901, 0x6901, 0x6901, 0x6901, 0x6901, 0x6901, 0x6901, 0x6901,
  0x6901, 0x6902, 0x7102, 0x7122, 0x7122, 0x7122, 0x7142, 0x7942,
  0x7963, 0x7983, 0x7983, 0x81A3, 0x81C4, 0x81E4, 0x8A04, 0x8A25,
  0x9245, 0x9245, 0x9245, 0x9265, 0x92C6, 0x9AE7, 0xA328, 0x9B07,
  0x9AE7, 0xA328, 0xA349, 0xA349, 0xA38A, 0xABCB, 0xABCB, 0xABEB,
  0xAC2C, 0xB46D, 0xBCAD, 0xBCAC, 0xBC4B, 0xBC2B, 0xBC4C, 0xBC8C,
  0xC4CF, 0xCD51, 0xCD71, 0xCD71, 0xCD71, 0xCDB1, 0xCDD2, 0xCDB2,
  0xCDB2, 0xD614, 0xD635, 0xDE15, 0xDE35, 0xD676, 0xD676, 0xDE76,
  0xDE96, 0xDE96, 0xDE55, 0xD614, 0xD614, 0xDE56, 0xDEB8, 0xE71A,
  0xE71A, 0xE6FA, 0xE6D9, 0xE6B8, 0xE6D9, 0xE6B9, 0xE698, 0xE6DA,
  0xE71B, 0xE6FB, 0xEEFB, 0xEF1B, 0xE6DA, 0xEE9A, 0xEEDB, 0xE6FC,
  0xE71C, 0xEF3D, 0xEF1C, 0xE6DA, 0xE638, 0xDDD7, 0xE659, 0xE6DB,
  0xDEFC, 0xDEDB, 0xDEDB, 0xDEDB, 0xD6BB, 0xCE9A, 0xCE7A, 0xC659,
  0xBDF8, 0xBDB7, 0xB596, 0xB575, 0xAD96, 0xA514, 0x9491, 0x8C71,
  0x8C71, 0x8C71, 0x8431, 0x8410, 0x7BCF, 0x738D, 0x6B2C, 0x5AAA,
  0x5269, 0x4A48, 0x4A27, 0x41E6, 0x39A6, 0x3185, 0x2944, 0x2924,
  0x2903, 0x2903, 0x2924, 0x2944, 0x2944, 0x3164, 0x3185, 0x39A5,
  0x41E6, 0x4A07, 0x4A47, 0x5268, 0x5AAA, 0x62EB, 0x6AEB, 0x730C,
  0x7B6E, 0x7BCF, 0x83F1, 0x8C52, 0x94B3, 0x9CF4, 0xA515, 0xAD56,
  0xBDB7, 0xC5D7, 0xC5D7, 0xC618, 0xCE7A, 0xD65A, 0xCE59, 0xD67A,
  0xDEBC, 0xE71D, 0xE73D, 0xE73D, 0xE73D, 0xE73C, 0xDEBA, 0xDE59,
  0xDE9B, 0xE6DC, 0xE6FC, 0xE73D, 0xE73D, 0xE6DB, 0xDE9A, 0xE71C,
  0xEF7E, 0xEF7D, 0xEF5C, 0xEF5C, 0xEF5C, 0xE71B, 0xE6FB, 0xE71B,
  0xE6DA, 0xE678, 0xE699, 0xE6FA, 0xE71A, 0xE71A, 0xE6B8, 0xDE77,
  0xDE37, 0xD636, 0xD616, 0xDE58, 0xD5B4, 0xCC6D, 0xCC4C, 0xD552,
  0xD5D5, 0xCDB4, 0xCD73, 0xCD52, 0xC531, 0xC531, 0xC531, 0xC511,
  0xC4F0, 0xC4F0, 0xBCF0, 0xBCAF, 0xBC8E, 0xBC8E, 0xB46E, 0xB44D,
  0xB40C, 0xABEC, 0xABAB, 0xABCB, 0xAB8A, 0xA34A, 0x9B29, 0x9AE8,
  0x9AE8, 0x9AE8, 0x9AC7, 0x9287, 0x8A66, 0x8A46, 0x8A25, 0x8A05,
  0x8205, 0x8205, 0x8A05, 0x8A05, 0x8A05, 0x8205, 0x8205, 0x81C4,
  0x79A3, 0x7963, 0x7963, 0x7963, 0x7963, 0x7143, 0x7142, 0x7122,
  0x7122, 0x6902, 0x6901, 0x6901, 0x6901, 0x6901, 0x6901, 0x6901,
  0x6901, 0x6901, 0x6901, 0x6901, 0x6902, 0x7122, 0x7122, 0x7122,
  0x7122, 0x7142, 0x7942, 0x7963, 0x7963, 0x8183, 0x81C4, 0x81E4,
  0x8204, 0x8A04, 0x8A25, 0x9225, 0x9245, 0x9265, 0x92A6, 0x9AC7,
  0x9AE7, 0x9AE7, 0x9AE7, 0x9B07, 0xA348, 0xA348, 0xA349, 0xA36A,
  0xAB8A, 0xAB89, 0xABAA, 0xB3EA, 0xB3EA, 0xB3CA, 0xB3CA, 0xBC0B,
  0xBC6D, 0xBCCE, 0xC530, 0xCD50, 0xCD71, 0xCD71, 0xC571, 0xCDB2,
  0xCDF3, 0xCDB2, 0xCDB2, 0xD5F3, 0xD614, 0xD614, 0xD614, 0xD634,
  0xD675, 0xDE96, 0xD676, 0xDE75, 0xDE76, 0xDE76, 0xDE56, 0xDEB8,
  0xE6B9, 0xE6D9, 0xE71A, 0xE6F9, 0xE6B8, 0xE6B8, 0xDED9, 0xDED9,
  0xDE99, 0xE6BA, 0xE6FA, 0xE699, 0xE679, 0xE69A, 0xE6BA, 0xE6BA,
  0xE6DB, 0xE6FC, 0xE6FC, 0xEEFB, 0xE6B9, 0xE679, 0xEEBA, 0xE6FB,
  0xE6BA, 0xE6BA, 0xE6BB, 0xDEBB, 0xDEBA, 0xDEDB, 0xD6DB, 0xD69A,
  0xD69A, 0xD69A, 0xCE39, 0xBDB6, 0xBDD7, 0xC639, 0xC639, 0xBDD7,
  0xB595, 0xA534, 0xA534, 0xA535, 0xA534, 0xA4F4, 0x9CD3, 0x9492,
  0x9451, 0x8C10, 0x840F, 0x7BEF, 0x7BAE, 0x7B8D, 0x7B8D, 0x736C,
  0x6B2B, 0x6AEB, 0x62CA, 0x5AAA, 0x5AAA, 0x5AAA, 0x62EB, 0x6B0C,
  0x6B2B, 0x6B2C, 0x734C, 0x7B6D, 0x7B6D, 0x7B8D, 0x7BAF, 0x83F0,
  0x8BF0, 0x8BF0, 0x9451, 0x9CD3, 0xA515, 0xAD56, 0xB5B7, 0xBDF8,
  0xBDF8, 0xC619, 0xCE59, 0xD679, 0xD67A, 0xD67A, 0xD63A, 0xCDF9,
  0xD619, 0xDE9B, 0xDEDC, 0xDEFC, 0xE73D, 0xE75D, 0xE75D, 0xEF7E,
  0xE73C, 0xDEBA, 0xDE9A, 0xE6DC, 0xE6DC, 0xE6FC, 0xE6FB, 0xDE9A,
  0xDE79, 0xE71B, 0xEF7D, 0xEF5D, 0xEF3C, 0xEF3C, 0xEF3C, 0xEF1C,
  0xE6FB, 0xE6FA, 0xE6FA, 0xE6B9, 0xE698, 0xE6B9, 0xE6FA, 0xE6D9,
  0xE6B8, 0xDE77, 0xDE36, 0xD616, 0xD615, 0xDE37, 0xDE16, 0xCCF0,
  0xC40B, 0xCC8E, 0xD593, 0xD5D4, 0xCD73, 0xC552, 0xC510, 0xC531,
  0xC511, 0xC511, 0xC4F0, 0xBCD0, 0xBCD0, 0xBCAF, 0xBC8F, 0xBC6E,
  0xB44D, 0xB44D, 0xB42D, 0xAC0C, 0xABCB, 0xABCB, 0xABCB, 0xAB8A,
  0xA329, 0x9B08, 0x9AE8, 0x9AE8, 0x92C7, 0x92A7, 0x92A7, 0x9287,
  0x8A46, 0x8A25, 0x81E4, 0x81E4, 0x81E5, 0x81E5, 0x81E4, 0x81E5,
  0x81E4, 0x81C4, 0x79A4, 0x7983, 0x7963, 0x7942, 0x7143, 0x7142,
  0x7122, 0x7122, 0x7122, 0x6902, 0x6901, 0x6901, 0x6901, 0x6901,
  0x6901, 0x6901, 0x6901, 0x6901, 0x6901, 0x6901, 0x6902, 0x7102,
  0x7102, 0x7122, 0x7122, 0x7122, 0x7142, 0x7962, 0x7962, 0x7983,
  0x81A3, 0x81C4, 0x81E4, 0x89E4, 0x8A05, 0x8A25, 0x9225, 0x9245,
  0x9265, 0x92A6, 0x9AC7, 0x9AC6, 0x9AC6, 0x9B07, 0xA328, 0xA327,
  0x9B08, 0xA308, 0xA328, 0xAB28, 0xA307, 0xA307, 0xAB28, 0xAB89,
  0xB42C, 0xBC8D, 0xBCCF, 0xC530, 0xC550, 0xC550, 0xCD51, 0xCD71,
  0xC571, 0xC592, 0xCDD4, 0xCDF3, 0xCD91, 0xCD91, 0xD5F3, 0xD613,
  0xD5F3, 0xD613, 0xD634, 0xD656, 0xD635, 0xD655, 0xDE76, 0xDE76,
  0xDE76, 0xDE97, 0xE6B8, 0xE6D9, 0xE6D9, 0xE697, 0xE698, 0xE6FA,
  0xDF3B, 0xDED9, 0xDE57, 0xDE37, 0xDE58, 0xDE78, 0xE679, 0xE6BA,
  0xE71B, 0xE73B, 0xE71B, 0xE6DB, 0xE6BA, 0xE6BA, 0xE6BA, 0xE6FB,
  0xEF3C, 0xEF3C, 0xE6FB, 0xE69A, 0xDE7A, 0xDEBA, 0xDEFB, 0xDEFB,
  0xDEDB, 0xD69A, 0xD69A, 0xD6BA, 0xCE39, 0xCDD7, 0xCE39, 0xCE9A,
  0xCE7A, 0xC638, 0xC5F8, 0xBDD7, 0xBDD7, 0xBE18, 0xBDF7, 0xBDD7,
  0xB5B7, 0xB596, 0xAD75, 0xAD34, 0xA513, 0xA4F3, 0x9CD3, 0x9CB2,
  0x9C91, 0x9491, 0x8C50, 0x8C30, 0x8C30, 0x8C30, 0x7BEF, 0x7BAE,
  0x7BCE, 0x8BF0, 0x9471, 0x9491, 0x9471, 0x9C91, 0x9CB2, 0x9CF3,
  0x9CF4, 0x9CD3, 0xA4B3, 0xA4F3, 0xACF4, 0xB576, 0xC619, 0xCE9A,
  0xD6BB, 0xD6FC, 0xDF1C, 0xDF1C, 0xE71C, 0xE71C, 0xE6FC, 0xE6FC,
  0xDE7B, 0xD598, 0xD578, 0xDE7B, 0xDEFC, 0xE71C, 0xE73D, 0xEF7D,
  0xEF5D, 0xEF7E, 0xEF5D, 0xDEFB, 0xDEB9, 0xE6FB, 0xE6FC, 0xE6FC,
  0xE6DB, 0xDE99, 0xDE99, 0xE6DA, 0xE71C, 0xEF3D, 0xEF3C, 0xEF5C,
  0xEF5C, 0xE71C, 0xE6FA, 0xE6B9, 0xE6B9, 0xE6FA, 0xE6B8, 0xDE78,
  0xE6B8, 0xE6D9, 0xE6B8, 0xDE77, 0xDE36, 0xD5F6, 0xD5F5, 0xDE16,
  0xD616, 0xD573, 0xCCAF, 0xC44D, 0xCCF0, 0xD593, 0xCDB4, 0xC552,
  0xC531, 0xC510, 0xC511, 0xC511, 0xC4F0, 0xBCCF, 0xBCAF, 0xBCAE,
  0xBC8E, 0xBC6E, 0xB42D, 0xB42D, 0xAC2D, 0xAC0C, 0xABEC, 0xABAB,
  0xAB8A, 0xA36A, 0xA329, 0x9B08, 0x9B08, 0x9AE8, 0x9AC8, 0x92A7,
  0x92A7, 0x92A7, 0x8A66, 0x8A46, 0x8205, 0x81E4, 0x81E4, 0x81E4,
  0x81C4, 0x81C4, 0x81C4, 0x79A4, 0x79A4, 0x7983, 0x7963, 0x7142,
  0x7142, 0x7142, 0x7122, 0x7122, 0x7102, 0x6901, 0x6901, 0x6901,
  0x6901, 0x6901, 0x6901, 0x6901, 0x6901, 0x6901, 0x6901, 0x6901,
  0x6902, 0x7102, 0x7102, 0x7122, 0x7122, 0x7122, 0x7142, 0x7942,
  0x7962, 0x7963, 0x7983, 0x81A3, 0x81C4, 0x89E4, 0x8A05, 0x8A05,
  0x8A04, 0x9225, 0x9245, 0x9286, 0x9AC7, 0x9AA6, 0x92A6, 0x92C6,
  0x9AC6, 0x9AA6, 0x9AA6, 0x9A86, 0x9A85, 0xA286, 0x9A86, 0x9AA7,
  0xA329, 0xB3EB, 0xB48D, 0xBCCE, 0xBCEF, 0xC510, 0xC550, 0xC550,
  0xCD51, 0xCD71, 0xCD91, 0xC592, 0xCDB3, 0xD5D2, 0xCD91, 0xC571,
  0xCDD2, 0xCDD3, 0xD5F3, 0xD5F3, 0xD5F3, 0xD614, 0xD5F4, 0xD615,
  0xD635, 0xD656, 0xD635, 0xDE36, 0xDE97, 0xE6D9, 0xE6B8, 0xE697,
  0xE6B8, 0xE71A, 0xDEF9, 0xDE77, 0xDE16, 0xDE37, 0xDE78, 0xE6B9,
  0xE6DA, 0xE6D9, 0xE6DA, 0xEEFB, 0xE6FA, 0xE678, 0xE638, 0xEEBA,
  0xEF1C, 0xEF5D, 0xEF3C, 0xEF1C, 0xE71C, 0xE6DB, 0xDE9A, 0xDE9A,
  0xDEBA, 0xDEBA, 0xDE9A, 0xD659, 0xCE38, 0xD659, 0xD639, 0xD65A,
  0xD69A, 0xD6BB, 0xD69A, 0xCE59, 0xCE59, 0xCE39, 0xCE39, 0xCE7A,
  0xD6DB, 0xD6DC, 0xD6BB, 0xD69A, 0xCE79, 0xC618, 0xBE18, 0xBDF7,
  0xB5B6, 0xB596, 0xAD75, 0xAD95, 0xAD75, 0xA534, 0xA514, 0xA4F3,
  0x94B2, 0x9471, 0x9451, 0x9CB3, 0xAD55, 0xAD75, 0xAD34, 0xAD14,
  0xAD75, 0xBDF7, 0xBDF7, 0xBDB6, 0xC5D7, 0xCE39, 0xC5F8, 0xCDD7,
  0xD65A, 0xDF3D, 0xE7BE, 0xEFBE, 0xEFBF, 0xEF9E, 0xEF5E, 0xEF5E,
  0xE73D, 0xE73D, 0xE6FC, 0xDDD9, 0xD4F6, 0xD619, 0xDEDB, 0xE71C,
  0xE75D, 0xEF7E, 0xEF7E, 0xEF5D, 0xE75D, 0xE71B, 0xDE99, 0xE6DB,
  0xE73C, 0xE73C, 0xE6FB, 0xDEBA, 0xDEBA, 0xE6DB, 0xE6FB, 0xE73C,
  0xEF3C, 0xEF3C, 0xEF3B, 0xEF1B, 0xE6DA, 0xE6B9, 0xDE99, 0xE6D9,
  0xE6D9, 0xDE57, 0xDE36, 0xE698, 0xE6D9, 0xE6B8, 0xDE56, 0xD5F5,
  0xD5D5, 0xDE15, 0xD5F5, 0xD594, 0xCD32, 0xC4B0, 0xC44E, 0xCCD0,
  0xCD93, 0xCD72, 0xC531, 0xC510, 0xC4F0, 0xC4F0, 0xC4CF, 0xBCAE,
  0xBC8E, 0xBC6E, 0xBC6E, 0xB44D, 0xB42D, 0xAC2C, 0xAC0C, 0xAC0C,
  0xABEC, 0xABAB, 0xA36A, 0x9B09, 0x9AE8, 0x9AE8, 0x9B08, 0x9B08,
  0x9AC8, 0x92A7, 0x9287, 0x8A66, 0x8A66, 0x8A46, 0x8205, 0x8205,
  0x81E4, 0x81E4, 0x81C4, 0x79A4, 0x79A4, 0x7983, 0x7983, 0x7983,
  0x7963, 0x7142, 0x7122, 0x7122, 0x7122, 0x7102, 0x7102, 0x6901,
  0x6901, 0x6901, 0x6901, 0x6901, 0x6901, 0x6901, 0x6901, 0x6901,
  0x6901, 0x6901, 0x6901, 0x7102, 0x7102, 0x7122, 0x7122, 0x7122,
  0x7122, 0x7942, 0x7962, 0x7962, 0x7963, 0x81A3, 0x81C4, 0x81E4,
  0x8A04, 0x8A04, 0x8A04, 0x8A25, 0x9245, 0x9266, 0x9AA6, 0x9AA6,
  0x9265, 0x9265, 0x9265, 0x9A65, 0x9A45, 0x9224, 0x9204, 0x9225,
  0x9A66, 0xA2E8, 0xAB8A, 0xB42C, 0xB46D, 0xB4AE, 0xBCCF, 0xBD10,
  0xC550, 0xC550, 0xCD50, 0xCD71, 0xCD71, 0xCD91, 0xCD71, 0xCD71,
  0xCD91, 0xCD91, 0xCDB2, 0xCDB2, 0xD5B2, 0xD5D2, 0xCDF3, 0xD614,
  0xD615, 0xD614, 0xD614, 0xD635, 0xD636, 0xD636, 0xDE97, 0xE6B8,
  0xE697, 0xDE97, 0xDED8, 0xDEB7, 0xDE36, 0xDE16, 0xDE57, 0xDEB9,
  0xDED9, 0xE6FA, 0xE6D9, 0xE678, 0xE658, 0xE699, 0xE678, 0xDE17,
  0xE638, 0xEEDB, 0xEF3D, 0xEF3C, 0xE71C, 0xE6FB, 0xE6FB, 0xE6FC,
  0xDEDB, 0xDE9A, 0xD639, 0xD659, 0xD67A, 0xD639, 0xD5D8, 0xD619,
  0xDE9B, 0xDEDC, 0xDEDB, 0xDEBB, 0xD69A, 0xD69A, 0xDEBB, 0xD6BB,
  0xD67A, 0xDE7A, 0xDEDC, 0xE6FC, 0xE71D, 0xE73D, 0xDF1C, 0xD6DB,
  0xD6DB, 0xCEBA, 0xCE9A, 0xCE9A, 0xCE79, 0xC659, 0xCE39, 0xC618,
  0xBD96, 0xB555, 0xB535, 0xB535, 0xB556, 0xBDD7, 0xC638, 0xC618,
  0xC5F8, 0xC5D7, 0xC5F7, 0xCE18, 0xCDF7, 0xD659, 0xDF1C, 0xE75E,
  0xE71C, 0xDE9A, 0xD65A, 0xE71D, 0xEFFF, 0xF7FF, 0xF7FF, 0xEF9F,
  0xEF7E, 0xEF7E, 0xEF5D, 0xE73D, 0xEF5E, 0xE67A, 0xD4F5, 0xDD97,
  0xDE7A, 0xE71C, 0xE75D, 0xEF9F, 0xE79E, 0xE75D, 0xE75D, 0xE73C,
  0xDEBA, 0xE6BA, 0xE73C, 0xEF5D, 0xE73C, 0xDEDB, 0xDEDA, 0xE6FB,
  0xE71B, 0xE73C, 0xEF5C, 0xEF1B, 0xEEFA, 0xEEFA, 0xE6FA, 0xE6D9,
  0xDEB9, 0xDEB8, 0xE698, 0xDE57, 0xDE16, 0xDE36, 0xE697, 0xE6B8,
  0xDE77, 0xD615, 0xD5D5, 0xD5F5, 0xD5F5, 0xD573, 0xCD32, 0xD532,
  0xC48E, 0xC44D, 0xCCEF, 0xCD52, 0xC551, 0xC511, 0xC4F0, 0xBCCF,
  0xBCAE, 0xBC6E, 0xBC6E, 0xB44D, 0xB42D, 0xB42C, 0xB42C, 0xAC2C,
  0xAC0C, 0xABEC, 0xABEB, 0xABCB, 0xA36A, 0x9AE8, 0x9AA7, 0x9AC8,
  0x9B08, 0x9AE8, 0x92C7, 0x92A7, 0x8A66, 0x8A45, 0x8A25, 0x8A25,
  0x8205, 0x8205, 0x81E4, 0x81C4, 0x81C4, 0x79A4, 0x7983, 0x7983,
  0x7963, 0x7963, 0x7942, 0x7142, 0x7122, 0x7122, 0x7122, 0x7102,
  0x6902, 0x6901, 0x6901, 0x6901, 0x6901, 0x6901, 0x6901, 0x6901,
  0x6901, 0x6901, 0x6901, 0x6901, 0x6901, 0x7102, 0x7102, 0x7102,
  0x7122, 0x7122, 0x7122, 0x7942, 0x7942, 0x7962, 0x7962, 0x8183,
  0x81A3, 0x81C4, 0x89E4, 0x89E4, 0x89E4, 0x8A24, 0x9245, 0x9266,
  0x9286, 0x9265, 0x9224, 0x9225, 0x9245, 0x9265, 0x9224, 0x9204,
  0x9204, 0x9245, 0x9AA7, 0xA2E8, 0xAB6A, 0xB40C, 0xB44D, 0xB48E,
  0xBCCF, 0xBD10, 0xC550, 0xC550, 0xCD50, 0xCD50, 0xCD71, 0xCD71,
  0xC551, 0xCD51, 0xCD91, 0xCDB2, 0xCDB1, 0xD5B1, 0xD592, 0xCDD2,
  0xCDF4, 0xCE35, 0xD655, 0xD655, 0xD614, 0xD615, 0xD656, 0xD677,
  0xDE97, 0xDE97, 0xDE77, 0xDE77, 0xDE77, 0xDE56, 0xDE15, 0xDE37,
  0xDE99, 0xDEB9, 0xDEB8, 0xDE98, 0xDE58, 0xE617, 0xDE38, 0xDE58,
  0xDE38, 0xDE38, 0xE69A, 0xE6DB, 0xE6FB, 0xE6FB, 0xE6DB, 0xE6DB,
  0xDEDB, 0xDEDB, 0xE6FB, 0xDE9A, 0xD639, 0xD67A, 0xDEDB, 0xDEBB,
  0xD65A, 0xD65A, 0xDEDC, 0xE71C, 0xE71C, 0xDEDB, 0xDE9A, 0xDEBB,
  0xDEFB, 0xDEFB, 0xDEDB, 0xDE9A, 0xDE59, 0xDE79, 0xE6DB, 0xE71C,
  0xE71C, 0xE71C, 0xDEFC, 0xDEDB, 0xDEDB, 0xDEFC, 0xDEDB, 0xD679,
  0xDE9A, 0xD69A, 0xCE18, 0xC5D7, 0xC5F7, 0xCE18, 0xD679, 0xDEDB,
  0xDEFB, 0xDEDB, 0xDEDC, 0xDEFC, 0xDEBA, 0xD679, 0xD638, 0xDEBB,
  0xEF9E, 0xEFDF, 0xEFBF, 0xEF7D, 0xE6DB, 0xDEBB, 0xE73D, 0xEF9E,
  0xF79E, 0xEF7D, 0xEF5D, 0xEF5D, 0xEF3D, 0xEF3D, 0xF77E, 0xE69A,
  0xD4F4, 0xDD35, 0xE67A, 0xEF1C, 0xE73C, 0xEF9E, 0xE79E, 0xE77D,
  0xEF5D, 0xE75D, 0xE71B, 0xDEBA, 0xE6FB, 0xEF5D, 0xE71C, 0xDEBA,
  0xDE99, 0xE6DA, 0xE6FB, 0xEF3B, 0xEF5C, 0xEF1B, 0xE6DA, 0xE6FA,
  0xEF1A, 0xE6FA, 0xE6D9, 0xE6B8, 0xDE78, 0xDE77, 0xDE37, 0xDDF5,
  0xDDF4, 0xDE56, 0xDE97, 0xDE56, 0xD5D5, 0xD5D4, 0xD5B4, 0xD552,
  0xCCF1, 0xD552, 0xCD31, 0xC46E, 0xC44D, 0xC4F0, 0xC531, 0xC531,
  0xC4F0, 0xBCCF, 0xBC8E, 0xBC4D, 0xBC4E, 0xB44D, 0xB42D, 0xB40C,
  0xAC0C, 0xAC0C, 0xAC0C, 0xABCB, 0xABCB, 0xA3AB, 0xA36A, 0x9B08,
  0x9AA7, 0x9AA7, 0x92C7, 0x92A7, 0x9287, 0x9286, 0x9246, 0x8A25,
  0x8A25, 0x8A25, 0x8205, 0x8205, 0x81E4, 0x81C4, 0x81A4, 0x7983,
  0x7983, 0x7963, 0x7963, 0x7142, 0x7142, 0x7122, 0x7122, 0x7122,
  0x7102, 0x6902, 0x6901, 0x6901, 0x6901, 0x6901, 0x6901, 0x6901,
  0x6901, 0x6901, 0x6901, 0x6901, 0x6901, 0x6901, 0x6901, 0x6901,
  0x7102, 0x7102, 0x7122, 0x7122, 0x7122, 0x7122, 0x7922, 0x7942,
  0x7962, 0x7963, 0x8183, 0x81A3, 0x81C4, 0x89E4, 0x89E4, 0x8A04,
  0x9224, 0x9245, 0x9245, 0x9224, 0x9204, 0x9204, 0x9224, 0x9225,
  0x9225, 0x9204, 0x9204, 0x9A66, 0xA2C7, 0xA2C7, 0xA309, 0xABAB,
  0xB42D, 0xB48E, 0xBCAF, 0xBCF0, 0xC530, 0xC530, 0xC550, 0xC550,
  0xC550, 0xC571, 0xCD72, 0xCD71, 0xCD91, 0xCD71, 0xCD51, 0xCD91,
  0xCDD2, 0xCDF4, 0xCDF4, 0xCE14, 0xD635, 0xD656, 0xD656, 0xD635,
  0xD656, 0xD697, 0xDE97, 0xDE97, 0xDE97, 0xDE98, 0xDE98, 0xDE98,
  0xDE78, 0xDE57, 0xDE17, 0xDE17, 0xDE16, 0xDDD6, 0xDDD6, 0xDDF6,
  0xDE58, 0xDE58, 0xDE79, 0xDE9A, 0xDE9A, 0xDEBA, 0xDE9A, 0xDEBA,
  0xDE9A, 0xDE9A, 0xDEBA, 0xE6DB, 0xDEDB, 0xDEBA, 0xDEBB, 0xDEFC,
  0xDF1C, 0xE71C, 0xDEDC, 0xD67A, 0xD67A, 0xDEDB, 0xE73D, 0xE71C,
  0xDEBA, 0xDEBB, 0xDEBA, 0xD659, 0xD65A, 0xE6DC, 0xE6DB, 0xDEBB,
  0xE6BB, 0xE6DC, 0xE6BB, 0xE6DC, 0xE6FC, 0xE6FB, 0xDEBA, 0xDE79,
  0xDE59, 0xDEBA, 0xE71C, 0xE73D, 0xDEFB, 0xDEBA, 0xDEDA, 0xDEFB,
  0xE71C, 0xE73C, 0xE75D, 0xE77D, 0xEF7E, 0xEF9E, 0xEF7E, 0xEF7E,
  0xE75D, 0xE71C, 0xEF5D, 0xF7DF, 0xF7FF, 0xF7DF, 0xEF7E, 0xE6DB,
  0xDE59, 0xDE5A, 0xE69B, 0xDEBB, 0xDEBA, 0xDE9A, 0xE6BB, 0xEF1D,
  0xF77E, 0xE65A, 0xCC93, 0xD4F4, 0xE679, 0xE71C, 0xE71C, 0xE77D,
  0xEF9E, 0xEF9E, 0xEF7E, 0xEF5D, 0xEF3D, 0xE6FB, 0xE6FB, 0xE73C,
  0xE71B, 0xDE78, 0xE659, 0xE6BA, 0xE6FA, 0xE6FB, 0xEF1B, 0xE71B,
  0xE6FA, 0xE6FA, 0xE6DA, 0xE6D9, 0xE6B9, 0xE6B8, 0xE698, 0xE678,
  0xDE77, 0xDE15, 0xD592, 0xD5B3, 0xDE15, 0xDE35, 0xD5D3, 0xD5D3,
  0xD593, 0xCD32, 0xCCF1, 0xCD52, 0xD5B4, 0xCD31, 0xBC6D, 0xC46D,
  0xCCEF, 0xC4F0, 0xC4F0, 0xBCCF, 0xBC6E, 0xBC4D, 0xBC4D, 0xBC6E,
  0xB46D, 0xABEC, 0xABAA, 0xABCB, 0xAC0C, 0xABEB, 0xABAB, 0xA38A,
  0xA349, 0x9B08, 0x9AC8, 0x9AA7, 0x9287, 0x9287, 0x9287, 0x9266,
  0x8A45, 0x8A25, 0x8A25, 0x8A05, 0x8205, 0x81E4, 0x81E4, 0x81C4,
  0x7983, 0x7963, 0x7963, 0x7943, 0x7142, 0x7142, 0x7142, 0x7122,
  0x7122, 0x7122, 0x7102, 0x6902, 0x6901, 0x6901, 0x6901, 0x6901,
  0x6901, 0x6901, 0x6901, 0x6901, 0x6901, 0x6901, 0x6901, 0x6901,
  0x6901, 0x6901, 0x6901, 0x6902, 0x7122, 0x7122, 0x7122, 0x7122,
  0x7122, 0x7942, 0x7942, 0x7963, 0x7983, 0x81A3, 0x81C4, 0x89E4,
  0x8A04, 0x8A04, 0x8A04, 0x9204, 0x9225, 0x9225, 0x9204, 0x89C3,
  0x89C3, 0x9225, 0x9A66, 0x9224, 0x9204, 0x9AA6, 0xA308, 0x9AC7,
  0x9AA7, 0xAB6A, 0xB40C, 0xB46D, 0xB4AE, 0xBCCF, 0xC510, 0xC510,
  0xC530, 0xC550, 0xC550, 0xCD71, 0xCD92, 0xC592, 0xCD92, 0xCD92,
  0xCD91, 0xCDB2, 0xD5D3, 0xD5F4, 0xD5F5, 0xCDF4, 0xCE14, 0xD635,
  0xD656, 0xD656, 0xD697, 0xDEB7, 0xDEB7, 0xDE98, 0xDEB8, 0xDED9,
  0xDED9, 0xDEB9, 0xDEB8, 0xDE77, 0xDE16, 0xD5F5, 0xDDF6, 0xDDF6,
  0xDDF6, 0xDE17, 0xDE37, 0xD658, 0xDE99, 0xDE9A, 0xDE9A, 0xDE9A,
  0xDE79, 0xD679, 0xDE59, 0xDE59, 0xDE79, 0xDEBA, 0xDEBA, 0xDEDA,
  0xE71C, 0xDF3D, 0xDF1C, 0xDF1D, 0xDF3D, 0xDEBB, 0xD618, 0xD659,
  0xE71C, 0xE73D, 0xE6FB, 0xDE9A, 0xDE9A, 0xD5F8, 0xCDD7, 0xE6BB,
  0xEF9E, 0xEF9E, 0xEF9E, 0xEF5D, 0xE71C, 0xE71C, 0xEF5E, 0xEF5D,
  0xE6FB, 0xDEBB, 0xE6DB, 0xE73D, 0xEF7E, 0xEFBE, 0xEFBE, 0xEF9D,
  0xEF7D, 0xF77E, 0xEF9E, 0xEF9E, 0xEFBE, 0xEFBE, 0xF79E, 0xEF7E,
  0xEF7D, 0xF7BF, 0xF7DF, 0xEF7D, 0xE71C, 0xEF5D, 0xFFDF, 0xF7BF,
  0xEF7D, 0xE6FC, 0xDE7A, 0xE67B, 0xE6BB, 0xDEDB, 0xDEDA, 0xDEBA,
  0xE6BB, 0xEF1D, 0xF71D, 0xDD97, 0xC3F0, 0xCD15, 0xDEBA, 0xE73C,
  0xE6FB, 0xE6FB, 0xE6DB, 0xEEFC, 0xEF1C, 0xEF3C, 0xE6FB, 0xE6BA,
  0xE6DA, 0xE73B, 0xEF1B, 0xE699, 0xE679, 0xE6DA, 0xE6FA, 0xE6DA,
  0xE6DA, 0xE71A, 0xE71A, 0xE6FA, 0xE6D9, 0xDEB9, 0xE6B8, 0xE698,
  0xE698, 0xDE97, 0xDE57, 0xDE16, 0xD5B4, 0xD593, 0xD5B3, 0xD5B3,
  0xD592, 0xDDB3, 0xD593, 0xCD11, 0xCD11, 0xCD52, 0xD593, 0xD593,
  0xC510, 0xBC4C, 0xC46D, 0xC4CF, 0xC4D0, 0xBC8E, 0xBC4D, 0xB42D,
  0xB44C, 0xB44D, 0xB44D, 0xB40C, 0xABAB, 0xABAB, 0xABAB, 0xABAB,
  0xA3AB, 0xA38A, 0xA329, 0x9AE8, 0x9AC8, 0x9AC7, 0x92A7, 0x9286,
  0x9266, 0x9266, 0x8A45, 0x8A25, 0x8A05, 0x8A05, 0x81E5, 0x81E4,
  0x81C4, 0x79A4, 0x7983, 0x7963, 0x7963, 0x7142, 0x7142, 0x7142,
  0x7142, 0x7122, 0x7122, 0x7102, 0x6902, 0x6901, 0x6901, 0x6901,
  0x6901, 0x6901, 0x6901, 0x6901, 0x6901, 0x6901, 0x6901, 0x6901,
  0x6901, 0x6901, 0x6901, 0x6901, 0x6901, 0x6902, 0x7122, 0x7122,
  0x7122, 0x7122, 0x7122, 0x7942, 0x7942, 0x7962, 0x7963, 0x8183,
  0x81C4, 0x8A04, 0x8A04, 0x89E4, 0x89E4, 0x8A04, 0x9224, 0x9224,
  0x8A04, 0x89A3, 0x89A3, 0x9A25, 0x9A66, 0x9224, 0x9204, 0x9AE7,
  0xAB49, 0x9AC7, 0x9AA6, 0xA329, 0xABEC, 0xB44D, 0xB48E, 0xBCCF,
  0xC4F0, 0xC510, 0xC530, 0xC550, 0xCD50, 0xCD51, 0xCD71, 0xC572,
  0xC592, 0xCDD2, 0xD5D3, 0xD5D2, 0xD5D3, 0xD5D4, 0xD5F4, 0xD5F4,
  0xCE15, 0xCE15, 0xD635, 0xD656, 0xD677, 0xD697, 0xD677, 0xDE77,
  0xDEB8, 0xDED9, 0xDED9, 0xE6B8, 0xDE97, 0xDE77, 0xDE35, 0xDDF5,
  0xDE37, 0xDE78, 0xDE58, 0xDE58, 0xDE58, 0xD679, 0xDE99, 0xDE99,
  0xD679, 0xD679, 0xD678, 0xD658, 0xD638, 0xDE59, 0xDE9A, 0xDE9A,
  0xDE99, 0xDEBA, 0xE71C, 0xE73D, 0xDF1C, 0xDEFC, 0xE71D, 0xDEFC,
  0xD638, 0xD5F8, 0xE6DC, 0xEF7D, 0xE71B, 0xDEBB, 0xE71D, 0xDE7A,
  0xCD96, 0xE65A, 0xF7BF, 0xF7FF, 0xEFFF, 0xEFDF, 0xEF7D, 0xEF1C,
  0xF77E, 0xF7BF, 0xEF9E, 0xEF9E, 0xEFBF, 0xEFDF, 0xEFBF, 0xF7BE,
  0xF7FF, 0xF7FF, 0xF7DF, 0xFFDF, 0xFFDF, 0xF7DF, 0xF7FF, 0xF7DF,
  0xF7BE, 0xF77D, 0xEF3C, 0xEF3D, 0xEFBF, 0xEF9E, 0xE71B, 0xE6BA,
  0xF75E, 0xF7DF, 0xEF9E, 0xE6FC, 0xE6DC, 0xEF1E, 0xEF3E, 0xEF5D,
  0xE73D, 0xE71C, 0xE73C, 0xEF5E, 0xEEBC, 0xD4D4, 0xC3AF, 0xD535,
  0xDE9A, 0xDEBA, 0xDE38, 0xDE17, 0xD618, 0xDE59, 0xE679, 0xE679,
  0xE659, 0xDE38, 0xDE37, 0xDE99, 0xE6BA, 0xE679, 0xE679, 0xE6DA,
  0xE6FA, 0xE6DA, 0xE6FA, 0xE71A, 0xE71A, 0xE6FA, 0xE6F9, 0xE6D9,
  0xE6B9, 0xE6B8, 0xE698, 0xDE77, 0xDE36, 0xDDF6, 0xDDD5, 0xD5B4,
  0xD5B4, 0xD593, 0xD552, 0xD573, 0xD552, 0xCD11, 0xCD31, 0xCD51,
  0xCD31, 0xCD72, 0xCD52, 0xC4AF, 0xBC2C, 0xBC4D, 0xBC8E, 0xBC8E,
  0xBC4D, 0xB42D, 0xB40C, 0xB40C, 0xB42C, 0xB40C, 0xABEB, 0xABCB,
  0xA3AB, 0xA38B, 0xA38A, 0xA349, 0xA309, 0x9AE8, 0x9AC8, 0x9AC8,
  0x92A7, 0x9286, 0x9266, 0x9266, 0x8A25, 0x8A05, 0x8A05, 0x8A05,
  0x81E4, 0x81C4, 0x81A4, 0x79A3, 0x7983, 0x7963, 0x7142, 0x7142,
  0x7142, 0x7142, 0x7142, 0x7122, 0x7102, 0x6902, 0x6901, 0x6901,
  0x6901, 0x6901, 0x6901, 0x6901, 0x6901, 0x6901, 0x6901, 0x6901,
  0x6901, 0x6901, 0x6901, 0x6901, 0x6901, 0x6901, 0x6901, 0x6902,
  0x7102, 0x7122, 0x7122, 0x7122, 0x7122, 0x7942, 0x7942, 0x7962,
  0x7963, 0x81A3, 0x81C4, 0x89E4, 0x89E4, 0x89E4, 0x89E4, 0x8A05,
  0x9225, 0x9225, 0x9204, 0x91E4, 0x91C4, 0x9225, 0x9245, 0x9224,
  0x9225, 0xA2E8, 0xAB49, 0xA2E7, 0x9AA7, 0xA309, 0xAB8A, 0xB40B,
  0xB46D, 0xBCAF, 0xBCCF, 0xBCEF, 0xC50F, 0xC530, 0xCD30, 0xCD50,
  0xC571, 0xC571, 0xC591, 0xCDD2, 0xD5F3, 0xD5D3, 0xD5B2, 0xD5D3,
  0xD5D3, 0xCDF4, 0xCE15, 0xCE15, 0xD615, 0xD635, 0xD676, 0xD657,
  0xD656, 0xD656, 0xD677, 0xD677, 0xDE76, 0xDE77, 0xDE98, 0xDE77,
  0xDE14, 0xDDF4, 0xDE78, 0xDE99, 0xDE99, 0xDE99, 0xDEB9, 0xDE99,
  0xDE99, 0xD699, 0xD678, 0xD658, 0xD678, 0xDE79, 0xD69A, 0xDEBA,
  0xE6FB, 0xDEFB, 0xDE99, 0xDE9A, 0xE6FC, 0xE71C, 0xDF1C, 0xE6FC,
  0xE71C, 0xE73C, 0xDE9A, 0xD5F8, 0xDE59, 0xE6FB, 0xE6FB, 0xE6FC,
  0xE73C, 0xDE38, 0xD575, 0xE67B, 0xF79F, 0xF7DF, 0xEFDF, 0xEFDF,
  0xEF7D, 0xEEFB, 0xEF3D, 0xF7DF, 0xF7FF, 0xF7FF, 0xF7FF, 0xF7FF,
  0xF7FF, 0xF7DE, 0xF7DF, 0xF7DF, 0xF7DF, 0xFFFF, 0xFFFF, 0xFFFF,
  0xFFFF, 0xFFFF, 0xFFFF, 0xF7BE, 0xEF3B, 0xEF1C, 0xEF5E, 0xEF9E,
  0xEF3C, 0xE6BB, 0xE6FC, 0xF79E, 0xF7BE, 0xEF1C, 0xE6FC, 0xEF7E,
  0xF79F, 0xF79F, 0xEF9E, 0xEF7D, 0xEF5D, 0xF79F, 0xE69B, 0xCCB2,
  0xD431, 0xDD97, 0xDE39, 0xDE18, 0xDDF7, 0xDE18, 0xD638, 0xDE79,
  0xDE79, 0xDE58, 0xDE58, 0xDE78, 0xDE37, 0xDE38, 0xDE58, 0xDE37,
  0xE638, 0xE699, 0xE6DA, 0xE6FA, 0xE71A, 0xE71A, 0xE6FA, 0xE6FA,
  0xE6D9, 0xEEF9, 0xE6D9, 0xE6D9, 0xE6B8, 0xDE77, 0xDE16, 0xDDF5,
  0xD5D5, 0xD5B4, 0xDDD4, 0xDDD5, 0xD593, 0xCD32, 0xCD10, 0xCD11,
  0xCD31, 0xCD51, 0xCD31, 0xC531, 0xC531, 0xC4F0, 0xBC4D, 0xB3EB,
  0xBC0C, 0xBC4D, 0xBC4D, 0xB44D, 0xB40C, 0xB3EC, 0xB40C, 0xB40C,
  0xAC0C, 0xABEC, 0xABCB, 0xA3AB, 0xA36A, 0xA329, 0xA308, 0x9AE8,
  0x9AC8, 0x92A7, 0x9AA7, 0x92A7, 0x9266, 0x8A46, 0x8A25, 0x8A05,
  0x8205, 0x81E4, 0x81C4, 0x81A3, 0x7983, 0x7983, 0x7963, 0x7963,
  0x7142, 0x7142, 0x7142, 0x7122, 0x7122, 0x7122, 0x7102, 0x6902,
  0x6901, 0x6901, 0x6901, 0x6901, 0x6901, 0x6901, 0x6901, 0x6901,
  0x6901, 0x6901, 0x6901, 0x6901, 0x6901, 0x6901, 0x6901, 0x6901,
  0x6901, 0x6901, 0x6902, 0x7122, 0x7122, 0x7122, 0x7122, 0x7942,
  0x7962, 0x7963, 0x7983, 0x81A3, 0x81A4, 0x81C4, 0x81C4, 0x89E4,
  0x89E4, 0x8A05, 0x9245, 0x9245, 0x9205, 0x9205, 0x9225, 0x9225,
  0x9225, 0x9204, 0x9245, 0xA2E8, 0xAB49, 0xA328, 0x9AE7, 0x9AE8,
  0xAB28, 0xAB69, 0xB40C, 0xBC8E, 0xBCAE, 0xBCCF, 0xBCEF, 0xC4EF,
  0xC50F, 0xC530, 0xC571, 0xCD71, 0xCD71, 0xCDB2, 0xD5D2, 0xD5D2,
  0xD5B2, 0xD5B2, 0xCDB2, 0xCDD3, 0xCDF4, 0xD615, 0xD5F4, 0xD5F3,
  0xD635, 0xD656, 0xD656, 0xD656, 0xD655, 0xD635, 0xD5D3, 0xDDD4,
  0xDE57, 0xDE77, 0xDE14, 0xDE15, 0xDE77, 0xDE78, 0xDE78, 0xDEB9,
  0xDEB9, 0xDEB9, 0xDE99, 0xD699, 0xD699, 0xD699, 0xD699, 0xDEBA,
  0xDF1C, 0xDF1C, 0xE73C, 0xE71B, 0xDEBA, 0xDEBA, 0xDEFB, 0xDEFC,
  0xDEFB, 0xE71B, 0xE73C, 0xE75C, 0xDEFB, 0xD699, 0xD638, 0xDE38,
  0xE67A, 0xE6DB, 0xDE37, 0xCD34, 0xDD98, 0xEF3E, 0xF7BF, 0xF7BF,
  0xEFBE, 0xEF9E, 0xEF7D, 0xEF5D, 0xEF1C, 0xF77D, 0xFFFF, 0xF7FF,
  0xF7DF, 0xF7DE, 0xFFDE, 0xFFFF, 0xF7DF, 0xF79E, 0xF7BE, 0xFFFF,
  0xFFFF, 0xFFFF, 0xFFFF, 0xFFFF, 0xFFFF, 0xEFBD, 0xEF5C, 0xEF5D,
  0xEF3D, 0xEF3C, 0xEF5D, 0xEF5D, 0xEF1C, 0xE73C, 0xEF3C, 0xEEFB,
  0xEEFC, 0xEF9E, 0xF7DF, 0xF7DF, 0xF7BF, 0xF79E, 0xEF3D, 0xEF5E,
  0xE639, 0xD4B3, 0xDD15, 0xE67A, 0xE67A, 0xDE59, 0xDE9A, 0xE6FC,
  0xE71C, 0xE71C, 0xE71B, 0xE6DB, 0xDEDA, 0xE6FB, 0xE6DA, 0xDE99,
  0xDE79, 0xDE78, 0xE657, 0xE658, 0xEE99, 0xE6DA, 0xE6FA, 0xEEFA,
  0xE6FA, 0xE6D9, 0xE6D9, 0xE6D9, 0xE6D9, 0xE6B8, 0xDEB8, 0xDE97,
  0xDE36, 0xDDF5, 0xDDF5, 0xD5B3, 0xD593, 0xDDF4, 0xDE15, 0xCD72,
  0xCCCF, 0xCCCF, 0xCD31, 0xCD51, 0xC551, 0xC531, 0xC511, 0xC4F0,
  0xC4AF, 0xBC0C, 0xB3AA, 0xB3AB, 0xB3EC, 0xB42D, 0xB42C, 0xABEC,
  0xABEB, 0xAC0B, 0xABEB, 0xABEB, 0xABCB, 0xA3AB, 0xA38A, 0xA349,
  0xA308, 0x9AC7, 0x9287, 0x9266, 0x9287, 0x9287, 0x9266, 0x8A46,
  0x8A25, 0x8A05, 0x81E4, 0x81A4, 0x7983, 0x7963, 0x7963, 0x7963,
  0x7943, 0x7142, 0x7142, 0x7142, 0x7142, 0x7122, 0x7122, 0x7122,
  0x6902, 0x6901, 0x6901, 0x6901, 0x6901, 0x6901, 0x6901, 0x6901,
  0x6901, 0x6901, 0x6901, 0x6901, 0x6901, 0x6901, 0x6901, 0x6901,
  0x6901, 0x6901, 0x6901, 0x6901, 0x6902, 0x7102, 0x7102, 0x7122,
  0x7122, 0x7142, 0x7962, 0x7963, 0x7983, 0x81A3, 0x81A4, 0x81C4,
  0x81C4, 0x81C4, 0x89E4, 0x8A05, 0x9246, 0x9246, 0x9225, 0x9225,
  0x9A86, 0x9245, 0x91E4, 0x9204, 0x9A66, 0xA308, 0xA349, 0xA348,
  0xA327, 0x9AC7, 0xA2C7, 0xA2C7, 0xAB6A, 0xB44D, 0xBCAE, 0xBCAE,
  0xBCCF, 0xBCCF, 0xBCEF, 0xC52F, 0xC551, 0xC551, 0xCD51, 0xCD91,
  0xD5D2, 0xD5D2, 0xCDB1, 0xCD71, 0xD551, 0xCD71, 0xCDD3, 0xD5F4,
  0xCD92, 0xC50F, 0xCD31, 0xD615, 0xD656, 0xCE14, 0xD5F4, 0xD614,
  0xCD71, 0xCCF0, 0xDD94, 0xDE36, 0xDE35, 0xDE77, 0xDE98, 0xDE98,
  0xDE98, 0xDE98, 0xDEB9, 0xDEB9, 0xDE99, 0xDE99, 0xDEBA, 0xDEDA,
  0xD698, 0xD6B9, 0xDF1B, 0xE73C, 0xE73C, 0xDED9, 0xDE99, 0xDEDB,
  0xE71C, 0xE71C, 0xDEFB, 0xE71C, 0xE73C, 0xE73C, 0xE73C, 0xE73C,
  0xDEBA, 0xDE37, 0xE5D6, 0xE5B6, 0xD556, 0xDDF9, 0xEF3E, 0xEFBF,
  0xEFBF, 0xEFBE, 0xEFBE, 0xF79E, 0xF7BE, 0xF7DF, 0xF7BE, 0xEF3C,
  0xEF5C, 0xF7DF, 0xF7FF, 0xF7BE, 0xF79E, 0xF7BE, 0xF7DF, 0xF7BE,
  0xF7DE, 0xFFDF, 0xFFFF, 0xFFFF, 0xF7DE, 0xF79D, 0xF79D, 0xEF7C,
  0xEF3B, 0xEF1C, 0xEF1D, 0xEF3D, 0xEF5D, 0xF79E, 0xF7DF, 0xEF7D,
  0xDEB9, 0xDE99, 0xEF3D, 0xF7DF, 0xF7FF, 0xEFFF, 0xF7FF, 0xF7DF,
  0xEF7D, 0xF77D, 0xE618, 0xD4D4, 0xDD76, 0xEEFC, 0xEF1B, 0xE6BA,
  0xE6DB, 0xE71C, 0xEF3C, 0xE71B, 0xE6FB, 0xE71C, 0xE73B, 0xE6FA,
  0xDED9, 0xDEB9, 0xE6DA, 0xEF1B, 0xE6F9, 0xE678, 0xE637, 0xE658,
  0xE6B9, 0xE6F9, 0xE6D9, 0xE6B8, 0xE6B8, 0xE6B8, 0xE698, 0xDE77,
  0xDE97, 0xDE77, 0xDE16, 0xD5D4, 0xDDF5, 0xD5B4, 0xD552, 0xD592,
  0xDE14, 0xD592, 0xC4AE, 0xC48D, 0xC4F0, 0xCD31, 0xCD51, 0xC531,
  0xC530, 0xC4F0, 0xBCAF, 0xBC8E, 0xBC2C, 0xB3AA, 0xB349, 0xB38A,
  0xB3EC, 0xB40C, 0xB3CB, 0xABAA, 0xABCB, 0xABCB, 0xA3AA, 0xA38A,
  0xA38A, 0xA349, 0x9B08, 0x9AA7, 0x9246, 0x9225, 0x9246, 0x9266,
  0x8A46, 0x8A25, 0x8A25, 0x8205, 0x81C4, 0x7983, 0x7963, 0x7963,
  0x7963, 0x7942, 0x7142, 0x7142, 0x7142, 0x7142, 0x7142, 0x7122,
  0x7122, 0x7102, 0x6902, 0x6901, 0x6901, 0x6901, 0x6901, 0x6901,
  0x6901, 0x6901, 0x6901, 0x6901, 0x6901, 0x6901, 0x6901, 0x6901,
  0x6901, 0x6901, 0x6901, 0x6901, 0x6901, 0x6901, 0x6901, 0x6902,
  0x7102, 0x7122, 0x7122, 0x7142, 0x7942, 0x7963, 0x7983, 0x79A3,
  0x81A4, 0x81C4, 0x81C4, 0x81C4, 0x89E4, 0x89E5, 0x9225, 0x9225,
  0x9205, 0x9246, 0x9AA7, 0x9286, 0x91E4, 0x91E4, 0x9A86, 0xA328,
  0x9B28, 0xA349, 0xAB48, 0x9AA7, 0x9A86, 0x9A87, 0xA308, 0xABCB,
  0xBC8E, 0xBC8E, 0xB4AE, 0xB4AE, 0xB4CE, 0xC4EF, 0xC530, 0xC530,
  0xCD50, 0xCD71, 0xCDB1, 0xCDD2, 0xCD90, 0xCD2F, 0xD4AD, 0xCC8D,
  0xCD0F, 0xCDD4, 0xCD92, 0xBC2B, 0xBBAA, 0xCD31, 0xD615, 0xCDB3,
  0xCDB3, 0xD615, 0xCD51, 0xC46D, 0xD4D1, 0xDDF5, 0xDE77, 0xDED9,
  0xDEB8, 0xDEB8, 0xDEB8, 0xDEB9, 0xDED9, 0xDED9, 0xDEB9, 0xDEB9,
  0xDEFA, 0xDEFA, 0xD6B9, 0xD699, 0xDEDA, 0xDF1B, 0xDF3B, 0xDEB9,
  0xDE99, 0xDEFB, 0xDF1C, 0xE71B, 0xE6FB, 0xE6FB, 0xE71C, 0xEF3C,
  0xEF5C, 0xE73B, 0xE6FB, 0xE678, 0xDD54, 0xDCB3, 0xEE3A, 0xF79F,
  0xEFDF, 0xF79F, 0xF7BF, 0xEFBE, 0xF7BE, 0xF7BF, 0xF7BE, 0xF7FF,
  0xFFFF, 0xEF5C, 0xE6FA, 0xEF7C, 0xF7FF, 0xF7FF, 0xF7BE, 0xEFBD,
  0xF7BE, 0xF7DF, 0xFFDF, 0xFFFF, 0xFFFF, 0xF7DE, 0xF7BD, 0xF77D,
  0xF73C, 0xEF1B, 0xE6FB, 0xE6FB, 0xF79E, 0xFFDF, 0xF7BE, 0xEF9E,
  0xF7DF, 0xF7DF, 0xE73B, 0xE6B9, 0xEF3D, 0xF7BF, 0xF7DF, 0xEFBF,
  0xF7DF, 0xF7DF, 0xF79E, 0xF79E, 0xEE9A, 0xDD15, 0xDD16, 0xE6BB,
  0xE71B, 0xE6FB, 0xEF3C, 0xEF1C, 0xE71C, 0xE71B, 0xE6DA, 0xE6FB,
  0xE71C, 0xE71B, 0xE6FA, 0xDEB9, 0xE6D9, 0xEF3C, 0xEF3B, 0xE6D9,
  0xDE57, 0xDDF6, 0xDE37, 0xE6B9, 0xDED9, 0xDE98, 0xE6B8, 0xE6B8,
  0xDE57, 0xDE56, 0xDE77, 0xDE56, 0xD635, 0xD5D4, 0xDDD4, 0xDDD4,
  0xD593, 0xCD30, 0xD551, 0xCD31, 0xC4CF, 0xC48E, 0xC4AF, 0xCD11,
  0xC551, 0xC531, 0xC510, 0xC4EF, 0xBCCF, 0xBCAE, 0xBC8E, 0xB40C,
  0xB36A, 0xAB08, 0xAB09, 0xB36A, 0xB3AB, 0xAB8A, 0xABAA, 0xABAB,
  0xA38A, 0xA369, 0xA349, 0x9B28, 0x9AE8, 0x9A86, 0x9245, 0x8A25,
  0x8A25, 0x8A25, 0x8A25, 0x8A05, 0x89E5, 0x81C4, 0x8183, 0x7983,
  0x7963, 0x7963, 0x7963, 0x7942, 0x7163, 0x7143, 0x7142, 0x7142,
  0x7122, 0x7122, 0x7102, 0x6902, 0x6901, 0x6901, 0x6901, 0x6901,
  0x6901, 0x6901, 0x6901, 0x6901, 0x6901, 0x6901, 0x6901, 0x6901,
  0x6901, 0x6901, 0x6901, 0x6901, 0x6901, 0x6901, 0x6901, 0x6901,
  0x6901, 0x6902, 0x7102, 0x7102, 0x7122, 0x7122, 0x7942, 0x7963,
  0x7983, 0x7983, 0x81A3, 0x81C4, 0x81E4, 0x81E4, 0x89E4, 0x8A05,
  0x8A25, 0x9225, 0x8A05, 0x9226, 0x9A87, 0x9AA7, 0x9225, 0x91E4,
  0x9A86, 0xA328, 0xA328, 0xA349, 0xAB49, 0xA2E8, 0xA2C7, 0xA2E7,
  0xA2E7, 0xAB49, 0xB42D, 0xB48E, 0xB48D, 0xB48D, 0xB48D, 0xBCCF,
  0xC4F0, 0xC50F, 0xCD30, 0xCD50, 0xCD71, 0xCDB1, 0xCD71, 0xCCED,
  0xCC0A, 0xC3A9, 0xC40B, 0xCD72, 0xCD92, 0xBBEB, 0xBB08, 0xCC2D,
  0xD572, 0xCDD4, 0xCDF4, 0xD615, 0xD572, 0xC48E, 0xCCD0, 0xDDF5,
  0xE698, 0xDED9, 0xDEB8, 0xDE98, 0xDEB8, 0xDEB9, 0xDED9, 0xDED9,
  0xDED9, 0xE6DA, 0xE6FA, 0xDEFA, 0xDEDA, 0xD6B9, 0xD699, 0xDEB9,
  0xDED9, 0xDEB9, 0xDE9A, 0xDEDB, 0xDF1B, 0xE73B, 0xE71B, 0xDEFB,
  0xE71B, 0xEF3C, 0xEF5C, 0xE71B, 0xE71B, 0xE6DA, 0xDDF7, 0xD4D3,
  0xE5B8, 0xF79E, 0xF7FF, 0xEF7E, 0xF79E, 0xF7BE, 0xF7DF, 0xF7DF,
  0xF7BE, 0xF7BE, 0xFFFF, 0xF79D, 0xE6FA, 0xEF1B, 0xF79D, 0xFFDF,
  0xFFFF, 0xF7DE, 0xF7BE, 0xF7BD, 0xF7DE, 0xFFFF, 0xFFFF, 0xF7DE,
  0xF7DE, 0xFFDE, 0xF77D, 0xEF3B, 0xEF3C, 0xEF7D, 0xF7DF, 0xFFFF,
  0xFFFF, 0xF7DF, 0xEF9E, 0xF79D, 0xEF3C, 0xE6B9, 0xE6BA, 0xF79E,
  0xF7FF, 0xF7DF, 0xF79E, 0xF79E, 0xF77E, 0xF7BE, 0xEF3C, 0xE5B7,
  0xDCD4, 0xE639, 0xE6FB, 0xE73C, 0xEF5C, 0xE75C, 0xE73C, 0xE73B,
  0xE6FB, 0xE6FA, 0xE6FB, 0xE71B, 0xE71B, 0xDEB9, 0xDE78, 0xE6D9,
  0xE6FA, 0xE6D9, 0xDE98, 0xDE37, 0xDE16, 0xDE57, 0xDEB8, 0xDEB8,
  0xDE97, 0xDE77, 0xDE56, 0xDE36, 0xDE56, 0xDE76, 0xDE36, 0xD5F5,
  0xD5B4, 0xD5D4, 0xD5D4, 0xCD31, 0xCC8E, 0xCCAF, 0xCCF0, 0xCCF0,
  0xCCCF, 0xC510, 0xC531, 0xC530, 0xC4F0, 0xC4EF, 0xBCCE, 0xBC8E,
  0xB46E, 0xB46D, 0xB40C, 0xB36A, 0xAAC7, 0xA2A7, 0xAB29, 0xB3AB,
  0xAB8A, 0xAB6A, 0xA369, 0xA349, 0x9B08, 0x9AC7, 0x9AA7, 0x9A66,
  0x9246, 0x8A45, 0x8A25, 0x8A25, 0x8A05, 0x81E4, 0x81A4, 0x81A3,
  0x8183, 0x7983, 0x7983, 0x7983, 0x7963, 0x7963, 0x7963, 0x7143,
  0x7142, 0x7122, 0x7122, 0x7122, 0x7102, 0x6902, 0x6901, 0x6901,
  0x6901, 0x6901, 0x6901, 0x6901, 0x6901, 0x6901, 0x6901, 0x6901,
  0x6901, 0x6901, 0x6901, 0x6901, 0x6901, 0x6901, 0x6901, 0x6901,
  0x6901, 0x6901, 0x6901, 0x6902, 0x7102, 0x7102, 0x7122, 0x7122,
  0x7142, 0x7962, 0x7963, 0x7983, 0x79A3, 0x81A4, 0x81C4, 0x81C4,
  0x89E4, 0x8A05, 0x8A25, 0x8A25, 0x8A25, 0x9245, 0x9A66, 0x9AC7,
  0x9A86, 0x9225, 0x9A66, 0xA308, 0xA328, 0xA349, 0xA369, 0xAB69,
  0xAB49, 0xAB49, 0xAB08, 0xAB08, 0xABCB, 0xB46D, 0xB46D, 0xB46D,
  0xB46E, 0xBCAE, 0xBCCF, 0xC4EE, 0xC50F, 0xCD50, 0xCD71, 0xCD91,
  0xCD50, 0xCC6C, 0xC3C9, 0xC3AA, 0xBB69, 0xCCCF, 0xCD72, 0xC46D,
  0xC369, 0xCBCA, 0xCCF0, 0xD5F5, 0xD615, 0xD592, 0xD551, 0xCCCF,
  0xCD11, 0xDDF5, 0xDE98, 0xDE98, 0xDE98, 0xDE98, 0xDE98, 0xDEB8,
  0xDED9, 0xDED9, 0xDED9, 0xE6FA, 0xE6FA, 0xDED9, 0xDEB9, 0xDEB9,
  0xD6B9, 0xD6B9, 0xDE98, 0xDEB9, 0xDEBA, 0xDEDB, 0xE73C, 0xE75C,
  0xE73C, 0xE71B, 0xE71B, 0xE73C, 0xEF5C, 0xEF7C, 0xE73B, 0xE71B,
  0xE6DB, 0xDE17, 0xD4F3, 0xE5D7, 0xF75D, 0xF7BE, 0xF7BE, 0xF7DF,
  0xF7FF, 0xF7DF, 0xF7BE, 0xF79D, 0xF7BE, 0xF79D, 0xF73C, 0xEF3C,
  0xEF1C, 0xF77D, 0xFFFF, 0xFFFF, 0xFFFF, 0xEF7D, 0xF79D, 0xFFDF,
  0xFFFF, 0xF7DE, 0xFFFF, 0xFFFE, 0xF7BD, 0xF79D, 0xF7BE, 0xFFFF,
  0xFFFF, 0xF7FF, 0xFFFF, 0xFFFF, 0xEF7D, 0xEF1B, 0xEEFB, 0xE6BA,
  0xE679, 0xEF1C, 0xF7DF, 0xF7FF, 0xF7BE, 0xF77D, 0xEF5D, 0xEFBE,
  0xF77E, 0xE5F8, 0xD4D3, 0xE5F8, 0xEEFC, 0xE73C, 0xE75C, 0xE77C,
  0xEF5C, 0xEF5C, 0xEF3C, 0xE73B, 0xE71B, 0xE71A, 0xE71B, 0xDEB9,
  0xDE36, 0xDE57, 0xE6D9, 0xE6D9, 0xE6D9, 0xE6D9, 0xDE78, 0xDE16,
  0xDE36, 0xDE77, 0xDE77, 0xDE76, 0xDE76, 0xDE56, 0xDE36, 0xDE56,
  0xDE56, 0xD615, 0xD5D4, 0xD5B4, 0xD5D4, 0xD572, 0xC46D, 0xC44E,
  0xCCD0, 0xCD10, 0xC4EF, 0xC510, 0xC510, 0xC4EF, 0xBCCF, 0xBCAE,
  0xBC8E, 0xBC6D, 0xB44D, 0xB44D, 0xB44D, 0xB40C, 0xAB69, 0xA2A7,
  0x9A86, 0xA308, 0xA34A, 0xA349, 0xA349, 0xA349, 0x9B08, 0x9AC8,
  0x9AA7, 0x9A86, 0x9246, 0x8A45, 0x8A25, 0x8A05, 0x81C4, 0x81A3,
  0x81A3, 0x81A4, 0x81A3, 0x7983, 0x7963, 0x7983, 0x7963, 0x7963,
  0x7943, 0x7142, 0x7142, 0x7122, 0x7122, 0x7102, 0x6902, 0x6901,
  0x6901, 0x6901, 0x6901, 0x6901, 0x6901, 0x6901, 0x6901, 0x6901,
  0x6901, 0x6901, 0x6901, 0x6901, 0x6901, 0x6901, 0x6901, 0x6901,
  0x6901, 0x6901, 0x6901, 0x6901, 0x6901, 0x6901, 0x6902, 0x7102,
  0x7102, 0x7122, 0x7142, 0x7942, 0x7963, 0x7963, 0x7983, 0x81A3,
  0x81C4, 0x81C4, 0x81E4, 0x8A05, 0x8A25, 0x8A25, 0x9225, 0x9246,
  0x9286, 0x9AC7, 0x9AC7, 0x9A86, 0x9A86, 0x9AC7, 0x9B28, 0xA349,
  0xA369, 0xA38A, 0xAB69, 0xAB8A, 0xAB29, 0xA308, 0xAB6A, 0xB42C,
  0xB44D, 0xB44D, 0xB46D, 0xBC8E, 0xBCAE, 0xBC8D, 0xBC8D, 0xC4EE,
  0xD550, 0xD591, 0xCD0F, 0xC40B, 0xC40B, 0xCC6D, 0xBB89, 0xC40C,
  0xCD11, 0xC4CF, 0xC3AA, 0xCBAA, 0xCCAF, 0xD5D4, 0xD5B3, 0xC4CF,
  0xCCAE, 0xCCAE, 0xCD31, 0xD5F4, 0xDE57, 0xDE98, 0xDE98, 0xDE98,
  0xDE98, 0xDEB8, 0xE6D9, 0xE6D9, 0xE6D9, 0xE6D9, 0xE6D9, 0xDED9,
  0xDE78, 0xDEB9, 0xDF1B, 0xDF1A, 0xDED9, 0xDED9, 0xDEFA, 0xE73B,
  0xE75C, 0xE75B, 0xE75C, 0xEF7C, 0xE75C, 0xE75C, 0xEF9D, 0xEF9D,
  0xEF7C, 0xEF1B, 0xEF1C, 0xEF7D, 0xDE17, 0xD4F3, 0xE5D7, 0xF75D,
  0xF7DF, 0xF7FF, 0xF7FF, 0xF7DE, 0xEF7C, 0xEF7C, 0xEF7C, 0xF79D,
  0xF79E, 0xF77D, 0xEF3C, 0xEF3C, 0xF7BE, 0xFFFF, 0xFFFF, 0xF7BE,
  0xF77D, 0xF79D, 0xFFDF, 0xFFFF, 0xFFFF, 0xF7DE, 0xF7BD, 0xF79D,
  0xF7DE, 0xFFFF, 0xFFFF, 0xFFFF, 0xFFDE, 0xF7BD, 0xEF7D, 0xEF5D,
  0xEF3C, 0xE73B, 0xE6FB, 0xE6BA, 0xF73D, 0xFFDF, 0xF7FF, 0xF7BE,
  0xEF7D, 0xEF9E, 0xF75D, 0xE5D7, 0xDCB3, 0xE5F7, 0xEEFB, 0xEF3C,
  0xEF5C, 0xEF7C, 0xEF5C, 0xEF5C, 0xEF5C, 0xEF7C, 0xEF5C, 0xE71A,
  0xE6FA, 0xDEB8, 0xDE56, 0xDE35, 0xE698, 0xE6FA, 0xEF1A, 0xE71A,
  0xE6FA, 0xDE77, 0xD5D5, 0xDDD5, 0xDE36, 0xDE77, 0xDE76, 0xDE56,
  0xD635, 0xDE35, 0xDE56, 0xD615, 0xD5D4, 0xD5B3, 0xD593, 0xD572,
  0xC4CF, 0xC46D, 0xCCAF, 0xC50F, 0xC4EF, 0xC510, 0xC4EF, 0xBCCE,
  0xBC8E, 0xBC8D, 0xBC6D, 0xB44D, 0xB42C, 0xB40C, 0xB40C, 0xAC0C,
  0xB3EB, 0xAB49, 0x9A66, 0x9225, 0x9AC7, 0xA329, 0xA329, 0xA308,
  0x9B08, 0x9AE8, 0x9AC7, 0x9266, 0x8A05, 0x8A05, 0x89E5, 0x89C4,
  0x81A4, 0x81A3, 0x81C4, 0x81A4, 0x7983, 0x7963, 0x7963, 0x7963,
  0x7963, 0x7963, 0x7142, 0x7142, 0x7122, 0x7122, 0x7122, 0x7102,
  0x6902, 0x6901, 0x6901, 0x6901, 0x6901, 0x6901, 0x6901, 0x6901,
  0x6901, 0x6901, 0x6901, 0x6901, 0x6901, 0x6901, 0x6901, 0x6901,
  0x6901, 0x6901, 0x6901, 0x6901, 0x6901, 0x6901, 0x6901, 0x6901,
  0x6901, 0x7102, 0x7102, 0x7122, 0x7122, 0x7142, 0x7942, 0x7963,
  0x7983, 0x7983, 0x81A4, 0x81C4, 0x81E4, 0x89E4, 0x8A05, 0x8A05,
  0x8A25, 0x9266, 0x9287, 0x92A7, 0x92C7, 0x9AC7, 0x9AA7, 0x9AE7,
  0x9B28, 0xA328, 0xA329, 0xA349, 0xA369, 0xAB8A, 0xAB8A, 0xA349,
  0xAAE8, 0xB38B, 0xB42C, 0xB44C, 0xB44D, 0xB48E, 0xBC6C, 0xBBEB,
  0xBBAA, 0xC3EB, 0xCCAD, 0xCD91, 0xC4EE, 0xBBEB, 0xC46D, 0xCD10,
  0xBBCA, 0xC3AA, 0xCC8F, 0xCCCF, 0xC3CA, 0xC369, 0xCC6E, 0xD573,
  0xCD51, 0xC48D, 0xC4AE, 0xCCCF, 0xD531, 0xD5D4, 0xD636, 0xDE77,
  0xDE98, 0xDE98, 0xDEB8, 0xDEB8, 0xE6D9, 0xE6D9, 0xE6D9, 0xE6D9,
  0xE6D9, 0xDED9, 0xDEB8, 0xDED9, 0xE73A, 0xE73A, 0xE71A, 0xE71B,
  0xE75C, 0xE77C, 0xE75B, 0xE73B, 0xEF5C, 0xEF7C, 0xE75C, 0xE75C,
  0xEF7D, 0xEF7C, 0xE73B, 0xE6FB, 0xEF3C, 0xEFBE, 0xEF9D, 0xDE38,
  0xDD34, 0xDDB6, 0xEEFB, 0xF7DF, 0xFFFF, 0xF7DD, 0xEF5A, 0xEF1B,
  0xEF3C, 0xF7BE, 0xFFFF, 0xF7BE, 0xF7BD, 0xF79D, 0xEF7D, 0xEFBD,
  0xFFFF, 0xFFFF, 0xF7DE, 0xF79C, 0xF79D, 0xFFFF, 0xFFFF, 0xFFFE,
  0xF7DD, 0xF79D, 0xF77D, 0xFFFF, 0xFFFF, 0xF7DE, 0xEF9D, 0xEFBE,
  0xF7FF, 0xF7FF, 0xEFBE, 0xEF9D, 0xEF7D, 0xE6FB, 0xE6BA, 0xF75D,
  0xFFDF, 0xF79E, 0xEF7D, 0xF79D, 0xF73C, 0xE5B6, 0xD471, 0xE5B7,
  0xEEFB, 0xEF5C, 0xEF5C, 0xEF7C, 0xEF7C, 0xE73B, 0xE73B, 0xEF5C,
  0xEF7C, 0xEF3B, 0xE6F9, 0xE6F9, 0xE6B8, 0xDE35, 0xDE77, 0xEEFA,
  0xE71A, 0xE6D9, 0xE6F9, 0xE6D9, 0xDE36, 0xD5B4, 0xDDF5, 0xDE76,
  0xDE77, 0xDE56, 0xDE35, 0xD615, 0xD615, 0xD5F4, 0xD5F4, 0xD5B3,
  0xCD72, 0xCD52, 0xCD11, 0xC48E, 0xC48E, 0xC4CF, 0xC4CF, 0xC4F0,
  0xC4F0, 0xC4CF, 0xBCAE, 0xBC6D, 0xB44D, 0xB42C, 0xB40C, 0xB3EC,
  0xABEC, 0xABEC, 0xAC0C, 0xABCB, 0xA2E8, 0x9225, 0x9205, 0x9A86,
  0x9AC7, 0x9AC7, 0x9AA7, 0x9AA7, 0x9266, 0x89E4, 0x81A3, 0x89A4,
  0x89A4, 0x81A4, 0x81C4, 0x81C4, 0x81C4, 0x81A3, 0x7983, 0x7963,
  0x7963, 0x7963, 0x7963, 0x7962, 0x7142, 0x7122, 0x7122, 0x7122,
  0x7102, 0x6902, 0x6901, 0x6901, 0x6901, 0x6901, 0x6901, 0x6901,
  0x6901, 0x6901, 0x6901, 0x6901, 0x6901, 0x6901, 0x6901, 0x6901,
  0x6901, 0x6901, 0x6901, 0x6901, 0x6901, 0x6901, 0x6901, 0x6901,
  0x6901, 0x6901, 0x6901, 0x6902, 0x6902, 0x7102, 0x7122, 0x7122,
  0x7942, 0x7942, 0x7963, 0x7983, 0x8183, 0x81C4, 0x81E4, 0x81E4,
  0x8A05, 0x8A05, 0x8A25, 0x8A46, 0x9286, 0x92A7, 0x92C7, 0x92C7,
  0x9AC7, 0x9AE8, 0x9B08, 0x9B28, 0x9B28, 0xA328, 0xA349, 0xA369,
  0xABAA, 0xAB69, 0xA2A7, 0xAB09, 0xB3EC, 0xB42C, 0xAC2C, 0xB46D,
  0xBC2C, 0xBB89, 0xBB49, 0xBB49, 0xBBEB, 0xCCEF, 0xC4CE, 0xBC0B,
  0xC48E, 0xCD51, 0xBC0B, 0xC389, 0xCC2C, 0xCC4D, 0xC389, 0xBB69,
  0xC42E, 0xD552, 0xD551, 0xCCAE, 0xCD11, 0xCD31, 0xD552, 0xD5F4,
  0xD656, 0xD677, 0xDE98, 0xDE98, 0xDEB8, 0xE6B9, 0xE6D9, 0xE6F9,
  0xE6D9, 0xE6D9, 0xE6FA, 0xE71A, 0xE6FA, 0xDEF9, 0xE719, 0xDF3A,
  0xE73A, 0xE75B, 0xEF7C, 0xEF7C, 0xE75B, 0xE73B, 0xEF7C, 0xEF7C,
  0xE75B, 0xE77C, 0xEF5C, 0xEF3B, 0xE71B, 0xE73B, 0xEF7D, 0xEFBE,
  0xEFDE, 0xEF7C, 0xE699, 0xE5B6, 0xE5D7, 0xF6BB, 0xFFBE, 0xF7BC,
  0xEF19, 0xF71B, 0xF75C, 0xF7BD, 0xFFDE, 0xFFFF, 0xFFBE, 0xF7BD,
  0xEF5C, 0xEF3B, 0xFFBE, 0xFFFF, 0xFFFF, 0xF79D, 0xF77C, 0xFFDE,
  0xFFFF, 0xFFFE, 0xFFFE, 0xF7BE, 0xEF5C, 0xF79E, 0xF7DE, 0xF7BE,
  0xF7BD, 0xF7FF, 0xF7FF, 0xFFFF, 0xFFFF, 0xF7DE, 0xEF9D, 0xEF7D,
  0xE6FA, 0xEEDB, 0xF75D, 0xF77D, 0xEF7D, 0xFFDE, 0xF71B, 0xDD34,
  0xD471, 0xE5F7, 0xEEFA, 0xEF3C, 0xEF5C, 0xEF5B, 0xE75B, 0xE73B,
  0xE73B, 0xEF5B, 0xEF5C, 0xEF5C, 0xE73A, 0xEF3A, 0xE6FA, 0xDE77,
  0xDE36, 0xE698, 0xE6D8, 0xDE97, 0xE697, 0xE698, 0xDE57, 0xD5D4,
  0xD593, 0xDDF5, 0xDE77, 0xDE76, 0xD635, 0xD615, 0xD5D4, 0xD5B3,
  0xD5B3, 0xD5B3, 0xCD52, 0xCD31, 0xCD51, 0xC4CF, 0xBC4C, 0xC46E,
  0xC4AF, 0xC4CF, 0xC4CF, 0xBCCF, 0xBCAF, 0xBC8E, 0xB44D, 0xB42D,
  0xB40C, 0xB3EC, 0xABEB, 0xABEB, 0xABCB, 0xABAA, 0xAB29, 0x9A66,
  0x91E4, 0x89C4, 0x9204, 0x9205, 0x9204, 0x9205, 0x89E4, 0x81A3,
  0x8183, 0x8183, 0x8183, 0x8183, 0x81A3, 0x81C4, 0x81A4, 0x81A3,
  0x7963, 0x7963, 0x7963, 0x7942, 0x7142, 0x7142, 0x7142, 0x7122,
  0x7122, 0x7102, 0x6902, 0x6901, 0x6901, 0x6901, 0x6901, 0x6901,
  0x6901, 0x6901, 0x6901, 0x6901, 0x6901, 0x6901, 0x6901, 0x6901,
  0x6901, 0x6901, 0x6901, 0x6901, 0x6901, 0x6901, 0x6901, 0x6901,
  0x6901, 0x6901, 0x6901, 0x6901, 0x6901, 0x6902, 0x6902, 0x7102,
  0x7122, 0x7122, 0x7122, 0x7942, 0x7963, 0x7963, 0x7983, 0x81A4,
  0x81C4, 0x81E4, 0x8205, 0x8A05, 0x8A25, 0x8A45, 0x8A66, 0x9286,
  0x92A7, 0x92C7, 0x92E7, 0x9AE8, 0x9B08, 0x9B28, 0x9B08, 0x9B07,
  0x9B28, 0xA349, 0xAB8A, 0xAB8A, 0xA2C7, 0x9A86, 0xAB8A, 0xB40C,
  0xAC0B, 0xB42C, 0xBC0B, 0xBB69, 0xBB89, 0xBBCB, 0xBBAB, 0xC42C,
  0xC48D, 0xBC2B, 0xC44D, 0xCD31, 0xBC6C, 0xBBA8, 0xC389, 0xCB8A,
  0xC38A, 0xBBEB, 0xBC0C, 0xCCF0, 0xD551, 0xCCCF, 0xCD52, 0xD593,
  0xD5B3, 0xDE15, 0xD656, 0xD677, 0xDE98, 0xE6B8, 0xE6B8, 0xE6B8,
  0xE6D9, 0xE6D9, 0xE6F9, 0xE6FA, 0xE71A, 0xE71A, 0xE71A, 0xE71A,
  0xE73A, 0xE73A, 0xE73A, 0xE73B, 0xEF5B, 0xEF5B, 0xE73B, 0xE73B,
  0xEF7C, 0xE75B, 0xE73B, 0xE73B, 0xEF3B, 0xEF5C, 0xEF5C, 0xEF5C,
  0xEF7D, 0xEF9D, 0xEFBD, 0xEFBD, 0xF77C, 0xEEB9, 0xE575, 0xE576,
  0xF69A, 0xF73B, 0xEEFA, 0xF75C, 0xF7DE, 0xF7DE, 0xF7DE, 0xFFFF,
  0xF7BE, 0xF7BD, 0xF79D, 0xF73C, 0xF75D, 0xFFFF, 0xFFFF, 0xF7BE,
  0xF75C, 0xF77D, 0xFFFE, 0xF7DD, 0xFFDE, 0xFFFF, 0xF79D, 0xEF5C,
  0xEF5D, 0xF7BE, 0xFFFF, 0xFFFF, 0xF7DE, 0xF7DE, 0xFFDE, 0xF7BD,
  0xEF5B, 0xEF7C, 0xEF1B, 0xEEDA, 0xEEDA, 0xEF3C, 0xF77D, 0xFFDE,
  0xEE78, 0xD4B2, 0xDCF3, 0xEE99, 0xEEFA, 0xEEFA, 0xEF3B, 0xEF5C,
  0xEF5C, 0xEF7B, 0xEF5B, 0xE73B, 0xE73A, 0xE73B, 0xEF3B, 0xE73A,
  0xE71A, 0xE6D8, 0xDE36, 0xDE56, 0xE677, 0xDE56, 0xDE36, 0xDE56,
  0xDE57, 0xDE16, 0xD5B4, 0xD573, 0xDE15, 0xDE56, 0xDE56, 0xD615,
  0xD5D4, 0xD5B3, 0xCD92, 0xCD72, 0xCD52, 0xCD31, 0xCD31, 0xC4AF,
  0xBC2C, 0xC44C, 0xC4AF, 0xC4AF, 0xBCAF, 0xBCAE, 0xBC8E, 0xBC6E,
  0xB44D, 0xB42D, 0xB42C, 0xB40C, 0xABEB, 0xAB8A, 0xAB29, 0xA2E8,
  0xA2A7, 0x9A45, 0x9225, 0x9205, 0x9205, 0x8A05, 0x89E4, 0x89C4,
  0x89C4, 0x89A4, 0x81A4, 0x81C4, 0x81A4, 0x81A3, 0x8183, 0x8183,
  0x8183, 0x7983, 0x7963, 0x7963, 0x7942, 0x7942, 0x7142, 0x7122,
  0x7122, 0x7122, 0x7122, 0x6902, 0x6902, 0x6901, 0x6901, 0x6901,
  0x6901, 0x6901, 0x6901, 0x6901, 0x6901, 0x6901, 0x6901, 0x6901,
  0x6901, 0x6901, 0x6901, 0x6901, 0x6901, 0x6901, 0x6901, 0x6901,
  0x6901, 0x6901, 0x6901, 0x6901, 0x6901, 0x6901, 0x6901, 0x6901,
  0x6901, 0x7102, 0x7102, 0x7122, 0x7122, 0x7142, 0x7943, 0x7963,
  0x7983, 0x8183, 0x81A4, 0x81E4, 0x81E4, 0x8A05, 0x8A25, 0x8A45,
  0x8A66, 0x9286, 0x9286, 0x92A7, 0x92C7, 0x9AE7, 0x9B08, 0x9B08,
  0x9B07, 0x9AE7, 0x9B08, 0x9B29, 0xA38A, 0xABAA, 0xA308, 0x9245,
  0xA2C7, 0xAB8A, 0xB3EB, 0xB40B, 0xBC0B, 0xB369, 0xBBCA, 0xC46D,
  0xBC2C, 0xBBAA, 0xC42B, 0xBC0B, 0xC40C, 0xCCCF, 0xC4AE, 0xBBC8,
  0xBB26, 0xC349, 0xC3EC, 0xC48E, 0xBC0C, 0xC42C, 0xCCAE, 0xCCAF,
  0xCD31, 0xD593, 0xDDF4, 0xDE35, 0xDE56, 0xDE77, 0xDE98, 0xE6B8,
  0xE6B8, 0xE6B8, 0xE6B8, 0xE6D9, 0xE6F9, 0xE71A, 0xE71A, 0xE719,
  0xDEF9, 0xE73A, 0xE75B, 0xE77B, 0xE73A, 0xE71A, 0xE71A, 0xE6FA,
  0xE6FA, 0xE75B, 0xEF7C, 0xE75B, 0xE71A, 0xE71A, 0xEF3B, 0xEF7C,
  0xEF7C, 0xE75C, 0xEF5C, 0xEF7D, 0xEF9D, 0xEF7D, 0xEF5C, 0xEE98,
  0xDD12, 0xE575, 0xF679, 0xF6DA, 0xEEFB, 0xF7BD, 0xFFFF, 0xFFFF,
  0xF7FE, 0xF7DE, 0xF7BD, 0xF7BE, 0xFFFF, 0xFFBE, 0xF75C, 0xFFBE,
  0xFFFF, 0xFFDF, 0xF75C, 0xF71C, 0xF79D, 0xF7BD, 0xF7BE, 0xFFFF,
  0xFFFF, 0xF77C, 0xEF3C, 0xF79D, 0xFFDE, 0xF79D, 0xF77C, 0xEF7B,
  0xEF9C, 0xEF5B, 0xEF1A, 0xEEFA, 0xEF1B, 0xEEFB, 0xEE99, 0xEEFB,
  0xF79D, 0xF77C, 0xE575, 0xD471, 0xE5D7, 0xF71B, 0xEF1B, 0xE6D9,
  0xEF1A, 0xEF5B, 0xEF7C, 0xEF9C, 0xEF9B, 0xE75B, 0xE719, 0xE6F9,
  0xE719, 0xE6F9, 0xE6D9, 0xE6D8, 0xE656, 0xDE15, 0xE636, 0xE636,
  0xDE15, 0xDE56, 0xDE76, 0xDE56, 0xDE15, 0xD593, 0xD573, 0xD5D4,
  0xDE35, 0xD635, 0xD5F4, 0xD5B3, 0xCD72, 0xCD52, 0xCD52, 0xCD31,
  0xC4D0, 0xC48E, 0xC44C, 0xC44C, 0xC48E, 0xBCAF, 0xBCAE, 0xBC6E,
  0xBC6D, 0xBC4D, 0xB42D, 0xB40C, 0xB42C, 0xAC0C, 0xAB8A, 0xA308,
  0xA2C7, 0xA2A7, 0x9A66, 0x9245, 0x9266, 0x9AC8, 0x9AA8, 0x9287,
  0x9266, 0x8A05, 0x89E4, 0x89E5, 0x89E5, 0x89E5, 0x8204, 0x81E4,
  0x81A4, 0x7983, 0x7963, 0x7963, 0x7963, 0x7963, 0x7942, 0x7942,
  0x7142, 0x7122, 0x7122, 0x7122, 0x7122, 0x6902, 0x6901, 0x6901,
  0x6901, 0x6901, 0x6901, 0x6901, 0x6901, 0x6901, 0x6901, 0x6901,
  0x6901, 0x6901, 0x6901, 0x6901, 0x6901, 0x6901, 0x6901, 0x6901,
  0x6901, 0x6901, 0x6901, 0x6901, 0x6901, 0x6901, 0x6901, 0x6901,
  0x6901, 0x6901, 0x6901, 0x7102, 0x7102, 0x7102, 0x7122, 0x7122,
  0x7942, 0x7963, 0x7963, 0x7983, 0x81A3, 0x81C4, 0x81E4, 0x8205,
  0x8A25, 0x8A25, 0x8A46, 0x8A66, 0x9286, 0x92A7, 0x92C7, 0x92C7,
  0x9AE8, 0x9B08, 0x9AE8, 0x9AE7, 0x9B08, 0xA349, 0xA36A, 0xA38A,
  0xA328, 0x9245, 0x9245, 0xA2E7, 0xB389, 0xB3CA, 0xB40B, 0xB389,
  0xB38A, 0xBC4D, 0xBCAD, 0xB3AA, 0xBBAA, 0xC3AA, 0xC3CB, 0xC48E,
  0xC4CF, 0xBC0A, 0xBB47, 0xC389, 0xC46D, 0xCCF0, 0xC48D, 0xBBCA,
  0xBBCA, 0xC46D, 0xD530, 0xD5B2, 0xDDF4, 0xDE36, 0xDE56, 0xDE77,
  0xDE97, 0xE6B8, 0xE6B8, 0xE6B8, 0xE6B8, 0xE6D9, 0xE6F9, 0xE6F9,
  0xE6F9, 0xE6F9, 0xE719, 0xE75A, 0xE77A, 0xE75A, 0xE73A, 0xE719,
  0xE6F9, 0xE6D9, 0xE6F9, 0xE73B, 0xEF5C, 0xEF5B, 0xE73A, 0xE71A,
  0xE71A, 0xEF7C, 0xEF7C, 0xE71A, 0xE73A, 0xEF5C, 0xEF7C, 0xEF9D,
  0xEF7B, 0xE635, 0xD490, 0xEDB6, 0xF6DB, 0xEEDB, 0xF73C, 0xF7DE,
  0xFFFE, 0xFFFF, 0xF7FE, 0xF7DE, 0xF7BD, 0xFFBE, 0xFFFF, 0xFFFF,
  0xF79C, 0xEF5C, 0xFFBE, 0xFFDE, 0xF77C, 0xF71C, 0xF75C, 0xF79C,
  0xF7DD, 0xFFFF, 0xFFFF, 0xF7BD, 0xF77C, 0xEF5C, 0xEF5B, 0xF73B,
  0xF77D, 0xEF7C, 0xEF7C, 0xEF7C, 0xEF7B, 0xEEFA, 0xEF1B, 0xEF1B,
  0xEEB9, 0xEEBA, 0xF75C, 0xEEFA, 0xD512, 0xD4B2, 0xEE79, 0xEF3B,
  0xEF3B, 0xE6FA, 0xE6D9, 0xE6FA, 0xEF3B, 0xEF7B, 0xEF9B, 0xEF7B,
  0xE73A, 0xE6F9, 0xDED8, 0xDEB8, 0xE677, 0xE677, 0xE677, 0xDE15,
  0xDE15, 0xE636, 0xDE35, 0xDE36, 0xDE56, 0xDE56, 0xDE35, 0xDDF4,
  0xCD72, 0xCD52, 0xD5D4, 0xD615, 0xD5D3, 0xD5B3, 0xCD93, 0xCD72,
  0xCD51, 0xCD11, 0xC4CF, 0xC48E, 0xC44D, 0xBC4D, 0xBC6D, 0xBCAF,
  0xBCAF, 0xBC8E, 0xBC6D, 0xB44D, 0xB42C, 0xB40C, 0xABEC, 0xAB8A,
  0xA309, 0xA2E8, 0xA2E8, 0xA308, 0xA2C7, 0x9A86, 0x9AA7, 0x9AE8,
  0x9AE8, 0x9AC7, 0x9AA7, 0x9246, 0x8A05, 0x8205, 0x8A05, 0x8A05,
  0x8A05, 0x8205, 0x81E4, 0x81A4, 0x7983, 0x7963, 0x7963, 0x7963,
  0x7963, 0x7142, 0x7142, 0x7122, 0x7122, 0x7122, 0x7102, 0x6902,
  0x6901, 0x6901, 0x6901, 0x6901, 0x6901, 0x6901, 0x6901, 0x6901,
  0x6901, 0x6901, 0x6901, 0x6901, 0x6901, 0x6901, 0x6901, 0x6901,
  0x6901, 0x6901, 0x6901, 0x6901, 0x6901, 0x6901, 0x6901, 0x6901,
  0x6901, 0x6901, 0x6901, 0x6901, 0x6901, 0x6901, 0x6902, 0x7102,
  0x7102, 0x7122, 0x7142, 0x7942, 0x7963, 0x7983, 0x7983, 0x81A3,
  0x81C4, 0x81E4, 0x8205, 0x8A25, 0x8A45, 0x8A66, 0x9266, 0x9286,
  0x92A7, 0x92C7, 0x92C7, 0x9AE7, 0x9AE8, 0x9B08, 0x9B08, 0x9B28,
  0x9B49, 0xA369, 0xA348, 0xA2E7, 0x9A45, 0x9A25, 0xA2A6, 0xAB68,
  0xB40B, 0xB38A, 0xB329, 0xBBEC, 0xBCCE, 0xB40B, 0xBB69, 0xBB29,
  0xBB8A, 0xC46D, 0xC4EF, 0xC46C, 0xC3AA, 0xC3EB, 0xC4AE, 0xC4F0,
  0xCCEF, 0xC46C, 0xC40B, 0xC48D, 0xD551, 0xD5D3, 0xD5F4, 0xD615,
  0xDE56, 0xDE76, 0xDE77, 0xDE97, 0xDE97, 0xDE97, 0xE6B8, 0xE6D9,
  0xE6D9, 0xE6F9, 0xE6F9, 0xE6D9, 0xE71A, 0xE75A, 0xE739, 0xE719,
  0xE75A, 0xE73A, 0xEF1A, 0xE6FA, 0xE6F9, 0xEF3B, 0xEF7C, 0xEF7C,
  0xE73A, 0xE6F8, 0xE719, 0xEF7C, 0xEF7C, 0xE71A, 0xE71A, 0xEF5B,
  0xEF7C, 0xEF7C, 0xEF9C, 0xEF19, 0xDD94, 0xDCB2, 0xE576, 0xF6FB,
  0xF79D, 0xFFBD, 0xF7DE, 0xF7FE, 0xFFFE, 0xFFFE, 0xF79D, 0xF79D,
  0xF7BD, 0xFFDD, 0xF7DD, 0xF77C, 0xF73B, 0xF79C, 0xFFBD, 0xF77D,
  0xF75C, 0xEF7B, 0xF79C, 0xFFDE, 0xFFFE, 0xFFDD, 0xF79C, 0xEF5B,
  0xEF5C, 0xF79D, 0xFFFF, 0xFFDE, 0xF7DE, 0xF7DF, 0xF7DE, 0xEF5B,
  0xEF3B, 0xEF5B, 0xEEFA, 0xE679, 0xEF1B, 0xE6D9, 0xD512, 0xD490,
  0xEE79, 0xEF5B, 0xEF3B, 0xEF1A, 0xEEFA, 0xE6B9, 0xE6D9, 0xEF1A,
  0xEF5B, 0xEF7B, 0xEF7A, 0xE739, 0xDED8, 0xDE77, 0xDE36, 0xDE57,
  0xE677, 0xDE15, 0xDDD3, 0xDE14, 0xDE56, 0xDE15, 0xD615, 0xD635,
  0xDE35, 0xDE15, 0xD5B3, 0xCD32, 0xCD72, 0xD5D3, 0xCDF3, 0xCDB3,
  0xCD93, 0xCD92, 0xCD72, 0xCD31, 0xC4CF, 0xC46E, 0xBC6E, 0xBC6D,
  0xBC4D, 0xBC6D, 0xBC8E, 0xBC8E, 0xB44D, 0xB44D, 0xB42C, 0xABEB,
  0xAB6A, 0xA308, 0xA309, 0xA329, 0xA329, 0xA349, 0xA329, 0x9AC7,
  0x9A86, 0x9AA7, 0x9AC7, 0x9287, 0x9266, 0x8A25, 0x8A05, 0x8A05,
  0x8A05, 0x89E4, 0x81E4, 0x81E5, 0x81E4, 0x81C4, 0x79A3, 0x7983,
  0x7983, 0x7963, 0x7963, 0x7142, 0x7122, 0x7122, 0x7102, 0x7102,
  0x6902, 0x6901, 0x6901, 0x6901, 0x6901, 0x6901, 0x6901, 0x6901,
  0x6901, 0x6901, 0x6901, 0x6901, 0x6901, 0x6901, 0x6901, 0x6901,
  0x6901, 0x6901, 0x6901, 0x6901, 0x6901, 0x6901, 0x6901, 0x6901,
  0x6901, 0x6901, 0x6901, 0x6901, 0x6901, 0x6901, 0x6901, 0x6901,
  0x6901, 0x7102, 0x7102, 0x7122, 0x7122, 0x7942, 0x7963, 0x7963,
  0x7983, 0x79A3, 0x81C4, 0x81E4, 0x8205, 0x8A05, 0x8A25, 0x8A45,
  0x8A66, 0x9286, 0x9287, 0x92A7, 0x92C7, 0x92E7, 0x9AE8, 0x9B08,
  0x9B08, 0x9B08, 0x9B28, 0x9B48, 0xA348, 0xA349, 0x9AC7, 0x9224,
  0x9203, 0x9A86, 0xB389, 0xB38A, 0xAB08, 0xB38A, 0xBCAE, 0xBC8D,
  0xB389, 0xB2E8, 0xBB6A, 0xC4AE, 0xC52F, 0xC4AD, 0xC42B, 0xC44D,
  0xCCEF, 0xCD31, 0xCD30, 0xCCEF, 0xCCCE, 0xCCEF, 0xD572, 0xD5F4,
  0xD5F4, 0xD5F4, 0xD635, 0xDE56, 0xDE77, 0xDE77, 0xDE77, 0xDE77,
  0xDE97, 0xE6B8, 0xE6D8, 0xE6F9, 0xE6F9, 0xE6F9, 0xE719, 0xE71A,
  0xE719, 0xE73A, 0xE77A, 0xE75A, 0xE71A, 0xE6F9, 0xE6F9, 0xEF5A,
  0xEF5A, 0xE718, 0xE6D7, 0xE6B7, 0xE6D9, 0xEF3B, 0xEF3A, 0xE6F9,
  0xE71A, 0xEF5B, 0xEF3B, 0xEF5B, 0xF79C, 0xF79D, 0xEEFA, 0xDD13,
  0xD471, 0xE618, 0xF79D, 0xF7BD, 0xF7DD, 0xF7FE, 0xFFFF, 0xFFFF,
  0xEF9C, 0xEF7C, 0xF79C, 0xF7DD, 0xFFFE, 0xFFDE, 0xF77C, 0xEF5B,
  0xF79C, 0xF77C, 0xF79C, 0xF77C, 0xF79C, 0xFFBD, 0xFFDD, 0xF79C,
  0xF77C, 0xF79D, 0xF7DD, 0xF7DE, 0xFFFF, 0xFFFE, 0xF7DE, 0xF7DE,
  0xFFFE, 0xEF9C, 0xEF3B, 0xEF5B, 0xEF1A, 0xE678, 0xE699, 0xEF3B,
  0xDD94, 0xCBED, 0xE4F2, 0xF71B, 0xF79D, 0xF75B, 0xEF3B, 0xE71A,
  0xE6D9, 0xE6D8, 0xE6F9, 0xE719, 0xE73A, 0xE719, 0xDEB8, 0xDE76,
  0xDE56, 0xDE56, 0xDE36, 0xDDF4, 0xD5B2, 0xD5D3, 0xDE14, 0xDE35,
  0xDE15, 0xDE15, 0xDE15, 0xD615, 0xD5D4, 0xD572, 0xCD10, 0xCD51,
  0xCDB3, 0xCDB3, 0xCD72, 0xCD52, 0xCD51, 0xC510, 0xC4AE, 0xBC2C,
  0xBC4D, 0xBC8E, 0xBC6E, 0xB44C, 0xB44D, 0xBC6D, 0xB44D, 0xB42C,
  0xB40C, 0xAB8A, 0xA308, 0xA308, 0xAB4A, 0xA36A, 0xA349, 0xA349,
  0xA349, 0x9B08, 0x9A86, 0x9266, 0x9287, 0x9287, 0x9246, 0x8A25,
  0x8A05, 0x8A05, 0x89E4, 0x81E4, 0x81E4, 0x81C4, 0x81C4, 0x81C4,
  0x79A3, 0x7983, 0x7963, 0x7963, 0x7963, 0x7142, 0x7122, 0x7122,
  0x7102, 0x6902, 0x6901, 0x6901, 0x6901, 0x6901, 0x6901, 0x6901,
  0x6901, 0x6901, 0x6901, 0x6901, 0x6901, 0x6901, 0x6901, 0x6901,
  0x6901, 0x6901, 0x6901, 0x6901, 0x6901, 0x6901, 0x6901, 0x6901,
  0x6901, 0x6901, 0x6901, 0x6901, 0x6901, 0x6901, 0x6901, 0x6901,
  0x6901, 0x6901, 0x6901, 0x6901, 0x7102, 0x7122, 0x7122, 0x7142,
  0x7963, 0x7963, 0x7963, 0x7983, 0x81A4, 0x81C4, 0x81E4, 0x8205,
  0x8A25, 0x8A25, 0x8A45, 0x8A66, 0x9286, 0x92A6, 0x92A7, 0x92C7,
  0x92E7, 0x9AE8, 0x9AE8, 0x9B08, 0x9B28, 0x9B28, 0xA349, 0xA36A,
  0xA349, 0x9AC6, 0x9244, 0x9A24, 0xAAE7, 0xAB08, 0xAAA7, 0xAB29,
  0xBC4D, 0xBC8D, 0xB3EB, 0xB369, 0xBBCB, 0xC4AE, 0xC4EE, 0xC4CE,
  0xC48D, 0xC48E, 0xCD10, 0xCD51, 0xCD51, 0xCD50, 0xCD50, 0xCD51,
  0xD593, 0xD5D4, 0xD5F4, 0xD5F4, 0xD615, 0xD635, 0xDE56, 0xDE56,
  0xDE56, 0xDE56, 0xDE77, 0xDE77, 0xE6B8, 0xE6D9, 0xE6D8, 0xDED8,
  0xE6B8, 0xE6D8, 0xE6FA, 0xE73A, 0xE75A, 0xE73A, 0xE6F9, 0xE6D8,
  0xE6F9, 0xEEF8, 0xE6D7, 0xE696, 0xE6B7, 0xEED8, 0xE698, 0xE6D8,
  0xE6D8, 0xE6D8, 0xE71A, 0xEF5B, 0xEF3A, 0xEF5B, 0xF7BC, 0xF7DD,
  0xF77C, 0xE658, 0xD534, 0xDD96, 0xEF1B, 0xF79C, 0xF7BD, 0xF7BC,
  0xF77C, 0xF77C, 0xEF7C, 0xF7BD, 0xF7BD, 0xF7DE, 0xFFFF, 0xFFFF,
  0xFFFE, 0xEF7B, 0xF73B, 0xF75C, 0xF79D, 0xF79C, 0xF79C, 0xF7BD,
  0xFFDD, 0xF77B, 0xEF5B, 0xF7BD, 0xFFDE, 0xFFDE, 0xF7DE, 0xF7DE,
  0xF7DD, 0xF7DD, 0xF7BD, 0xEF7B, 0xEF5B, 0xEF5B, 0xEF3B, 0xE6B8,
  0xE657, 0xEEFB, 0xE698, 0xD4D0, 0xD40E, 0xE554, 0xEDF7, 0xE5D5,
  0xE5D5, 0xE697, 0xE719, 0xE6D9, 0xE677, 0xE698, 0xE6D8, 0xE6B8,
  0xDE77, 0xDE76, 0xDE97, 0xDE97, 0xD615, 0xDDD3, 0xD5D3, 0xD5D3,
  0xD5D3, 0xDDD4, 0xDDD4, 0xD5D4, 0xD5F4, 0xD614, 0xD5F4, 0xD5B3,
  0xCD31, 0xCCF0, 0xC531, 0xCD72, 0xCD72, 0xC551, 0xC531, 0xC510,
  0xC48E, 0xBC0C, 0xBC2C, 0xBC8E, 0xBC8E, 0xB44C, 0xB40B, 0xB42C,
  0xB42D, 0xB40C, 0xABCB, 0xAB29, 0xA308, 0xA34A, 0xAB8A, 0xA36A,
  0xA349, 0x9B49, 0x9B49, 0x9B08, 0x92A6, 0x9266, 0x9266, 0x9266,
  0x8A46, 0x8A05, 0x8A05, 0x8A05, 0x89E4, 0x81E4, 0x81E4, 0x81C4,
  0x81A3, 0x81A4, 0x79A3, 0x7983, 0x7963, 0x7963, 0x7142, 0x7142,
  0x7122, 0x7102, 0x7102, 0x6902, 0x6901, 0x6901, 0x6901, 0x6901,
  0x6901, 0x6901, 0x6901, 0x6901, 0x6901, 0x6901, 0x6901, 0x6901,
  0x6901, 0x6901, 0x6901, 0x6901, 0x6901, 0x6901, 0x6901, 0x6901,
  0x6901, 0x6901, 0x6901, 0x6901, 0x6901, 0x6901, 0x6901, 0x6901,
  0x6901, 0x6901, 0x6901, 0x6901, 0x6901, 0x6901, 0x7102, 0x7102,
  0x7122, 0x7122, 0x7142, 0x7963, 0x7963, 0x7983, 0x81A3, 0x81C4,
  0x81C4, 0x81E4, 0x8205, 0x8A25, 0x8A45, 0x8A46, 0x8A66, 0x9286,
  0x92A6, 0x92A7, 0x92C7, 0x92C7, 0x92E7, 0x9AE7, 0x9B08, 0x9B28,
  0x9B49, 0xA369, 0xA369, 0xA328, 0xA2E7, 0xA2A6, 0xA286, 0xA245,
  0xA245, 0xAAE8, 0xBC0B, 0xB44C, 0xB44C, 0xBC2C, 0xBC4C, 0xBC8D,
  0xC4AE, 0xC4CE, 0xC4CE, 0xC4CE, 0xC4F0, 0xCD51, 0xCD71, 0xCD71,
  0xCD71, 0xCD92, 0xD5B3, 0xD5D4, 0xD5F4, 0xD5F4, 0xD5F4, 0xD615,
  0xD635, 0xD635, 0xD636, 0xD636, 0xDE56, 0xDE56, 0xE697, 0xE6B7,
  0xE697, 0xDE97, 0xDE97, 0xDED8, 0xE6F9, 0xE719, 0xE719, 0xE719,
  0xE6F8, 0xE6B8, 0xE6B7, 0xE697, 0xE676, 0xE698, 0xEED9, 0xEED9,
  0xE697, 0xDE97, 0xE6B8, 0xE6D9, 0xEF1A, 0xEF7B, 0xEF7B, 0xEF7C,
  0xEFBC, 0xEFBC, 0xEFBC, 0xEF9C, 0xE699, 0xDDF8, 0xE69A, 0xF73B,
  0xF77B, 0xF73A, 0xF6F9, 0xEED8, 0xF73B, 0xFFBE, 0xFFFE, 0xFFFE,
  0xFFFE, 0xFFDD, 0xFFDD, 0xF73A, 0xEEB9, 0xF71B, 0xF77C, 0xF79C,
  0xF79C, 0xF7BD, 0xFFDD, 0xF7BC, 0xEF7B, 0xEF7C, 0xF79C, 0xFFBD,
  0xF7BC, 0xF7BD, 0xF7BD, 0xF7BC, 0xEF7B, 0xEF5A, 0xEF7B, 0xEF7B,
  0xEF5B, 0xEF1A, 0xE657, 0xE678, 0xEF1A, 0xE698, 0xD512, 0xD44F,
  0xD450, 0xD470, 0xD470, 0xDD12, 0xE637, 0xE698, 0xE697, 0xDE77,
  0xE697, 0xDE97, 0xDE76, 0xDE76, 0xDE97, 0xDE76, 0xD614, 0xD5F3,
  0xDE14, 0xDE14, 0xDDD3, 0xD593, 0xD592, 0xD592, 0xD592, 0xD5D3,
  0xD5D3, 0xCDB2, 0xCD72, 0xCD11, 0xC4CF, 0xC510, 0xCD51, 0xCD51,
  0xC530, 0xC4F0, 0xBC6E, 0xBC0D, 0xBC0C, 0xBC6D, 0xBC8E, 0xB46D,
  0xB40B, 0xB3EB, 0xB42C, 0xABEB, 0xAB6A, 0xA2E8, 0xA329, 0xA38A,
  0xA38A, 0xA369, 0x9B29, 0x9B29, 0x9B08, 0x9AE8, 0x92A7, 0x9246,
  0x9225, 0x9245, 0x8A25, 0x8A05, 0x8A05, 0x8A05, 0x8A05, 0x8205,
  0x81E4, 0x81C4, 0x79A3, 0x7983, 0x7983, 0x7963, 0x7963, 0x7142,
  0x7142, 0x7142, 0x7122, 0x7102, 0x6902, 0x6901, 0x6901, 0x6901,
  0x6901, 0x6901, 0x6901, 0x6901, 0x6901, 0x6901, 0x6901, 0x6901,
  0x6901, 0x6901, 0x6901, 0x6901, 0x6901, 0x6901, 0x6901, 0x6901,
  0x6901, 0x6901, 0x6901, 0x6901, 0x6901, 0x6901, 0x6901, 0x6901,
  0x6901, 0x6901, 0x6901, 0x6901, 0x6901, 0x6901, 0x6901, 0x6901,
  0x6901, 0x7102, 0x7122, 0x7122, 0x7142, 0x7962, 0x7963, 0x7983,
  0x7983, 0x81A4, 0x81C4, 0x81E4, 0x8204, 0x8205, 0x8A25, 0x8A45,
  0x8A46, 0x8A86, 0x9286, 0x9286, 0x92A7, 0x92C7, 0x92C7, 0x92C7,
  0x9AE7, 0x9B08, 0x9B49, 0xA369, 0xA369, 0xA349, 0xAB28, 0xAB28,
  0xAAE7, 0x9A45, 0x9A25, 0xA307, 0xB3EA, 0xB42C, 0xB46D, 0xBC6D,
  0xBC6D, 0xBC8E, 0xC4AE, 0xC4CE, 0xC4EF, 0xC4CF, 0xC4EF, 0xCD31,
  0xCD51, 0xCD51, 0xCD71, 0xCD92, 0xCDB3, 0xCDD3, 0xD5D3, 0xD5F3,
  0xD5F3, 0xD5F4, 0xD615, 0xD615, 0xD615, 0xD615, 0xDE36, 0xDE56,
  0xDE56, 0xDE56, 0xDE56, 0xDE97, 0xDED8, 0xDEF8, 0xE6F8, 0xE6F9,
  0xE719, 0xE739, 0xE719, 0xE6B7, 0xDE56, 0xDE56, 0xE698, 0xEED9,
  0xEED9, 0xE6B7, 0xDEB7, 0xE6B8, 0xE6D9, 0xE6F9, 0xEF3A, 0xEF7B,
  0xEF9C, 0xEF9C, 0xEF7C, 0xEFBC, 0xEFDC, 0xEFDC, 0xEF3B, 0xE699,
  0xE659, 0xEEBA, 0xF71A, 0xFF3B, 0xF73B, 0xEED8, 0xEEB8, 0xF75C,
  0xFFDE, 0xFFFD, 0xF79B, 0xEF5A, 0xF77B, 0xF719, 0xE656, 0xEE57,
  0xF71A, 0xF77B, 0xF79B, 0xF7BC, 0xF7DD, 0xF7DC, 0xEF9C, 0xEF5B,
  0xF73B, 0xF73A, 0xF77B, 0xF79C, 0xF7BC, 0xF77B, 0xEF5A, 0xEF5B,
  0xEF9B, 0xEF7B, 0xEF7B, 0xEF5A, 0xDE97, 0xDE16, 0xE6B9, 0xEF5B,
  0xE6B9, 0xDD94, 0xDD32, 0xDD74, 0xDD32, 0xD470, 0xDCD1, 0xE5F5,
  0xE6B7, 0xDEB7, 0xDE97, 0xDE97, 0xDE77, 0xDE76, 0xDE55, 0xDE34,
  0xD5F3, 0xD5F4, 0xDE15, 0xDE35, 0xDE14, 0xD5D3, 0xD592, 0xCD71,
  0xCD51, 0xCD51, 0xD571, 0xCD71, 0xCD72, 0xCD51, 0xC4F0, 0xC4AF,
  0xC510, 0xC531, 0xC510, 0xC4CF, 0xBC4D, 0xBC2C, 0xBC0C, 0xB42D,
  0xB46D, 0xB46D, 0xB40C, 0xABEB, 0xABEB, 0xAB8A, 0xA308, 0xA309,
  0xA36A, 0xA38A, 0xA36A, 0xA349, 0x9B29, 0x9B08, 0x9B08, 0x9AE8,
  0x92A7, 0x9225, 0x8A05, 0x9225, 0x8A05, 0x8A05, 0x8A05, 0x81E5,
  0x81E5, 0x81E4, 0x81C4, 0x81A4, 0x79A3, 0x7983, 0x7963, 0x7963,
  0x7963, 0x7142, 0x7122, 0x7122, 0x7122, 0x6902, 0x6901, 0x6901,
  0x6901, 0x6901, 0x6901, 0x6901, 0x6901, 0x6901, 0x6901, 0x6901,
  0x6901, 0x6901, 0x6901, 0x6901, 0x6901, 0x6901, 0x6901, 0x6901,
  0x6901, 0x6901, 0x6901, 0x6901, 0x6901, 0x6901, 0x6901, 0x6901,
  0x6901, 0x6901, 0x6901, 0x6901, 0x6901, 0x6901, 0x6901, 0x6901,
  0x6901, 0x6901, 0x6901, 0x6901, 0x7102, 0x7122, 0x7142, 0x7142,
  0x7963, 0x7963, 0x7983, 0x7983, 0x79A4, 0x81C4, 0x81E4, 0x81E4,
  0x8205, 0x8A25, 0x8A45, 0x8A66, 0x8A86, 0x9287, 0x92A7, 0x92C7,
  0x92C7, 0x92C7, 0x9AC7, 0x9B08, 0x9B28, 0x9B49, 0xA349, 0xA328,
  0xA328, 0xAB48, 0xAB48, 0xA2C7, 0xA2A6, 0xAB28, 0xB3CA, 0xB42C,
  0xB44D, 0xBC6D, 0xBC8D, 0xBCAE, 0xC4AE, 0xBCCE, 0xBCEF, 0xC4EF,
  0xC4EF, 0xC510, 0xCD51, 0xC551, 0xCD51, 0xCD72, 0xCD92, 0xCDB3,
  0xCDD2, 0xCDD2, 0xCDD3, 0xCDD3, 0xCDD4, 0xCDD4, 0xD5F4, 0xD5F5,
  0xD615, 0xD615, 0xD615, 0xD615, 0xDE56, 0xE6D8, 0xE6F8, 0xE6F8,
  0xE6F9, 0xE719, 0xE719, 0xE75A, 0xE719, 0xDE76, 0xDDF4, 0xE657,
  0xE6D9, 0xEF19, 0xE6D8, 0xDE97, 0xE6D8, 0xEEF9, 0xE6F9, 0xE6F9,
  0xEF3A, 0xEF7B, 0xEF9B, 0xEF9C, 0xEF9B, 0xEF7B, 0xEF9B, 0xEF9C,
  0xEF5B, 0xE6D9, 0xDE58, 0xE638, 0xEE99, 0xF77C, 0xF7BD, 0xF73A,
  0xEE97, 0xEED9, 0xEF1A, 0xEEF8, 0xEEF8, 0xEF3A, 0xF77C, 0xF75A,
  0xEE77, 0xE5F5, 0xEE98, 0xF73A, 0xF75A, 0xEF7B, 0xF7BC, 0xF7BC,
  0xF79C, 0xEF5A, 0xEED9, 0xE698, 0xEF3A, 0xF79C, 0xF7BB, 0xEF7B,
  0xEF5A, 0xEF7B, 0xEF9B, 0xEF7B, 0xEF7B, 0xEF5A, 0xE719, 0xDE36,
  0xE657, 0xEEF9, 0xE6F9, 0xEED8, 0xE6B8, 0xEEF9, 0xE6B8, 0xDD74,
  0xD44F, 0xDD32, 0xE677, 0xDEB7, 0xDE97, 0xDE76, 0xDE77, 0xDE56,
  0xDE15, 0xDE14, 0xDDF4, 0xD5F4, 0xD614, 0xD614, 0xD5F4, 0xD5D4,
  0xD5D3, 0xD592, 0xCD51, 0xCD31, 0xCD30, 0xCD31, 0xCD51, 0xCD51,
  0xC510, 0xBCAF, 0xBC8E, 0xC4EF, 0xC510, 0xBCAF, 0xBC2D, 0xB3EC,
  0xB40C, 0xB40C, 0xB44D, 0xB44D, 0xB42C, 0xB3CB, 0xAB49, 0xA2E8,
  0xA329, 0xA36A, 0xA38A, 0xA36A, 0xA349, 0x9B49, 0x9B08, 0x9AE8,
  0x9AE7, 0x9AC7, 0x9286, 0x8A25, 0x89E4, 0x8A05, 0x8A25, 0x8A05,
  0x8205, 0x81E4, 0x81C4, 0x81C4, 0x81C4, 0x79A3, 0x7983, 0x7963,
  0x7963, 0x7142, 0x7142, 0x7142, 0x7122, 0x7122, 0x7102, 0x6901,
  0x6901, 0x6901, 0x6901, 0x6901, 0x6901, 0x6901, 0x6901, 0x6901,
  0x6901, 0x6901, 0x6901, 0x6901, 0x6901, 0x6901, 0x6901, 0x6901,
  0x6901, 0x6901, 0x6901, 0x6901, 0x6901, 0x6901, 0x6901, 0x6901,
  0x6901, 0x6901, 0x6901, 0x6901, 0x6901, 0x6901, 0x6901, 0x6901,
  0x6901, 0x6901, 0x6901, 0x6901, 0x6901, 0x6901, 0x6902, 0x7122,
  0x7122, 0x7142, 0x7142, 0x7963, 0x7963, 0x7983, 0x79A3, 0x79C4,
  0x81E4, 0x81E4, 0x8205, 0x8205, 0x8A25, 0x8A46, 0x8A66, 0x9286,
  0x92A7, 0x92A7, 0x92C7, 0x92C7, 0x9AC7, 0x9AE8, 0x9B08, 0x9B49,
  0x9B28, 0xA307, 0xA328, 0xA348, 0xA328, 0xAB08, 0xA307, 0xAB49,
  0xABCB, 0xAC2C, 0xB42C, 0xB44D, 0xBC6D, 0xBC8E, 0xBCAE, 0xBCCF,
  0xBCEF, 0xC4EF, 0xC4CF, 0xC50F, 0xC530, 0xC550, 0xC551, 0xCD72,
  0xCD92, 0xCD92, 0xCDB2, 0xCD92, 0xCD92, 0xCDB3, 0xCDB3, 0xCDB3,
  0xD5D4, 0xD5F4, 0xD614, 0xD615, 0xD614, 0xD615, 0xDE76, 0xE6D8,
  0xE6F8, 0xE6F8, 0xE6F8, 0xE6F8, 0xE719, 0xE739, 0xE6F8, 0xDE75,
  0xDE14, 0xE677, 0xE6D9, 0xE6F8, 0xE6D7, 0xE6B7, 0xE6D8, 0xE6F9,
  0xE719, 0xE6F9, 0xEF1A, 0xEF5B, 0xEF7B, 0xEF7B, 0xE75A, 0xE73A,
  0xEF5A, 0xEF3A, 0xEF3A, 0xEF3A, 0xE698, 0xD596, 0xDDF7, 0xEF5B,
  0xF7BC, 0xF73A, 0xF71A, 0xF73A, 0xEED8, 0xE656, 0xEEB8, 0xEF5B,
  0xEF9C, 0xF79C, 0xF71A, 0xE636, 0xEE36, 0xEED8, 0xF73A, 0xF73A,
  0xEF5A, 0xEF5A, 0xEF3A, 0xEF19, 0xEED8, 0xE678, 0xE6B9, 0xEF5A,
  0xEF9B, 0xEF7B, 0xEF5B, 0xEF1A, 0xEF3A, 0xF75A, 0xF77B, 0xEF5B,
  0xEF3A, 0xE657, 0xDDF5, 0xE677, 0xE6F9, 0xE6D9, 0xE6B8, 0xEEF9,
  0xEEF9, 0xDDF5, 0xCC4E, 0xD4B0, 0xE5F5, 0xE6B7, 0xDEB7, 0xDE97,
  0xDE76, 0xDE35, 0xDE35, 0xDE35, 0xDE15, 0xD5F4, 0xD5F4, 0xD5F4,
  0xD5D3, 0xD5D3, 0xD5D3, 0xD5B3, 0xCD72, 0xCD72, 0xCD51, 0xC510,
  0xC510, 0xCD31, 0xC531, 0xC4AF, 0xBC4D, 0xBC6D, 0xC4CF, 0xBC8E,
  0xBC0C, 0xB3CB, 0xB3EB, 0xB42C, 0xB44D, 0xB42C, 0xB3CB, 0xA2E8,
  0xA286, 0xA2E8, 0xAB6A, 0xA38A, 0xA36A, 0xA349, 0x9B49, 0x9B28,
  0x9AE8, 0x9AC7, 0x92C7, 0x92A7, 0x9246, 0x9205, 0x89E4, 0x89E4,
  0x8A05, 0x8A05, 0x81E5, 0x81E4, 0x81C4, 0x81C4, 0x81A4, 0x7983,
  0x7983, 0x7962, 0x7142, 0x7142, 0x7142, 0x7142, 0x7122, 0x7102,
  0x6901, 0x6901, 0x6901, 0x6901, 0x6901, 0x6901, 0x6901, 0x6901,
  0x6901, 0x6901, 0x6901, 0x6901, 0x6901, 0x6901, 0x6901, 0x6901,
  0x6901, 0x6901, 0x6901, 0x6901, 0x6901, 0x6901, 0x6901, 0x6901,
  0x6901, 0x6901, 0x6901, 0x6901, 0x6901, 0x6901, 0x6901, 0x6901,
  0x6901, 0x6901, 0x6901, 0x6901, 0x6901, 0x6901, 0x6901, 0x6901,
  0x6901, 0x6902, 0x7122, 0x7122, 0x7142, 0x7963, 0x7963, 0x7963,
  0x7983, 0x79A4, 0x81C4, 0x81E4, 0x81E4, 0x8205, 0x8A05, 0x8A25,
  0x8A66, 0x8A66, 0x9286, 0x92A7, 0x92A7, 0x92C7, 0x92C7, 0x92E8,
  0x9B08, 0x9B08, 0x9B07, 0x9AE6, 0x9B07, 0xA328, 0xA328, 0xA328,
  0xA328, 0xAB6A, 0xABCB, 0xAC0B, 0xAC2C, 0xB42C, 0xB44D, 0xB46D,
  0xBC8E, 0xBCAF, 0xBCCF, 0xBCCF, 0xBCCF, 0xC4EF, 0xC530, 0xC530,
  0xC531, 0xC551, 0xCD71, 0xCD72, 0xCD92, 0xCD72, 0xCD72, 0xCD92,
  0xCD92, 0xCDB3, 0xD5D3, 0xD5F4, 0xD614, 0xD635, 0xD615, 0xDE35,
  0xDE76, 0xDEB7, 0xDEB7, 0xDED7, 0xDED7, 0xDEF8, 0xE718, 0xE719,
  0xDED7, 0xDE75, 0xE656, 0xE697, 0xDEB8, 0xDEB7, 0xE6B7, 0xE6D7,
  0xE6D7, 0xE6F8, 0xE6F9, 0xE6F9, 0xEF1A, 0xEF3B, 0xEF7B, 0xE75A,
  0xE719, 0xE6F9, 0xEF3A, 0xEF3A, 0xEF3A, 0xEF5B, 0xE6D9, 0xD553,
  0xDD35, 0xEE9A, 0xF75B, 0xEEFA, 0xF73A, 0xF77B, 0xEF1A, 0xE698,
  0xEEB9, 0xEF1A, 0xEF3B, 0xEF5B, 0xEF1A, 0xEE77, 0xEE36, 0xEE57,
  0xF6D8, 0xF73A, 0xEF5A, 0xEF5A, 0xEF19, 0xEEF9, 0xEF19, 0xEEF9,
  0xE6B8, 0xE6F9, 0xEF3A, 0xEF5B, 0xEF3A, 0xE6F9, 0xE6D8, 0xEF19,
  0xEF5A, 0xEF39, 0xE6F9, 0xDE76, 0xDDF5, 0xDE36, 0xE6F9, 0xE6B8,
  0xE697, 0xE6B8, 0xE6B8, 0xDDB3, 0xCC4E, 0xD490, 0xDDB4, 0xE656,
  0xDE76, 0xDE96, 0xDE76, 0xDE55, 0xDE35, 0xD614, 0xD614, 0xD5F3,
  0xD5D3, 0xD5D4, 0xD5D3, 0xCDB2, 0xD592, 0xD572, 0xCD71, 0xCD51,
  0xCD31, 0xC4F0, 0xC4AF, 0xC4CF, 0xC4F0, 0xC4CF, 0xBC6E, 0xBC2D,
  0xBC6E, 0xBC4D, 0xB3CB, 0xB36A, 0xB36A, 0xB3AB, 0xB3CB, 0xAB8A,
  0xAB08, 0xA2A7, 0xA2A7, 0xAB29, 0xAB8A, 0xA36A, 0x9B49, 0x9B49,
  0x9B28, 0x9B08, 0x9AC8, 0x9AC7, 0x92A7, 0x9266, 0x9225, 0x8A25,
  0x8A05, 0x81E4, 0x89E4, 0x8A05, 0x8205, 0x81E4, 0x81C4, 0x81A4,
  0x7983, 0x7983, 0x7963, 0x7962, 0x7142, 0x7142, 0x7142, 0x7122,
  0x7122, 0x7102, 0x6901, 0x6901, 0x6901, 0x6901, 0x6901, 0x6901,
  0x6901, 0x6901, 0x6901, 0x6901, 0x6901, 0x6901, 0x6901, 0x6901,
  0x6901, 0x6901, 0x6901, 0x6901, 0x6901, 0x6901, 0x6901, 0x6901,
  0x6901, 0x6901, 0x6901, 0x6901, 0x6901, 0x6901, 0x6901, 0x6901,
  0x6901, 0x6901, 0x6901, 0x6901, 0x6901, 0x6901, 0x6901, 0x6901,
  0x6901, 0x6901, 0x6901, 0x6902, 0x7102, 0x7122, 0x7122, 0x7142,
  0x7963, 0x7963, 0x7963, 0x7983, 0x79A4, 0x81C4, 0x81E4, 0x81E4,
  0x8205, 0x8A25, 0x8A45, 0x8A46, 0x8A66, 0x9286, 0x92A7, 0x92A7,
  0x92A7, 0x92C7, 0x9AE8, 0x9AE7, 0x9AC6, 0x9AC6, 0x9AE7, 0xA328,
  0xA349, 0xA369, 0xA369, 0xAB6A, 0xABCB, 0xABEB, 0xAC0B, 0xB42C,
  0xB44D, 0xB44D, 0xBC8E, 0xBCAE, 0xBCCE, 0xBCCF, 0xBCCF, 0xC4EF,
  0xC510, 0xC510, 0xC530, 0xC551, 0xCD71, 0xC551, 0xC551, 0xC571,
  0xCD51, 0xCD72, 0xCD72, 0xCDB2, 0xD5D3, 0xD614, 0xDE35, 0xDE35,
  0xDE35, 0xDE35, 0xDE55, 0xDE76, 0xDE96, 0xDE96, 0xDEB6, 0xDED7,
  0xE6F8, 0xE6F8, 0xDE95, 0xDE34, 0xDE76, 0xE697, 0xE6B7, 0xE6B7,
  0xE697, 0xE696, 0xE696, 0xE6B8, 0xE6D8, 0xE6D8, 0xEF19, 0xEF5B,
  0xEF7B, 0xEF5A, 0xE739, 0xE6F9, 0xEF5B, 0xEF7B, 0xEF5B, 0xEF3A,
  0xE6F8, 0xD5B3, 0xD4D3, 0xE5B7, 0xEEBA, 0xEED9, 0xEEF9, 0xEF1A,
  0xEF1A, 0xEEF9, 0xE6D9, 0xE6F9, 0xE6FA, 0xE71A, 0xE6D8, 0xE657,
  0xEE56, 0xEE56, 0xEE97, 0xEF19, 0xF77A, 0xF79B, 0xEF19, 0xEEF9,
  0xEF3A, 0xEF7B, 0xEF3A, 0xE6D8, 0xE6D8, 0xE6D8, 0xEEF9, 0xEEF9,
  0xE6F9, 0xE6D8, 0xE6B7, 0xE6B7, 0xE697, 0xDE76, 0xDDF4, 0xDDF5,
  0xE6B8, 0xE6F9, 0xE6B8, 0xE6D8, 0xE697, 0xDD52, 0xCC0D, 0xD4D0,
  0xDDD4, 0xDDF4, 0xDE15, 0xDE55, 0xDE55, 0xDE35, 0xD615, 0xD5F4,
  0xD5F3, 0xD5D3, 0xD5B2, 0xD5D3, 0xD5B3, 0xCD92, 0xCD71, 0xCD51,
  0xCD31, 0xC510, 0xC4F0, 0xC4F0, 0xC4AE, 0xBC8D, 0xBC8E, 0xC4AE,
  0xBC8E, 0xB42D, 0xB3EC, 0xB3CC, 0xB36A, 0xAB09, 0xAAE9, 0xAB29,
  0xAB29, 0xAB08, 0xA308, 0xA329, 0xAB49, 0xAB49, 0xA349, 0xA349,
  0x9B49, 0x9B29, 0x9B08, 0x9AC8, 0x92A7, 0x92A7, 0x9287, 0x9246,
  0x8A25, 0x8A45, 0x8A25, 0x81E4, 0x81C4, 0x81E4, 0x81E4, 0x81E4,
  0x81C4, 0x81A4, 0x7983, 0x7963, 0x7963, 0x7942, 0x7142, 0x7142,
  0x7122, 0x7122, 0x7102, 0x6902, 0x6901, 0x6901, 0x6901, 0x6901,
  0x6901, 0x6901, 0x6901, 0x6901, 0x6901, 0x6901, 0x6901, 0x6901,
  0x6901, 0x6901, 0x6901, 0x6901, 0x6901, 0x6901, 0x6901, 0x6901,
  0x6901, 0x6901, 0x6901, 0x6901, 0x6901, 0x6901, 0x6901, 0x6901,
  0x6901, 0x6901, 0x6901, 0x6901, 0x6901, 0x6901, 0x6901, 0x6901,
  0x6901, 0x6901, 0x6901, 0x6901, 0x6901, 0x6901, 0x6902, 0x7102,
  0x7122, 0x7142, 0x7142, 0x7963, 0x7963, 0x7983, 0x79A3, 0x79A4,
  0x81C4, 0x81E4, 0x8205, 0x8205, 0x8A25, 0x8A45, 0x8A66, 0x8A66,
  0x9287, 0x92A6, 0x92A6, 0x92C7, 0x92C7, 0x92C7, 0x92A6, 0x9AC7,
  0x9B08, 0x9B28, 0xA349, 0xA369, 0xA369, 0xA36A, 0xA3AA, 0xABEB,
  0xABEB, 0xAC0C, 0xB42C, 0xB44D, 0xB46E, 0xBC8E, 0xBCAE, 0xBCAE,
  0xBCCE, 0xBCEF, 0xC4EF, 0xC510, 0xC530, 0xC551, 0xCD51, 0xC551,
  0xC550, 0xC551, 0xC551, 0xCD51, 0xCD71, 0xCDB2, 0xD5D2, 0xD613,
  0xDE35, 0xDE35, 0xDE35, 0xDE34, 0xDE34, 0xDE35, 0xDE56, 0xDE76,
  0xDE96, 0xDE96, 0xE6D7, 0xDED6, 0xDE54, 0xDE14, 0xDE55, 0xDE56,
  0xE697, 0xE6D8, 0xE6B7, 0xDE55, 0xDE35, 0xE677, 0xE6B8, 0xE6D8,
  0xE6F9, 0xE71A, 0xE75A, 0xEF7B, 0xEF5A, 0xE719, 0xE71A, 0xE73A,
  0xE73A, 0xEEF9, 0xE6B7, 0xDDF4, 0xD533, 0xE555, 0xE617, 0xE698,
  0xE6D8, 0xEED9, 0xEEB8, 0xEEB8, 0xEEF9, 0xEF3A, 0xE71A, 0xEF3A,
  0xE6F9, 0xE677, 0xE697, 0xE697, 0xE677, 0xEED8, 0xF75B, 0xF77B,
  0xEF3A, 0xE6F9, 0xEF19, 0xEF5A, 0xEF5A, 0xEF19, 0xE697, 0xDE75,
  0xE697, 0xEEF9, 0xEF19, 0xE6B7, 0xDE35, 0xDE35, 0xE656, 0xDE56,
  0xDDD4, 0xD5B4, 0xDE57, 0xE6D8, 0xDEB8, 0xE6B8, 0xE656, 0xD4F0,
  0xCBED, 0xDD12, 0xDDF5, 0xDDD4, 0xDDF4, 0xD614, 0xD614, 0xD5F4,
  0xD5F4, 0xD5D3, 0xCDD2, 0xD5B2, 0xD5B2, 0xD592, 0xCD71, 0xCD51,
  0xCD71, 0xCD51, 0xC531, 0xC4F0, 0xC4F0, 0xC4F0, 0xC4EF, 0xBC8E,
  0xBC6D, 0xBC6D, 0xBC4E, 0xB42D, 0xB3CB, 0xB38B, 0xB36A, 0xAB09,
  0xAB09, 0xAB29, 0xAB29, 0xAB6A, 0xABAA, 0xABCB, 0xA38A, 0xA349,
  0xA349, 0xA349, 0x9B29, 0x9B08, 0x9AE8, 0x9AC7, 0x9286, 0x9266,
  0x9225, 0x8A25, 0x8A25, 0x8A45, 0x8A25, 0x89E4, 0x81C4, 0x81A3,
  0x81C3, 0x81C4, 0x81C4, 0x79A4, 0x7983, 0x7963, 0x7942, 0x7142,
  0x7142, 0x7122, 0x7122, 0x7102, 0x6902, 0x6901, 0x6901, 0x6901,
  0x6901, 0x6901, 0x6901, 0x6901, 0x6901, 0x6901, 0x6901, 0x6901,
  0x6901, 0x6901, 0x6901, 0x6901, 0x6901, 0x6901, 0x6901, 0x6901,
  0x6901, 0x6901, 0x6901, 0x6901, 0x6901, 0x6901, 0x6901, 0x6901,
  0x6901, 0x6901, 0x6901, 0x6901, 0x6901, 0x6901, 0x6901, 0x6901,
  0x6901, 0x6901, 0x6901, 0x6901, 0x6901, 0x6901, 0x6901, 0x6901,
  0x6901, 0x7102, 0x7122, 0x7122, 0x7142, 0x7142, 0x7963, 0x7963,
  0x7983, 0x7983, 0x81A4, 0x81C4, 0x81E4, 0x8205, 0x8205, 0x8A25,
  0x8A45, 0x8A46, 0x8A66, 0x8A86, 0x9286, 0x9286, 0x92A6, 0x92A6,
  0x92A7, 0x9AC7, 0x9B08, 0x9B28, 0x9B28, 0xA349, 0xA349, 0xA369,
  0xA38A, 0xA3CA, 0xABEB, 0xABEB, 0xAC0C, 0xB42C, 0xB44D, 0xB46E,
  0xBC8E, 0xBCAE, 0xBCAE, 0xBCCF, 0xBCCF, 0xC4EF, 0xC510, 0xC510,
  0xC530, 0xC530, 0xC510, 0xC510, 0xC530, 0xCD31, 0xCD71, 0xD5B2,
  0xD5D2, 0xD5F3, 0xDE14, 0xDE34, 0xD614, 0xD614, 0xDE14, 0xDE14,
  0xDE55, 0xDE76, 0xDE96, 0xDE76, 0xDE95, 0xDE33, 0xDE14, 0xDE56,
  0xDE76, 0xDE35, 0xDE56, 0xDEB7, 0xDEB7, 0xE676, 0xE655, 0xDE56,
  0xE697, 0xE6D8, 0xE6F8, 0xE6F8, 0xE719, 0xE719, 0xE6F8, 0xE6B8,
  0xE6D8, 0xE6D8, 0xE6F8, 0xE6D7, 0xDE55, 0xDDD3, 0xDD52, 0xDD74,
  0xE5F6, 0xDE77, 0xE6B8, 0xE6D9, 0xE6B8, 0xE697, 0xE6B7, 0xEF19,
  0xEF5A, 0xEF7B, 0xEF3A, 0xE6F9, 0xE6B7, 0xE677, 0xE636, 0xE677,
  0xEEF9, 0xEF1A, 0xEF19, 0xE6D8, 0xEED8, 0xEF19, 0xE739, 0xE6F8,
  0xE6B7, 0xE696, 0xDE56, 0xE697, 0xE6B8, 0xE696, 0xDE56, 0xDE56,
  0xDE56, 0xE636, 0xDDF5, 0xD5B4, 0xD5F5, 0xE697, 0xE697, 0xE697,
  0xDDD3, 0xCC4D, 0xCC2D, 0xDD52, 0xDDF5, 0xD5F4, 0xD614, 0xD614,
  0xD5F3, 0xD5B3, 0xD592, 0xCD92, 0xCD92, 0xCD92, 0xD591, 0xCD71,
  0xCD31, 0xC510, 0xC530, 0xCD31, 0xC510, 0xC4CF, 0xC4CF, 0xC4F0,
  0xBCEF, 0xBCCF, 0xBC8E, 0xBC6E, 0xB44D, 0xB3EC, 0xB3CB, 0xB3EC,
  0xB3EC, 0xAB6A, 0xAB29, 0xAB4A, 0xAB8A, 0xAB8A, 0xABAA, 0xA38A,
  0xA36A, 0xA349, 0x9B29, 0x9B29, 0x9B08, 0x9B08, 0x9AE8, 0x92A7,
  0x9266, 0x9225, 0x8A25, 0x8A25, 0x8A25, 0x8A05, 0x8A05, 0x8205,
  0x81E4, 0x81C4, 0x7983, 0x7983, 0x79A3, 0x7983, 0x7963, 0x7962,
  0x7142, 0x7122, 0x7122, 0x7122, 0x7102, 0x6902, 0x6901, 0x6901,
  0x6901, 0x6901, 0x6901, 0x6901, 0x6901, 0x6901, 0x6901, 0x6901,
  0x6901, 0x6901, 0x6901, 0x6901, 0x6901, 0x6901, 0x6901, 0x6901,
  0x6901, 0x6901, 0x6901, 0x6901, 0x6901, 0x6901, 0x6901, 0x6901,
  0x6901, 0x6901, 0x6901, 0x6901, 0x6901, 0x6901, 0x6901, 0x6901,
  0x6901, 0x6901, 0x6901, 0x6901, 0x6901, 0x6901, 0x6901, 0x6901,
  0x6901, 0x6901, 0x6901, 0x6901, 0x7102, 0x7122, 0x7122, 0x7142,
  0x7942, 0x7963, 0x7963, 0x7983, 0x7983, 0x81A4, 0x81C4, 0x81E4,
  0x8205, 0x8A05, 0x8A25, 0x8A45, 0x8A66, 0x8A66, 0x9266, 0x9265,
  0x9286, 0x92A7, 0x92C7, 0x9AC7, 0x9B07, 0x9B28, 0x9B28, 0x9B29,
  0xA349, 0xA369, 0xA389, 0xA3AA, 0xABCA, 0xABEB, 0xABEB, 0xAC0C,
  0xB42C, 0xB44D, 0xB46D, 0xBC8D, 0xBC8E, 0xBCAF, 0xBCCF, 0xBCCF,
  0xBCCF, 0xC4EF, 0xC4F0, 0xC4EF, 0xC50F, 0xC510, 0xC510, 0xC530,
  0xCD71, 0xD592, 0xD5D3, 0xD5D3, 0xD5F3, 0xD614, 0xD614, 0xD5F3,
  0xD613, 0xDE14, 0xDE35, 0xDE75, 0xDE96, 0xDE76, 0xDE54, 0xD5D2,
  0xDE14, 0xDE77, 0xDE76, 0xDE35, 0xDE55, 0xDEB7, 0xDEB7, 0xDE96,
  0xE696, 0xDE56, 0xDE76, 0xE6B8, 0xE6D8, 0xE6B8, 0xE6B8, 0xE6D8,
  0xDED8, 0xDE97, 0xDE97, 0xDE96, 0xDE96, 0xDE96, 0xDE35, 0xDD51,
  0xD48F, 0xDD13, 0xE5F6, 0xE637, 0xE6D8, 0xE6D9, 0xE6D8, 0xE697,
  0xE677, 0xE6B8, 0xE719, 0xEF3A, 0xEF3A, 0xEF19, 0xE697, 0xE656,
  0xE615, 0xDE15, 0xE6B7, 0xE6F9, 0xE6D8, 0xDE97, 0xE6B8, 0xE6D9,
  0xE6F8, 0xDEB7, 0xE696, 0xE676, 0xDE56, 0xDE56, 0xE6B7, 0xE6B7,
  0xDE97, 0xDE97, 0xDE77, 0xDE57, 0xDE56, 0xDDF5, 0xD5B3, 0xDE15,
  0xE677, 0xDE15, 0xCCAF, 0xC3AB, 0xCC6F, 0xDD72, 0xDDD3, 0xD5F4,
  0xD614, 0xD614, 0xD5F3, 0xD5B2, 0xCD72, 0xCD52, 0xCD92, 0xCD92,
  0xCD71, 0xCD30, 0xCD30, 0xC510, 0xC4F0, 0xC4EF, 0xC4CF, 0xC4AF,
  0xC4CF, 0xBCCF, 0xBCCF, 0xBCAE, 0xBC8E, 0xBC6E, 0xBC4D, 0xB3EC,
  0xB3AB, 0xB3EC, 0xB40C, 0xABAB, 0xAB4A, 0xAB6A, 0xABAA, 0xA38A,
  0xA36A, 0xA369, 0xA369, 0xA349, 0x9B08, 0x9B08, 0x9AC7, 0x9AA7,
  0x92A7, 0x9286, 0x9246, 0x9246, 0x8A45, 0x8A25, 0x8A05, 0x8A05,
  0x8205, 0x81E5, 0x81E4, 0x81C4, 0x7983, 0x7963, 0x7963, 0x7963,
  0x7942, 0x7142, 0x7122, 0x7122, 0x7122, 0x7102, 0x6901, 0x6901,
  0x6901, 0x6901, 0x6901, 0x6901, 0x6901, 0x6901, 0x6901, 0x6901,
  0x6901, 0x6901, 0x6901, 0x6901, 0x6901, 0x6901, 0x6901, 0x6901,
  0x6901, 0x6901, 0x6901, 0x6901, 0x6901, 0x6901, 0x6901, 0x6901,
  0x6901, 0x6901, 0x6901, 0x6901, 0x6901, 0x6901, 0x6901, 0x6901,
  0x6901, 0x6901, 0x6901, 0x6901, 0x6901, 0x6901, 0x6901, 0x6901,
  0x6901, 0x6901, 0x6901, 0x6901, 0x6901, 0x6901, 0x6902, 0x7102,
  0x7122, 0x7122, 0x7142, 0x7142, 0x7963, 0x7963, 0x7983, 0x7983,
  0x79A4, 0x81C4, 0x81E4, 0x8205, 0x8205, 0x8A25, 0x8A46, 0x8A65,
  0x8A45, 0x8A45, 0x9266, 0x92A7, 0x92C7, 0x92C7, 0x92E7, 0x9B08,
  0x9B28, 0x9B28, 0x9B49, 0x9B49, 0x9B49, 0xA38A, 0xA38A, 0xABAA,
  0xABCB, 0xABEB, 0xAC0C, 0xB42C, 0xB44D, 0xB46D, 0xBC6E, 0xBC8E,
  0xBCAE, 0xBCAE, 0xBCAF, 0xBCAF, 0xBCCF, 0xBCCF, 0xC4CF, 0xBCCF,
  0xC4EF, 0xC50F, 0xCD50, 0xCD71, 0xCD92, 0xCDB2, 0xD5B2, 0xD5D3,
  0xD5F3, 0xD5F3, 0xD5F3, 0xD5F3, 0xD614, 0xD655, 0xD675, 0xDE75,
  0xD613, 0xD5D2, 0xDE35, 0xDE76, 0xDE55, 0xDE35, 0xDE56, 0xE6B7,
  0xE6B7, 0xDE75, 0xE696, 0xE656, 0xDE56, 0xE677, 0xDEB7, 0xDEB8,
  0xDED8, 0xDED8, 0xDED8, 0xDEB8, 0xDEB7, 0xDE76, 0xDE55, 0xDE35,
  0xDDF4, 0xD552, 0xCC4F, 0xD471, 0xDD94, 0xE636, 0xE6B8, 0xE6D8,
  0xE6B8, 0xE697, 0xE697, 0xE677, 0xE697, 0xE6B8, 0xEED8, 0xEEF8,
  0xE676, 0xDE35, 0xE5F4, 0xE5F4, 0xE636, 0xE6B7, 0xDEB7, 0xDE97,
  0xE6B8, 0xE6D8, 0xE6F8, 0xE6B7, 0xE676, 0xE655, 0xDE55, 0xDE56,
  0xE697, 0xE697, 0xDEB7, 0xDE97, 0xDE76, 0xDE76, 0xDE76, 0xDE15,
  0xD573, 0xDDB4, 0xE615, 0xD551, 0xC3EC, 0xC3ED, 0xD511, 0xD572,
  0xD592, 0xD5B3, 0xD5F4, 0xD5F4, 0xD5D3, 0xD5B2, 0xCD72, 0xCD51,
  0xCD31, 0xCD51, 0xCD51, 0xCD30, 0xC510, 0xC4F0, 0xC4CF, 0xC4CF,
  0xC4EF, 0xC4EF, 0xBCCF, 0xBCCF, 0xBCAE, 0xBC6E, 0xBC4D, 0xBC4D,
  0xB42C, 0xB3EB, 0xB3CB, 0xB3EC, 0xABCB, 0xAB8A, 0xAB49, 0xAB8A,
  0xA38A, 0xA36A, 0xA349, 0xA349, 0x9B29, 0x9B28, 0x9B28, 0x9AC7,
  0x92A7, 0x9286, 0x9287, 0x9266, 0x9246, 0x9246, 0x8A45, 0x8A25,
  0x8A05, 0x8205, 0x8205, 0x81E4, 0x81E4, 0x81C4, 0x79A3, 0x7963,
  0x7962, 0x7942, 0x7142, 0x7142, 0x7122, 0x7122, 0x7122, 0x7102,
  0x6901, 0x6901, 0x6901, 0x6901, 0x6901, 0x6901, 0x6901, 0x6901,
  0x6901, 0x6901, 0x6901, 0x6901, 0x6901, 0x6901, 0x6901, 0x6901,
  0x6901, 0x6901, 0x6901, 0x6901, 0x6901, 0x6901, 0x6901, 0x6901,
  0x6901, 0x6901, 0x6901, 0x6901, 0x6901, 0x6901, 0x6901, 0x6901,
  0x6901, 0x6901, 0x6901, 0x6901, 0x6901, 0x6901, 0x6901, 0x6901,
  0x6901, 0x6901, 0x6901, 0x6901, 0x6901, 0x6901, 0x6901, 0x6901,
  0x6901, 0x7102, 0x7102, 0x7122, 0x7122, 0x7142, 0x7963, 0x7963,
  0x7963, 0x7983, 0x79A3, 0x81C4, 0x81E4, 0x81E4, 0x8205, 0x8205,
  0x8225, 0x8A25, 0x8A25, 0x8A25, 0x8A66, 0x9287, 0x92A7, 0x92A7,
  0x92C7, 0x92E7, 0x9B08, 0x9B08, 0x9B29, 0x9B29, 0x9B49, 0x9B69,
  0xA36A, 0xA38A, 0xABCB, 0xABEB, 0xABEB, 0xAC0C, 0xB42C, 0xB44D,
  0xB46D, 0xBC6D, 0xBC8E, 0xBC8E, 0xBC8E, 0xBCAE, 0xBCAE, 0xBCAE,
  0xBCAE, 0xBCAE, 0xC4CF, 0xC4EF, 0xCD30, 0xCD50, 0xCD71, 0xCD91,
  0xD591, 0xD5B2, 0xD5D2, 0xD5B2, 0xD5B2, 0xD5B2, 0xD5F3, 0xD614,
  0xD634, 0xD634, 0xD5D3, 0xD5F4, 0xDE55, 0xDE55, 0xD614, 0xDE35,
  0xDE56, 0xE697, 0xE6B6, 0xDE75, 0xDE35, 0xDE15, 0xDE15, 0xE656,
  0xDE97, 0xDEB7, 0xDED7, 0xDED7, 0xDED7, 0xE6D8, 0xDEB7, 0xDE97,
  0xDE76, 0xDE14, 0xD5B2, 0xD5D3, 0xD532, 0xCC90, 0xD4D2, 0xDDB5,
  0xDE36, 0xE677, 0xDE97, 0xE697, 0xE6B8, 0xE6B7, 0xE697, 0xE676,
  0xE676, 0xE677, 0xE635, 0xDDD3, 0xDDD3, 0xE5F4, 0xDDF5, 0xDE35,
  0xE697, 0xE6B7, 0xE6B7, 0xE6B8, 0xEEF8, 0xE6D8, 0xE697, 0xE676,
  0xDE35, 0xDE35, 0xDE76, 0xE697, 0xDE96, 0xDE96, 0xDE76, 0xDE56,
  0xDE76, 0xDE15, 0xD552, 0xDD73, 0xDDB3, 0xCC8F, 0xC3CD, 0xCCD1,
  0xD593, 0xD592, 0xD551, 0xD592, 0xD5D3, 0xD5B3, 0xCD92, 0xCD72,
  0xCD71, 0xCD50, 0xC4EF, 0xC4CF, 0xCD30, 0xCD30, 0xC4CF, 0xC4CF,
  0xC4CF, 0xC4EF, 0xC50F, 0xBD0F, 0xBCEF, 0xBCCF, 0xBC8E, 0xBC6D,
  0xBC2D, 0xB40C, 0xB3EB, 0xABAB, 0xABCB, 0xABCB, 0xABAA, 0xAB49,
  0xAB49, 0xA36A, 0xA38A, 0xA369, 0xA349, 0x9B29, 0x9B08, 0x9AE8,
  0x9AE7, 0x9AA7, 0x9287, 0x9287, 0x9287, 0x9266, 0x8A46, 0x8A25,
  0x8A05, 0x8A05, 0x8205, 0x8205, 0x8204, 0x81E4, 0x79C4, 0x79A4,
  0x79A3, 0x7963, 0x7963, 0x7943, 0x7142, 0x7142, 0x7122, 0x7122,
  0x7102, 0x6902, 0x6901, 0x6901, 0x6901, 0x6901, 0x6901, 0x6901,
  0x6901, 0x6901, 0x6901, 0x6901, 0x6901, 0x6901, 0x6901, 0x6901,
  0x6901, 0x6901, 0x6901, 0x6901, 0x6901, 0x6901, 0x6901, 0x6901,
  0x6901, 0x6901, 0x6901, 0x6901, 0x6901, 0x6901, 0x6901, 0x6901,
  0x6901, 0x6901, 0x6901, 0x6901, 0x6901, 0x6901, 0x6901, 0x6901,
  0x6901, 0x6901, 0x6901, 0x6901, 0x6901, 0x6901, 0x6901, 0x6901,
  0x6901, 0x6901, 0x6901, 0x6901, 0x7102, 0x7102, 0x7122, 0x7122,
  0x7142, 0x7962, 0x7963, 0x7963, 0x7983, 0x79A3, 0x81C4, 0x81E4,
  0x81E4, 0x81E4, 0x81E4, 0x8A05, 0x8A05, 0x8A25, 0x8A45, 0x8A66,
  0x92A7, 0x92A6, 0x92A6, 0x92C7, 0x92E8, 0x9B08, 0x9B28, 0x9B28,
  0x9B29, 0x9B49, 0xA369, 0xA38A, 0xA3AA, 0xABCB, 0xABCB, 0xABEC,
  0xAC0C, 0xB42C, 0xB44D, 0xB44D, 0xBC6D, 0xBC6D, 0xBC6D, 0xBC8E,
  0xBCAE, 0xBCAE, 0xBC8E, 0xBCAE, 0xC4CE, 0xC4EF, 0xCD10, 0xCD30,
  0xCD50, 0xCD71, 0xCD91, 0xD591, 0xD591, 0xCD50, 0xCD50, 0xD571,
  0xD5D3, 0xD614, 0xD5F3, 0xD5D2, 0xD5B2, 0xD5F4, 0xDE35, 0xD634,
  0xD5F3, 0xD5F4, 0xDE35, 0xDE76, 0xDE76, 0xDE54, 0xD5F3, 0xD5B3,
  0xDDF4, 0xDE76, 0xDE76, 0xDE96, 0xDE96, 0xDE96, 0xDE96, 0xDE96,
  0xDE97, 0xDEB7, 0xE6B7, 0xDE34, 0xD5B3, 0xDE15, 0xDE55, 0xD552,
  0xCC4F, 0xD4B1, 0xDDB4, 0xDE56, 0xDE76, 0xE697, 0xE6B8, 0xE6B7,
  0xE6D7, 0xE696, 0xDE56, 0xDE36, 0xDE15, 0xDD92, 0xDD72, 0xDDD4,
  0xDDF5, 0xDDF4, 0xE656, 0xE6B7, 0xE6B7, 0xE697, 0xE697, 0xE696,
  0xE697, 0xE697, 0xDE56, 0xDE35, 0xDE55, 0xDE96, 0xDE76, 0xDE56,
  0xDE56, 0xDE55, 0xDE55, 0xD5F4, 0xD552, 0xD532, 0xDD52, 0xCC4F,
  0xCBED, 0xD532, 0xD5B2, 0xCD92, 0xCD52, 0xCD72, 0xD572, 0xCD92,
  0xCD72, 0xCD71, 0xCD71, 0xC530, 0xC4EF, 0xC4CF, 0xC4CF, 0xC4EF,
  0xC4AE, 0xC4AE, 0xC4CE, 0xBCCF, 0xBCEF, 0xBCCF, 0xBCCF, 0xBCAE,
  0xBC8E, 0xB44D, 0xB42D, 0xB42C, 0xABEB, 0xABAA, 0xAB8A, 0xABCA,
  0xABAA, 0xAB29, 0xA329, 0xA349, 0xA36A, 0xA349, 0x9B29, 0x9B29,
  0x9AE8, 0x9AA7, 0x9A86, 0x9287, 0x92A7, 0x92A7, 0x9287, 0x8A66,
  0x8A46, 0x8A25, 0x8A05, 0x8205, 0x8205, 0x8205, 0x81E4, 0x81C4,
  0x79C4, 0x79A3, 0x7983, 0x7963, 0x7963, 0x7143, 0x7142, 0x7122,
  0x7122, 0x7102, 0x6902, 0x6901, 0x6901, 0x6901, 0x6901, 0x6901,
  0x6901, 0x6901, 0x6901, 0x6901, 0x6901, 0x6901, 0x6901, 0x6901,
  0x6901, 0x6901, 0x6901, 0x6901, 0x6901, 0x6901, 0x6901, 0x6901,
  0x6901, 0x6901, 0x6901, 0x6901, 0x6901, 0x6901, 0x6901, 0x6901,
  0x6901, 0x6901, 0x6901, 0x6901, 0x6901, 0x6901, 0x6901, 0x6901,
  0x6901, 0x6901, 0x6901, 0x6901, 0x6901, 0x6901, 0x6901, 0x6901,
  0x6901, 0x6901, 0x6901, 0x6901, 0x6901, 0x6901, 0x6902, 0x6902,
  0x7122, 0x7122, 0x7142, 0x7142, 0x7942, 0x7963, 0x7963, 0x7983,
  0x79A3, 0x79A3, 0x81C4, 0x81E4, 0x81E4, 0x81E4, 0x81E4, 0x8A05,
  0x8A25, 0x8A46, 0x8A86, 0x9286, 0x9286, 0x92A7, 0x92C7, 0x92E7,
  0x9B08, 0x9B08, 0x9B28, 0x9B29, 0x9B49, 0xA369, 0xA38A, 0xA3AA,
  0xA3AB, 0xABCB, 0xABEB, 0xAC0C, 0xB42C, 0xB42C, 0xB44C, 0xB44C,
  0xB44D, 0xB46D, 0xB46D, 0xBC6D, 0xBC6E, 0xBC8E, 0xBCAE, 0xC4CE,
  0xC4CE, 0xC50F, 0xCD30, 0xCD70, 0xCD91, 0xD591, 0xD591, 0xCD50,
  0xCD30, 0xCD51, 0xD5B2, 0xD5D3, 0xD5B2, 0xD570, 0xD591, 0xD5F4,
  0xD634, 0xD614, 0xD5F3, 0xD5F3, 0xD614, 0xDE35, 0xDE54, 0xDE34,
  0xD5D3, 0xD5B3, 0xD5F4, 0xDE55, 0xDE55, 0xDE76, 0xDE76, 0xDE55,
  0xDE55, 0xDE76, 0xDE97, 0xDE97, 0xDE76, 0xDDF3, 0xD5B3, 0xD615,
  0xDE56, 0xD572, 0xCC0D, 0xCC0E, 0xDD53, 0xDE36, 0xDE76, 0xDE76,
  0xE697, 0xE6B7, 0xE6B7, 0xDE96, 0xDE76, 0xE676, 0xE696, 0xDDF4,
  0xD572, 0xDDB3, 0xE635, 0xE615, 0xDE35, 0xDE77, 0xE697, 0xDE96,
  0xDE76, 0xDE55, 0xDE55, 0xE676, 0xDE56, 0xDE14, 0xDE34, 0xDE35,
  0xDE35, 0xDE35, 0xD635, 0xD614, 0xD5F4, 0xD5B3, 0xD572, 0xD511,
  0xD511, 0xCC2E, 0xCBEC, 0xD4F1, 0xD592, 0xCD92, 0xCD72, 0xCD51,
  0xCD31, 0xCD51, 0xCD51, 0xCD71, 0xC551, 0xC531, 0xCD31, 0xC510,
  0xC4EF, 0xBCAE, 0xBCAE, 0xC46D, 0xC48E, 0xBCAE, 0xBCCE, 0xBCAE,
  0xBC8E, 0xBC6D, 0xB44D, 0xB42C, 0xB42C, 0xB42C, 0xABEC, 0xAB8A,
  0xAB6A, 0xAB8A, 0xA38A, 0xA349, 0xA308, 0xA329, 0xA349, 0x9B29,
  0x9B28, 0x9AE8, 0x9AA7, 0x9266, 0x9266, 0x92A7, 0x9287, 0x9286,
  0x8A66, 0x8A46, 0x8A25, 0x8A05, 0x8205, 0x8205, 0x81E4, 0x81E4,
  0x81C4, 0x79A4, 0x79A3, 0x7983, 0x7983, 0x7963, 0x7142, 0x7142,
  0x7122, 0x7122, 0x7102, 0x6902, 0x6901, 0x6901, 0x6901, 0x6901,
  0x6901, 0x6901, 0x6901, 0x6901, 0x6901, 0x6901, 0x6901, 0x6901,
  0x6901, 0x6901, 0x6901, 0x6901, 0x6901, 0x6901, 0x6901, 0x6901,
  0x6901, 0x6901, 0x6901, 0x6901, 0x6901, 0x6901, 0x6901, 0x6901,
  0x6901, 0x6901, 0x6901, 0x6901, 0x6901, 0x6901, 0x6901, 0x6901,
  0x6901, 0x6901, 0x6901, 0x6901, 0x6901, 0x6901, 0x6901, 0x6901,
  0x6901, 0x6901, 0x6901, 0x6901, 0x6901, 0x6901, 0x6901, 0x6901,
  0x6901, 0x6901, 0x6902, 0x7122, 0x7122, 0x7122, 0x7142, 0x7962,
  0x7963, 0x7963, 0x7983, 0x79A3, 0x79A4, 0x81C4, 0x81C4, 0x81C4,
  0x81C4, 0x81E4, 0x8A05, 0x8A25, 0x8A45, 0x8A66, 0x8A86, 0x9286,
  0x92A7, 0x92C7, 0x92E7, 0x9AE8, 0x9B08, 0x9B28, 0x9B28, 0x9B28,
  0xA328, 0xA369, 0xA3AA, 0xA3AB, 0xABCB, 0xABEC, 0xAC0C, 0xAC0C,
  0xB40C, 0xB42C, 0xB42C, 0xB44D, 0xB44D, 0xB44D, 0xBC4D, 0xBC6D,
  0xBC8D, 0xBC8D, 0xC4AE, 0xC4CE, 0xC4EE, 0xC50F, 0xCD30, 0xCD50,
  0xCD70, 0xCD70, 0xCD30, 0xCD30, 0xCD51, 0xD571, 0xD551, 0xCD50,
  0xD571, 0xD5B2, 0xD5D3, 0xD5F3, 0xD5F3, 0xD5F3, 0xD5F4, 0xD614,
  0xD614, 0xD614, 0xD5D3, 0xD5B3, 0xD614, 0xD635, 0xD635, 0xDE56,
  0xDE56, 0xDE55, 0xD635, 0xDE56, 0xDE76, 0xDE76, 0xDE14, 0xD5B3,
  0xCD72, 0xD572, 0xCCF0, 0xC40D, 0xC3CD, 0xCC90, 0xD573, 0xDDF5,
  0xDE56, 0xDE76, 0xDE76, 0xDE76, 0xDE76, 0xDE76, 0xDE76, 0xE676,
  0xDE96, 0xDE75, 0xD5B3, 0xD572, 0xDDF4, 0xDE15, 0xDDF5, 0xDDF5,
  0xE636, 0xDE76, 0xDE76, 0xDE75, 0xDE35, 0xDE35, 0xDE14, 0xD5D3,
  0xD5D3, 0xD5D3, 0xD614, 0xD615, 0xD614, 0xD5D3, 0xD592, 0xD593,
  0xD593, 0xD4F0, 0xD4D0, 0xCC0D, 0xC3AB, 0xCC6F, 0xCD52, 0xCD72,
  0xCD72, 0xCD72, 0xCD51, 0xCD31, 0xCD31, 0xCD51, 0xC530, 0xC510,
  0xC531, 0xC510, 0xC4F0, 0xBCCF, 0xBC8D, 0xBC4C, 0xBC4C, 0xBC8E,
  0xBC8E, 0xBC6D, 0xBC6D, 0xB44D, 0xB42C, 0xB40C, 0xB40C, 0xAC0C,
  0xABEC, 0xAB8A, 0xAB6A, 0xAB8A, 0xA38A, 0xA349, 0xA308, 0x9B08,
  0x9B29, 0x9B08, 0x9AE8, 0x9AA7, 0x9A86, 0x9266, 0x9286, 0x9286,
  0x9286, 0x8A66, 0x8A45, 0x8A25, 0x8A25, 0x8205, 0x8205, 0x81E4,
  0x81E4, 0x81C4, 0x79A4, 0x79A3, 0x7983, 0x7963, 0x7963, 0x7163,
  0x7142, 0x7142, 0x7122, 0x7122, 0x6902, 0x6901, 0x6901, 0x6901,
  0x6901, 0x6901, 0x6901, 0x6901, 0x6901, 0x6901, 0x6901, 0x6901,
  0x6901, 0x6901, 0x6901, 0x6901, 0x6901, 0x6901, 0x6901, 0x6901,
  0x6901, 0x6901, 0x6901, 0x6901, 0x6901, 0x6901, 0x6901, 0x6901,
  0x6901, 0x6901, 0x6901, 0x6901, 0x6901, 0x6901, 0x6901, 0x6901,
  0x6901, 0x6901, 0x6901, 0x6901, 0x6901, 0x6901, 0x6901, 0x6901,
  0x6901, 0x6901, 0x6901, 0x6901, 0x6901, 0x6901, 0x6901, 0x6901,
  0x6901, 0x6901, 0x6901, 0x6901, 0x6902, 0x6902, 0x7122, 0x7122,
  0x7122, 0x7142, 0x7962, 0x7963, 0x7963, 0x7983, 0x79A3, 0x81A4,
  0x81A3, 0x81C4, 0x81C4, 0x81E4, 0x8205, 0x8A05, 0x8A25, 0x8A45,
  0x8A66, 0x8A86, 0x92A7, 0x92A7, 0x92C7, 0x92E7, 0x92E8, 0x9B08,
  0x9B28, 0x9B08, 0x9AE7, 0x9B28, 0xA36A, 0xA38A, 0xA3AA, 0xABCB,
  0xABEB, 0xABEB, 0xABEB, 0xABEB, 0xB40C, 0xB42C, 0xB42C, 0xB42C,
  0xB42C, 0xBC4D, 0xBC8D, 0xBCAE, 0xBCCE, 0xC4CE, 0xC4CE, 0xC4EF,
  0xC4EF, 0xC4EF, 0xC52F, 0xCD30, 0xCD2F, 0xCD0F, 0xCCEF, 0xCD10,
  0xD551, 0xCD51, 0xD571, 0xD591, 0xD5B2, 0xD5B2, 0xD5B3, 0xD5B2,
  0xD5B3, 0xD5F3, 0xD614, 0xD614, 0xD5D2, 0xD5B3, 0xD5F4, 0xD635,
  0xD635, 0xDE35, 0xDE35, 0xD635, 0xD635, 0xD635, 0xDE35, 0xDE35,
  0xD5F4, 0xD592, 0xCD51, 0xCC8F, 0xC3ED, 0xC40E, 0xCCF1, 0xD573,
  0xD593, 0xD5D4, 0xDE35, 0xDE56, 0xDE35, 0xD614, 0xDE35, 0xDE55,
  0xDE35, 0xDE55, 0xDE55, 0xDE75, 0xDDF4, 0xD572, 0xD592, 0xDDF4,
  0xDDF4, 0xDDB3, 0xDDB3, 0xDE35, 0xE676, 0xE656, 0xDE15, 0xDDF4,
  0xDDF4, 0xD5B3, 0xD572, 0xD5B3, 0xD5F4, 0xD614, 0xD5F3, 0xD592,
  0xCD51, 0xD592, 0xD5B3, 0xCD10, 0xCCCF, 0xC40D, 0xBB6B, 0xC3CC,
  0xCD11, 0xD552, 0xCD31, 0xCD31, 0xCD10, 0xCCAF, 0xC48E, 0xC4AE,
  0xC4EF, 0xC4EF, 0xC4F0, 0xC4F0, 0xC4EF, 0xBCAF, 0xBC6D, 0xB44C,
  0xB44C, 0xBC6D, 0xBC6D, 0xBC6D, 0xB44D, 0xB42C, 0xB40C, 0xB3EC,
  0xABEC, 0xABEC, 0xABCB, 0xAB8A, 0xA36A, 0xA36A, 0xA36A, 0xA349,
  0xA329, 0x9AE8, 0x9AE8, 0x9AC7, 0x9AA7, 0x9A87, 0x92A7, 0x9286,
  0x9286, 0x9266, 0x8A66, 0x8A45, 0x8A25, 0x8A25, 0x8205, 0x8205,
  0x81E4, 0x81E4, 0x79C4, 0x79C4, 0x79A3, 0x7983, 0x7983, 0x7963,
  0x7143, 0x7142, 0x7122, 0x7122, 0x7122, 0x6902, 0x6901, 0x6901,
  0x6901, 0x6901, 0x6901, 0x6901, 0x6901, 0x6901, 0x6901, 0x6901,
  0x6901, 0x6901, 0x6901, 0x6901, 0x6901, 0x6901, 0x6901, 0x6901,
  0x6901, 0x6901, 0x6901, 0x6901, 0x6901, 0x6901, 0x6901, 0x6901,
  0x6901, 0x6901, 0x6901, 0x6901, 0x6901, 0x6901, 0x6901, 0x6901,
  0x6901, 0x6901, 0x6901, 0x6901, 0x6901, 0x6901, 0x6901, 0x6901,
  0x6901, 0x6901, 0x6901, 0x6901, 0x6901, 0x6901, 0x6901, 0x6901,
  0x6901, 0x6901, 0x6901, 0x6901, 0x6901, 0x6901, 0x6901, 0x6902,
  0x7102, 0x7102, 0x7122, 0x7122, 0x7142, 0x7963, 0x7963, 0x7963,
  0x7983, 0x79A3, 0x81A3, 0x81A3, 0x81A3, 0x81C4, 0x8204, 0x8205,
  0x8A05, 0x8A25, 0x8A45, 0x8A66, 0x9286, 0x92A7, 0x92A7, 0x92C7,
  0x92E7, 0x92E8, 0x9B08, 0x9B08, 0x9AE7, 0x9AE8, 0x9B49, 0xA36A,
  0xA38A, 0xA3AA, 0xABAA, 0xABAB, 0xABCB, 0xABCB, 0xABEB, 0xAC0B,
  0xAC0C, 0xB40C, 0xB40C, 0xBC4C, 0xBC8D, 0xBCAE, 0xBCCE, 0xC4EE,
  0xC4EE, 0xC4EF, 0xC4EF, 0xC4EF, 0xC50F, 0xC530, 0xC52F, 0xC4EF,
  0xCCCE, 0xCCF0, 0xCD50, 0xCD50, 0xCD71, 0xCD92, 0xCD92, 0xD592,
  0xD5B2, 0xCD92, 0xCD91, 0xCD92, 0xD5D3, 0xD5D3, 0xD592, 0xD592,
  0xD5D3, 0xD614, 0xD614, 0xD614, 0xD614, 0xD614, 0xD614, 0xD5F4,
  0xD5D3, 0xD5F4, 0xD5F4, 0xCDB2, 0xCD30, 0xC42D, 0xC40E, 0xCD12,
  0xD5F5, 0xD5D4, 0xD5B3, 0xD5B3, 0xD5F4, 0xDE15, 0xD5F4, 0xD5D4,
  0xD614, 0xDE14, 0xDDF4, 0xDDF4, 0xDE14, 0xDE14, 0xD5F3, 0xD592,
  0xD531, 0xD552, 0xDDD3, 0xD593, 0xD552, 0xDDD4, 0xDE56, 0xDE35,
  0xDDF4, 0xD5F4, 0xD5F4, 0xD5D3, 0xD592, 0xD592, 0xD5D4, 0xD5F4,
  0xD5D3, 0xCD92, 0xCD51, 0xCD72, 0xD592, 0xCD10, 0xC4AE, 0xC44D,
  0xBB8B, 0xBB4A, 0xCC0D, 0xCC6E, 0xC44E, 0xC42D, 0xC40D, 0xC3CC,
  0xBBAB, 0xC3CB, 0xC42C, 0xBC8E, 0xBCAE, 0xBCAF, 0xBCCF, 0xBCAE,
  0xB46D, 0xB44D, 0xB44D, 0xB44D, 0xB44D, 0xB44D, 0xB42C, 0xB42C,
  0xAC0C, 0xABEC, 0xABEC, 0xABCB, 0xABAA, 0xA349, 0xA349, 0xA349,
  0xA349, 0xA349, 0x9B28, 0x9AC8, 0x9A87, 0x9A87, 0x9287, 0x92A7,
  0x92A7, 0x9287, 0x8A66, 0x8A46, 0x8A45, 0x8A25, 0x8A25, 0x8205,
  0x8205, 0x81E5, 0x81E4, 0x81C4, 0x79A4, 0x79A3, 0x7983, 0x7983,
  0x7963, 0x7963, 0x7142, 0x7122, 0x7122, 0x7122, 0x6902, 0x6901,
  0x6901, 0x6901, 0x6901, 0x6901, 0x6901, 0x6901, 0x6901, 0x6901,
  0x6901, 0x6901, 0x6901, 0x6901, 0x6901, 0x6901, 0x6901, 0x6901,
  0x6901, 0x6901, 0x6901, 0x6901, 0x6901, 0x6901, 0x6901, 0x6901,
  0x6901, 0x6901, 0x6901, 0x6901, 0x6901, 0x6901, 0x6901, 0x6901,
  0x6901, 0x6901, 0x6901, 0x6901, 0x6901, 0x6901, 0x6901, 0x6901,
  0x6901, 0x6901, 0x6901, 0x6901, 0x6901, 0x6901, 0x6901, 0x6901,
  0x6901, 0x6901, 0x6901, 0x6901, 0x6901, 0x6901, 0x6901, 0x6901,
  0x6901, 0x6901, 0x7102, 0x7102, 0x7102, 0x7122, 0x7122, 0x7142,
  0x7963, 0x7963, 0x7983, 0x79A3, 0x79A3, 0x7983, 0x81A3, 0x81C4,
  0x81E4, 0x8205, 0x8205, 0x8A25, 0x8A25, 0x8A45, 0x8A66, 0x8A86,
  0x92A7, 0x92A7, 0x92C7, 0x92E7, 0x92E8, 0x9AE8, 0x9AE8, 0x9AC7,
  0x9B08, 0xA349, 0xA369, 0xA369, 0xA36A, 0xAB8A, 0xAB8A, 0xABCA,
  0xABCB, 0xABEB, 0xABEB, 0xB3EB, 0xB40C, 0xBC4C, 0xBC6C, 0xBC8D,
  0xBC8D, 0xBCAD, 0xBCCE, 0xC4EF, 0xC4EF, 0xCCF0, 0xCD10, 0xCD30,
  0xC530, 0xC4EF, 0xCCAF, 0xCCCF, 0xCD0F, 0xCD30, 0xCD71, 0xCD71,
  0xCD71, 0xCD92, 0xCD92, 0xCDB1, 0xCD91, 0xCD71, 0xD551, 0xCD51,
  0xCD31, 0xD592, 0xD5D3, 0xD5F3, 0xD5F4, 0xD5F4, 0xD5F4, 0xD614,
  0xD5F4, 0xD5D3, 0xCDB3, 0xCDF3, 0xD5F3, 0xCDB2, 0xCD31, 0xC46E,
  0xC42F, 0xD4F2, 0xD5D4, 0xD5B3, 0xCD73, 0xCD72, 0xCD93, 0xD5B3,
  0xD5B3, 0xD5B4, 0xD5D4, 0xD5D4, 0xD5D4, 0xD5D4, 0xD5D4, 0xD5B3,
  0xD592, 0xD592, 0xD551, 0xD4F0, 0xD531, 0xD572, 0xD552, 0xD572,
  0xDDF4, 0xD5F4, 0xD5D3, 0xD5D3, 0xD5F4, 0xD5D4, 0xD592, 0xD571,
  0xD592, 0xD5D3, 0xD5D3, 0xCD92, 0xC531, 0xCD31, 0xCD51, 0xCD10,
  0xC46D, 0xC46D, 0xC42D, 0xBB6A, 0xBB09, 0xBB4A, 0xBB6A, 0xBB4A,
  0xBB4A, 0xBB4A, 0xBB4A, 0xBB29, 0xBB8A, 0xBC0C, 0xBC2D, 0xBC4D,
  0xBC8E, 0xBC8E, 0xB46D, 0xB42D, 0xB42D, 0xB42C, 0xB42C, 0xB40C,
  0xB42C, 0xAC0C, 0xABEB, 0xABEB, 0xABEB, 0xABAB, 0xAB8A, 0xA349,
  0xA329, 0xA329, 0xA329, 0x9B28, 0x9AE8, 0x9A87, 0x9A67, 0x9287,
  0x92A7, 0x9287, 0x9287, 0x9286, 0x8A66, 0x8A46, 0x8A45, 0x8A25,
  0x8205, 0x8205, 0x81E4, 0x81E4, 0x81C4, 0x79C4, 0x79A3, 0x7983,
  0x7983, 0x7963, 0x7963, 0x7142, 0x7142, 0x7122, 0x7122, 0x7102,
  0x6902, 0x6901, 0x6901, 0x6901, 0x6901, 0x6901, 0x6901, 0x6901,
  0x6901, 0x6901, 0x6901, 0x6901, 0x6901, 0x6901, 0x6901, 0x6901,
  0x6901, 0x6901, 0x6901, 0x6901, 0x6901, 0x6901, 0x6901, 0x6901,
  0x6901, 0x6901, 0x6901, 0x6901, 0x6901, 0x6901, 0x6901, 0x6901,
  0x6901, 0x6901, 0x6901, 0x6901, 0x6901, 0x6901, 0x6901, 0x6901,
  0x6901, 0x6901, 0x6901, 0x6901, 0x6901, 0x6901, 0x6901, 0x6901,
  0x6901, 0x6901, 0x6901, 0x6901, 0x6901, 0x6901, 0x6901, 0x6901,
  0x6901, 0x6901, 0x6901, 0x6901, 0x6901, 0x6902, 0x7102, 0x7102,
  0x7122, 0x7142, 0x7142, 0x7962, 0x7963, 0x7983, 0x7983, 0x7983,
  0x7983, 0x81C4, 0x81E4, 0x8204, 0x8204, 0x8205, 0x8A05, 0x8A25,
  0x8A45, 0x8A66, 0x8A86, 0x9286, 0x9286, 0x92C7, 0x92C7, 0x9AC8,
  0x9AC7, 0x9AC7, 0x9AC7, 0x9B08, 0x9B29, 0xA349, 0xA349, 0xA369,
  0xA369, 0xAB8A, 0xABAA, 0xABAA, 0xABAA, 0xABCB, 0xB40C, 0xB42C,
  0xB44C, 0xB44C, 0xBC6D, 0xBC6D, 0xBC8D, 0xBCAE, 0xC4CE, 0xC4CF,
  0xC4EF, 0xC50F, 0xC50F, 0xC4CE, 0xC4AE, 0xC48D, 0xC48D, 0xC4CE,
  0xCD30, 0xCD30, 0xCD30, 0xCD50, 0xCD50, 0xCD91, 0xCD91, 0xCD71,
  0xCD30, 0xCCF0, 0xCD10, 0xD592, 0xCDB3, 0xCDB3, 0xCDD3, 0xCDD3,
  0xD5D3, 0xD5F3, 0xD5F3, 0xD5D3, 0xCDB3, 0xCDD3, 0xCDB3, 0xCD92,
  0xCD51, 0xC4AF, 0xC40D, 0xCC90, 0xD593, 0xD5B3, 0xCD52, 0xCD32,
  0xCD72, 0xCDB3, 0xCDB3, 0xD5D4, 0xD5F4, 0xD5F4, 0xD5F4, 0xD5F4,
  0xD5F4, 0xD5D4, 0xD593, 0xD572, 0xD572, 0xCD51, 0xCD10, 0xCCF0,
  0xD4F0, 0xCCCF, 0xCCD0, 0xD531, 0xD5B3, 0xD5D3, 0xD5D3, 0xD5D3,
  0xCD92, 0xCD51, 0xCD31, 0xCD72, 0xCDB3, 0xCD92, 0xCD51, 0xC4F0,
  0xC4EF, 0xC4EF, 0xC44D, 0xC44D, 0xC4AF, 0xC44D, 0xB3AB, 0xBB8A,
  0xBBCB, 0xBBCC, 0xBBCC, 0xBBEC, 0xBBEC, 0xB34A, 0xB309, 0xB38B,
  0xBBEC, 0xB40C, 0xBC2C, 0xBC6D, 0xB46D, 0xB42D, 0xB40C, 0xB40C,
  0xB40C, 0xAC0C, 0xABEC, 0xABEB, 0xABCB, 0xABCB, 0xABCB, 0xAB8A,
  0xA34A, 0xA329, 0xA308, 0x9B08, 0x9B08, 0x9AE8, 0x9AA7, 0x9A87,
  0x92A7, 0x92A7, 0x9287, 0x9286, 0x8A66, 0x8A66, 0x8A46, 0x8A25,
  0x8205, 0x8205, 0x8205, 0x81E4, 0x81E4, 0x81C4, 0x79A4, 0x79A4,
  0x7983, 0x7983, 0x7963, 0x7163, 0x7142, 0x7122, 0x7122, 0x7122,
  0x6902, 0x6902, 0x6901, 0x6901, 0x6901, 0x6901, 0x6901, 0x6901,
  0x6901, 0x6901, 0x6901, 0x6901, 0x6901, 0x6901, 0x6901, 0x6901,
  0x6901, 0x6901, 0x6901, 0x6901, 0x6901, 0x6901, 0x6901, 0x6901,
  0x6901, 0x6901, 0x6901, 0x6901, 0x6901, 0x6901, 0x6901, 0x6901,
  0x6901, 0x6901, 0x6901, 0x6901, 0x6901, 0x6901, 0x6901, 0x6901,
  0x6901, 0x6901, 0x6901, 0x6901, 0x6901, 0x6901, 0x6901, 0x6901,
  0x6901, 0x6901, 0x6901, 0x6901, 0x6901, 0x6901, 0x6901, 0x6901,
  0x6901, 0x6901, 0x6901, 0x6901, 0x6901, 0x6901, 0x6901, 0x6901,
  0x6901, 0x7102, 0x7122, 0x7122, 0x7142, 0x7142, 0x7963, 0x7963,
  0x7963, 0x7963, 0x7983, 0x79A3, 0x81C4, 0x81E4, 0x81E4, 0x81E4,
  0x8205, 0x8A05, 0x8A25, 0x8A45, 0x8A66, 0x8A66, 0x8A86, 0x92A7,
  0x92A7, 0x92C7, 0x92C7, 0x9AA7, 0x9AA7, 0x9AE8, 0x9B08, 0x9B08,
  0xA328, 0xA349, 0xA369, 0xA389, 0xAB69, 0xAB48, 0xAB89, 0xABCB,
  0xB40B, 0xB42C, 0xB42C, 0xB44C, 0xBC4D, 0xBC6D, 0xBC8D, 0xBC8D,
  0xBCAD, 0xBCAE, 0xC4CE, 0xC4AE, 0xC4AD, 0xC48C, 0xC46C, 0xBC0B,
  0xBC0B, 0xC46D, 0xC4CE, 0xC4EF, 0xC530, 0xC550, 0xCD50, 0xCD50,
  0xCD71, 0xCD71, 0xCD31, 0xC4F0, 0xCD10, 0xCD72, 0xCD92, 0xCD92,
  0xCDB2, 0xCD92, 0xCDB2, 0xCDB3, 0xCDB3, 0xCDB3, 0xCDB3, 0xCD93,
  0xCD72, 0xCD51, 0xCD51, 0xCD10, 0xC42E, 0xC3ED, 0xCCD0, 0xD573,
  0xCD52, 0xCD31, 0xCD72, 0xCDB3, 0xCDB3, 0xCDD3, 0xD5F4, 0xD5F4,
  0xD614, 0xD614, 0xD614, 0xD614, 0xCDD3, 0xCD93, 0xCDB3, 0xD5D3,
  0xCD72, 0xC4CF, 0xC42D, 0xC3EC, 0xC40D, 0xC48F, 0xCD11, 0xD592,
  0xD5D3, 0xD5B3, 0xCD92, 0xCD31, 0xC510, 0xC531, 0xCD51, 0xCD51,
  0xCD10, 0xC4EF, 0xC4CF, 0xC4CF, 0xC46D, 0xBC2D, 0xC48F, 0xC4AF,
  0xBC6E, 0xBC4D, 0xBC4D, 0xBC2D, 0xBC2D, 0xC44D, 0xC40D, 0xB32A,
  0xAAC8, 0xB36A, 0xBC0C, 0xB40C, 0xB40C, 0xB40C, 0xB42C, 0xB42C,
  0xAC0C, 0xABEB, 0xAC0B, 0xABEB, 0xABCB, 0xABAA, 0xABAA, 0xABAA,
  0xA38A, 0xA36A, 0xA329, 0x9B08, 0x9AE8, 0x9AE8, 0x9AE8, 0x9AA7,
  0x9A87, 0x9287, 0x92A7, 0x92A7, 0x9286, 0x8A66, 0x8A66, 0x8A46,
  0x8A25, 0x8225, 0x8205, 0x8205, 0x81E4, 0x81C4, 0x79C4, 0x79A4,
  0x79A3, 0x7983, 0x7983, 0x7963, 0x7163, 0x7142, 0x7142, 0x7122,
  0x7102, 0x7102, 0x6901, 0x6901, 0x6901, 0x6901, 0x6901, 0x6901,
  0x6901, 0x6901, 0x6901, 0x6901, 0x6901, 0x6901, 0x6901, 0x6901,
  0x6901, 0x6901, 0x6901, 0x6901, 0x6901, 0x6901, 0x6901, 0x6901,
  0x6901, 0x6901, 0x6901, 0x6901, 0x6901, 0x6901, 0x6901, 0x6901,
  0x6901, 0x6901, 0x6901, 0x6901, 0x6901, 0x6901, 0x6901, 0x6901,
  0x6901, 0x6901, 0x6901, 0x6901, 0x6901, 0x6901, 0x6901, 0x6901,
  0x6901, 0x6901, 0x6901, 0x6901, 0x6901, 0x6901, 0x6901, 0x6901,
  0x6901, 0x6901, 0x6901, 0x6901, 0x6901, 0x6901, 0x6901, 0x6901,
  0x6901, 0x6901, 0x6901, 0x6901, 0x6902, 0x7122, 0x7122, 0x7142,
  0x7142, 0x7963, 0x7962, 0x7962, 0x7983, 0x79A3, 0x79C4, 0x81C4,
  0x81C4, 0x81E4, 0x81E4, 0x8204, 0x8205, 0x8A25, 0x8A45, 0x8A66,
  0x8A66, 0x8A86, 0x9286, 0x9287, 0x92C7, 0x92C7, 0x9AA7, 0x9AE7,
  0x9AE8, 0x9B08, 0x9B28, 0xA349, 0xA349, 0xA369, 0xAB48, 0xAB48,
  0xAB8A, 0xABCA, 0xABEB, 0xB40B, 0xB42C, 0xB42C, 0xB44C, 0xBC6D,
  0xBC6D, 0xBC8D, 0xBC8D, 0xBC8D, 0xBC6D, 0xBC6D, 0xBC8D, 0xBC8C,
  0xBC4C, 0xBBEB, 0xBBEB, 0xC46D, 0xC4AE, 0xC4EF, 0xC510, 0xC530,
  0xC551, 0xCD50, 0xCD30, 0xCD50, 0xCD30, 0xC4F0, 0xC4F0, 0xCD51,
  0xCD92, 0xCD92, 0xCD71, 0xC551, 0xCD51, 0xCD72, 0xCD92, 0xCD92,
  0xCD92, 0xCD72, 0xC530, 0xC510, 0xCD51, 0xCD72, 0xC4CF, 0xBC0C,
  0xC3CC, 0xCC4F, 0xCCD1, 0xC511, 0xC532, 0xCD93, 0xCDB3, 0xCDB3,
  0xD5D3, 0xD5D3, 0xCDB3, 0xD5B2, 0xD5B3, 0xCDD3, 0xCDD3, 0xCDB3,
  0xCDB3, 0xCDD3, 0xCD92, 0xC531, 0xC48F, 0xC40D, 0xC42D, 0xCC8F,
  0xCCD0, 0xCD11, 0xCD92, 0xD592, 0xD571, 0xCD10, 0xC4CF, 0xC4CF,
  0xC4F0, 0xC4EF, 0xC4CF, 0xC4CF, 0xC4D0, 0xC4CF, 0xBC4D, 0xBC0C,
  0xBC6E, 0xC4CF, 0xBC8E, 0xBC4D, 0xBC2D, 0xBC4D, 0xBC6D, 0xBC6D,
  0xBBAB, 0xAAC8, 0xAAA8, 0xB38B, 0xB40C, 0xB42D, 0xB40C, 0xABEC,
  0xABEB, 0xABEB, 0xABEB, 0xABCB, 0xABCB, 0xABCB, 0xABAA, 0xA36A,
  0xA36A, 0xA36A, 0xA36A, 0xA349, 0x9B09, 0x9AC8, 0x9AC8, 0x9AE8,
  0x9AC8, 0x9266, 0x9266, 0x9287, 0x9287, 0x9266, 0x8A66, 0x8A46,
  0x8A45, 0x8A25, 0x8A05, 0x8205, 0x8204, 0x81E4, 0x81E4, 0x81C4,
  0x79A4, 0x79A3, 0x7983, 0x7983, 0x7963, 0x7163, 0x7142, 0x7122,
  0x7122, 0x7102, 0x6902, 0x6901, 0x6901, 0x6901, 0x6901, 0x6901,
  0x6901, 0x6901, 0x6901, 0x6901, 0x6901, 0x6901, 0x6901, 0x6901,
  0x6901, 0x6901, 0x6901, 0x6901, 0x6901, 0x6901, 0x6901, 0x6901,
  0x6901, 0x6901, 0x6901, 0x6901, 0x6901, 0x6901, 0x6901, 0x6901,
  0x6901, 0x6901, 0x6901, 0x6901, 0x6901, 0x6901, 0x6901, 0x6901,
  0x6901, 0x6901, 0x6901, 0x6901, 0x6901, 0x6901, 0x6901, 0x6901,
  0x6901, 0x6901, 0x6901, 0x6901, 0x6901, 0x6901, 0x6901, 0x6901,
  0x6901, 0x6901, 0x6901, 0x6901, 0x6901, 0x6901, 0x6901, 0x6901,
  0x6901, 0x6901, 0x6901, 0x6901, 0x6901, 0x6901, 0x6902, 0x7102,
  0x7102, 0x7122, 0x7142, 0x7142, 0x7942, 0x7962, 0x7963, 0x7983,
  0x79A3, 0x79A4, 0x81C4, 0x81C4, 0x81C4, 0x81E4, 0x81E4, 0x8205,
  0x8A25, 0x8A45, 0x8A66, 0x8A66, 0x8A66, 0x9286, 0x92A6, 0x92C7,
  0x92C7, 0x9AE7, 0x9AE8, 0x9B08, 0x9B08, 0x9B28, 0xA348, 0xA328,
  0xA348, 0xA369, 0xA38A, 0xAB8A, 0xABCA, 0xABEB, 0xB40B, 0xB42C,
  0xB42C, 0xB44C, 0xBC4C, 0xBC4C, 0xB46C, 0xB44C, 0xBC4C, 0xBC6D,
  0xBC6D, 0xBC6C, 0xBC6C, 0xBC2B, 0xBC2C, 0xBC6D, 0xC48E, 0xC4CF,
  0xC4EF, 0xC510, 0xC510, 0xC530, 0xC52F, 0xC50F, 0xC4EF, 0xC4CE,
  0xC4CF, 0xC4F0, 0xCD31, 0xCD51, 0xC551, 0xC530, 0xCD51, 0xCD71,
  0xCD71, 0xCD72, 0xCD92, 0xCD71, 0xC50F, 0xC4CF, 0xC531, 0xCD72,
  0xC551, 0xBC8E, 0xBBCB, 0xBB8B, 0xC3ED, 0xC44E, 0xC4D0, 0xC552,
  0xCD92, 0xCD92, 0xCD92, 0xCD72, 0xCD51, 0xC530, 0xCD31, 0xCD51,
  0xCD51, 0xC551, 0xCD72, 0xCD72, 0xCD72, 0xC572, 0xC551, 0xC4EF,
  0xC4AE, 0xC4AF, 0xCCAF, 0xCCAF, 0xCCF0, 0xCD30, 0xCCEF, 0xC48E,
  0xC46E, 0xC46E, 0xC48E, 0xC4AF, 0xC4AF, 0xC4CF, 0xC4CF, 0xC4AE,
  0xBC2D, 0xBBEC, 0xBC2D, 0xBC8E, 0xBC4D, 0xBC2D, 0xBC2D, 0xBC4D,
  0xBC6D, 0xBC0C, 0xAB09, 0xA267, 0xAAC8, 0xB3AB, 0xB40C, 0xB42C,
  0xB40C, 0xABEB, 0xABCB, 0xABAB, 0xABAB, 0xABAB, 0xAB8A, 0xABAA,
  0xA38A, 0xA349, 0xA349, 0xA349, 0xA349, 0x9B29, 0x9AE8, 0x9AC8,
  0x9AC7, 0x9AC7, 0x9287, 0x9246, 0x9246, 0x9286, 0x9286, 0x8A46,
  0x8A45, 0x8A45, 0x8A25, 0x8205, 0x81E4, 0x81E4, 0x81E4, 0x81E4,
  0x79C4, 0x79A4, 0x79A3, 0x7983, 0x7963, 0x7963, 0x7142, 0x7142,
  0x7122, 0x7122, 0x7122, 0x6902, 0x6902, 0x6901, 0x6901, 0x6901,
  0x6901, 0x6901, 0x6901, 0x6901, 0x6901, 0x6901, 0x6901, 0x6901,
  0x6901, 0x6901, 0x6901, 0x6901, 0x6901, 0x6901, 0x6901, 0x6901,
  0x6901, 0x6901, 0x6901, 0x6901, 0x6901, 0x6901, 0x6901, 0x6901,
  0x6901, 0x6901, 0x6901, 0x6901, 0x6901, 0x6901, 0x6901, 0x6901,
  0x6901, 0x6901, 0x6901, 0x6901, 0x6901, 0x6901, 0x6901, 0x6901,
  0x6901, 0x6901, 0x6901, 0x6901, 0x6901, 0x6901, 0x6901, 0x6901,
  0x6901, 0x6901, 0x6901, 0x6901, 0x6901, 0x6901, 0x6901, 0x6901,
  0x6901, 0x6901, 0x6901, 0x6901, 0x6901, 0x6901, 0x6901, 0x6901,
  0x6901, 0x6902, 0x7102, 0x7122, 0x7122, 0x7122, 0x7142, 0x7142,
  0x7962, 0x7963, 0x7983, 0x79A3, 0x79A4, 0x81C4, 0x81C4, 0x81C4,
  0x81E4, 0x8205, 0x8205, 0x8A25, 0x8A25, 0x8A45, 0x8A66, 0x8A66,
  0x9286, 0x92A7, 0x92C7, 0x92C7, 0x9AE8, 0x9AE8, 0x9AE8, 0x9B28,
  0xA308, 0xA307, 0xA328, 0xA369, 0xA369, 0xA369, 0xAB8A, 0xABCB,
  0xABEB, 0xAC0B, 0xB40C, 0xB42C, 0xB42C, 0xB42C, 0xB44C, 0xB42C,
  0xBC4D, 0xBC6D, 0xBC4C, 0xBC2B, 0xBC4C, 0xBC6C, 0xBC4C, 0xBC2D,
  0xBC4D, 0xBC6D, 0xC4CF, 0xC4EF, 0xC50F, 0xC510, 0xC530, 0xC50F,
  0xC4EE, 0xC4CE, 0xC4AD, 0xC48E, 0xC4CF, 0xC510, 0xC530, 0xC530,
  0xCD51, 0xCD71, 0xC571, 0xCD51, 0xCD51, 0xCD51, 0xC4EF, 0xC4AE,
  0xC4F0, 0xCD51, 0xCD30, 0xC4F0, 0xBC8F, 0xBC0C, 0xBB8A, 0xBB6B,
  0xC3ED, 0xC4D0, 0xCD51, 0xCD71, 0xC551, 0xC530, 0xC510, 0xC510,
  0xC4F0, 0xC510, 0xC510, 0xC510, 0xC510, 0xC531, 0xCD51, 0xCD51,
  0xC551, 0xC550, 0xC4EF, 0xC46E, 0xC44E, 0xC46E, 0xC46E, 0xBC4D,
  0xBC2D, 0xC44D, 0xC46E, 0xBC2D, 0xBC4D, 0xC48E, 0xC4AF, 0xBCAE,
  0xC4CF, 0xC48E, 0xBC0D, 0xBBCC, 0xBC0C, 0xBC4D, 0xBC2D, 0xBC2D,
  0xBC0C, 0xBBCC, 0xBBAB, 0xB309, 0xA267, 0xA266, 0xAB09, 0xB3CB,
  0xAC0B, 0xAC0B, 0xABEB, 0xABEB, 0xABAB, 0xABAA, 0xAB8A, 0xAB8A,
  0xA36A, 0xA369, 0xA349, 0xA349, 0xA329, 0x9B28, 0x9B08, 0x9AE8,
  0x9AC7, 0x9AC7, 0x92A7, 0x92A7, 0x9246, 0x9226, 0x9246, 0x9266,
  0x8A66, 0x8A45, 0x8A25, 0x8A25, 0x8205, 0x8205, 0x81E4, 0x81C4,
  0x81C4, 0x79C4, 0x79A4, 0x79A3, 0x7983, 0x7963, 0x7963, 0x7163,
  0x7142, 0x7122, 0x7122, 0x7122, 0x7102, 0x6902, 0x6901, 0x6901,
  0x6901, 0x6901, 0x6901, 0x6901, 0x6901, 0x6901, 0x6901, 0x6901,
  0x6901, 0x6901, 0x6901, 0x6901, 0x6901, 0x6901, 0x6901, 0x6901,
  0x6901, 0x6901, 0x6901, 0x6901, 0x6901, 0x6901, 0x6901, 0x6901,
  0x6901, 0x6901, 0x6901, 0x6901, 0x6901, 0x6901, 0x6901, 0x6901,
  0x6901, 0x6901, 0x6901, 0x6901, 0x6901, 0x6901, 0x6901, 0x6901,
  0x6901, 0x6901, 0x6901, 0x6901, 0x6901, 0x6901, 0x6901, 0x6901,
  0x6901, 0x6901, 0x6901, 0x6901, 0x6901, 0x6901, 0x6901, 0x6901,
  0x6901, 0x6901, 0x6901, 0x6901, 0x6901, 0x6901, 0x6901, 0x6901,
  0x6901, 0x6901, 0x6901, 0x6901, 0x6902, 0x7102, 0x7122, 0x7122,
  0x7122, 0x7122, 0x7142, 0x7963, 0x7963, 0x7983, 0x7983, 0x79A3,
  0x79A3, 0x81A4, 0x81C4, 0x81E4, 0x8204, 0x8205, 0x8A05, 0x8A25,
  0x8A45, 0x8A46, 0x8A66, 0x9286, 0x92A7, 0x92A7, 0x92C7, 0x9AC7,
  0x9AE7, 0x9B08, 0x9AE7, 0x9AC7, 0x9B08, 0xA349, 0xA349, 0xA349,
  0xA369, 0xABAA, 0xABCB, 0xABEB, 0xABEB, 0xAC0B, 0xAC0B, 0xB40B,
  0xB42C, 0xB42C, 0xB44C, 0xB42B, 0xB40A, 0xBC0C, 0xBC2C, 0xBC4C,
  0xBC4C, 0xBC2D, 0xB40C, 0xBC4D, 0xBC8E, 0xBCCE, 0xBCEF, 0xC4EF,
  0xC4EF, 0xC4EF, 0xC4EF, 0xC4EF, 0xC4AE, 0xC44D, 0xBC4D, 0xC4AF,
  0xC510, 0xC510, 0xC530, 0xC530, 0xC530, 0xC530, 0xC530, 0xC530,
  0xC4CE, 0xC48E, 0xC4AF, 0xCCF0, 0xC4F0, 0xC4D0, 0xBCF0, 0xBCCE,
  0xBC0C, 0xB34A, 0xBB4B, 0xC42E, 0xC510, 0xC510, 0xC4D0, 0xC4F0,
  0xC531, 0xC531, 0xC510, 0xC510, 0xC510, 0xC510, 0xC4F0, 0xC4CF,
  0xC4F0, 0xC510, 0xC530, 0xC510, 0xC510, 0xC46E, 0xBBEC, 0xBBEC,
  0xBBEC, 0xB3AB, 0xBBCC, 0xC46E, 0xC48F, 0xBC2D, 0xBC2D, 0xBC6D,
  0xBC8E, 0xBC8E, 0xC4AF, 0xC48E, 0xBC2D, 0xB3CC, 0xB3CC, 0xBC0C,
  0xBBEC, 0xB38B, 0xB309, 0xAAA8, 0xA267, 0xA246, 0xA246, 0xAAA7,
  0xB349, 0xB3CB, 0xABEB, 0xABEB, 0xABCB, 0xABCB, 0xABAB, 0xABAA,
  0xA38A, 0xA36A, 0xA369, 0xA349, 0xA329, 0x9B29, 0x9B28, 0x9B08,
  0x9B08, 0x9AC7, 0x9A86, 0x9286, 0x92A7, 0x9286, 0x9246, 0x9225,
  0x9246, 0x8A45, 0x8A25, 0x8A25, 0x8A05, 0x8205, 0x8205, 0x81E4,
  0x81E4, 0x81C4, 0x79A3, 0x79A3, 0x7983, 0x7983, 0x7963, 0x7963,
  0x7163, 0x7142, 0x7122, 0x7122, 0x7102, 0x6902, 0x6902, 0x6901,
  0x6901, 0x6901, 0x6901, 0x6901, 0x6901, 0x6901, 0x6901, 0x6901,
  0x6901, 0x6901, 0x6901, 0x6901, 0x6901, 0x6901, 0x6901, 0x6901,
  0x6901, 0x6901, 0x6901, 0x6901, 0x6901, 0x6901, 0x6901, 0x6901,
  0x6901, 0x6901, 0x6901, 0x6901, 0x6901, 0x6901, 0x6901, 0x6901,
  0x6901, 0x6901, 0x6901, 0x6901, 0x6901, 0x6901, 0x6901, 0x6901,
  0x6901, 0x6901, 0x6901, 0x6901, 0x6901, 0x6901, 0x6901, 0x6901,
  0x6901, 0x6901, 0x6901, 0x6901, 0x6901, 0x6901, 0x6901, 0x6901,
  0x6901, 0x6901, 0x6901, 0x6901, 0x6901, 0x6901, 0x6901, 0x6901,
  0x6901, 0x6901, 0x6901, 0x6901, 0x6901, 0x6901, 0x6901, 0x6901,
  0x7102, 0x7122, 0x7122, 0x7122, 0x7122, 0x7942, 0x7963, 0x7963,
  0x7983, 0x7983, 0x7983, 0x79A3, 0x81A4, 0x81C4, 0x81E4, 0x81E4,
  0x81E4, 0x8A05, 0x8A25, 0x8A45, 0x8A66, 0x9266, 0x9286, 0x9286,
  0x92A7, 0x92C7, 0x92C7, 0x9AE8, 0x9AC7, 0x9AC7, 0x9AE7, 0xA328,
  0xA349, 0xA349, 0xA349, 0xA369, 0xAB8A, 0xABAA, 0xABCB, 0xABCB,
  0xABCB, 0xABEB, 0xB40B, 0xB42C, 0xB42B, 0xB3EA, 0xB3CA, 0xB40C,
  0xB42C, 0xB42C, 0xBC4C, 0xBC4D, 0xB40C, 0xB42C, 0xBC4D, 0xBC8D,
  0xBCAE, 0xBCCE, 0xBCAE, 0xBCCE, 0xBCCF, 0xC4EF, 0xC4CE, 0xC48D,
  0xBC2C, 0xBC4D, 0xC4AF, 0xC4F0, 0xC510, 0xC510, 0xC510, 0xC510,
  0xC510, 0xBCEF, 0xBCCE, 0xC48E, 0xC48E, 0xC4AF, 0xC4CF, 0xBCCF,
  0xBCAE, 0xBCAE, 0xBC4D, 0xB38B, 0xB309, 0xBBAC, 0xC48F, 0xC48F,
  0xBC8E, 0xBCAF, 0xC4F0, 0xC4F0, 0xC4F0, 0xBCEF, 0xBD0F, 0xC510,
  0xC4F0, 0xBCAF, 0xB48E, 0xBCAF, 0xC4CF, 0xC4CF, 0xC4AE, 0xBC6D,
  0xBC2D, 0xB40D, 0xB3CC, 0xB38B, 0xB3AB, 0xBC2D, 0xBC8E, 0xBC4D,
  0xBC2D, 0xBC4D, 0xBC6D, 0xBC6D, 0xBC8E, 0xBC8E, 0xBC6D, 0xB3EC,
  0xB38B, 0xB38B, 0xB32A, 0xAAA8, 0xAA68, 0xA267, 0xA267, 0xA287,
  0xAAC8, 0xAAE8, 0xAB49, 0xAB8A, 0xABCB, 0xABCB, 0xABAA, 0xABAA,
  0xA3AA, 0xA38A, 0xA36A, 0xA369, 0xA349, 0xA349, 0x9B28, 0x9B08,
  0x9B08, 0x9AE8, 0x9AE8, 0x9A87, 0x9246, 0x9246, 0x9286, 0x9286,
  0x8A25, 0x8A05, 0x8A05, 0x8A25, 0x8A25, 0x8A05, 0x8205, 0x81E5,
  0x81E4, 0x81E4, 0x81C4, 0x79A3, 0x7983, 0x7983, 0x7983, 0x7963,
  0x7963, 0x7143, 0x7142, 0x7142, 0x7122, 0x7122, 0x7102, 0x6901,
  0x6901, 0x6901, 0x6901, 0x6901, 0x6901, 0x6901, 0x6901, 0x6901,
  0x6901, 0x6901, 0x6901, 0x6901, 0x6901, 0x6901, 0x6901, 0x6901,
  0x6901, 0x6901, 0x6901, 0x6901, 0x6901, 0x6901, 0x6901, 0x6901,
  0x6901, 0x6901, 0x6901, 0x6901, 0x6901, 0x6901, 0x6901, 0x6901,
  0x6901, 0x6901, 0x6901, 0x6901, 0x6901, 0x6901, 0x6901, 0x6901,
  0x6901, 0x6901, 0x6901, 0x6901, 0x6901, 0x6901, 0x6901, 0x6901,
  0x6901, 0x6901, 0x6901, 0x6901, 0x6901, 0x6901, 0x6901, 0x6901,
  0x6901, 0x6901, 0x6901, 0x6901, 0x6901, 0x6901, 0x6901, 0x6901,
  0x6901, 0x6901, 0x6901, 0x6901, 0x6901, 0x6901, 0x6901, 0x6901,
  0x6901, 0x6901, 0x6901, 0x7102, 0x7102, 0x7122, 0x7122, 0x7142,
  0x7142, 0x7963, 0x7963, 0x7963, 0x7983, 0x7983, 0x79A3, 0x79A3,
  0x81C4, 0x81E4, 0x81E4, 0x81E4, 0x8A05, 0x8A25, 0x8A25, 0x8A46,
  0x8A66, 0x9286, 0x9286, 0x92A7, 0x92A7, 0x92C7, 0x9AA6, 0x9AA7,
  0x9AE7, 0x9B08, 0x9B28, 0xA328, 0xA349, 0xA349, 0xA369, 0xA38A,
  0xAB8A, 0xABAA, 0xABAA, 0xABCA, 0xABEB, 0xB40B, 0xB40B, 0xABCA,
  0xABCA, 0xB40B, 0xB40B, 0xB40B, 0xB42C, 0xB44C, 0xB42C, 0xB40B,
  0xB40C, 0xBC2C, 0xBC6D, 0xBC8E, 0xBC8E, 0xBCAE, 0xBCAE, 0xBCAE,
  0xBCAE, 0xBC8D, 0xBC4C, 0xBC0C, 0xBC4D, 0xC4AE, 0xC4CF, 0xBCEF,
  0xC4EF, 0xC4EF, 0xBCEF, 0xBCEF, 0xBCAE, 0xBC8E, 0xBC8D, 0xBC8E,
  0xBCAF, 0xBCAF, 0xBC6E, 0xBC4D, 0xBC2D, 0xBBAB, 0xB309, 0xB34A,
  0xBBED, 0xBC4E, 0xBC4E, 0xBC6E, 0xBC8F, 0xBCAF, 0xBCCF, 0xBCCF,
  0xBCCF, 0xBCF0, 0xBCEF, 0xBCAF, 0xBC8E, 0xBC8E, 0xBCAF, 0xBC8E,
  0xBC4C, 0xBC2C, 0xBC6D, 0xBC6E, 0xB44D, 0xB40C, 0xB3EC, 0xB3CC,
  0xB3AB, 0xB3CC, 0xBC2D, 0xBC2C, 0xB40C, 0xB3EC, 0xB3CB, 0xB3CC,
  0xB3EC, 0xB3CC, 0xB36B, 0xAB09, 0xAA88, 0xAA68, 0xAAA8, 0xAAE8,
  0xAB08, 0xB349, 0xAB49, 0xAB29, 0xAB29, 0xAB6A, 0xAB8A, 0xAB8A,
  0xAB8A, 0xA38A, 0xA38A, 0xA369, 0xA349, 0xA349, 0x9B49, 0x9B29,
  0x9B08, 0x9AE8, 0x9AC8, 0x9AC7, 0x92A7, 0x9287, 0x9246, 0x9246,
  0x9266, 0x9266, 0x8A25, 0x89E5, 0x89E4, 0x89E5, 0x8A05, 0x81E5,
  0x81E4, 0x81E4, 0x81C4, 0x81C4, 0x79A4, 0x79A3, 0x7983, 0x7963,
  0x7963, 0x7963, 0x7163, 0x7142, 0x7122, 0x7122, 0x7102, 0x6902,
  0x6902, 0x6901, 0x6901, 0x6901, 0x6901, 0x6901, 0x6901, 0x6901,
  0x6901, 0x6901, 0x6901, 0x6901, 0x6901, 0x6901, 0x6901, 0x6901,
  0x6901, 0x6901, 0x6901, 0x6901, 0x6901, 0x6901, 0x6901, 0x6901,
  0x6901, 0x6901, 0x6901, 0x6901, 0x6901, 0x6901, 0x6901, 0x6901,
  0x6901, 0x6901, 0x6901, 0x6901, 0x6901, 0x6901, 0x6901, 0x6901,
  0x6901, 0x6901, 0x6901, 0x6901, 0x6901, 0x6901, 0x6901, 0x6901,
  0x6901, 0x6901, 0x6901, 0x6901, 0x6901, 0x6901, 0x6901, 0x6901,
  0x6901, 0x6901, 0x6901, 0x6901, 0x6901, 0x6901, 0x6901, 0x6901,
  0x6901, 0x6901, 0x6901, 0x6901, 0x6901, 0x6901, 0x6901, 0x6901,
  0x6901, 0x6901, 0x6901, 0x6901, 0x6901, 0x6901, 0x7102, 0x7102,
  0x7122, 0x7122, 0x7142, 0x7142, 0x7963, 0x7963, 0x7963, 0x7983,
  0x7983, 0x7983, 0x79A3, 0x81C4, 0x81E4, 0x81E4, 0x81E4, 0x81E4,
  0x8A04, 0x8A25, 0x8A45, 0x8A66, 0x9266, 0x9286, 0x9286, 0x92A6,
  0x9286, 0x9286, 0x9AC7, 0x9AE8, 0x9B08, 0x9B08, 0x9B28, 0xA349,
  0xA369, 0xA369, 0xA369, 0xA369, 0xA38A, 0xABCA, 0xABCB, 0xABEB,
  0xABCA, 0xABAA, 0xABCA, 0xABEA, 0xABEA, 0xB3EB, 0xB42C, 0xB42C,
  0xB40B, 0xB40B, 0xB3EB, 0xB3EC, 0xBC0D, 0xBC6D, 0xBC8D, 0xBC8D,
  0xBC8D, 0xBC8D, 0xBC6D, 0xBC8D, 0xBC4C, 0xB40B, 0xBC0C, 0xBC6D,
  0xBC8E, 0xBCAE, 0xBCCF, 0xBCCF, 0xBCEF, 0xBCCE, 0xBCAE, 0xBC8D,
  0xBC6D, 0xBC6D, 0xBC6D, 0xBC8D, 0xBC4D, 0xBC2D, 0xBBEC, 0xB38B,
  0xAB2A, 0xAB2A, 0xB3CC, 0xBC2D, 0xBC6E, 0xBC6E, 0xBC8E, 0xBC8E,
  0xBCAE, 0xBCAF, 0xBCAF, 0xBCCF, 0xBCAE, 0xBCAE, 0xBCAF, 0xBCAF,
  0xBCAF, 0xBC8E, 0xB44D, 0xB42C, 0xBC4D, 0xBC8E, 0xBC8E, 0xB46D,
  0xB44C, 0xB3CB, 0xAB2A, 0xAB0A, 0xB36B, 0xB38B, 0xB38B, 0xB36B,
  0xB36A, 0xB36A, 0xB36A, 0xB34A, 0xAB09, 0xA288, 0xA247, 0xAAA8,
  0xAB09, 0xAB28, 0xB329, 0xAB6A, 0xAB6A, 0xAB49, 0xAB49, 0xA369,
  0xA369, 0xA36A, 0xA36A, 0xA369, 0xA349, 0xA349, 0x9B29, 0x9B08,
  0x9B08, 0x9B08, 0x9AC8, 0x9AC7, 0x92A7, 0x92A7, 0x9287, 0x9266,
  0x9246, 0x9246, 0x8A46, 0x8A45, 0x8A25, 0x8A05, 0x89E5, 0x81E4,
  0x81C4, 0x81C4, 0x81C4, 0x81C4, 0x79A4, 0x79A4, 0x7983, 0x7983,
  0x7963, 0x7963, 0x7942, 0x7142, 0x7142, 0x7142, 0x7122, 0x7102,
  0x6902, 0x6901, 0x6901, 0x6901, 0x6901, 0x6901, 0x6901, 0x6901,
  0x6901, 0x6901, 0x6901, 0x6901, 0x6901, 0x6901, 0x6901, 0x6901,
  0x6901, 0x6901, 0x6901, 0x6901, 0x6901, 0x6901, 0x6901, 0x6901,
  0x6901, 0x6901, 0x6901, 0x6901, 0x6901, 0x6901, 0x6901, 0x6901,
  0x6901, 0x6901, 0x6901, 0x6901, 0x6901, 0x6901, 0x6901, 0x6901,
  0x6901, 0x6901, 0x6901, 0x6901, 0x6901, 0x6901, 0x6901, 0x6901,
  0x6901, 0x6901, 0x6901, 0x6901, 0x6901, 0x6901, 0x6901, 0x6901,
  0x6901, 0x6901, 0x6901, 0x6901, 0x6901, 0x6901, 0x6901, 0x6901,
  0x6901, 0x6901, 0x6901, 0x6901, 0x6901, 0x6901, 0x6901, 0x6901,
  0x6901, 0x6901, 0x6901, 0x6901, 0x6901, 0x6901, 0x6901, 0x6901,
  0x6901, 0x7102, 0x7102, 0x7122, 0x7122, 0x7142, 0x7142, 0x7942,
  0x7962, 0x7963, 0x7963, 0x7983, 0x7983, 0x81A4, 0x81C4, 0x81C4,
  0x81C4, 0x81E4, 0x81E4, 0x8A04, 0x8A05, 0x8A25, 0x8A66, 0x8A66,
  0x9286, 0x9286, 0x9266, 0x9286, 0x92A7, 0x9AE8, 0x9AE8, 0x9AE7,
  0x9AE8, 0x9B08, 0x9B29, 0xA349, 0xA369, 0xA349, 0xA369, 0xA38A,
  0xABAA, 0xABAA, 0xAB89, 0xAB89, 0xABAA, 0xABAA, 0xABCA, 0xABEB,
  0xB40B, 0xB40B, 0xB40B, 0xB3EB, 0xB3CB, 0xB3CB, 0xB3EC, 0xBC2C,
  0xBC4D, 0xBC6D, 0xBC6D, 0xBC6D, 0xBC6D, 0xBC6D, 0xBC4C, 0xB40C,
  0xB3EC, 0xBC2D, 0xB46D, 0xBC6D, 0xBC8E, 0xBCAE, 0xBCAE, 0xBC6D,
  0xBC6D, 0xBC6D, 0xBC4D, 0xB44D, 0xB44D, 0xBC4D, 0xBC2C, 0xBBEB,
  0xBBAB, 0xB34A, 0xA30A, 0xA34A, 0xB3CC, 0xBC4D, 0xBC8E, 0xBC8E,
  0xBC8E, 0xBC8E, 0xBC8E, 0xBC8E, 0xBC8E, 0xBC8E, 0xBC8E, 0xBC8E,
  0xBCAE, 0xBC8E, 0xBCAE, 0xBCAE, 0xB48E, 0xB42C, 0xB40C, 0xB44D,
  0xB46D, 0xB44C, 0xB44C, 0xB42C, 0xAB8B, 0xAB09, 0xAAC8, 0xAAE9,
  0xAB2A, 0xB36B, 0xB38B, 0xB38B, 0xB36A, 0xAAE9, 0xA287, 0x9A46,
  0x9A06, 0xA288, 0xAB08, 0xAB08, 0xAAE8, 0xA329, 0xAB49, 0xAB49,
  0xA349, 0xA369, 0xA349, 0xA349, 0xA349, 0xA329, 0x9B29, 0x9B29,
  0x9B08, 0x9AE8, 0x9AE8, 0x9AE8, 0x9AC7, 0x92A7, 0x92A7, 0x92A7,
  0x9287, 0x9266, 0x8A05, 0x8A05, 0x8A25, 0x8A25, 0x8A05, 0x8A05,
  0x8205, 0x81C4, 0x81A4, 0x81A4, 0x81A4, 0x79A3, 0x79A3, 0x79A3,
  0x7983, 0x7963, 0x7963, 0x7143, 0x7142, 0x7142, 0x7122, 0x7122,
  0x7102, 0x6902, 0x6901, 0x6901, 0x6901, 0x6901, 0x6901, 0x6901,
  0x6901, 0x6901, 0x6901, 0x6901, 0x6901, 0x6901, 0x6901, 0x6901,
  0x6901, 0x6901, 0x6901, 0x6901, 0x6901, 0x6901, 0x6901, 0x6901,
  0x6901, 0x6901, 0x6901, 0x6901, 0x6901, 0x6901, 0x6901, 0x6901,
  0x6901, 0x6901, 0x6901, 0x6901, 0x6901, 0x6901, 0x6901, 0x6901,
  0x6901, 0x6901, 0x6901, 0x6901, 0x6901, 0x6901, 0x6901, 0x6901,
  0x6901, 0x6901, 0x6901, 0x6901, 0x6901, 0x6901, 0x6901, 0x6901,
  0x6901, 0x6901, 0x6901, 0x6901, 0x6901, 0x6901, 0x6901, 0x6901,
  0x6901, 0x6901, 0x6901, 0x6901, 0x6901, 0x6901, 0x6901, 0x6901,
  0x6901, 0x6901, 0x6901, 0x6901, 0x6901, 0x6901, 0x6901, 0x6901,
  0x6901, 0x6901, 0x6901, 0x6902, 0x7102, 0x7102, 0x7102, 0x7122,
  0x7142, 0x7142, 0x7142, 0x7963, 0x7963, 0x7963, 0x7963, 0x7983,
  0x79A3, 0x81A3, 0x81C4, 0x81E4, 0x8204, 0x81E4, 0x8A04, 0x8A05,
  0x8A25, 0x8A45, 0x8A66, 0x8A66, 0x9245, 0x9245, 0x9286, 0x92C7,
  0x92C7, 0x9AC7, 0x9AC7, 0x9AE8, 0x9B08, 0x9B28, 0xA349, 0xA349,
  0xA349, 0xA369, 0xA38A, 0xA38A, 0xA369, 0xA368, 0xAB89, 0xAB89,
  0xABAA, 0xABCB, 0xABEB, 0xABEB, 0xABEB, 0xABEB, 0xABCB, 0xABAB,
  0xB3CB, 0xB3CB, 0xB40C, 0xB42D, 0xB44D, 0xB44D, 0xB44D, 0xB44D,
  0xBC4C, 0xB40C, 0xB3EB, 0xB40C, 0xB44D, 0xB46D, 0xBC6D, 0xBC6D,
  0xB46D, 0xB42B, 0xBC0C, 0xBC4D, 0xB42D, 0xB42D, 0xB42D, 0xB42D,
  0xB3CB, 0xB36A, 0xB329, 0xAAE9, 0xA2E9, 0xAB4B, 0xB3CC, 0xBC4D,
  0xB46E, 0xB46E, 0xB46D, 0xB46D, 0xB48E, 0xB46E, 0xB46D, 0xB44D,
  0xB44C, 0xB46D, 0xB46D, 0xB46D, 0xB46D, 0xB48E, 0xB48E, 0xB44D,
  0xB3EB, 0xB3EB, 0xB40B, 0xB42C, 0xB42D, 0xB42D, 0xB40C, 0xABAB,
  0xA309, 0xA2A8, 0xA2C8, 0xAB29, 0xAB4A, 0xAB4A, 0xAB09, 0xA2A8,
  0x9A46, 0x9205, 0x91E5, 0x9A47, 0xAAC8, 0xAB08, 0xA2E8, 0xA2E8,
  0xA329, 0xA349, 0xA349, 0xA349, 0x9B29, 0x9B28, 0x9B08, 0x9B08,
  0x9B08, 0x9B08, 0x9AE8, 0x9AE8, 0x92C8, 0x92C7, 0x92A7, 0x92A7,
  0x9287, 0x9287, 0x9266, 0x8A25, 0x89E4, 0x89E4, 0x8A05, 0x8A05,
  0x81E4, 0x81E4, 0x81C4, 0x81A4, 0x81A4, 0x81A4, 0x7983, 0x7983,
  0x7983, 0x7963, 0x7963, 0x7963, 0x7142, 0x7142, 0x7142, 0x7122,
  0x7122, 0x6902, 0x6902, 0x6901, 0x6901, 0x6901, 0x6901, 0x6901,
  0x6901, 0x6901, 0x6901, 0x6901, 0x6901, 0x6901, 0x6901, 0x6901,
  0x6901, 0x6901, 0x6901, 0x6901, 0x6901, 0x6901, 0x6901, 0x6901,
  0x6901, 0x6901, 0x6901, 0x6901, 0x6901, 0x6901, 0x6901, 0x6901,
  0x6901, 0x6901, 0x6901, 0x6901, 0x6901, 0x6901, 0x6901, 0x6901,
  0x6901, 0x6901, 0x6901, 0x6901, 0x6901, 0x6901, 0x6901, 0x6901,
  0x6901, 0x6901, 0x6901, 0x6901, 0x6901, 0x6901, 0x6901, 0x6901,
  0x6901, 0x6901, 0x6901, 0x6901, 0x6901, 0x6901, 0x6901, 0x6901,
  0x6901, 0x6901, 0x6901, 0x6901, 0x6901, 0x6901, 0x6901, 0x6901,
  0x6901, 0x6901, 0x6901, 0x6901, 0x6901, 0x6901, 0x6901, 0x6901,
  0x6901, 0x6901, 0x6901, 0x6901, 0x6901, 0x6901, 0x6902, 0x6902,
  0x7102, 0x7102, 0x7122, 0x7122, 0x7142, 0x7142, 0x7963, 0x7963,
  0x7963, 0x7963, 0x7983, 0x7983, 0x7983, 0x81C4, 0x81E4, 0x81E4,
  0x81E4, 0x81E4, 0x8A04, 0x8A04, 0x8A25, 0x8A25, 0x8A05, 0x9225,
  0x9266, 0x92A6, 0x92A7, 0x92A7, 0x92C7, 0x9AC7, 0x9AE8, 0x9B08,
  0x9B28, 0x9B28, 0x9B28, 0xA328, 0xA369, 0xA369, 0xA349, 0xA348,
  0xA348, 0xA349, 0xAB8A, 0xABAA, 0xABAA, 0xABCB, 0xABCB, 0xABCB,
  0xABAA, 0xABAA, 0xAB8A, 0xB3AA, 0xB3CB, 0xB3EC, 0xB40C, 0xB40C,
  0xB42C, 0xB42C, 0xB42C, 0xB40C, 0xB3CB, 0xB3EB, 0xB42C, 0xB44C,
  0xB42C, 0xB42C, 0xB42C, 0xB3EB, 0xBBEB, 0xB40C, 0xB42D, 0xB42D,
  0xB42C, 0xB40C, 0xB3AB, 0xAB49, 0xA2A8, 0xA288, 0xAAC9, 0xAB2A,
  0xB3AC, 0xB42D, 0xB44D, 0xB42D, 0xB42D, 0xB44D, 0xB44D, 0xB44D,
  0xB44D, 0xB42D, 0xB42C, 0xB44C, 0xB44D, 0xB44D, 0xB44D, 0xB44D,
  0xB44D, 0xB44D, 0xABCB, 0xAB69, 0xAB8A, 0xABEC, 0xB42C, 0xB40C,
  0xAC0C, 0xABEB, 0xAB6A, 0xA309, 0xA2E9, 0xA309, 0xA2E9, 0xA2C8,
  0xA287, 0x9A67, 0x9A46, 0x9206, 0x91E5, 0x91E6, 0xA267, 0xA2E8,
  0xA2E8, 0xA2C7, 0xA2E8, 0xA329, 0x9B29, 0x9B29, 0x9B29, 0x9B08,
  0x9B08, 0x9AE8, 0x9AC7, 0x9AC7, 0x92C7, 0x92C7, 0x92A7, 0x92A7,
  0x92A7, 0x9287, 0x9286, 0x9266, 0x8A46, 0x8A05, 0x89E5, 0x89E4,
  0x81E4, 0x81E4, 0x81C4, 0x81A4, 0x81A4, 0x81A4, 0x81A4, 0x7983,
  0x7983, 0x7963, 0x7963, 0x7963, 0x7963, 0x7142, 0x7142, 0x7122,
  0x7122, 0x7122, 0x6902, 0x6901, 0x6901, 0x6901, 0x6901, 0x6901,
  0x6901, 0x6901, 0x6901, 0x6901, 0x6901, 0x6901, 0x6901, 0x6901,
  0x6901, 0x6901, 0x6901, 0x6901, 0x6901, 0x6901, 0x6901, 0x6901,
  0x6901, 0x6901, 0x6901, 0x6901, 0x6901, 0x6901, 0x6901, 0x6901,
  0x6901, 0x6901, 0x6901, 0x6901, 0x6901, 0x6901, 0x6901, 0x6901,
  0x6901, 0x6901, 0x6901, 0x6901, 0x6901, 0x6901, 0x6901, 0x6901,
  0x6901, 0x6901, 0x6901, 0x6901, 0x6901, 0x6901, 0x6901, 0x6901,
  0x6901, 0x6901, 0x6901, 0x6901, 0x6901, 0x6901, 0x6901, 0x6901,
  0x6901, 0x6901, 0x6901, 0x6901, 0x6901, 0x6901, 0x6901, 0x6901,
  0x6901, 0x6901, 0x6901, 0x6901, 0x6901, 0x6901, 0x6901, 0x6901,
  0x6901, 0x6901, 0x6901, 0x6901, 0x6901, 0x6901, 0x6901, 0x6901,
  0x6901, 0x6901, 0x6901, 0x6902, 0x7102, 0x7122, 0x7122, 0x7142,
  0x7142, 0x7962, 0x7963, 0x7963, 0x7963, 0x7962, 0x7983, 0x81A3,
  0x81A4, 0x81C4, 0x81C4, 0x81E4, 0x81E4, 0x81E4, 0x8A04, 0x8A04,
  0x89E4, 0x8A05, 0x8A46, 0x9266, 0x9286, 0x9287, 0x92A7, 0x92C7,
  0x92C7, 0x9AE8, 0x9AE8, 0x9B08, 0x9B08, 0x9B08, 0xA328, 0xA349,
  0xA349, 0xA348, 0xA328, 0xA348, 0xA369, 0xAB8A, 0xAB8A, 0xAB8A,
  0xABAA, 0xABAA, 0xABAA, 0xAB69, 0xAB49, 0xAB69, 0xAB8A, 0xABCA,
  0xABCB, 0xABEB, 0xB40B, 0xB40B, 0xB40B, 0xB3EB, 0xB3CB, 0xB3AA,
  0xB3EB, 0xB40B, 0xB40C, 0xB40C, 0xB40C, 0xB3EB, 0xB3EB, 0xB40C,
  0xB42C, 0xAC2C, 0xAC0C, 0xB3CB, 0xB38B, 0xA309, 0x9A66, 0xA287,
  0xAAE9, 0xAB0A, 0xAB4A, 0xABCB, 0xB40C, 0xB42C, 0xAC2C, 0xB42C,
  0xB42D, 0xB42D, 0xB42D, 0xB42D, 0xAC0C, 0xAC0C, 0xB42D, 0xB44D,
  0xAC2C, 0xAC2C, 0xB42C, 0xAC0C, 0xAB8A, 0xAB69, 0xABAB, 0xABEB,
  0xABEC, 0xABEB, 0xABEB, 0xABCB, 0xA349, 0xA2E8, 0xA309, 0xA349,
  0xA309, 0xA2E8, 0x9AC8, 0x9A87, 0x9226, 0x9206, 0x9205, 0x91E5,
  0x9206, 0x9A67, 0x9AA7, 0x9AA7, 0x9AC7, 0x9AE8, 0x9B08, 0x9B08,
  0x9B08, 0x9B08, 0x9AE8, 0x92C7, 0x92A7, 0x92C7, 0x92A7, 0x92A7,
  0x92A7, 0x9287, 0x9286, 0x8A66, 0x8A66, 0x8A46, 0x8A25, 0x8A05,
  0x81E5, 0x81C4, 0x81C4, 0x81C4, 0x8183, 0x8183, 0x81A3, 0x81A4,
  0x79A3, 0x7983, 0x7983, 0x7963, 0x7942, 0x7942, 0x7142, 0x7142,
  0x7122, 0x7122, 0x7102, 0x6902, 0x6902, 0x6901, 0x6901, 0x6901,
  0x6901, 0x6901, 0x6901, 0x6901, 0x6901, 0x6901, 0x6901, 0x6901,
  0x6901, 0x6901, 0x6901, 0x6901, 0x6901, 0x6901, 0x6901, 0x6901,
  0x6901, 0x6901, 0x6901, 0x6901, 0x6901, 0x6901, 0x6901, 0x6901,
  0x6901, 0x6901, 0x6901, 0x6901, 0x6901, 0x6901, 0x6901, 0x6901,
  0x6901, 0x6901, 0x6901, 0x6901, 0x6901, 0x6901, 0x6901, 0x6901,
  0x6901, 0x6901, 0x6901, 0x6901, 0x6901, 0x6901, 0x6901, 0x6901,
  0x6901, 0x6901, 0x6901, 0x6901, 0x6901, 0x6901, 0x6901, 0x6901,
  0x6901, 0x6901, 0x6901, 0x6901, 0x6901, 0x6901, 0x6901, 0x6901,
  0x6901, 0x6901, 0x6901, 0x6901, 0x6901, 0x6901, 0x6901, 0x6901,
  0x6901, 0x6901, 0x6901, 0x6901, 0x6901, 0x6901, 0x6901, 0x6901,
  0x6901, 0x6901, 0x6901, 0x6901, 0x6901, 0x6902, 0x7102, 0x7102,
  0x7122, 0x7122, 0x7142, 0x7142, 0x7142, 0x7942, 0x7942, 0x7963,
  0x7983, 0x7983, 0x79A3, 0x81A3, 0x81C4, 0x81C4, 0x81E4, 0x8204,
  0x8204, 0x81E4, 0x89E4, 0x8A05, 0x8A25, 0x8A45, 0x9266, 0x9266,
  0x9286, 0x92A7, 0x92A7, 0x92A7, 0x92C7, 0x9AE7, 0x9AE8, 0x9AE8,
  0x9B08, 0x9B28, 0x9B28, 0x9AE7, 0x9AE7, 0xA328, 0xA349, 0xA369,
  0xA369, 0xA369, 0xA38A, 0xAB8A, 0xAB8A, 0xAB69, 0xAB09, 0xAAE8,
  0xAAE8, 0xAB49, 0xABAA, 0xABCA, 0xABCB, 0xABCB, 0xABEB, 0xABEB,
  0xABCB, 0xAB8A, 0xAB8A, 0xABCB, 0xABEB, 0xAC0C, 0xAC0C, 0xABEB,
  0xABEB, 0xB3EC, 0xB40C, 0xAC0C, 0xABEB, 0xABAB, 0xAB4A, 0xA2A8,
  0x9A46, 0xA2A8, 0xAB09, 0xA309, 0xAB09, 0xAB8A, 0xABCB, 0xABEC,
  0xABEC, 0xABEC, 0xAC0C, 0xAC2C, 0xAC2C, 0xB42C, 0xAC0C, 0xABEB,
  0xAC0C, 0xAC0C, 0xAC0C, 0xAC0C, 0xAC0C, 0xABAA, 0xA329, 0xAB49,
  0xABCB, 0xABEB, 0xABCB, 0xABCB, 0xABCB, 0xA3AA, 0xA308, 0x9AA7,
  0xA2E8, 0xAB49, 0xAB69, 0xA329, 0xA329, 0x9AA7, 0x9225, 0x9205,
  0x9226, 0x9206, 0x91E5, 0x91E5, 0x9246, 0x9A87, 0x9A86, 0x9AA7,
  0x9AC8, 0x9AE8, 0x9AE8, 0x9AE8, 0x92C7, 0x92A7, 0x92A7, 0x92A7,
  0x92A7, 0x9287, 0x9286, 0x9266, 0x8A66, 0x8A46, 0x8A46, 0x8A25,
  0x8205, 0x81E4, 0x81C4, 0x81C4, 0x81A4, 0x81A4, 0x7983, 0x7983,
  0x7983, 0x7983, 0x7983, 0x7963, 0x7963, 0x7963, 0x7142, 0x7142,
  0x7122, 0x7122, 0x7122, 0x7102, 0x6902, 0x6901, 0x6901, 0x6901,
  0x6901, 0x6901, 0x6901, 0x6901, 0x6901, 0x6901, 0x6901, 0x6901,
  0x6901, 0x6901, 0x6901, 0x6901, 0x6901, 0x6901, 0x6901, 0x6901,
  0x6901, 0x6901, 0x6901, 0x6901, 0x6901, 0x6901, 0x6901, 0x6901,
  0x6901, 0x6901, 0x6901, 0x6901, 0x6901, 0x6901, 0x6901, 0x6901,
  0x6901, 0x6901, 0x6901, 0x6901, 0x6901, 0x6901, 0x6901, 0x6901,
  0x6901, 0x6901, 0x6901, 0x6901, 0x6901, 0x6901, 0x6901, 0x6901,
  0x6901, 0x6901, 0x6901, 0x6901, 0x6901, 0x6901, 0x6901, 0x6901,
  0x6901, 0x6901, 0x6901, 0x6901, 0x6901, 0x6901, 0x6901, 0x6901,
  0x6901, 0x6901, 0x6901, 0x6901, 0x6901, 0x6901, 0x6901, 0x6901,
  0x6901, 0x6901, 0x6901, 0x6901, 0x6901, 0x6901, 0x6901, 0x6901,
  0x6901, 0x6901, 0x6901, 0x6901, 0x6901, 0x6901, 0x6901, 0x6901,
  0x6902, 0x7102, 0x7102, 0x7122, 0x7122, 0x7122, 0x7122, 0x7142,
  0x7942, 0x7963, 0x7963, 0x7983, 0x7983, 0x7983, 0x81A4, 0x81C4,
  0x81C4, 0x81E4, 0x81E4, 0x81E4, 0x81E4, 0x8A05, 0x8A25, 0x8A25,
  0x8A45, 0x8A45, 0x8A66, 0x9266, 0x9286, 0x9287, 0x92A7, 0x92A7,
  0x92C7, 0x9AC7, 0x9AE7, 0x9AE7, 0x9AA6, 0x9A65, 0x9A86, 0x9B08,
  0xA329, 0xA349, 0xA349, 0xA349, 0xA369, 0xA369, 0xA349, 0xA349,
  0xA329, 0xA2A7, 0xA266, 0xA2C8, 0xAB69, 0xAB8A, 0xAB8A, 0xAB8A,
  0xABAB, 0xABCB, 0xABAA, 0xAB6A, 0xAB6A, 0xAB8A, 0xABCB, 0xABEB,
  0xABEB, 0xABAA, 0xABCB, 0xABEB, 0xABEB, 0xABEB, 0xABEB, 0xAB8A,
  0xA309, 0x9A87, 0x9A47, 0xA2C8, 0xAB29, 0xAB29, 0xAB29, 0xAB6A,
  0xABAB, 0xABCB, 0xABCB, 0xABCB, 0xABEC, 0xAC0C, 0xAC0C, 0xAC0C,
  0xABEC, 0xABEB, 0xABCB, 0xABCB, 0xABCB, 0xABEB, 0xABEB, 0xA389,
  0xA2E8, 0xA308, 0xAB8B, 0xABCB, 0xA3AB, 0xA3AA, 0xA38A, 0xA369,
  0xA308, 0x9AA7, 0x9AE8, 0xA329, 0xA329, 0x9B08, 0xA309, 0x9AC8,
  0x9246, 0x9205, 0x9226, 0x9246, 0x9206, 0x89E5, 0x91E5, 0x9246,
  0x9A66, 0x9A66, 0x9A87, 0x9AC7, 0x92C7, 0x92C7, 0x92A7, 0x92A7,
  0x9286, 0x9286, 0x9286, 0x8A86, 0x8A66, 0x8A46, 0x8A45, 0x8A25,
  0x8A25, 0x8205, 0x81E4, 0x81C4, 0x81C4, 0x81C4, 0x8183, 0x7983,
  0x7963, 0x7963, 0x7983, 0x7963, 0x7963, 0x7963, 0x7163, 0x7142,
  0x7142, 0x7122, 0x7122, 0x7102, 0x7102, 0x6902, 0x6901, 0x6901,
  0x6901, 0x6901, 0x6901, 0x6901, 0x6901, 0x6901, 0x6901, 0x6901,
  0x6901, 0x6901, 0x6901, 0x6901, 0x6901, 0x6901, 0x6901, 0x6901,
  0x6901, 0x6901, 0x6901, 0x6901, 0x6901, 0x6901, 0x6901, 0x6901,
  0x6901, 0x6901, 0x6901, 0x6901, 0x6901, 0x6901, 0x6901, 0x6901,
  0x6901, 0x6901, 0x6901, 0x6901, 0x6901, 0x6901, 0x6901, 0x6901,
  0x6901, 0x6901, 0x6901, 0x6901, 0x6901, 0x6901, 0x6901, 0x6901,
  0x6901, 0x6901, 0x6901, 0x6901, 0x6901, 0x6901, 0x6901, 0x6901,
  0x6901, 0x6901, 0x6901, 0x6901, 0x6901, 0x6901, 0x6901, 0x6901,
  0x6901, 0x6901, 0x6901, 0x6901, 0x6901, 0x6901, 0x6901, 0x6901,
  0x6901, 0x6901, 0x6901, 0x6901, 0x6901, 0x6901, 0x6901, 0x6901,
  0x6901, 0x6901, 0x6901, 0x6901, 0x6901, 0x6901, 0x6901, 0x6901,
  0x6901, 0x6901, 0x6901, 0x6901, 0x6901, 0x6902, 0x7102, 0x7122,
  0x7122, 0x7142, 0x7142, 0x7942, 0x7963, 0x7963, 0x7983, 0x7983,
  0x7983, 0x79A3, 0x81C4, 0x81C4, 0x81C4, 0x81C4, 0x81C4, 0x81E4,
  0x8205, 0x8205, 0x8A25, 0x8A25, 0x8A45, 0x8A46, 0x8A66, 0x9286,
  0x9286, 0x9286, 0x92A7, 0x92A7, 0x92A6, 0x9265, 0x9245, 0x9266,
  0x9AA7, 0x9AC7, 0x9AE8, 0x9B28, 0x9B29, 0x9B28, 0xA349, 0xA329,
  0xA328, 0xA329, 0xA329, 0xA2C8, 0xA2A7, 0xA2C8, 0xA329, 0xA349,
  0xA369, 0xA349, 0xAB69, 0xAB6A, 0xAB69, 0xAB29, 0xAB29, 0xAB6A,
  0xABAA, 0xABCB, 0xABAA, 0xAB8A, 0xAB8A, 0xABCB, 0xABCB, 0xABEB,
  0xABAA, 0xAB49, 0xA2C8, 0x9A87, 0x9A66, 0xA2A7, 0xA309, 0xAB29,
  0xA329, 0xAB8A, 0xABAB, 0xABAB, 0xABAB, 0xABAA, 0xABCB, 0xABCB,
  0xABEB, 0xABEB, 0xABCB, 0xA3CB, 0xA3AA, 0xA38A, 0xA38A, 0xA3AA,
  0xABAA, 0xA369, 0x9AC7, 0x9AA7, 0xA349, 0xA38A, 0xA38A, 0xA369,
  0xA349, 0xA328, 0x9AE8, 0x9AC8, 0xA308, 0xA329, 0x9AE8, 0x9AC7,
  0x9AE8, 0x9AC8, 0x9246, 0x9205, 0x9225, 0x9246, 0x9246, 0x8A05,
  0x89C4, 0x89E5, 0x9246, 0x9246, 0x9A46, 0x9286, 0x92A7, 0x92A7,
  0x9286, 0x9266, 0x8A66, 0x8A46, 0x8A46, 0x8A46, 0x8A45, 0x8A25,
  0x8A25, 0x8205, 0x8205, 0x81E4, 0x81C4, 0x81A4, 0x81A4, 0x81A4,
  0x7983, 0x7963, 0x7963, 0x7963, 0x7963, 0x7963, 0x7963, 0x7142,
  0x7142, 0x7142, 0x7122, 0x7122, 0x7102, 0x6901, 0x6901, 0x6901,
  0x6901, 0x6901, 0x6901, 0x6901, 0x6901, 0x6901, 0x6901, 0x6901,
  0x6901, 0x6901, 0x6901, 0x6901, 0x6901, 0x6901, 0x6901, 0x6901,
  0x6901, 0x6901, 0x6901, 0x6901, 0x6901, 0x6901, 0x6901, 0x6901,
  0x6901, 0x6901, 0x6901, 0x6901, 0x6901, 0x6901, 0x6901, 0x6901,
  0x6901, 0x6901, 0x6901, 0x6901, 0x6901, 0x6901, 0x6901, 0x6901,
  0x6901, 0x6901, 0x6901, 0x6901, 0x6901, 0x6901, 0x6901, 0x6901,
  0x6901, 0x6901, 0x6901, 0x6901, 0x6901, 0x6901, 0x6901, 0x6901,
  0x6901, 0x6901, 0x6901, 0x6901, 0x6901, 0x6901, 0x6901, 0x6901,
  0x6901, 0x6901, 0x6901, 0x6901, 0x6901, 0x6901, 0x6901, 0x6901,
  0x6901, 0x6901, 0x6901, 0x6901, 0x6901, 0x6901, 0x6901, 0x6901,
  0x6901, 0x6901, 0x6901, 0x6901, 0x6901, 0x6901, 0x6901, 0x6901,
  0x6901, 0x6901, 0x6901, 0x6901, 0x6901, 0x6901, 0x6901, 0x6901,
  0x7102, 0x7102, 0x7122, 0x7122, 0x7122, 0x7142, 0x7942, 0x7963,
  0x7963, 0x7983, 0x7983, 0x7983, 0x79A3, 0x79A4, 0x79A3, 0x81A3,
  0x81C4, 0x81E4, 0x81E4, 0x8204, 0x8A05, 0x8A05, 0x8A25, 0x8A45,
  0x8A46, 0x8A66, 0x8A66, 0x9266, 0x9286, 0x9286, 0x9265, 0x9245,
  0x9245, 0x9286, 0x9AC7, 0x9AC7, 0x9AC7, 0x9AC7, 0x9AE8, 0x9B08,
  0x9B28, 0x9B08, 0x9AE8, 0x9AE8, 0x9AC7, 0xA2C7, 0xA2E8, 0xA308,
  0xA308, 0xA309, 0xA329, 0xA349, 0xA328, 0xAB08, 0xAB08, 0xA2E8,
  0xA2E8, 0xA349, 0xAB8A, 0xAB8A, 0xAB69, 0xA349, 0xAB6A, 0xABAA,
  0xABAA, 0xA3AB, 0xAB8A, 0xA329, 0xA2C7, 0x9A87, 0xA267, 0xA287,
  0xA2E8, 0xA308, 0xA329, 0xA36A, 0xA38A, 0xA38B, 0xA38A, 0xA38A,
  0xAB8A, 0xA38A, 0xABAA, 0xA3AB, 0xA3AA, 0xA38A, 0xA38A, 0xA38A,
  0xA36A, 0xA36A, 0xA38A, 0xA369, 0x9AE7, 0x9AA7, 0xA2E8, 0xA329,
  0xA329, 0xA349, 0xA349, 0x9B08, 0x9AC7, 0x9AC7, 0x9B28, 0x9B29,
  0x9AE8, 0x9AC7, 0x9AE8, 0x9AC8, 0x9246, 0x89E4, 0x8A05, 0x9226,
  0x9246, 0x8A05, 0x89C4, 0x81A4, 0x89E4, 0x9225, 0x9225, 0x9225,
  0x9266, 0x9266, 0x8A46, 0x8A46, 0x8A46, 0x8A45, 0x8A25, 0x8A05,
  0x8A05, 0x8A05, 0x8205, 0x8205, 0x81E4, 0x81C4, 0x81A4, 0x81A4,
  0x79A4, 0x7983, 0x7963, 0x7942, 0x7943, 0x7963, 0x7963, 0x7963,
  0x7142, 0x7142, 0x7142, 0x7122, 0x7122, 0x7102, 0x6901, 0x6901,
  0x6901, 0x6901, 0x6901, 0x6901, 0x6901, 0x6901, 0x6901, 0x6901,
  0x6901, 0x6901, 0x6901, 0x6901, 0x6901, 0x6901, 0x6901, 0x6901,
  0x6901, 0x6901, 0x6901, 0x6901, 0x6901, 0x6901, 0x6901, 0x6901,
  0x6901, 0x6901, 0x6901, 0x6901, 0x6901, 0x6901, 0x6901, 0x6901,
  0x6901, 0x6901, 0x6901, 0x6901, 0x6901, 0x6901, 0x6901, 0x6901,
  0x6901, 0x6901, 0x6901, 0x6901, 0x6901, 0x6901, 0x6901, 0x6901,
  0x6901, 0x6901, 0x6901, 0x6901, 0x6901, 0x6901, 0x6901, 0x6901,
  0x6901, 0x6901, 0x6901, 0x6901, 0x6901, 0x6901, 0x6901, 0x6901,
  0x6901, 0x6901, 0x6901, 0x6901, 0x6901, 0x6901, 0x6901, 0x6901,
  0x6901, 0x6901, 0x6901, 0x6901, 0x6901, 0x6901, 0x6901, 0x6901,
  0x6901, 0x6901, 0x6901, 0x6901, 0x6901, 0x6901, 0x6901, 0x6901,
  0x6901, 0x6901, 0x6901, 0x6901, 0x6901, 0x6901, 0x6901, 0x6901,
  0x6901, 0x6901, 0x6901, 0x6902, 0x7102, 0x7122, 0x7122, 0x7122,
  0x7142, 0x7142, 0x7163, 0x7963, 0x7963, 0x7983, 0x7983, 0x79A3,
  0x7983, 0x7983, 0x79A3, 0x81C4, 0x81E4, 0x81E4, 0x81E4, 0x8204,
  0x8205, 0x8A25, 0x8A25, 0x8A45, 0x8A46, 0x8A66, 0x9266, 0x8A66,
  0x8A25, 0x9225, 0x9245, 0x9286, 0x92A6, 0x92A7, 0x92A6, 0x92A6,
  0x9AA6, 0x9AC7, 0x9AC7, 0x9AC7, 0x9AC7, 0x9AA6, 0x9A86, 0x9AA6,
  0x9B08, 0xA328, 0xA328, 0xA308, 0xA308, 0xA308, 0xA2E8, 0xA2E8,
  0xA308, 0xA2C7, 0xA287, 0xA2E8, 0xAB49, 0xA349, 0xA329, 0xA329,
  0xA369, 0xA38A, 0xA38A, 0xA38A, 0xA349, 0xA308, 0xA2A8, 0x9A67,
  0x9A67, 0x9A66, 0xA2A7, 0xA2C8, 0xA308, 0xA349, 0xA38A, 0xA38A,
  0xA36A, 0xA349, 0xA349, 0xA36A, 0xA38A, 0xA38A, 0xA36A, 0xA369,
  0xA36A, 0xA36A, 0xA349, 0xA349, 0xA36A, 0xA349, 0x9AE8, 0x9AA7,
  0x9AC7, 0x9AC8, 0x9AC8, 0x9B08, 0x9B08, 0x9AE8, 0x9AA7, 0x9AC7,
  0x9B08, 0x9B08, 0x9AE8, 0x9AC7, 0x9AC7, 0x9AA7, 0x9246, 0x89E4,
  0x89E4, 0x8A05, 0x8A25, 0x8A05, 0x89E4, 0x81A4, 0x81A4, 0x89C4,
  0x8A05, 0x8A05, 0x8A25, 0x8A25, 0x8A25, 0x8A25, 0x8A25, 0x8A25,
  0x8A05, 0x89E4, 0x81E4, 0x81E5, 0x81E5, 0x81E4, 0x81E4, 0x81C4,
  0x79A4, 0x7983, 0x7983, 0x7983, 0x7963, 0x7942, 0x7943, 0x7943,
  0x7943, 0x7142, 0x7142, 0x7122, 0x7122, 0x7102, 0x6902, 0x6902,
  0x6901, 0x6901, 0x6901, 0x6901, 0x6901, 0x6901, 0x6901, 0x6901,
  0x6901, 0x6901, 0x6901, 0x6901, 0x6901, 0x6901, 0x6901, 0x6901,
  0x6901, 0x6901, 0x6901, 0x6901, 0x6901, 0x6901, 0x6901, 0x6901,
  0x6901, 0x6901, 0x6901, 0x6901, 0x6901, 0x6901, 0x6901, 0x6901,
  0x6901, 0x6901, 0x6901, 0x6901, 0x6901, 0x6901, 0x6901, 0x6901,
  0x6901, 0x6901, 0x6901, 0x6901, 0x6901, 0x6901, 0x6901, 0x6901,
  0x6901, 0x6901, 0x6901, 0x6901, 0x6901, 0x6901, 0x6901, 0x6901,
  0x6901, 0x6901, 0x6901, 0x6901, 0x6901, 0x6901, 0x6901, 0x6901,
  0x6901, 0x6901, 0x6901, 0x6901, 0x6901, 0x6901, 0x6901, 0x6901,
  0x6901, 0x6901, 0x6901, 0x6901, 0x6901, 0x6901, 0x6901, 0x6901,
  0x6901, 0x6901, 0x6901, 0x6901, 0x6901, 0x6901, 0x6901, 0x6901,
  0x6901, 0x6901, 0x6901, 0x6901, 0x6901, 0x6901, 0x6901, 0x6901,
  0x6901, 0x6901, 0x6901, 0x6901, 0x6901, 0x6901, 0x6902, 0x6902,
  0x7102, 0x7122, 0x7122, 0x7142, 0x7142, 0x7142, 0x7963, 0x7963,
  0x7983, 0x7983, 0x7983, 0x7963, 0x7983, 0x79A4, 0x81C4, 0x81C4,
  0x81C4, 0x81E4, 0x8204, 0x8205, 0x8205, 0x8A25, 0x8A25, 0x8A46,
  0x8A46, 0x8A25, 0x8A04, 0x8A25, 0x9246, 0x9286, 0x9286, 0x9286,
  0x92A7, 0x92A6, 0x9286, 0x9286, 0x9266, 0x9A66, 0x9A86, 0x9A86,
  0x9A66, 0x9A86, 0x9AE8, 0x9B08, 0x9B28, 0x9B28, 0x9B08, 0x9AE8,
  0x9AA7, 0xA2C7, 0xA308, 0xA2C7, 0x9A66, 0xA287, 0xA308, 0xA328,
  0xA2E8, 0xA308, 0xA349, 0xA369, 0xA349, 0xA349, 0xA328, 0xA2E8,
  0xA2A7, 0x9A66, 0x9A46, 0x9A66, 0x9A86, 0x9AA7, 0xA2E8, 0xA329,
  0xA369, 0xA369, 0xA329, 0xA308, 0xA349, 0xA36A, 0xA36A, 0xA369,
  0xA369, 0xA369, 0xA349, 0xA349, 0xA329, 0x9B28, 0xA329, 0x9B08,
  0x9AC7, 0x9AA7, 0x9AC7, 0x9AA7, 0x9A87, 0x9AA7, 0x9AA7, 0x9AA7,
  0x9AA7, 0x9AC7, 0x9AE8, 0x9AE8, 0x9AC7, 0x92C7, 0x92A7, 0x92A7,
  0x9266, 0x8A05, 0x81C4, 0x89E5, 0x8A05, 0x8A05, 0x89E5, 0x81C4,
  0x8184, 0x81A4, 0x89E4, 0x8A05, 0x8A25, 0x8A25, 0x8A25, 0x8A05,
  0x89E4, 0x89E4, 0x8205, 0x8205, 0x81E4, 0x81E4, 0x81E4, 0x81C4,
  0x79A4, 0x7983, 0x7983, 0x7983, 0x7963, 0x7963, 0x7942, 0x7942,
  0x7142, 0x7142, 0x7142, 0x7142, 0x7122, 0x7122, 0x6902, 0x6902,
  0x6902, 0x6901, 0x6901, 0x6901, 0x6901, 0x6901, 0x6901, 0x6901,
  0x6901, 0x6901, 0x6901, 0x6901, 0x6901, 0x6901, 0x6901, 0x6901,
  0x6901, 0x6901, 0x6901, 0x6901, 0x6901, 0x6901, 0x6901, 0x6901,
  0x6901, 0x6901, 0x6901, 0x6901, 0x6901, 0x6901, 0x6901, 0x6901,
  0x6901, 0x6901, 0x6901, 0x6901, 0x6901, 0x6901, 0x6901, 0x6901,
  0x6901, 0x6901, 0x6901, 0x6901, 0x6901, 0x6901, 0x6901, 0x6901,
  0x6901, 0x6901, 0x6901, 0x6901, 0x6901, 0x6901, 0x6901, 0x6901,
  0x6901, 0x6901, 0x6901, 0x6901, 0x6901, 0x6901, 0x6901, 0x6901,
  0x6901, 0x6901, 0x6901, 0x6901, 0x6901, 0x6901, 0x6901, 0x6901,
  0x6901, 0x6901, 0x6901, 0x6901, 0x6901, 0x6901, 0x6901, 0x6901,
  0x6901, 0x6901, 0x6901, 0x6901, 0x6901, 0x6901, 0x6901, 0x6901,
  0x6901, 0x6901, 0x6901, 0x6901, 0x6901, 0x6901, 0x6901, 0x6901,
  0x6901, 0x6901, 0x6901, 0x6901, 0x6901, 0x6901, 0x6901, 0x6901,
  0x6901, 0x6901, 0x6902, 0x7102, 0x7122, 0x7122, 0x7142, 0x7142,
  0x7142, 0x7963, 0x7963, 0x7963, 0x7963, 0x7963, 0x7963, 0x7983,
  0x79A3, 0x79A3, 0x81A4, 0x81C4, 0x81E4, 0x81E4, 0x8204, 0x8205,
  0x8205, 0x8A25, 0x8A25, 0x8A04, 0x8A04, 0x8A25, 0x8A66, 0x8A66,
  0x9286, 0x9286, 0x9287, 0x92A7, 0x9286, 0x9245, 0x9225, 0x9245,
  0x9266, 0x9266, 0x9266, 0x9A86, 0x9AC7, 0x9AE8, 0x9AE8, 0x9B08,
  0x9B08, 0x9AE8, 0x9AA7, 0x9A87, 0x9AA7, 0x9A87, 0x9A46, 0x9A66,
  0x9AC7, 0xA2C7, 0xA287, 0xA2C8, 0xA329, 0x9B29, 0x9B29, 0xA329,
  0xA308, 0xA2E8, 0xA2C7, 0x9AA6, 0x9226, 0x9226, 0x9A66, 0x9A87,
  0xA2C8, 0xA308, 0xA349, 0x9B29, 0xA2E8, 0xA2E8, 0x9B29, 0x9B49,
  0xA349, 0xA349, 0x9B49, 0x9B49, 0x9B49, 0x9B29, 0x9B08, 0x9B08,
  0x9AE8, 0x9AA7, 0x9AA6, 0x9AC7, 0x9AC8, 0x9287, 0x9266, 0x9286,
  0x9287, 0x92A7, 0x9AA7, 0x9AA7, 0x92C8, 0x92E8, 0x92A7, 0x92A7,
  0x92A7, 0x9286, 0x9246, 0x8A05, 0x81C4, 0x81C4, 0x8A05, 0x8A05,
  0x89E4, 0x81C4, 0x8184, 0x8184, 0x81C4, 0x89E4, 0x8A05, 0x8A05,
  0x8A05, 0x81E4, 0x81C4, 0x81C4, 0x81C4, 0x81C4, 0x81C4, 0x81C4,
  0x81C4, 0x79A4, 0x7983, 0x7983, 0x7963, 0x7963, 0x7963, 0x7942,
  0x7142, 0x7142, 0x7142, 0x7122, 0x7122, 0x7122, 0x7122, 0x6902,
  0x6902, 0x6901, 0x6901, 0x6901, 0x6901, 0x6901, 0x6901, 0x6901,
  0x6901, 0x6901, 0x6901, 0x6901, 0x6901, 0x6901, 0x6901, 0x6901,
  0x6901, 0x6901, 0x6901, 0x6901, 0x6901, 0x6901, 0x6901, 0x6901,
  0x6901, 0x6901, 0x6901, 0x6901, 0x6901, 0x6901, 0x6901, 0x6901,
  0x6901, 0x6901, 0x6901, 0x6901, 0x6901, 0x6901, 0x6901, 0x6901,
  0x6901, 0x6901, 0x6901, 0x6901, 0x6901, 0x6901, 0x6901, 0x6901,
  0x6901, 0x6901, 0x6901, 0x6901, 0x6901, 0x6901, 0x6901, 0x6901,
  0x6901, 0x6901, 0x6901, 0x6901, 0x6901, 0x6901, 0x6901, 0x6901,
  0x6901, 0x6901, 0x6901, 0x6901, 0x6901, 0x6901, 0x6901, 0x6901,
  0x6901, 0x6901, 0x6901, 0x6901, 0x6901, 0x6901, 0x6901, 0x6901,
  0x6901, 0x6901, 0x6901, 0x6901, 0x6901, 0x6901, 0x6901, 0x6901,
  0x6901, 0x6901, 0x6901, 0x6901, 0x6901, 0x6901, 0x6901, 0x6901,
  0x6901, 0x6901, 0x6901, 0x6901, 0x6901, 0x6901, 0x6901, 0x6901,
  0x6901, 0x6901, 0x6901, 0x6901, 0x6901, 0x6902, 0x7102, 0x7102,
  0x7122, 0x7122, 0x7122, 0x7142, 0x7142, 0x7162, 0x7142, 0x7962,
  0x7963, 0x7963, 0x7983, 0x7983, 0x7983, 0x79A3, 0x81C4, 0x81C4,
  0x81E4, 0x81E4, 0x81E4, 0x8204, 0x81E4, 0x81C4, 0x8A05, 0x8A25,
  0x8A46, 0x8A45, 0x8A66, 0x8A66, 0x8A66, 0x9266, 0x9286, 0x9246,
  0x9225, 0x9246, 0x9266, 0x9286, 0x92A7, 0x92A7, 0x92A7, 0x9AA7,
  0x9AC7, 0x9AE8, 0x9AE8, 0x9AE8, 0x9AC7, 0x9A86, 0x9A46, 0x9A46,
  0x9A87, 0x9A87, 0x9A87, 0x9A66, 0x9A66, 0x9AA7, 0x9AE8, 0x9B29,
  0x9B28, 0x9B08, 0x9B08, 0x9AE8, 0xA2E7, 0x9AA7, 0x9226, 0x9206,
  0x9226, 0x9A66, 0x9AA7, 0x9AE8, 0x9B28, 0x9B08, 0x9AE8, 0xA2C8,
  0x9AE8, 0x9B28, 0x9B29, 0x9B29, 0x9B08, 0x9B08, 0x9B29, 0x9B08,
  0x9B08, 0x9AE8, 0x9AC7, 0x9266, 0x9286, 0x9AA7, 0x92A7, 0x9287,
  0x9A87, 0x9287, 0x9266, 0x9287, 0x9287, 0x9287, 0x92A7, 0x92A7,
  0x92A7, 0x9286, 0x9286, 0x8A66, 0x8A26, 0x8A05, 0x81C4, 0x81C4,
  0x81E4, 0x81E4, 0x81C4, 0x81A4, 0x8183, 0x8183, 0x81A4, 0x81C4,
  0x81E4, 0x81E4, 0x81E4, 0x81C4, 0x81C4, 0x81A4, 0x81A4, 0x81A3,
  0x7983, 0x7983, 0x79A3, 0x7983, 0x7963, 0x7963, 0x7963, 0x7942,
  0x7142, 0x7122, 0x7122, 0x7122, 0x7122, 0x7122, 0x7102, 0x7102,
  0x6902, 0x6901, 0x6901, 0x6901, 0x6901, 0x6901, 0x6901, 0x6901,
  0x6901, 0x6901, 0x6901, 0x6901, 0x6901, 0x6901, 0x6901, 0x6901,
  0x6901, 0x6901, 0x6901, 0x6901, 0x6901, 0x6901, 0x6901, 0x6901,
  0x6901, 0x6901, 0x6901, 0x6901, 0x6901, 0x6901, 0x6901, 0x6901,
  0x6901, 0x6901, 0x6901, 0x6901, 0x6901, 0x6901, 0x6901, 0x6901,
  0x6901, 0x6901, 0x6901, 0x6901, 0x6901, 0x6901, 0x6901, 0x6901,
  0x6901, 0x6901, 0x6901, 0x6901, 0x6901, 0x6901, 0x6901, 0x6901,
  0x6901, 0x6901, 0x6901, 0x6901, 0x6901, 0x6901, 0x6901, 0x6901,
  0x6901, 0x6901, 0x6901, 0x6901, 0x6901, 0x6901, 0x6901, 0x6901,
  0x6901, 0x6901, 0x6901, 0x6901, 0x6901, 0x6901, 0x6901, 0x6901,
  0x6901, 0x6901, 0x6901, 0x6901, 0x6901, 0x6901, 0x6901, 0x6901,
  0x6901, 0x6901, 0x6901, 0x6901, 0x6901, 0x6901, 0x6901, 0x6901,
  0x6901, 0x6901, 0x6901, 0x6901, 0x6901, 0x6901, 0x6901, 0x6901,
  0x6901, 0x6901, 0x6901, 0x6901, 0x6901, 0x6901, 0x6901, 0x6901,
  0x6901, 0x6902, 0x6902, 0x7102, 0x7122, 0x7122, 0x7142, 0x7142,
  0x7142, 0x7142, 0x7963, 0x7963, 0x7963, 0x7963, 0x7983, 0x7983,
  0x79A3, 0x79A3, 0x81C4, 0x81E4, 0x81E4, 0x81C3, 0x81A3, 0x81C4,
  0x8205, 0x8A05, 0x8A25, 0x8A25, 0x8A25, 0x8A45, 0x8A46, 0x8A66,
  0x8A66, 0x8A46, 0x8A25, 0x9225, 0x9266, 0x9286, 0x92A7, 0x92A7,
  0x92A7, 0x9286, 0x9286, 0x92A7, 0x92C7, 0x92C8, 0x9AE7, 0x9AA6,
  0x9245, 0x9246, 0x9AA7, 0x9AA7, 0x9A66, 0x9226, 0x9245, 0x9A66,
  0x9AA7, 0x9AC8, 0x9AE8, 0x9AE8, 0x9AE8, 0x9AE8, 0x9AE8, 0x9AA7,
  0x9245, 0x9205, 0x9226, 0x9226, 0x9A66, 0x9AE8, 0x9AE8, 0x9AE8,
  0x9AE8, 0x9AC8, 0x9AC7, 0x9AC7, 0x9AE8, 0x9AE8, 0x9AA7, 0x9AA7,
  0x9AE8, 0x9B08, 0x9AE8, 0x9AC7, 0x9286, 0x9245, 0x9266, 0x9286,
  0x9286, 0x92A7, 0x9AA7, 0x9287, 0x9266, 0x9266, 0x9266, 0x9266,
  0x9286, 0x9286, 0x9266, 0x8A46, 0x8A45, 0x8A46, 0x8A25, 0x8A05,
  0x81C4, 0x81A4, 0x81A4, 0x81C4, 0x81A4, 0x81A3, 0x7963, 0x8163,
  0x8183, 0x81A3, 0x81C4, 0x81C4, 0x81C4, 0x81C4, 0x81C4, 0x81A4,
  0x79A4, 0x79A4, 0x7983, 0x7963, 0x7963, 0x7963, 0x7963, 0x7942,
  0x7942, 0x7142, 0x7122, 0x7122, 0x7122, 0x7122, 0x7122, 0x7102,
  0x6902, 0x6901, 0x6901, 0x6901, 0x6901, 0x6901, 0x6901, 0x6901,
  0x6901, 0x6901, 0x6901, 0x6901, 0x6901, 0x6901, 0x6901, 0x6901,
  0x6901, 0x6901, 0x6901, 0x6901, 0x6901, 0x6901, 0x6901, 0x6901,
  0x6901, 0x6901, 0x6901, 0x6901, 0x6901, 0x6901, 0x6901, 0x6901,
  0x6901, 0x6901, 0x6901, 0x6901, 0x6901, 0x6901, 0x6901, 0x6901,
  0x6901, 0x6901, 0x6901, 0x6901, 0x6901, 0x6901, 0x6901, 0x6901,
  0x6901, 0x6901, 0x6901, 0x6901, 0x6901, 0x6901, 0x6901, 0x6901,
  0x6901, 0x6901, 0x6901, 0x6901, 0x6901, 0x6901, 0x6901, 0x6901,
  0x6901, 0x6901, 0x6901, 0x6901, 0x6901, 0x6901, 0x6901, 0x6901,
  0x6901, 0x6901, 0x6901, 0x6901, 0x6901, 0x6901, 0x6901, 0x6901,
  0x6901, 0x6901, 0x6901, 0x6901, 0x6901, 0x6901, 0x6901, 0x6901,
  0x6901, 0x6901, 0x6901, 0x6901, 0x6901, 0x6901, 0x6901, 0x6901,
  0x6901, 0x6901, 0x6901, 0x6901, 0x6901, 0x6901, 0x6901, 0x6901,
  0x6901, 0x6901, 0x6901, 0x6901, 0x6901, 0x6901, 0x6901, 0x6901,
  0x6901, 0x6901, 0x6901, 0x6901, 0x6901, 0x6902, 0x7102, 0x7122,
  0x7122, 0x7122, 0x7122, 0x7142, 0x7142, 0x7962, 0x7962, 0x7963,
  0x7963, 0x7963, 0x7983, 0x7983, 0x79A3, 0x79A3, 0x81A3, 0x8183,
  0x81A3, 0x81C4, 0x81E4, 0x8204, 0x8205, 0x8205, 0x8A05, 0x8A25,
  0x8A25, 0x8A45, 0x8A45, 0x8A45, 0x8A25, 0x8A05, 0x8A45, 0x9266,
  0x9266, 0x9286, 0x9287, 0x9286, 0x9286, 0x9286, 0x9286, 0x92A6,
  0x9286, 0x9286, 0x9266, 0x9267, 0x9A87, 0x9A87, 0x9A66, 0x9245,
  0x9205, 0x9226, 0x9A67, 0x9AA7, 0x9AA7, 0x9AC7, 0x9AC7, 0x9AA7,
  0x9AA7, 0x9A87, 0x9246, 0x9205, 0x9206, 0x9226, 0x9246, 0x9AA7,
  0x9AC8, 0x9AC7, 0x9AC7, 0x9AC7, 0x9AC7, 0x92A7, 0x92A7, 0x9A86,
  0x9286, 0x9287, 0x92A7, 0x92A7, 0x9AC7, 0x92A7, 0x9266, 0x9245,
  0x9266, 0x9266, 0x9266, 0x9286, 0x9286, 0x9286, 0x9266, 0x8A66,
  0x8A46, 0x8A45, 0x8A66, 0x8A66, 0x8A46, 0x8A25, 0x8A25, 0x8A25,
  0x8A25, 0x8A05, 0x81C4, 0x8183, 0x8183, 0x81A4, 0x81A4, 0x7983,
  0x7963, 0x7963, 0x8183, 0x8183, 0x81A3, 0x81A4, 0x81C4, 0x81A4,
  0x79A4, 0x79A4, 0x7984, 0x7983, 0x7983, 0x7963, 0x7942, 0x7963,
  0x7943, 0x7142, 0x7122, 0x7122, 0x7122, 0x7122, 0x7122, 0x7102,
  0x6902, 0x6902, 0x6901, 0x6901, 0x6901, 0x6901, 0x6901, 0x6901,
  0x6901, 0x6901, 0x6901, 0x6901, 0x6901, 0x6901, 0x6901, 0x6901,
  0x6901, 0x6901, 0x6901, 0x6901, 0x6901, 0x6901, 0x6901, 0x6901,
  0x6901, 0x6901, 0x6901, 0x6901, 0x6901, 0x6901, 0x6901, 0x6901,
  0x6901, 0x6901, 0x6901, 0x6901, 0x6901, 0x6901, 0x6901, 0x6901,
  0x6901, 0x6901, 0x6901, 0x6901, 0x6901, 0x6901, 0x6901, 0x6901,
  0x6901, 0x6901, 0x6901, 0x6901, 0x6901, 0x6901, 0x6901, 0x6901,
  0x6901, 0x6901, 0x6901, 0x6901, 0x6901, 0x6901, 0x6901, 0x6901,
  0x6901, 0x6901, 0x6901, 0x6901, 0x6901, 0x6901, 0x6901, 0x6901,
  0x6901, 0x6901, 0x6901, 0x6901, 0x6901, 0x6901, 0x6901, 0x6901,
  0x6901, 0x6901, 0x6901, 0x6901, 0x6901, 0x6901, 0x6901, 0x6901,
  0x6901, 0x6901, 0x6901, 0x6901, 0x6901, 0x6901, 0x6901, 0x6901,
  0x6901, 0x6901, 0x6901, 0x6901, 0x6901, 0x6901, 0x6901, 0x6901,
  0x6901, 0x6901, 0x6901, 0x6901, 0x6901, 0x6901, 0x6901, 0x6901,
  0x6901, 0x6901, 0x6901, 0x6901, 0x6901, 0x6901, 0x6901, 0x6901,
  0x6902, 0x7102, 0x7102, 0x7102, 0x7122, 0x7122, 0x7122, 0x7142,
  0x7142, 0x7142, 0x7162, 0x7963, 0x7963, 0x7963, 0x7963, 0x7963,
  0x7963, 0x7983, 0x81C4, 0x81C4, 0x81E4, 0x81E4, 0x81E4, 0x81E4,
  0x8205, 0x8205, 0x8205, 0x8A25, 0x8A25, 0x8A05, 0x8A05, 0x8A05,
  0x8A25, 0x8A45, 0x8A46, 0x8A66, 0x8A66, 0x8A66, 0x9266, 0x9266,
  0x9266, 0x9266, 0x9245, 0x9245, 0x9266, 0x9266, 0x9246, 0x9286,
  0x9286, 0x9245, 0x9205, 0x9205, 0x9246, 0x9266, 0x9287, 0x9A87,
  0x9A87, 0x9A66, 0x9266, 0x9A66, 0x9246, 0x8A05, 0x9205, 0x9226,
  0x9225, 0x9266, 0x92A7, 0x92A7, 0x9286, 0x9286, 0x92C7, 0x92A7,
  0x9266, 0x9266, 0x92A7, 0x92A7, 0x9266, 0x9246, 0x9286, 0x9287,
  0x9246, 0x8A25, 0x8A25, 0x9246, 0x9266, 0x9286, 0x9286, 0x9266,
  0x8A66, 0x8A66, 0x8A45, 0x8A25, 0x8A25, 0x8A45, 0x8A25, 0x8A05,
  0x8A25, 0x8A25, 0x8A05, 0x81E4, 0x81C4, 0x8183, 0x7983, 0x8183,
  0x8183, 0x7963, 0x7963, 0x7963, 0x7983, 0x7983, 0x7983, 0x7983,
  0x7983, 0x7983, 0x7983, 0x7983, 0x7983, 0x7963, 0x7963, 0x7963,
  0x7142, 0x7142, 0x7142, 0x7122, 0x7122, 0x7122, 0x7102, 0x7102,
  0x7102, 0x6902, 0x6902, 0x6901, 0x6901, 0x6901, 0x6901, 0x6901,
  0x6901, 0x6901, 0x6901, 0x6901, 0x6901, 0x6901, 0x6901, 0x6901,
  0x6901, 0x6901, 0x6901, 0x6901, 0x6901, 0x6901, 0x6901, 0x6901,
  0x6901, 0x6901, 0x6901, 0x6901, 0x6901, 0x6901, 0x6901, 0x6901,
  0x6901, 0x6901, 0x6901, 0x6901, 0x6901, 0x6901, 0x6901, 0x6901,
  0x6901, 0x6901, 0x6901, 0x6901, 0x6901, 0x6901, 0x6901, 0x6901,
  0x6901, 0x6901, 0x6901, 0x6901, 0x6901, 0x6901, 0x6901, 0x6901,
  0x6901, 0x6901, 0x6901, 0x6901, 0x6901, 0x6901, 0x6901, 0x6901,
  0x6901, 0x6901, 0x6901, 0x6901, 0x6901, 0x6901, 0x6901, 0x6901,
  0x6901, 0x6901, 0x6901, 0x6901, 0x6901, 0x6901, 0x6901, 0x6901,
  0x6901, 0x6901, 0x6901, 0x6901, 0x6901, 0x6901, 0x6901, 0x6901,
  0x6901, 0x6901, 0x6901, 0x6901, 0x6901, 0x6901, 0x6901, 0x6901,
  0x6901, 0x6901, 0x6901, 0x6901, 0x6901, 0x6901, 0x6901, 0x6901,
  0x6901, 0x6901, 0x6901, 0x6901, 0x6901, 0x6901, 0x6901, 0x6901,
  0x6901, 0x6901, 0x6901, 0x6901, 0x6901, 0x6901, 0x6901, 0x6901,
  0x6901, 0x6901, 0x6901, 0x6901, 0x6901, 0x7102, 0x7102, 0x7122,
  0x7122, 0x7122, 0x7142, 0x7142, 0x7142, 0x7142, 0x7942, 0x7942,
  0x7942, 0x7962, 0x7963, 0x7983, 0x79A3, 0x79A4, 0x81C4, 0x81C4,
  0x81C4, 0x81E4, 0x81E4, 0x81E4, 0x81E4, 0x8205, 0x8205, 0x8205,
  0x8A05, 0x8A05, 0x8A05, 0x8A05, 0x8A25, 0x8A46, 0x8A46, 0x8A45,
  0x8A46, 0x8A66, 0x8A66, 0x9266, 0x9245, 0x9265, 0x9265, 0x9225,
  0x9225, 0x9246, 0x9266, 0x9245, 0x9225, 0x9225, 0x9226, 0x9246,
  0x9246, 0x9266, 0x9266, 0x9266, 0x9245, 0x9246, 0x9225, 0x89E5,
  0x8A05, 0x9205, 0x8A05, 0x9226, 0x9287, 0x9287, 0x9266, 0x9266,
  0x9266, 0x9266, 0x9286, 0x9286, 0x9287, 0x9287, 0x9266, 0x9245,
  0x9246, 0x9286, 0x9246, 0x89E5, 0x89E4, 0x8A25, 0x8A46, 0x8A66,
  0x8A66, 0x8A66, 0x8A46, 0x8A46, 0x8A25, 0x8A05, 0x8A05, 0x8A25,
  0x8A25, 0x8205, 0x8205, 0x8205, 0x81E4, 0x81E4, 0x81A4, 0x7983,
  0x7963, 0x7963, 0x7963, 0x7963, 0x7943, 0x7963, 0x7963, 0x7963,
  0x7963, 0x7963, 0x7983, 0x7983, 0x7963, 0x7963, 0x7963, 0x7963,
  0x7963, 0x7943, 0x7142, 0x7122, 0x7122, 0x7122, 0x7122, 0x7102,
  0x6902, 0x6902, 0x6902, 0x6901, 0x6901, 0x6901, 0x6901, 0x6901,
  0x6901, 0x6901, 0x6901, 0x6901, 0x6901, 0x6901, 0x6901, 0x6901,
  0x6901, 0x6901, 0x6901, 0x6901, 0x6901, 0x6901, 0x6901, 0x6901,
  0x6901, 0x6901, 0x6901, 0x6901, 0x6901, 0x6901, 0x6901, 0x6901,
  0x6901, 0x6901, 0x6901, 0x6901, 0x6901, 0x6901, 0x6901, 0x6901,
  0x6901, 0x6901, 0x6901, 0x6901, 0x6901, 0x6901, 0x6901, 0x6901,
  0x6901, 0x6901, 0x6901, 0x6901, 0x6901, 0x6901, 0x6901, 0x6901,
  0x6901, 0x6901, 0x6901, 0x6901, 0x6901, 0x6901, 0x6901, 0x6901,
  0x6901, 0x6901, 0x6901, 0x6901, 0x6901, 0x6901, 0x6901, 0x6901,
  0x6901, 0x6901, 0x6901, 0x6901, 0x6901, 0x6901, 0x6901, 0x6901,
  0x6901, 0x6901, 0x6901, 0x6901, 0x6901, 0x6901, 0x6901, 0x6901,
  0x6901, 0x6901, 0x6901, 0x6901, 0x6901, 0x6901, 0x6901, 0x6901,
  0x6901, 0x6901, 0x6901, 0x6901, 0x6901, 0x6901, 0x6901, 0x6901,
  0x6901, 0x6901, 0x6901, 0x6901, 0x6901, 0x6901, 0x6901, 0x6901,
  0x6901, 0x6901, 0x6901, 0x6901, 0x6901, 0x6901, 0x6901, 0x6901,
  0x6901, 0x6901, 0x6901, 0x6901, 0x6901, 0x6901, 0x6901, 0x6901,
  0x6901, 0x6902, 0x7102, 0x7122, 0x7122, 0x7122, 0x7122, 0x7122,
  0x7122, 0x7122, 0x7142, 0x7963, 0x7963, 0x7963, 0x7983, 0x7983,
  0x79A3, 0x79A3, 0x79A3, 0x79C4, 0x81C4, 0x81C4, 0x81E4, 0x81E4,
  0x81E4, 0x81E4, 0x81E4, 0x81E4, 0x81E4, 0x81E4, 0x8A05, 0x8A25,
  0x8A25, 0x8A25, 0x8A25, 0x8A25, 0x8A45, 0x8A45, 0x8A46, 0x8A66,
  0x8A46, 0x8A25, 0x8A05, 0x8A25, 0x8A45, 0x8A25, 0x9245, 0x9246,
  0x9246, 0x9225, 0x9225, 0x9246, 0x9266, 0x9266, 0x9245, 0x9225,
  0x8A05, 0x89C4, 0x89E5, 0x8A05, 0x8A05, 0x8A05, 0x9246, 0x9266,
  0x9246, 0x9245, 0x9245, 0x9246, 0x9266, 0x9266, 0x8A66, 0x9266,
  0x9246, 0x8A46, 0x9246, 0x9246, 0x8A05, 0x89E4, 0x89E4, 0x8A05,
  0x8A25, 0x8A46, 0x8A46, 0x8A46, 0x8A45, 0x8A25, 0x8A05, 0x81E4,
  0x81E4, 0x8205, 0x8205, 0x8205, 0x81E4, 0x81E4, 0x81E4, 0x81C4,
  0x7983, 0x7963, 0x7963, 0x7963, 0x7963, 0x7963, 0x7963, 0x7942,
  0x7942, 0x7963, 0x7963, 0x7963, 0x7963, 0x7963, 0x7963, 0x7943,
  0x7143, 0x7143, 0x7142, 0x7142, 0x7122, 0x7122, 0x7102, 0x7102,
  0x7102, 0x6902, 0x6901, 0x6901, 0x6901, 0x6901, 0x6901, 0x6901,
  0x6901, 0x6901, 0x6901, 0x6901, 0x6901, 0x6901, 0x6901, 0x6901,
  0x6901, 0x6901, 0x6901, 0x6901, 0x6901, 0x6901, 0x6901, 0x6901,
  0x6901, 0x6901, 0x6901, 0x6901, 0x6901, 0x6901, 0x6901, 0x6901,
  0x6901, 0x6901, 0x6901, 0x6901, 0x6901, 0x6901, 0x6901, 0x6901,
  0x6901, 0x6901, 0x6901, 0x6901, 0x6901, 0x6901, 0x6901, 0x6901,
  0x6901, 0x6901, 0x6901, 0x6901, 0x6901, 0x6901, 0x6901, 0x6901,
  0x6901, 0x6901, 0x6901, 0x6901, 0x6901, 0x6901, 0x6901, 0x6901,
  0x6901, 0x6901, 0x6901, 0x6901, 0x6901, 0x6901, 0x6901, 0x6901,
  0x6901, 0x6901, 0x6901, 0x6901, 0x6901, 0x6901, 0x6901, 0x6901,
  0x6901, 0x6901, 0x6901, 0x6901, 0x6901, 0x6901, 0x6901, 0x6901,
  0x6901, 0x6901, 0x6901, 0x6901, 0x6901, 0x6901, 0x6901, 0x6901,
  0x6901, 0x6901, 0x6901, 0x6901, 0x6901, 0x6901, 0x6901, 0x6901,
  0x6901, 0x6901, 0x6901, 0x6901, 0x6901, 0x6901, 0x6901, 0x6901,
  0x6901, 0x6901, 0x6901, 0x6901, 0x6901, 0x6901, 0x6901, 0x6901,
  0x6901, 0x6901, 0x6901, 0x6901, 0x6901, 0x6901, 0x6901, 0x6901,
  0x6901, 0x6901, 0x6901, 0x6901, 0x7101, 0x7102, 0x6902, 0x7102,
  0x7122, 0x7122, 0x7122, 0x7122, 0x7142, 0x7142, 0x7963, 0x7963,
  0x7963, 0x7963, 0x7983, 0x7983, 0x79A3, 0x79A3, 0x79A4, 0x79C4,
  0x81C4, 0x81C4, 0x81C4, 0x81C4, 0x81C4, 0x81C4, 0x81E4, 0x81E4,
  0x81E4, 0x8205, 0x8205, 0x8A05, 0x8A05, 0x8A05, 0x8A25, 0x8A25,
  0x8A25, 0x8A25, 0x8A45, 0x8A25, 0x8A05, 0x8A05, 0x8A05, 0x8A05,
  0x8A25, 0x8A25, 0x8A25, 0x8A25, 0x8A25, 0x8A25, 0x8A25, 0x9225,
  0x9225, 0x9225, 0x8A05, 0x81C4, 0x89C4, 0x8A05, 0x8A05, 0x89E4,
  0x8A05, 0x8A25, 0x8A26, 0x8A25, 0x8A46, 0x8A46, 0x8A46, 0x8A46,
  0x8A46, 0x8A25, 0x8A05, 0x89E4, 0x89E4, 0x89E4, 0x89E4, 0x81E4,
  0x89E4, 0x8A05, 0x8A25, 0x8A25, 0x8225, 0x8225, 0x8225, 0x8205,
  0x81E4, 0x81C4, 0x81C4, 0x81E4, 0x81E5, 0x81E4, 0x81E4, 0x81C4,
  0x81C4, 0x81A4, 0x7983, 0x7983, 0x7963, 0x7962, 0x7942, 0x7943,
  0x7943, 0x7142, 0x7122, 0x7942, 0x7943, 0x7963, 0x7942, 0x7142,
  0x7142, 0x7142, 0x7142, 0x7142, 0x7122, 0x7122, 0x7122, 0x7122,
  0x7102, 0x6901, 0x6901, 0x6901, 0x6901, 0x6901, 0x6901, 0x6901,
  0x6901, 0x6901, 0x6901, 0x6901, 0x6901, 0x6901, 0x6901, 0x6901,
  0x6901, 0x6901, 0x6901, 0x6901, 0x6901, 0x6901, 0x6901, 0x6901,
  0x6901, 0x6901, 0x6901, 0x6901, 0x6901, 0x6901, 0x6901, 0x6901,
  0x6901, 0x6901, 0x6901, 0x6901, 0x6901, 0x6901, 0x6901, 0x6901,
  0x6901, 0x6901, 0x6901, 0x6901, 0x6901, 0x6901, 0x6901, 0x6901,
  0x6901, 0x6901, 0x6901, 0x6901, 0x6901, 0x6901, 0x6901, 0x6901,
  0x6901, 0x6901, 0x6901, 0x6901, 0x6901, 0x6901, 0x6901, 0x6901,
  0x6901, 0x6901, 0x6901, 0x6901, 0x6901, 0x6901, 0x6901, 0x6901,
  0x6901, 0x6901, 0x6901, 0x6901, 0x6901, 0x6901, 0x6901, 0x6901,
  0x6901, 0x6901, 0x6901, 0x6901, 0x6901, 0x6901, 0x6901, 0x6901,
  0x6901, 0x6901, 0x6901, 0x6901, 0x6901, 0x6901, 0x6901, 0x6901,
  0x6901, 0x6901, 0x6901, 0x6901, 0x6901, 0x6901, 0x6901, 0x6901,
  0x6901, 0x6901, 0x6901, 0x6901, 0x6901, 0x6901, 0x6901, 0x6901,
  0x6901, 0x6901, 0x6901, 0x6901, 0x6901, 0x6901, 0x6901, 0x6901,
  0x6901, 0x6901, 0x6901, 0x6901, 0x6901, 0x6901, 0x6901, 0x6901,
  0x6901, 0x6901, 0x6901, 0x6901, 0x6901, 0x6901, 0x6901, 0x6901,
  0x6901, 0x6902, 0x7102, 0x7122, 0x7122, 0x7122, 0x7122, 0x7142,
  0x7142, 0x7162, 0x7963, 0x7963, 0x7963, 0x7963, 0x7983, 0x7983,
  0x7983, 0x79A3, 0x79A4, 0x79A4, 0x79A4, 0x81A4, 0x81A4, 0x81C4,
  0x81C4, 0x81E4, 0x81E4, 0x81E4, 0x8204, 0x8205, 0x81E5, 0x8205,
  0x8205, 0x8205, 0x8205, 0x8205, 0x8A05, 0x8A25, 0x8A05, 0x89E4,
  0x8A04, 0x8A04, 0x8A05, 0x8A05, 0x8A05, 0x8A05, 0x8A25, 0x8A05,
  0x8A05, 0x8A05, 0x8A05, 0x8A25, 0x8A05, 0x81E4, 0x81C4, 0x89E5,
  0x8A05, 0x89E4, 0x81C4, 0x89C4, 0x8A05, 0x8A05, 0x8A25, 0x8A25,
  0x8A05, 0x8A05, 0x8A04, 0x81C4, 0x81A3, 0x81A3, 0x81C4, 0x81C4,
  0x81E4, 0x8204, 0x8204, 0x8205, 0x8205, 0x8205, 0x8205, 0x8205,
  0x8205, 0x8205, 0x81E4, 0x81C4, 0x81C4, 0x81C4, 0x81E4, 0x81E4,
  0x81C4, 0x81C4, 0x81A4, 0x79A3, 0x7983, 0x7983, 0x7963, 0x7962,
  0x7942, 0x7142, 0x7142, 0x7122, 0x7122, 0x7122, 0x7142, 0x7142,
  0x7142, 0x7142, 0x7142, 0x7122, 0x7122, 0x7122, 0x7122, 0x7122,
  0x7102, 0x6902, 0x6901, 0x6901, 0x6901, 0x6901, 0x6901, 0x6901,
  0x6901, 0x6901, 0x6901, 0x6901, 0x6901, 0x6901, 0x6901, 0x6901,
  0x6901, 0x6901, 0x6901, 0x6901, 0x6901, 0x6901, 0x6901, 0x6901,
  0x6901, 0x6901, 0x6901, 0x6901, 0x6901, 0x6901, 0x6901, 0x6901,
  0x6901, 0x6901, 0x6901, 0x6901, 0x6901, 0x6901, 0x6901, 0x6901,
  0x6901, 0x6901, 0x6901, 0x6901, 0x6901, 0x6901, 0x6901, 0x6901,
  0x6901, 0x6901, 0x6901, 0x6901, 0x6901, 0x6901, 0x6901, 0x6901,
  0x6901, 0x6901, 0x6901, 0x6901, 0x6901, 0x6901, 0x6901, 0x6901,
  0x6901, 0x6901, 0x6901, 0x6901, 0x6901, 0x6901, 0x6901, 0x6901,
  0x6901, 0x6901, 0x6901, 0x6901, 0x6901, 0x6901, 0x6901, 0x6901,
  0x6901, 0x6901, 0x6901, 0x6901, 0x6901, 0x6901, 0x6901, 0x6901,
  0x6901, 0x6901, 0x6901, 0x6901, 0x6901, 0x6901, 0x6901, 0x6901,
  0x6901, 0x6901, 0x6901, 0x6901, 0x6901, 0x6901, 0x6901, 0x6901,
  0x6901, 0x6901, 0x6901, 0x6901, 0x6901, 0x6901, 0x6901, 0x6901,
  0x6901, 0x6901, 0x6901, 0x6901, 0x6901, 0x6901, 0x6901, 0x6901,
  0x6901, 0x6901, 0x6901, 0x6901, 0x6901, 0x6901, 0x6901, 0x6901,
  0x6901, 0x6901, 0x6901, 0x6901, 0x6901, 0x6901, 0x6901, 0x6901,
  0x6901, 0x6901, 0x6901, 0x6901, 0x6902, 0x6902, 0x7102, 0x7102,
  0x7122, 0x7122, 0x7122, 0x7142, 0x7142, 0x7142, 0x7163, 0x7963,
  0x7963, 0x7963, 0x7983, 0x7983, 0x7983, 0x79A3, 0x79A3, 0x7983,
  0x7983, 0x79A3, 0x79C4, 0x79C4, 0x81C4, 0x81C4, 0x81E4, 0x81E4,
  0x81E4, 0x81E4, 0x81E4, 0x81E4, 0x81E4, 0x81E4, 0x8205, 0x8205,
  0x81E4, 0x81E4, 0x81E4, 0x81E4, 0x89E4, 0x8A05, 0x8A05, 0x89E5,
  0x89E5, 0x8A05, 0x89E5, 0x89E5, 0x89E4, 0x89E4, 0x89E4, 0x89E4,
  0x81A4, 0x81C4, 0x89E5, 0x89E4, 0x81A4, 0x81A3, 0x81A3, 0x81C4,
  0x81E4, 0x81C4, 0x81C4, 0x81C4, 0x81A3, 0x81C3, 0x81C4, 0x81C4,
  0x81C4, 0x81C4, 0x81E4, 0x81E4, 0x81E4, 0x81E4, 0x81E4, 0x8205,
  0x8205, 0x81E5, 0x81E5, 0x81E4, 0x81C4, 0x81C4, 0x81A4, 0x81A4,
  0x81A4, 0x79C4, 0x79A4, 0x79A3, 0x7983, 0x7983, 0x7983, 0x7963,
  0x7963, 0x7942, 0x7942, 0x7142, 0x7142, 0x7122, 0x7122, 0x7122,
  0x7122, 0x7122, 0x7122, 0x7122, 0x7122, 0x7122, 0x7102, 0x7102,
  0x7102, 0x6902, 0x6902, 0x6902, 0x6901, 0x6901, 0x6901, 0x6901,
  0x6901, 0x6901, 0x6901, 0x6901, 0x6901, 0x6901, 0x6901, 0x6901,
  0x6901, 0x6901, 0x6901, 0x6901, 0x6901, 0x6901, 0x6901, 0x6901,
  0x6901, 0x6901, 0x6901, 0x6901, 0x6901, 0x6901, 0x6901, 0x6901,
  0x6901, 0x6901, 0x6901, 0x6901, 0x6901, 0x6901, 0x6901, 0x6901,
  0x6901, 0x6901, 0x6901, 0x6901, 0x6901, 0x6901, 0x6901, 0x6901,
  0x6901, 0x6901, 0x6901, 0x6901, 0x6901, 0x6901, 0x6901, 0x6901,
  0x6901, 0x6901, 0x6901, 0x6901, 0x6901, 0x6901, 0x6901, 0x6901,
  0x6901, 0x6901, 0x6901, 0x6901, 0x6901, 0x6901, 0x6901, 0x6901,
  0x6901, 0x6901, 0x6901, 0x6901, 0x6901, 0x6901, 0x6901, 0x6901,
  0x6901, 0x6901, 0x6901, 0x6901, 0x6901, 0x6901, 0x6901, 0x6901,
  0x6901, 0x6901, 0x6901, 0x6901, 0x6901, 0x6901, 0x6901, 0x6901,
  0x6901, 0x6901, 0x6901, 0x6901, 0x6901, 0x6901, 0x6901, 0x6901,
  0x6901, 0x6901, 0x6901, 0x6901, 0x6901, 0x6901, 0x6901, 0x6901,
  0x6901, 0x6901, 0x6901, 0x6901, 0x6901, 0x6901, 0x6901, 0x6901,
  0x6901, 0x6901, 0x6901, 0x6901, 0x6901, 0x6901, 0x6901, 0x6901,
  0x6901, 0x6901, 0x6901, 0x6901, 0x6901, 0x6901, 0x6901, 0x6901,
  0x6901, 0x6901, 0x6901, 0x6901, 0x6901, 0x6901, 0x6901, 0x6901,
  0x6901, 0x7102, 0x7102, 0x7122, 0x7122, 0x7122, 0x7142, 0x7142,
  0x7142, 0x7142, 0x7163, 0x7963, 0x7963, 0x7963, 0x7963, 0x7983,
  0x7983, 0x7963, 0x7963, 0x7983, 0x79A3, 0x79A3, 0x79A4, 0x79A4,
  0x81C4, 0x81C4, 0x81C4, 0x81C4, 0x81E4, 0x81E4, 0x81E4, 0x81E4,
  0x81E4, 0x81E4, 0x81E4, 0x81C4, 0x81C4, 0x81C4, 0x81C4, 0x81E4,
  0x81E4, 0x81E4, 0x81E4, 0x81E4, 0x81E4, 0x81E4, 0x81C4, 0x81C4,
  0x81C4, 0x81C4, 0x81A4, 0x81A4, 0x81C4, 0x81C4, 0x81A4, 0x8183,
  0x8183, 0x8183, 0x81A3, 0x81A3, 0x81A3, 0x81A4, 0x81C4, 0x81E4,
  0x89E4, 0x81E4, 0x81C4, 0x81C4, 0x81A4, 0x81A4, 0x81A4, 0x81C4,
  0x81C4, 0x81E4, 0x81E4, 0x81E4, 0x81C4, 0x81C4, 0x81C4, 0x79A4,
  0x7983, 0x7983, 0x7983, 0x79A4, 0x79A3, 0x7983, 0x7963, 0x7963,
  0x7963, 0x7963, 0x7943, 0x7142, 0x7142, 0x7142, 0x7122, 0x7122,
  0x7122, 0x7122, 0x7122, 0x7122, 0x7122, 0x7122, 0x7102, 0x7102,
  0x6902, 0x6902, 0x6902, 0x6902, 0x6901, 0x6901, 0x6901, 0x6901,
  0x6901, 0x6901, 0x6901, 0x6901, 0x6901, 0x6901, 0x6901, 0x6901,
  0x6901, 0x6901, 0x6901, 0x6901, 0x6901, 0x6901, 0x6901, 0x6901,
  0x6901, 0x6901, 0x6901, 0x6901, 0x6901, 0x6901, 0x6901, 0x6901,
  0x6901, 0x6901, 0x6901, 0x6901, 0x6901, 0x6901, 0x6901, 0x6901,
  0x6901, 0x6901, 0x6901, 0x6901, 0x6901, 0x6901, 0x6901, 0x6901,
  0x6901, 0x6901, 0x6901, 0x6901, 0x6901, 0x6901, 0x6901, 0x6901,
  0x6901, 0x6901, 0x6901, 0x6901, 0x6901, 0x6901, 0x6901, 0x6901,
  0x6901, 0x6901, 0x6901, 0x6901, 0x6901, 0x6901, 0x6901, 0x6901,
  0x6901, 0x6901, 0x6901, 0x6901, 0x6901, 0x6901, 0x6901, 0x6901,
  0x6901, 0x6901, 0x6901, 0x6901, 0x6901, 0x6901, 0x6901, 0x6901,
  0x6901, 0x6901, 0x6901, 0x6901, 0x6901, 0x6901, 0x6901, 0x6901,
  0x6901, 0x6901, 0x6901, 0x6901, 0x6901, 0x6901, 0x6901, 0x6901,
  0x6901, 0x6901, 0x6901, 0x6901, 0x6901, 0x6901, 0x6901, 0x6901,
  0x6901, 0x6901, 0x6901, 0x6901, 0x6901, 0x6901, 0x6901, 0x6901,
  0x6901, 0x6901, 0x6901, 0x6901, 0x6901, 0x6901, 0x6901, 0x6901,
  0x6901, 0x6901, 0x6901, 0x6901, 0x6901, 0x6901, 0x6901, 0x6901,
  0x6901, 0x6901, 0x6901, 0x6901, 0x6901, 0x6901, 0x6901, 0x6901,
  0x6901, 0x6901, 0x6901, 0x6901, 0x6901, 0x6902, 0x7102, 0x7122,
  0x7122, 0x7122, 0x7122, 0x7142, 0x7142, 0x7142, 0x7142, 0x7162,
  0x7163, 0x7963, 0x7963, 0x7963, 0x7963, 0x7963, 0x7983, 0x7983,
  0x7983, 0x7983, 0x79A3, 0x79A3, 0x79A3, 0x79A4, 0x79A4, 0x79C4,
  0x79C4, 0x79C4, 0x81C4, 0x81C4, 0x81C4, 0x81C4, 0x81A4, 0x81A4,
  0x81A4, 0x81C4, 0x81C4, 0x81C4, 0x81C4, 0x81C4, 0x81C4, 0x81C4,
  0x81A4, 0x81A4, 0x81A4, 0x81A4, 0x8183, 0x8183, 0x81A3, 0x81A3,
  0x8183, 0x8183, 0x8183, 0x81A4, 0x81A4, 0x81C4, 0x81C4, 0x81C4,
  0x81E4, 0x81E4, 0x81E4, 0x81C4, 0x81C4, 0x81A4, 0x79A3, 0x7983,
  0x81A3, 0x81A4, 0x79A4, 0x81A4, 0x81C4, 0x81C4, 0x79A4, 0x79A3,
  0x79A3, 0x7983, 0x7983, 0x7963, 0x7963, 0x7963, 0x7983, 0x7963,
  0x7963, 0x7942, 0x7943, 0x7143, 0x7142, 0x7122, 0x7122, 0x7122,
  0x7122, 0x7122, 0x7122, 0x7122, 0x7102, 0x7102, 0x7102, 0x7102,
  0x6902, 0x6901, 0x6901, 0x6901, 0x6901, 0x6901, 0x6901, 0x6901,
  0x6901, 0x6901, 0x6901, 0x6901, 0x6901, 0x6901, 0x6901, 0x6901,
  0x6901, 0x6901, 0x6901, 0x6901, 0x6901, 0x6901, 0x6901, 0x6901,
  0x6901, 0x6901, 0x6901, 0x6901, 0x6901, 0x6901, 0x6901, 0x6901,
  0x6901, 0x6901, 0x6901, 0x6901, 0x6901, 0x6901, 0x6901, 0x6901,
  0x6901, 0x6901, 0x6901, 0x6901, 0x6901, 0x6901, 0x6901, 0x6901,
  0x6901, 0x6901, 0x6901, 0x6901, 0x6901, 0x6901, 0x6901, 0x6901,
  0x6901, 0x6901, 0x6901, 0x6901, 0x6901, 0x6901, 0x6901, 0x6901,
  0x6901, 0x6901, 0x6901, 0x6901, 0x6901, 0x6901, 0x6901, 0x6901,
  0x6901, 0x6901, 0x6901, 0x6901, 0x6901, 0x6901, 0x6901, 0x6901,
  0x6901, 0x6901, 0x6901, 0x6901, 0x6901, 0x6901, 0x6901, 0x6901,
  0x6901, 0x6901, 0x6901, 0x6901, 0x6901, 0x6901, 0x6901, 0x6901,
  0x6901, 0x6901, 0x6901, 0x6901, 0x6901, 0x6901, 0x6901, 0x6901,
  0x6901, 0x6901, 0x6901, 0x6901, 0x6901, 0x6901, 0x6901, 0x6901,
  0x6901, 0x6901, 0x6901, 0x6901, 0x6901, 0x6901, 0x6901, 0x6901,
  0x6901, 0x6901, 0x6901, 0x6901, 0x6901, 0x6901, 0x6901, 0x6901,
  0x6901, 0x6901, 0x6901, 0x6901, 0x6901, 0x6901, 0x6901, 0x6901,
  0x6901, 0x6901, 0x6901, 0x6901, 0x6901, 0x6901, 0x6901, 0x6901,
  0x6901, 0x6901, 0x6901, 0x6901, 0x6901, 0x6901, 0x6901, 0x6901,
  0x6901, 0x6901, 0x6902, 0x7102, 0x7122, 0x7122, 0x7122, 0x7122,
  0x7142, 0x7142, 0x7142, 0x7142, 0x7142, 0x7142, 0x7943, 0x7963,
  0x7963, 0x7963, 0x7963, 0x7983, 0x7983, 0x7983, 0x7983, 0x7983,
  0x79A3, 0x79A3, 0x79A3, 0x79A3, 0x79A4, 0x79A4, 0x79A4, 0x81A3,
  0x8183, 0x8183, 0x81A3, 0x81A3, 0x81C4, 0x81C4, 0x81A4, 0x81A4,
  0x81A4, 0x81A4, 0x81A4, 0x8183, 0x8183, 0x8183, 0x8183, 0x7963,
  0x7963, 0x8183, 0x8183, 0x7963, 0x7963, 0x8183, 0x81A4, 0x81A4,
  0x81C4, 0x81C4, 0x81C4, 0x81A4, 0x81A4, 0x81A4, 0x81A4, 0x81A3,
  0x7983, 0x7983, 0x7983, 0x79A3, 0x7983, 0x7983, 0x7983, 0x7983,
  0x7983, 0x7983, 0x7983, 0x7963, 0x7963, 0x7963, 0x7962, 0x7963,
  0x7963, 0x7963, 0x7142, 0x7142, 0x7142, 0x7142, 0x7142, 0x7122,
  0x7122, 0x7122, 0x7122, 0x7122, 0x7102, 0x7102, 0x7102, 0x6902,
  0x6902, 0x6901, 0x6901, 0x6901, 0x6901, 0x6901, 0x6901, 0x6901,
  0x6901, 0x6901, 0x6901, 0x6901, 0x6901, 0x6901, 0x6901, 0x6901,
  0x6901, 0x6901, 0x6901, 0x6901, 0x6901, 0x6901, 0x6901, 0x6901,
  0x6901, 0x6901, 0x6901, 0x6901, 0x6901, 0x6901, 0x6901, 0x6901,
  0x6901, 0x6901, 0x6901, 0x6901, 0x6901, 0x6901, 0x6901, 0x6901,
  0x6901, 0x6901, 0x6901, 0x6901, 0x6901, 0x6901, 0x6901, 0x6901,
  0x6901, 0x6901, 0x6901, 0x6901, 0x6901, 0x6901, 0x6901, 0x6901,
  0x6901, 0x6901, 0x6901, 0x6901, 0x6901, 0x6901, 0x6901, 0x6901,
  0x6901, 0x6901, 0x6901, 0x6901, 0x6901, 0x6901, 0x6901, 0x6901,
  0x6901, 0x6901, 0x6901, 0x6901, 0x6901, 0x6901, 0x6901, 0x6901,
  0x6901, 0x6901, 0x6901, 0x6901, 0x6901, 0x6901, 0x6901, 0x6901,
  0x6901, 0x6901, 0x6901, 0x6901, 0x6901, 0x6901, 0x6901, 0x6901,
  0x6901, 0x6901, 0x6901, 0x6901, 0x6901, 0x6901, 0x6901, 0x6901,
  0x6901, 0x6901, 0x6901, 0x6901, 0x6901, 0x6901, 0x6901, 0x6901,
  0x6901, 0x6901, 0x6901, 0x6901, 0x6901, 0x6901, 0x6901, 0x6901,
  0x6901, 0x6901, 0x6901, 0x6901, 0x6901, 0x6901, 0x6901, 0x6901,
  0x6901, 0x6901, 0x6901, 0x6901, 0x6901, 0x6901, 0x6901, 0x6901,
  0x6901, 0x6901, 0x6901, 0x6901, 0x6901, 0x6901, 0x6901, 0x6901,
  0x6901, 0x6901, 0x6901, 0x6901, 0x6901, 0x6901, 0x6901, 0x6901,
  0x6901, 0x6901, 0x6901, 0x6901, 0x6901, 0x6902, 0x6902, 0x7102,
  0x7122, 0x7122, 0x7122, 0x7122, 0x7142, 0x7142, 0x7142, 0x7142,
  0x7142, 0x7142, 0x7142, 0x7143, 0x7963, 0x7963, 0x7963, 0x7963,
  0x7983, 0x7983, 0x7983, 0x7983, 0x7983, 0x7983, 0x7983, 0x7983,
  0x7983, 0x7983, 0x7983, 0x7963, 0x7983, 0x7983, 0x79A3, 0x81A3,
  0x79A3, 0x81A4, 0x81A3, 0x81A3, 0x81A3, 0x7983, 0x7963, 0x7983,
  0x7983, 0x7963, 0x7963, 0x7983, 0x7983, 0x7963, 0x7962, 0x7963,
  0x7983, 0x7983, 0x81A3, 0x81A3, 0x79A3, 0x7983, 0x7983, 0x7983,
  0x7983, 0x7983, 0x7983, 0x7983, 0x7983, 0x7983, 0x7983, 0x7963,
  0x7963, 0x7963, 0x7963, 0x7963, 0x7963, 0x7963, 0x7962, 0x7942,
  0x7142, 0x7142, 0x7142, 0x7142, 0x7122, 0x7142, 0x7142, 0x7122,
  0x7122, 0x7122, 0x7102, 0x7102, 0x7102, 0x7102, 0x7102, 0x6902,
  0x6901, 0x6901, 0x6901, 0x6901, 0x6901, 0x6901, 0x6901, 0x6901,
  0x6901, 0x6901, 0x6901, 0x6901, 0x6901, 0x6901, 0x6901, 0x6901,
  0x6901, 0x6901, 0x6901, 0x6901, 0x6901, 0x6901, 0x6901, 0x6901,
  0x6901, 0x6901, 0x6901, 0x6901, 0x6901, 0x6901, 0x6901, 0x6901,
  0x6901, 0x6901, 0x6901, 0x6901, 0x6901, 0x6901, 0x6901, 0x6901,
  0x6901, 0x6901, 0x6901, 0x6901, 0x6901, 0x6901, 0x6901, 0x6901,
  0x6901, 0x6901, 0x6901, 0x6901, 0x6901, 0x6901, 0x6901, 0x6901,
  0x6901, 0x6901, 0x6901, 0x6901, 0x6901, 0x6901, 0x6901, 0x6901,
  0x6901, 0x6901, 0x6901, 0x6901, 0x6901, 0x6901, 0x6901, 0x6901,
  0x6901, 0x6901, 0x6901, 0x6901, 0x6901, 0x6901, 0x6901, 0x6901,
  0x6901, 0x6901, 0x6901, 0x6901, 0x6901, 0x6901, 0x6901, 0x6901,
  0x6901, 0x6901, 0x6901, 0x6901, 0x6901, 0x6901, 0x6901, 0x6901,
  0x6901, 0x6901, 0x6901, 0x6901, 0x6901, 0x6901, 0x6901, 0x6901,
  0x6901, 0x6901, 0x6901, 0x6901, 0x6901, 0x6901, 0x6901, 0x6901,
  0x6901, 0x6901, 0x6901, 0x6901, 0x6901, 0x6901, 0x6901, 0x6901,
  0x6901, 0x6901, 0x6901, 0x6901, 0x6901, 0x6901, 0x6901, 0x6901,
  0x6901, 0x6901, 0x6901, 0x6901, 0x6901, 0x6901, 0x6901, 0x6901,
  0x6901, 0x6901, 0x6901, 0x6901, 0x6901, 0x6901, 0x6901, 0x6901,
  0x6901, 0x6901, 0x6901, 0x6901, 0x6901, 0x6901, 0x6901, 0x6901,
  0x6901, 0x6901, 0x6901, 0x6901, 0x6901, 0x6901, 0x6901, 0x6901,
  0x6902, 0x6902, 0x6902, 0x6902, 0x6902, 0x7122, 0x7122, 0x7122,
  0x7122, 0x7122, 0x7122, 0x7122, 0x7142, 0x7142, 0x7142, 0x7162,
  0x7163, 0x7963, 0x7963, 0x7963, 0x7963, 0x7963, 0x7963, 0x7963,
  0x7963, 0x7963, 0x7963, 0x7983, 0x7963, 0x7963, 0x7963, 0x7963,
  0x7983, 0x7983, 0x7983, 0x7983, 0x7983, 0x7983, 0x7983, 0x7983,
  0x7963, 0x7963, 0x7963, 0x7963, 0x7963, 0x7963, 0x7963, 0x7963,
  0x7962, 0x7963, 0x7963, 0x7983, 0x7983, 0x7983, 0x7983, 0x7963,
  0x7963, 0x7963, 0x7983, 0x7963, 0x7963, 0x7963, 0x7963, 0x7963,
  0x7963, 0x7963, 0x7963, 0x7963, 0x7942, 0x7142, 0x7142, 0x7142,
  0x7142, 0x7142, 0x7142, 0x7142, 0x7122, 0x7122, 0x7122, 0x7122,
  0x7122, 0x7122, 0x7122, 0x7102, 0x7102, 0x6902, 0x6902, 0x6902,
  0x6902, 0x6901, 0x6901, 0x6901, 0x6901, 0x6901, 0x6901, 0x6901,
  0x6901, 0x6901, 0x6901, 0x6901, 0x6901, 0x6901, 0x6901, 0x6901,
  0x6901, 0x6901, 0x6901, 0x6901, 0x6901, 0x6901, 0x6901, 0x6901,
  0x6901, 0x6901, 0x6901, 0x6901, 0x6901, 0x6901, 0x6901, 0x6901,
  0x6901, 0x6901, 0x6901, 0x6901, 0x6901, 0x6901, 0x6901, 0x6901,
  0x6901, 0x6901, 0x6901, 0x6901, 0x6901, 0x6901, 0x6901, 0x6901,
  0x6901, 0x6901, 0x6901, 0x6901, 0x6901, 0x6901, 0x6901, 0x6901,
  0x6901, 0x6901, 0x6901, 0x6901, 0x6901, 0x6901, 0x6901, 0x6901,
  0x6901, 0x6901, 0x6901, 0x6901, 0x6901, 0x6901, 0x6901, 0x6901,
  0x6901, 0x6901, 0x6901, 0x6901, 0x6901, 0x6901, 0x6901, 0x6901,
  0x6901, 0x6901, 0x6901, 0x6901, 0x6901, 0x6901, 0x6901, 0x6901,
  0x6901, 0x6901, 0x6901, 0x6901, 0x6901, 0x6901, 0x6901, 0x6901,
  0x6901, 0x6901, 0x6901, 0x6901, 0x6901, 0x6901, 0x6901, 0x6901,
  0x6901, 0x6901, 0x6901, 0x6901, 0x6901, 0x6901, 0x6901, 0x6901,
  0x6901, 0x6901, 0x6901, 0x6901, 0x6901, 0x6901, 0x6901, 0x6901,
  0x6901, 0x6901, 0x6901, 0x6901, 0x6901, 0x6901, 0x6901, 0x6901,
  0x6901, 0x6901, 0x6901, 0x6901, 0x6901, 0x6901, 0x6901, 0x6901,
  0x6901, 0x6901, 0x6901, 0x6901, 0x6901, 0x6901, 0x6901, 0x6901,
  0x6901, 0x6901, 0x6901, 0x6901, 0x6901, 0x6901, 0x6901, 0x6901,
  0x6901, 0x6901, 0x6901, 0x6901, 0x6901, 0x6901, 0x6901, 0x6901,
  0x6901, 0x6901, 0x6901, 0x6901, 0x6901, 0x6901, 0x6902, 0x6902,
  0x6902, 0x6902, 0x7102, 0x7122, 0x7122, 0x7122, 0x7122, 0x7122,
  0x7122, 0x7142, 0x7142, 0x7142, 0x7142, 0x7142, 0x7163, 0x7163,
  0x7163, 0x7963, 0x7963, 0x7963, 0x7963, 0x7963, 0x7963, 0x7942,
  0x7962, 0x7963, 0x7963, 0x7983, 0x7983, 0x7983, 0x7963, 0x7963,
  0x7963, 0x7963, 0x7963, 0x7963, 0x7963, 0x7963, 0x7963, 0x7943,
  0x7963, 0x7963, 0x7962, 0x7962, 0x7963, 0x7963, 0x7963, 0x7963,
  0x7963, 0x7963, 0x7963, 0x7963, 0x7963, 0x7963, 0x7963, 0x7963,
  0x7963, 0x7963, 0x7942, 0x7942, 0x7942, 0x7942, 0x7142, 0x7142,
  0x7142, 0x7142, 0x7142, 0x7122, 0x7122, 0x7122, 0x7122, 0x7122,
  0x7122, 0x7122, 0x7122, 0x7102, 0x7102, 0x6902, 0x6902, 0x6901,
  0x6901, 0x6901, 0x6901, 0x6901, 0x6901, 0x6901, 0x6901, 0x6901,
  0x6901, 0x6901, 0x6901, 0x6901, 0x6901, 0x6901, 0x6901, 0x6901,
  0x6901, 0x6901, 0x6901, 0x6901, 0x6901, 0x6901, 0x6901, 0x6901,
  0x6901, 0x6901, 0x6901, 0x6901, 0x6901, 0x6901, 0x6901, 0x6901,
  0x6901, 0x6901, 0x6901, 0x6901, 0x6901, 0x6901, 0x6901, 0x6901,
  0x6901, 0x6901, 0x6901, 0x6901, 0x6901, 0x6901, 0x6901, 0x6901,
  0x6901, 0x6901, 0x6901, 0x6901, 0x6901, 0x6901, 0x6901, 0x6901,
  0x6901, 0x6901, 0x6901, 0x6901, 0x6901, 0x6901, 0x6901, 0x6901,
  0x6901, 0x6901, 0x6901, 0x6901, 0x6901, 0x6901, 0x6901, 0x6901,
  0x6901, 0x6901, 0x6901, 0x6901, 0x6901, 0x6901, 0x6901, 0x6901,
  0x6901, 0x6901, 0x6901, 0x6901 };
